local_timestamp,server_timestamp,action,sport,sportsbook,game,home_team,away_team,outcome_name,outcome_target,outcome_line,outcome_over_under,odds,link
2026-01-22 21:19:03,2026-01-23 02:19:03.255455+00:00,initial_state,NCAAB,betonline,"California Highlanders vs California Anteaters, 2026-01-22, 10",California Highlanders,California Anteaters,Total,,142.0,U,-110,
2026-01-22 21:19:03,2026-01-23 02:19:03.255455+00:00,initial_state,NCAAB,betonline,"California Highlanders vs California Anteaters, 2026-01-22, 10",California Highlanders,California Anteaters,Total,,142.0,O,-110,
2026-01-22 21:19:03,2026-01-23 02:19:03.255455+00:00,initial_state,NCAAB,betonline,"California Highlanders vs California Anteaters, 2026-01-22, 10",California Highlanders,California Anteaters,Spread,California Highlanders,8.0,,-110,
2026-01-22 21:19:03,2026-01-23 02:19:03.255455+00:00,initial_state,NCAAB,betonline,"California Highlanders vs California Anteaters, 2026-01-22, 10",California Highlanders,California Anteaters,Spread,California Anteaters,-8.0,,-110,
2026-01-22 21:19:03,2026-01-23 02:19:03.255496+00:00,initial_state,NCAAB,betonline,"Cal State Fullerton Titans vs Long Beach State 49ers, 2026-01-22, 10",Cal State Fullerton Titans,Long Beach State 49ers,Total,,159.5,O,-115,
2026-01-22 21:19:03,2026-01-23 02:19:03.255496+00:00,initial_state,NCAAB,betonline,"Cal State Fullerton Titans vs Long Beach State 49ers, 2026-01-22, 10",Cal State Fullerton Titans,Long Beach State 49ers,Total,,159.5,U,-105,
2026-01-22 21:19:03,2026-01-23 02:19:03.255496+00:00,initial_state,NCAAB,betonline,"Cal State Fullerton Titans vs Long Beach State 49ers, 2026-01-22, 10",Cal State Fullerton Titans,Long Beach State 49ers,Spread,Long Beach State 49ers,3.5,,-110,
2026-01-22 21:19:03,2026-01-23 02:19:03.255496+00:00,initial_state,NCAAB,betonline,"Cal State Fullerton Titans vs Long Beach State 49ers, 2026-01-22, 10",Cal State Fullerton Titans,Long Beach State 49ers,Spread,Cal State Fullerton Titans,-3.5,,-110,
2026-01-22 21:19:03,2026-01-23 02:19:03.255518+00:00,initial_state,NCAAB,betonline,"Hawaii Rainbow Warriors vs Cal State Bakersfield Roadrunners, 2026-01-22, 11",Hawaii Rainbow Warriors,Cal State Bakersfield Roadrunners,Total,,144.5,O,-110,
2026-01-22 21:19:03,2026-01-23 02:19:03.255518+00:00,initial_state,NCAAB,betonline,"Hawaii Rainbow Warriors vs Cal State Bakersfield Roadrunners, 2026-01-22, 11",Hawaii Rainbow Warriors,Cal State Bakersfield Roadrunners,Total,,144.5,U,-110,
2026-01-22 21:19:03,2026-01-23 02:19:03.255518+00:00,initial_state,NCAAB,betonline,"Hawaii Rainbow Warriors vs Cal State Bakersfield Roadrunners, 2026-01-22, 11",Hawaii Rainbow Warriors,Cal State Bakersfield Roadrunners,Spread,Hawaii Rainbow Warriors,-16.5,,-105,
2026-01-22 21:19:03,2026-01-23 02:19:03.255518+00:00,initial_state,NCAAB,betonline,"Hawaii Rainbow Warriors vs Cal State Bakersfield Roadrunners, 2026-01-22, 11",Hawaii Rainbow Warriors,Cal State Bakersfield Roadrunners,Spread,Cal State Bakersfield Roadrunners,16.5,,-115,
2026-01-22 21:19:03,2026-01-23 02:19:03.255533+00:00,initial_state,NCAAB,betonline,"North Carolina Charlotte 49ers vs Tulane Green Wave, 2026-01-23, 07",North Carolina Charlotte 49ers,Tulane Green Wave,Total,,143.0,U,-110,
2026-01-22 21:19:03,2026-01-23 02:19:03.255533+00:00,initial_state,NCAAB,betonline,"North Carolina Charlotte 49ers vs Tulane Green Wave, 2026-01-23, 07",North Carolina Charlotte 49ers,Tulane Green Wave,Total,,143.0,O,-110,
2026-01-22 21:19:03,2026-01-23 02:19:03.255533+00:00,initial_state,NCAAB,betonline,"North Carolina Charlotte 49ers vs Tulane Green Wave, 2026-01-23, 07",North Carolina Charlotte 49ers,Tulane Green Wave,Spread,Tulane Green Wave,4.0,,-110,
2026-01-22 21:19:03,2026-01-23 02:19:03.255533+00:00,initial_state,NCAAB,betonline,"North Carolina Charlotte 49ers vs Tulane Green Wave, 2026-01-23, 07",North Carolina Charlotte 49ers,Tulane Green Wave,Spread,North Carolina Charlotte 49ers,-4.0,,-110,
2026-01-22 21:19:03,2026-01-23 02:19:03.255546+00:00,initial_state,NCAAB,betonline,"Michigan Wolverines vs Ohio State Buckeyes, 2026-01-23, 08",Michigan Wolverines,Ohio State Buckeyes,Total,,163.0,U,-110,
2026-01-22 21:19:03,2026-01-23 02:19:03.255546+00:00,initial_state,NCAAB,betonline,"Michigan Wolverines vs Ohio State Buckeyes, 2026-01-23, 08",Michigan Wolverines,Ohio State Buckeyes,Total,,163.0,O,-110,
2026-01-22 21:19:03,2026-01-23 02:19:03.255546+00:00,initial_state,NCAAB,betonline,"Michigan Wolverines vs Ohio State Buckeyes, 2026-01-23, 08",Michigan Wolverines,Ohio State Buckeyes,Spread,Michigan Wolverines,-15.0,,-110,
2026-01-22 21:19:03,2026-01-23 02:19:03.255546+00:00,initial_state,NCAAB,betonline,"Michigan Wolverines vs Ohio State Buckeyes, 2026-01-23, 08",Michigan Wolverines,Ohio State Buckeyes,Spread,Ohio State Buckeyes,15.0,,-110,
2026-01-22 21:19:03,2026-01-23 02:19:03.255558+00:00,initial_state,NCAAB,betonline,"St. Bonaventure Bonnies vs Saint Louis Billikens, 2026-01-23, 05",St. Bonaventure Bonnies,Saint Louis Billikens,Total,,157.5,O,-110,
2026-01-22 21:19:03,2026-01-23 02:19:03.255558+00:00,initial_state,NCAAB,betonline,"St. Bonaventure Bonnies vs Saint Louis Billikens, 2026-01-23, 05",St. Bonaventure Bonnies,Saint Louis Billikens,Total,,157.5,U,-110,
2026-01-22 21:19:03,2026-01-23 02:19:03.255558+00:00,initial_state,NCAAB,betonline,"St. Bonaventure Bonnies vs Saint Louis Billikens, 2026-01-23, 05",St. Bonaventure Bonnies,Saint Louis Billikens,Spread,Saint Louis Billikens,-9.0,,-110,
2026-01-22 21:19:03,2026-01-23 02:19:03.255558+00:00,initial_state,NCAAB,betonline,"St. Bonaventure Bonnies vs Saint Louis Billikens, 2026-01-23, 05",St. Bonaventure Bonnies,Saint Louis Billikens,Spread,St. Bonaventure Bonnies,9.0,,-110,
2026-01-22 21:19:03,2026-01-23 02:19:03.255571+00:00,initial_state,NCAAB,betonline,"North Texas Mean Green vs East Carolina Pirates, 2026-01-23, 01",North Texas Mean Green,East Carolina Pirates,Total,,134.0,U,-110,
2026-01-22 21:19:03,2026-01-23 02:19:03.255571+00:00,initial_state,NCAAB,betonline,"North Texas Mean Green vs East Carolina Pirates, 2026-01-23, 01",North Texas Mean Green,East Carolina Pirates,Total,,134.0,O,-110,
2026-01-22 21:19:03,2026-01-23 02:19:03.255571+00:00,initial_state,NCAAB,betonline,"North Texas Mean Green vs East Carolina Pirates, 2026-01-23, 01",North Texas Mean Green,East Carolina Pirates,Spread,North Texas Mean Green,-10.0,,-115,
2026-01-22 21:19:03,2026-01-23 02:19:03.255571+00:00,initial_state,NCAAB,betonline,"North Texas Mean Green vs East Carolina Pirates, 2026-01-23, 01",North Texas Mean Green,East Carolina Pirates,Spread,East Carolina Pirates,10.0,,-105,
2026-01-22 21:19:03,2026-01-23 02:19:03.255584+00:00,initial_state,NCAAB,betonline,"Tennessee Buccaneers vs Citadel Bulldogs, 2026-01-23, 07",Tennessee Buccaneers,Citadel Bulldogs,Total,,140.0,O,-110,
2026-01-22 21:19:03,2026-01-23 02:19:03.255584+00:00,initial_state,NCAAB,betonline,"Tennessee Buccaneers vs Citadel Bulldogs, 2026-01-23, 07",Tennessee Buccaneers,Citadel Bulldogs,Spread,Tennessee Buccaneers,-17.0,,-110,
2026-01-22 21:19:03,2026-01-23 02:19:03.255584+00:00,initial_state,NCAAB,betonline,"Tennessee Buccaneers vs Citadel Bulldogs, 2026-01-23, 07",Tennessee Buccaneers,Citadel Bulldogs,Spread,Citadel Bulldogs,17.0,,-110,
2026-01-22 21:19:03,2026-01-23 02:19:03.255584+00:00,initial_state,NCAAB,betonline,"Tennessee Buccaneers vs Citadel Bulldogs, 2026-01-23, 07",Tennessee Buccaneers,Citadel Bulldogs,Total,,140.0,U,-110,
2026-01-22 21:19:03,2026-01-23 02:19:03.255596+00:00,initial_state,NCAAB,betonline,"Louisiana Bulldogs vs Kennesaw State Owls, 2026-01-23, 02",Louisiana Bulldogs,Kennesaw State Owls,Total,,144.0,U,-110,
2026-01-22 21:19:03,2026-01-23 02:19:03.255596+00:00,initial_state,NCAAB,betonline,"Louisiana Bulldogs vs Kennesaw State Owls, 2026-01-23, 02",Louisiana Bulldogs,Kennesaw State Owls,Total,,144.0,O,-110,
2026-01-22 21:19:03,2026-01-23 02:19:03.255609+00:00,initial_state,NCAAB,betonline,"Colorado State Rams vs Utah State Aggies, 2026-01-23, 10",Colorado State Rams,Utah State Aggies,Spread,Colorado State Rams,4.0,,-110,
2026-01-22 21:19:03,2026-01-23 02:19:03.255609+00:00,initial_state,NCAAB,betonline,"Colorado State Rams vs Utah State Aggies, 2026-01-23, 10",Colorado State Rams,Utah State Aggies,Spread,Utah State Aggies,-4.0,,-110,
2026-01-22 21:19:03,2026-01-23 02:19:03.255609+00:00,initial_state,NCAAB,betonline,"Colorado State Rams vs Utah State Aggies, 2026-01-23, 10",Colorado State Rams,Utah State Aggies,Total,,148.5,U,-110,
2026-01-22 21:19:03,2026-01-23 02:19:03.255609+00:00,initial_state,NCAAB,betonline,"Colorado State Rams vs Utah State Aggies, 2026-01-23, 10",Colorado State Rams,Utah State Aggies,Total,,148.5,O,-110,
2026-01-22 21:19:03,2026-01-23 02:19:03.255621+00:00,initial_state,NCAAB,betonline,"Butler Bulldogs vs Marquette Golden Eagles, 2026-01-23, 08",Butler Bulldogs,Marquette Golden Eagles,Total,,160.0,O,-110,
2026-01-22 21:19:03,2026-01-23 02:19:03.255621+00:00,initial_state,NCAAB,betonline,"Butler Bulldogs vs Marquette Golden Eagles, 2026-01-23, 08",Butler Bulldogs,Marquette Golden Eagles,Total,,160.0,U,-110,
2026-01-22 21:19:03,2026-01-23 02:19:03.255621+00:00,initial_state,NCAAB,betonline,"Butler Bulldogs vs Marquette Golden Eagles, 2026-01-23, 08",Butler Bulldogs,Marquette Golden Eagles,Spread,Butler Bulldogs,-7.5,,-105,
2026-01-22 21:19:03,2026-01-23 02:19:03.255621+00:00,initial_state,NCAAB,betonline,"Butler Bulldogs vs Marquette Golden Eagles, 2026-01-23, 08",Butler Bulldogs,Marquette Golden Eagles,Spread,Marquette Golden Eagles,7.5,,-115,
2026-01-22 21:19:03,2026-01-23 02:19:03.255634+00:00,initial_state,NCAAB,betonline,"Buffalo Bulls vs Massachusetts Minutemen, 2026-01-23, 07",Buffalo Bulls,Massachusetts Minutemen,Total,,159.5,O,-110,
2026-01-22 21:19:03,2026-01-23 02:19:03.255634+00:00,initial_state,NCAAB,betonline,"Buffalo Bulls vs Massachusetts Minutemen, 2026-01-23, 07",Buffalo Bulls,Massachusetts Minutemen,Total,,159.5,U,-110,
2026-01-22 21:19:03,2026-01-23 02:19:03.255634+00:00,initial_state,NCAAB,betonline,"Buffalo Bulls vs Massachusetts Minutemen, 2026-01-23, 07",Buffalo Bulls,Massachusetts Minutemen,Spread,Massachusetts Minutemen,-1.5,,-110,
2026-01-22 21:19:03,2026-01-23 02:19:03.255634+00:00,initial_state,NCAAB,betonline,"Buffalo Bulls vs Massachusetts Minutemen, 2026-01-23, 07",Buffalo Bulls,Massachusetts Minutemen,Spread,Buffalo Bulls,1.5,,-110,
2026-01-22 21:19:03,2026-01-23 02:19:03.255645+00:00,initial_state,NCAAB,betonline,"Ohio Bobcats vs Akron Zips, 2026-01-23, 08",Ohio Bobcats,Akron Zips,Total,,169.0,U,-110,
2026-01-22 21:19:03,2026-01-23 02:19:03.255645+00:00,initial_state,NCAAB,betonline,"Ohio Bobcats vs Akron Zips, 2026-01-23, 08",Ohio Bobcats,Akron Zips,Total,,169.0,O,-110,
2026-01-22 21:19:03,2026-01-23 02:19:03.255645+00:00,initial_state,NCAAB,betonline,"Ohio Bobcats vs Akron Zips, 2026-01-23, 08",Ohio Bobcats,Akron Zips,Spread,Ohio Bobcats,9.5,,-110,
2026-01-22 21:19:03,2026-01-23 02:19:03.255645+00:00,initial_state,NCAAB,betonline,"Ohio Bobcats vs Akron Zips, 2026-01-23, 08",Ohio Bobcats,Akron Zips,Spread,Akron Zips,-9.5,,-110,
2026-01-22 21:19:03,2026-01-23 02:19:03.255658+00:00,initial_state,NCAAB,betonline,"Rutgers Scarlet Knights vs Indiana Hoosiers, 2026-01-23, 06",Rutgers Scarlet Knights,Indiana Hoosiers,Total,,148.0,U,-110,
2026-01-22 21:19:03,2026-01-23 02:19:03.255658+00:00,initial_state,NCAAB,betonline,"Rutgers Scarlet Knights vs Indiana Hoosiers, 2026-01-23, 06",Rutgers Scarlet Knights,Indiana Hoosiers,Total,,148.0,O,-110,
2026-01-22 21:19:03,2026-01-23 02:19:03.255658+00:00,initial_state,NCAAB,betonline,"Rutgers Scarlet Knights vs Indiana Hoosiers, 2026-01-23, 06",Rutgers Scarlet Knights,Indiana Hoosiers,Spread,Rutgers Scarlet Knights,7.0,,-110,
2026-01-22 21:19:03,2026-01-23 02:19:03.255658+00:00,initial_state,NCAAB,betonline,"Rutgers Scarlet Knights vs Indiana Hoosiers, 2026-01-23, 06",Rutgers Scarlet Knights,Indiana Hoosiers,Spread,Indiana Hoosiers,-7.0,,-110,
2026-01-22 21:19:03,2026-01-23 02:19:03.255671+00:00,initial_state,NCAAB,betonline,"North Carolina Spartans vs Furman Paladins, 2026-01-23, 03",North Carolina Spartans,Furman Paladins,Spread,North Carolina Spartans,5.5,,-110,
2026-01-22 21:19:03,2026-01-23 02:19:03.255671+00:00,initial_state,NCAAB,betonline,"North Carolina Spartans vs Furman Paladins, 2026-01-23, 03",North Carolina Spartans,Furman Paladins,Spread,Furman Paladins,-5.5,,-110,
2026-01-22 21:19:03,2026-01-23 02:19:03.255671+00:00,initial_state,NCAAB,betonline,"North Carolina Spartans vs Furman Paladins, 2026-01-23, 03",North Carolina Spartans,Furman Paladins,Total,,150.0,U,-105,
2026-01-22 21:19:03,2026-01-23 02:19:03.255671+00:00,initial_state,NCAAB,betonline,"North Carolina Spartans vs Furman Paladins, 2026-01-23, 03",North Carolina Spartans,Furman Paladins,Total,,150.0,O,-115,
2026-01-22 21:19:03,2026-01-23 02:19:03.255683+00:00,initial_state,NCAAB,betonline,"Appalachian Mountaineers vs Louisiana Warhawks, 2026-01-23, 12",Appalachian Mountaineers,Louisiana Warhawks,Total,,145.0,O,-110,
2026-01-22 21:19:03,2026-01-23 02:19:03.255683+00:00,initial_state,NCAAB,betonline,"Appalachian Mountaineers vs Louisiana Warhawks, 2026-01-23, 12",Appalachian Mountaineers,Louisiana Warhawks,Total,,145.0,U,-110,
2026-01-22 21:19:03,2026-01-23 02:19:03.255683+00:00,initial_state,NCAAB,betonline,"Appalachian Mountaineers vs Louisiana Warhawks, 2026-01-23, 12",Appalachian Mountaineers,Louisiana Warhawks,Spread,Louisiana Warhawks,15.5,,-105,
2026-01-22 21:19:03,2026-01-23 02:19:03.255683+00:00,initial_state,NCAAB,betonline,"Appalachian Mountaineers vs Louisiana Warhawks, 2026-01-23, 12",Appalachian Mountaineers,Louisiana Warhawks,Spread,Appalachian Mountaineers,-15.5,,-115,
2026-01-22 21:19:03,2026-01-23 02:19:03.255693+00:00,initial_state,NCAAB,betonline,"New Haven Chargers vs Mercyhurst Lakers, 2026-01-23, 01",New Haven Chargers,Mercyhurst Lakers,Total,,122.5,O,-110,
2026-01-22 21:19:03,2026-01-23 02:19:03.255693+00:00,initial_state,NCAAB,betonline,"New Haven Chargers vs Mercyhurst Lakers, 2026-01-23, 01",New Haven Chargers,Mercyhurst Lakers,Spread,Mercyhurst Lakers,-1.0,,-110,
2026-01-22 21:19:03,2026-01-23 02:19:03.255693+00:00,initial_state,NCAAB,betonline,"New Haven Chargers vs Mercyhurst Lakers, 2026-01-23, 01",New Haven Chargers,Mercyhurst Lakers,Spread,New Haven Chargers,1.0,,-110,
2026-01-22 21:19:03,2026-01-23 02:19:03.255693+00:00,initial_state,NCAAB,betonline,"New Haven Chargers vs Mercyhurst Lakers, 2026-01-23, 01",New Haven Chargers,Mercyhurst Lakers,Total,,122.5,U,-110,
2026-01-22 21:19:03,2026-01-23 02:19:03.255702+00:00,initial_state,NCAAB,betonline,"St Francis Red Flash vs Chicago State Cougars, 2026-01-23, 07",St Francis Red Flash,Chicago State Cougars,Spread,St Francis Red Flash,-2.5,,-110,
2026-01-22 21:19:03,2026-01-23 02:19:03.255702+00:00,initial_state,NCAAB,betonline,"St Francis Red Flash vs Chicago State Cougars, 2026-01-23, 07",St Francis Red Flash,Chicago State Cougars,Spread,Chicago State Cougars,2.5,,-110,
2026-01-22 21:19:03,2026-01-23 02:19:03.255702+00:00,initial_state,NCAAB,betonline,"St Francis Red Flash vs Chicago State Cougars, 2026-01-23, 07",St Francis Red Flash,Chicago State Cougars,Total,,144.0,U,-110,
2026-01-22 21:19:03,2026-01-23 02:19:03.255702+00:00,initial_state,NCAAB,betonline,"St Francis Red Flash vs Chicago State Cougars, 2026-01-23, 07",St Francis Red Flash,Chicago State Cougars,Total,,144.0,O,-110,
2026-01-22 21:19:03,2026-01-23 02:19:03.255713+00:00,initial_state,NCAAB,betonline,"Le Moyne Dolphins vs Wagner Seahawks, 2026-01-23, 07",Le Moyne Dolphins,Wagner Seahawks,Spread,Le Moyne Dolphins,-7.5,,-110,
2026-01-22 21:19:03,2026-01-23 02:19:03.255713+00:00,initial_state,NCAAB,betonline,"Le Moyne Dolphins vs Wagner Seahawks, 2026-01-23, 07",Le Moyne Dolphins,Wagner Seahawks,Spread,Wagner Seahawks,7.5,,-110,
2026-01-22 21:19:03,2026-01-23 02:19:03.255713+00:00,initial_state,NCAAB,betonline,"Le Moyne Dolphins vs Wagner Seahawks, 2026-01-23, 07",Le Moyne Dolphins,Wagner Seahawks,Total,,147.0,U,-110,
2026-01-22 21:19:03,2026-01-23 02:19:03.255713+00:00,initial_state,NCAAB,betonline,"Le Moyne Dolphins vs Wagner Seahawks, 2026-01-23, 07",Le Moyne Dolphins,Wagner Seahawks,Total,,147.0,O,-110,
2026-01-22 21:19:03,2026-01-23 02:19:03.255726+00:00,initial_state,NCAAB,betonline,"Stonehill Skyhawks vs Long Island Sharks, 2026-01-23, 07",Stonehill Skyhawks,Long Island Sharks,Spread,Long Island Sharks,-6.5,,-110,
2026-01-22 21:19:03,2026-01-23 02:19:03.255726+00:00,initial_state,NCAAB,betonline,"Stonehill Skyhawks vs Long Island Sharks, 2026-01-23, 07",Stonehill Skyhawks,Long Island Sharks,Spread,Stonehill Skyhawks,6.5,,-110,
2026-01-22 21:19:03,2026-01-23 02:19:03.255726+00:00,initial_state,NCAAB,betonline,"Stonehill Skyhawks vs Long Island Sharks, 2026-01-23, 07",Stonehill Skyhawks,Long Island Sharks,Total,,136.5,U,-110,
2026-01-22 21:19:03,2026-01-23 02:19:03.255726+00:00,initial_state,NCAAB,betonline,"Stonehill Skyhawks vs Long Island Sharks, 2026-01-23, 07",Stonehill Skyhawks,Long Island Sharks,Total,,136.5,O,-110,
2026-01-22 21:19:03,2026-01-23 02:19:03.255738+00:00,initial_state,NCAAB,betonline,"Connecticut Blue Devils vs Fairleigh Dickinson Knights, 2026-01-23, 07",Connecticut Blue Devils,Fairleigh Dickinson Knights,Total,,143.0,U,-110,
2026-01-22 21:19:03,2026-01-23 02:19:03.255738+00:00,initial_state,NCAAB,betonline,"Connecticut Blue Devils vs Fairleigh Dickinson Knights, 2026-01-23, 07",Connecticut Blue Devils,Fairleigh Dickinson Knights,Total,,143.0,O,-110,
2026-01-22 21:19:03,2026-01-23 02:19:03.255738+00:00,initial_state,NCAAB,betonline,"Connecticut Blue Devils vs Fairleigh Dickinson Knights, 2026-01-23, 07",Connecticut Blue Devils,Fairleigh Dickinson Knights,Spread,Fairleigh Dickinson Knights,6.5,,-110,
2026-01-22 21:19:03,2026-01-23 02:19:03.255738+00:00,initial_state,NCAAB,betonline,"Connecticut Blue Devils vs Fairleigh Dickinson Knights, 2026-01-23, 07",Connecticut Blue Devils,Fairleigh Dickinson Knights,Spread,Connecticut Blue Devils,-6.5,,-110,
2026-01-22 21:19:03,2026-01-23 02:19:03.255747+00:00,initial_state,NCAAB,betonline,"Lipscomb Bisons vs Florida Gulf Coast Eagles, 2026-01-23, 01",Lipscomb Bisons,Florida Gulf Coast Eagles,Spread,Florida Gulf Coast Eagles,4.5,,-110,
2026-01-22 21:19:03,2026-01-23 02:19:03.255747+00:00,initial_state,NCAAB,betonline,"Lipscomb Bisons vs Florida Gulf Coast Eagles, 2026-01-23, 01",Lipscomb Bisons,Florida Gulf Coast Eagles,Total,,157.0,O,-110,
2026-01-22 21:19:03,2026-01-23 02:19:03.255747+00:00,initial_state,NCAAB,betonline,"Lipscomb Bisons vs Florida Gulf Coast Eagles, 2026-01-23, 01",Lipscomb Bisons,Florida Gulf Coast Eagles,Spread,Lipscomb Bisons,-4.5,,-110,
2026-01-22 21:19:03,2026-01-23 02:19:03.255747+00:00,initial_state,NCAAB,betonline,"Lipscomb Bisons vs Florida Gulf Coast Eagles, 2026-01-23, 01",Lipscomb Bisons,Florida Gulf Coast Eagles,Total,,157.0,U,-110,
2026-01-22 21:19:03,2026-01-23 02:19:03.255756+00:00,initial_state,NCAAB,betonline,"Austin Peay Governors vs Stetson Hatters, 2026-01-23, 01",Austin Peay Governors,Stetson Hatters,Total,,150.5,O,-110,
2026-01-22 21:19:03,2026-01-23 02:19:03.255756+00:00,initial_state,NCAAB,betonline,"Austin Peay Governors vs Stetson Hatters, 2026-01-23, 01",Austin Peay Governors,Stetson Hatters,Spread,Austin Peay Governors,-14.5,,-110,
2026-01-22 21:19:03,2026-01-23 02:19:03.255756+00:00,initial_state,NCAAB,betonline,"Austin Peay Governors vs Stetson Hatters, 2026-01-23, 01",Austin Peay Governors,Stetson Hatters,Total,,150.5,U,-110,
2026-01-22 21:19:03,2026-01-23 02:19:03.255756+00:00,initial_state,NCAAB,betonline,"Austin Peay Governors vs Stetson Hatters, 2026-01-23, 01",Austin Peay Governors,Stetson Hatters,Spread,Stetson Hatters,14.5,,-110,
2026-01-22 21:19:03,2026-01-23 02:19:03.255765+00:00,initial_state,NCAAB,betonline,"Radford Highlanders vs High Point Panthers, 2026-01-23, 07",Radford Highlanders,High Point Panthers,Spread,High Point Panthers,-9.0,,-110,
2026-01-22 21:19:03,2026-01-23 02:19:03.255765+00:00,initial_state,NCAAB,betonline,"Radford Highlanders vs High Point Panthers, 2026-01-23, 07",Radford Highlanders,High Point Panthers,Spread,Radford Highlanders,9.0,,-110,
2026-01-22 21:19:03,2026-01-23 02:19:03.255765+00:00,initial_state,NCAAB,betonline,"Radford Highlanders vs High Point Panthers, 2026-01-23, 07",Radford Highlanders,High Point Panthers,Total,,167.5,O,-110,
2026-01-22 21:19:03,2026-01-23 02:19:03.255765+00:00,initial_state,NCAAB,betonline,"Radford Highlanders vs High Point Panthers, 2026-01-23, 07",Radford Highlanders,High Point Panthers,Total,,167.5,U,-110,
2026-01-22 21:19:03,2026-01-23 02:19:03.255778+00:00,initial_state,NCAAB,betonline,"Gardner Webb Runnin' Bulldogs vs South Carolina Upstate Spartans, 2026-01-23, 07",Gardner Webb Runnin' Bulldogs,South Carolina Upstate Spartans,Spread,Gardner Webb Runnin' Bulldogs,9.5,,-110,
2026-01-22 21:19:03,2026-01-23 02:19:03.255778+00:00,initial_state,NCAAB,betonline,"Gardner Webb Runnin' Bulldogs vs South Carolina Upstate Spartans, 2026-01-23, 07",Gardner Webb Runnin' Bulldogs,South Carolina Upstate Spartans,Spread,South Carolina Upstate Spartans,-9.5,,-110,
2026-01-22 21:19:03,2026-01-23 02:19:03.255778+00:00,initial_state,NCAAB,betonline,"Gardner Webb Runnin' Bulldogs vs South Carolina Upstate Spartans, 2026-01-23, 07",Gardner Webb Runnin' Bulldogs,South Carolina Upstate Spartans,Total,,152.5,U,-110,
2026-01-22 21:19:03,2026-01-23 02:19:03.255778+00:00,initial_state,NCAAB,betonline,"Gardner Webb Runnin' Bulldogs vs South Carolina Upstate Spartans, 2026-01-23, 07",Gardner Webb Runnin' Bulldogs,South Carolina Upstate Spartans,Total,,152.5,O,-110,
2026-01-22 21:19:03,2026-01-23 02:19:03.255790+00:00,initial_state,NCAAB,betonline,"Jacksonville State Gamecocks vs Tennessee Blue Raiders, 2026-01-23, 07",Jacksonville State Gamecocks,Tennessee Blue Raiders,Total,,134.0,O,-110,
2026-01-22 21:19:03,2026-01-23 02:19:03.255790+00:00,initial_state,NCAAB,betonline,"Jacksonville State Gamecocks vs Tennessee Blue Raiders, 2026-01-23, 07",Jacksonville State Gamecocks,Tennessee Blue Raiders,Total,,134.0,U,-110,
2026-01-22 21:19:03,2026-01-23 02:19:03.255816+00:00,initial_state,NCAAB,betmgm,"Hawaii Rainbow Warriors vs Cal State Bakersfield Roadrunners, 2026-01-23, 12",Hawaii Rainbow Warriors,Cal State Bakersfield Roadrunners,Spread,Cal State Bakersfield Roadrunners,16.5,,-115,https://www.on.betmgm.ca/en/sports/events/18888249?options=18888249-1444827327--231086151&type=Single
2026-01-22 21:19:03,2026-01-23 02:19:03.255816+00:00,initial_state,NCAAB,betmgm,"Hawaii Rainbow Warriors vs Cal State Bakersfield Roadrunners, 2026-01-23, 12",Hawaii Rainbow Warriors,Cal State Bakersfield Roadrunners,Spread,Hawaii Rainbow Warriors,-16.5,,-105,https://www.on.betmgm.ca/en/sports/events/18888249?options=18888249-1444827327--231086150&type=Single
2026-01-22 21:19:03,2026-01-23 02:19:03.255816+00:00,initial_state,NCAAB,betmgm,"Hawaii Rainbow Warriors vs Cal State Bakersfield Roadrunners, 2026-01-23, 12",Hawaii Rainbow Warriors,Cal State Bakersfield Roadrunners,Total,,144.5,O,-105,https://www.on.betmgm.ca/en/sports/events/18888249?options=18888249-1444884337--230938465&type=Single
2026-01-22 21:19:03,2026-01-23 02:19:03.255816+00:00,initial_state,NCAAB,betmgm,"Hawaii Rainbow Warriors vs Cal State Bakersfield Roadrunners, 2026-01-23, 12",Hawaii Rainbow Warriors,Cal State Bakersfield Roadrunners,Total,,144.5,U,-115,https://www.on.betmgm.ca/en/sports/events/18888249?options=18888249-1444884337--230938464&type=Single
2026-01-22 21:19:03,2026-01-23 02:19:03.255837+00:00,initial_state,NCAAB,betmgm,"Morehead State Eagles vs Western Illinois Leathernecks, 2026-01-22, 07",Morehead State Eagles,Western Illinois Leathernecks,Spread,Western Illinois Leathernecks,8.5,,-110,https://www.on.betmgm.ca/en/sports/events/18888254?options=18888254-1444800811--231153024&type=Single
2026-01-22 21:19:03,2026-01-23 02:19:03.255837+00:00,initial_state,NCAAB,betmgm,"Morehead State Eagles vs Western Illinois Leathernecks, 2026-01-22, 07",Morehead State Eagles,Western Illinois Leathernecks,Spread,Morehead State Eagles,-8.5,,-110,https://www.on.betmgm.ca/en/sports/events/18888254?options=18888254-1444800811--231153023&type=Single
2026-01-22 21:19:03,2026-01-23 02:19:03.255837+00:00,initial_state,NCAAB,betmgm,"Morehead State Eagles vs Western Illinois Leathernecks, 2026-01-22, 07",Morehead State Eagles,Western Illinois Leathernecks,Total,,138.5,O,-115,https://www.on.betmgm.ca/en/sports/events/18888254?options=18888254-1444385671--232255661&type=Single
2026-01-22 21:19:03,2026-01-23 02:19:03.255837+00:00,initial_state,NCAAB,betmgm,"Morehead State Eagles vs Western Illinois Leathernecks, 2026-01-22, 07",Morehead State Eagles,Western Illinois Leathernecks,Total,,138.5,U,-105,https://www.on.betmgm.ca/en/sports/events/18888254?options=18888254-1444385671--232255660&type=Single
2026-01-22 21:19:03,2026-01-23 02:19:03.255861+00:00,initial_state,NCAAB,betmgm,"Idaho Vandals vs Sacramento State Hornets, 2026-01-22, 09",Idaho Vandals,Sacramento State Hornets,Total,,162.5,O,-105,https://www.on.betmgm.ca/en/sports/events/18888239?options=18888239-1445082436--230438564&type=Single
2026-01-22 21:19:03,2026-01-23 02:19:03.255861+00:00,initial_state,NCAAB,betmgm,"Idaho Vandals vs Sacramento State Hornets, 2026-01-22, 09",Idaho Vandals,Sacramento State Hornets,Total,,162.5,U,-115,https://www.on.betmgm.ca/en/sports/events/18888239?options=18888239-1445082436--230438563&type=Single
2026-01-22 21:19:03,2026-01-23 02:19:03.255861+00:00,initial_state,NCAAB,betmgm,"Idaho Vandals vs Sacramento State Hornets, 2026-01-22, 09",Idaho Vandals,Sacramento State Hornets,Spread,Sacramento State Hornets,10.5,,-115,https://www.on.betmgm.ca/en/sports/events/18888239?options=18888239-1444386992--232252557&type=Single
2026-01-22 21:19:03,2026-01-23 02:19:03.255861+00:00,initial_state,NCAAB,betmgm,"Idaho Vandals vs Sacramento State Hornets, 2026-01-22, 09",Idaho Vandals,Sacramento State Hornets,Spread,Idaho Vandals,-10.5,,-105,https://www.on.betmgm.ca/en/sports/events/18888239?options=18888239-1444386992--232252556&type=Single
2026-01-22 21:19:03,2026-01-23 02:19:03.255887+00:00,initial_state,NCAAB,betmgm,"Montana Grizzlies vs Weber State Wildcats, 2026-01-22, 09",Montana Grizzlies,Weber State Wildcats,Total,,157.5,O,-110,https://www.on.betmgm.ca/en/sports/events/18888261?options=18888261-1444386630--232253320&type=Single
2026-01-22 21:19:03,2026-01-23 02:19:03.255887+00:00,initial_state,NCAAB,betmgm,"Montana Grizzlies vs Weber State Wildcats, 2026-01-22, 09",Montana Grizzlies,Weber State Wildcats,Total,,157.5,U,-110,https://www.on.betmgm.ca/en/sports/events/18888261?options=18888261-1444386630--232253319&type=Single
2026-01-22 21:19:03,2026-01-23 02:19:03.255887+00:00,initial_state,NCAAB,betmgm,"Montana Grizzlies vs Weber State Wildcats, 2026-01-22, 09",Montana Grizzlies,Weber State Wildcats,Spread,Weber State Wildcats,4.5,,-115,https://www.on.betmgm.ca/en/sports/events/18888261?options=18888261-1444512284--231928899&type=Single
2026-01-22 21:19:03,2026-01-23 02:19:03.255887+00:00,initial_state,NCAAB,betmgm,"Montana Grizzlies vs Weber State Wildcats, 2026-01-22, 09",Montana Grizzlies,Weber State Wildcats,Spread,Montana Grizzlies,-4.5,,-105,https://www.on.betmgm.ca/en/sports/events/18888261?options=18888261-1444512284--231928898&type=Single
2026-01-22 21:19:03,2026-01-23 02:19:03.255923+00:00,initial_state,NCAAB,betmgm,"Southern Indiana Screaming Eagles vs Eastern Illinois Panthers, 2026-01-22, 08",Southern Indiana Screaming Eagles,Eastern Illinois Panthers,Total,,134.5,O,-115,https://www.on.betmgm.ca/en/sports/events/18888258?options=18888258-1444480456--232017445&type=Single
2026-01-22 21:19:03,2026-01-23 02:19:03.255923+00:00,initial_state,NCAAB,betmgm,"Southern Indiana Screaming Eagles vs Eastern Illinois Panthers, 2026-01-22, 08",Southern Indiana Screaming Eagles,Eastern Illinois Panthers,Total,,134.5,U,-105,https://www.on.betmgm.ca/en/sports/events/18888258?options=18888258-1444480456--232017444&type=Single
2026-01-22 21:19:03,2026-01-23 02:19:03.255923+00:00,initial_state,NCAAB,betmgm,"Southern Indiana Screaming Eagles vs Eastern Illinois Panthers, 2026-01-22, 08",Southern Indiana Screaming Eagles,Eastern Illinois Panthers,Spread,Eastern Illinois Panthers,2.5,,-110,https://www.on.betmgm.ca/en/sports/events/18888258?options=18888258-1444489630--231993200&type=Single
2026-01-22 21:19:03,2026-01-23 02:19:03.255923+00:00,initial_state,NCAAB,betmgm,"Southern Indiana Screaming Eagles vs Eastern Illinois Panthers, 2026-01-22, 08",Southern Indiana Screaming Eagles,Eastern Illinois Panthers,Spread,Southern Indiana Screaming Eagles,-2.5,,-110,https://www.on.betmgm.ca/en/sports/events/18888258?options=18888258-1444489630--231993199&type=Single
2026-01-22 21:19:03,2026-01-23 02:19:03.255944+00:00,initial_state,NCAAB,betmgm,"Lindenwood Lions vs Tennessee Tech Golden Eagles, 2026-01-22, 08",Lindenwood Lions,Tennessee Tech Golden Eagles,Spread,Tennessee Tech Golden Eagles,8.5,,-110,https://www.on.betmgm.ca/en/sports/events/18888259?options=18888259-1444480777--232016550&type=Single
2026-01-22 21:19:03,2026-01-23 02:19:03.255944+00:00,initial_state,NCAAB,betmgm,"Lindenwood Lions vs Tennessee Tech Golden Eagles, 2026-01-22, 08",Lindenwood Lions,Tennessee Tech Golden Eagles,Spread,Lindenwood Lions,-8.5,,-110,https://www.on.betmgm.ca/en/sports/events/18888259?options=18888259-1444480777--232016549&type=Single
2026-01-22 21:19:03,2026-01-23 02:19:03.255944+00:00,initial_state,NCAAB,betmgm,"Lindenwood Lions vs Tennessee Tech Golden Eagles, 2026-01-22, 08",Lindenwood Lions,Tennessee Tech Golden Eagles,Total,,151.5,O,-105,https://www.on.betmgm.ca/en/sports/events/18888259?options=18888259-1444802237--231149416&type=Single
2026-01-22 21:19:03,2026-01-23 02:19:03.255944+00:00,initial_state,NCAAB,betmgm,"Lindenwood Lions vs Tennessee Tech Golden Eagles, 2026-01-22, 08",Lindenwood Lions,Tennessee Tech Golden Eagles,Total,,151.5,U,-115,https://www.on.betmgm.ca/en/sports/events/18888259?options=18888259-1444802237--231149415&type=Single
2026-01-22 21:19:03,2026-01-23 02:19:03.255958+00:00,initial_state,NCAAB,betmgm,"Eastern Washington vs Portland State Vikings, 2026-01-22, 09",Eastern Washington,Portland State Vikings,Spread,Portland State Vikings,-2.5,,-115,https://www.on.betmgm.ca/en/sports/events/18888240?options=18888240-1444396758--232230380&type=Single
2026-01-22 21:19:03,2026-01-23 02:19:03.255958+00:00,initial_state,NCAAB,betmgm,"Eastern Washington vs Portland State Vikings, 2026-01-22, 09",Eastern Washington,Portland State Vikings,Spread,Eastern Washington,2.5,,-105,https://www.on.betmgm.ca/en/sports/events/18888240?options=18888240-1444396758--232230379&type=Single
2026-01-22 21:19:03,2026-01-23 02:19:03.255958+00:00,initial_state,NCAAB,betmgm,"Eastern Washington vs Portland State Vikings, 2026-01-22, 09",Eastern Washington,Portland State Vikings,Total,,147.5,O,-110,https://www.on.betmgm.ca/en/sports/events/18888240?options=18888240-1444945854--230767538&type=Single
2026-01-22 21:19:03,2026-01-23 02:19:03.255958+00:00,initial_state,NCAAB,betmgm,"Eastern Washington vs Portland State Vikings, 2026-01-22, 09",Eastern Washington,Portland State Vikings,Total,,147.5,U,-110,https://www.on.betmgm.ca/en/sports/events/18888240?options=18888240-1444945854--230767537&type=Single
2026-01-22 21:19:03,2026-01-23 02:19:03.255987+00:00,initial_state,NCAAB,betmgm,"Cal State Fullerton Titans vs Long Beach State 49ers, 2026-01-22, 10",Cal State Fullerton Titans,Long Beach State 49ers,Spread,Long Beach State 49ers,3.5,,-115,https://www.on.betmgm.ca/en/sports/events/18888248?options=18888248-1444486514--232001509&type=Single
2026-01-22 21:19:03,2026-01-23 02:19:03.255987+00:00,initial_state,NCAAB,betmgm,"Cal State Fullerton Titans vs Long Beach State 49ers, 2026-01-22, 10",Cal State Fullerton Titans,Long Beach State 49ers,Spread,Cal State Fullerton Titans,-3.5,,-105,https://www.on.betmgm.ca/en/sports/events/18888248?options=18888248-1444486514--232001508&type=Single
2026-01-22 21:19:03,2026-01-23 02:19:03.255987+00:00,initial_state,NCAAB,betmgm,"Cal State Fullerton Titans vs Long Beach State 49ers, 2026-01-22, 10",Cal State Fullerton Titans,Long Beach State 49ers,Total,,160.5,O,-105,https://www.on.betmgm.ca/en/sports/events/18888248?options=18888248-1444488185--231996721&type=Single
2026-01-22 21:19:03,2026-01-23 02:19:03.255987+00:00,initial_state,NCAAB,betmgm,"Cal State Fullerton Titans vs Long Beach State 49ers, 2026-01-22, 10",Cal State Fullerton Titans,Long Beach State 49ers,Total,,160.5,U,-115,https://www.on.betmgm.ca/en/sports/events/18888248?options=18888248-1444488185--231996720&type=Single
2026-01-22 21:19:03,2026-01-23 02:19:03.256008+00:00,initial_state,NCAAB,betmgm,"St Thomas Tommies vs South Dakota Jackrabbits, 2026-01-22, 09",St Thomas Tommies,South Dakota Jackrabbits,Total,,155.5,O,-110,https://www.on.betmgm.ca/en/sports/events/18888241?options=18888241-1444387242--232252029&type=Single
2026-01-22 21:19:03,2026-01-23 02:19:03.256008+00:00,initial_state,NCAAB,betmgm,"St Thomas Tommies vs South Dakota Jackrabbits, 2026-01-22, 09",St Thomas Tommies,South Dakota Jackrabbits,Total,,155.5,U,-110,https://www.on.betmgm.ca/en/sports/events/18888241?options=18888241-1444387242--232252028&type=Single
2026-01-22 21:19:03,2026-01-23 02:19:03.256008+00:00,initial_state,NCAAB,betmgm,"St Thomas Tommies vs South Dakota Jackrabbits, 2026-01-22, 09",St Thomas Tommies,South Dakota Jackrabbits,Spread,South Dakota Jackrabbits,6.5,,-110,https://www.on.betmgm.ca/en/sports/events/18888241?options=18888241-1444903676--230882709&type=Single
2026-01-22 21:19:03,2026-01-23 02:19:03.256008+00:00,initial_state,NCAAB,betmgm,"St Thomas Tommies vs South Dakota Jackrabbits, 2026-01-22, 09",St Thomas Tommies,South Dakota Jackrabbits,Spread,St Thomas Tommies,-6.5,,-110,https://www.on.betmgm.ca/en/sports/events/18888241?options=18888241-1444903676--230882708&type=Single
2026-01-22 21:19:03,2026-01-23 02:19:03.256032+00:00,initial_state,NCAAB,betmgm,"Montana State Bobcats vs Idaho State Bengals, 2026-01-22, 09",Montana State Bobcats,Idaho State Bengals,Total,,144.5,O,-105,https://www.on.betmgm.ca/en/sports/events/18888244?options=18888244-1444418143--232177883&type=Single
2026-01-22 21:19:03,2026-01-23 02:19:03.256032+00:00,initial_state,NCAAB,betmgm,"Montana State Bobcats vs Idaho State Bengals, 2026-01-22, 09",Montana State Bobcats,Idaho State Bengals,Total,,144.5,U,-115,https://www.on.betmgm.ca/en/sports/events/18888244?options=18888244-1444418143--232177882&type=Single
2026-01-22 21:19:03,2026-01-23 02:19:03.256032+00:00,initial_state,NCAAB,betmgm,"Montana State Bobcats vs Idaho State Bengals, 2026-01-22, 09",Montana State Bobcats,Idaho State Bengals,Spread,Idaho State Bengals,5.5,,-115,https://www.on.betmgm.ca/en/sports/events/18888244?options=18888244-1444387706--232251038&type=Single
2026-01-22 21:19:03,2026-01-23 02:19:03.256032+00:00,initial_state,NCAAB,betmgm,"Montana State Bobcats vs Idaho State Bengals, 2026-01-22, 09",Montana State Bobcats,Idaho State Bengals,Spread,Montana State Bobcats,-5.5,,-105,https://www.on.betmgm.ca/en/sports/events/18888244?options=18888244-1444387706--232251036&type=Single
2026-01-22 21:19:03,2026-01-23 02:19:03.256050+00:00,initial_state,NCAAB,betmgm,"California Highlanders vs California Anteaters, 2026-01-22, 10",California Highlanders,California Anteaters,Total,,142.5,O,-105,https://www.on.betmgm.ca/en/sports/events/18888247?options=18888247-1444489024--231994691&type=Single
2026-01-22 21:19:03,2026-01-23 02:19:03.256050+00:00,initial_state,NCAAB,betmgm,"California Highlanders vs California Anteaters, 2026-01-22, 10",California Highlanders,California Anteaters,Total,,142.5,U,-115,https://www.on.betmgm.ca/en/sports/events/18888247?options=18888247-1444489024--231994690&type=Single
2026-01-22 21:19:03,2026-01-23 02:19:03.256050+00:00,initial_state,NCAAB,betmgm,"California Highlanders vs California Anteaters, 2026-01-22, 10",California Highlanders,California Anteaters,Spread,California Anteaters,-8.5,,-105,https://www.on.betmgm.ca/en/sports/events/18888247?options=18888247-1444455239--232084504&type=Single
2026-01-22 21:19:03,2026-01-23 02:19:03.256050+00:00,initial_state,NCAAB,betmgm,"California Highlanders vs California Anteaters, 2026-01-22, 10",California Highlanders,California Anteaters,Spread,California Highlanders,8.5,,-115,https://www.on.betmgm.ca/en/sports/events/18888247?options=18888247-1444455239--232084503&type=Single
2026-01-22 21:19:03,2026-01-23 02:19:03.256107+00:00,initial_state,NCAAB,pinnacle,"California Highlanders vs California Anteaters, 2026-01-22, 10",California Highlanders,California Anteaters,Spread,California Highlanders,10.0,,-137,
2026-01-22 21:19:03,2026-01-23 02:19:03.256107+00:00,initial_state,NCAAB,pinnacle,"California Highlanders vs California Anteaters, 2026-01-22, 10",California Highlanders,California Anteaters,Spread,California Anteaters,-10.0,,+113,
2026-01-22 21:19:03,2026-01-23 02:19:03.256107+00:00,initial_state,NCAAB,pinnacle,"California Highlanders vs California Anteaters, 2026-01-22, 10",California Highlanders,California Anteaters,Spread,California Highlanders,9.5,,-128,
2026-01-22 21:19:03,2026-01-23 02:19:03.256107+00:00,initial_state,NCAAB,pinnacle,"California Highlanders vs California Anteaters, 2026-01-22, 10",California Highlanders,California Anteaters,Spread,California Anteaters,-9.5,,+105,
2026-01-22 21:19:03,2026-01-23 02:19:03.256107+00:00,initial_state,NCAAB,pinnacle,"California Highlanders vs California Anteaters, 2026-01-22, 10",California Highlanders,California Anteaters,Spread,California Highlanders,9.0,,-118,
2026-01-22 21:19:03,2026-01-23 02:19:03.256107+00:00,initial_state,NCAAB,pinnacle,"California Highlanders vs California Anteaters, 2026-01-22, 10",California Highlanders,California Anteaters,Spread,California Anteaters,-9.0,,-103,
2026-01-22 21:19:03,2026-01-23 02:19:03.256107+00:00,initial_state,NCAAB,pinnacle,"California Highlanders vs California Anteaters, 2026-01-22, 10",California Highlanders,California Anteaters,Spread,California Highlanders,8.5,,-106,
2026-01-22 21:19:03,2026-01-23 02:19:03.256107+00:00,initial_state,NCAAB,pinnacle,"California Highlanders vs California Anteaters, 2026-01-22, 10",California Highlanders,California Anteaters,Spread,California Anteaters,-8.5,,-110,
2026-01-22 21:19:03,2026-01-23 02:19:03.256107+00:00,initial_state,NCAAB,pinnacle,"California Highlanders vs California Anteaters, 2026-01-22, 10",California Highlanders,California Anteaters,Spread,California Highlanders,8.0,,+101,
2026-01-22 21:19:03,2026-01-23 02:19:03.256107+00:00,initial_state,NCAAB,pinnacle,"California Highlanders vs California Anteaters, 2026-01-22, 10",California Highlanders,California Anteaters,Spread,California Anteaters,-8.0,,-122,
2026-01-22 21:19:03,2026-01-23 02:19:03.256107+00:00,initial_state,NCAAB,pinnacle,"California Highlanders vs California Anteaters, 2026-01-22, 10",California Highlanders,California Anteaters,Spread,California Highlanders,7.5,,+109,
2026-01-22 21:19:03,2026-01-23 02:19:03.256107+00:00,initial_state,NCAAB,pinnacle,"California Highlanders vs California Anteaters, 2026-01-22, 10",California Highlanders,California Anteaters,Spread,California Anteaters,-7.5,,-132,
2026-01-22 21:19:03,2026-01-23 02:19:03.256107+00:00,initial_state,NCAAB,pinnacle,"California Highlanders vs California Anteaters, 2026-01-22, 10",California Highlanders,California Anteaters,Spread,California Highlanders,7.0,,+117,
2026-01-22 21:19:03,2026-01-23 02:19:03.256107+00:00,initial_state,NCAAB,pinnacle,"California Highlanders vs California Anteaters, 2026-01-22, 10",California Highlanders,California Anteaters,Spread,California Anteaters,-7.0,,-143,
2026-01-22 21:19:03,2026-01-23 02:19:03.256107+00:00,initial_state,NCAAB,pinnacle,"California Highlanders vs California Anteaters, 2026-01-22, 10",California Highlanders,California Anteaters,Spread,California Highlanders,6.5,,+125,
2026-01-22 21:19:03,2026-01-23 02:19:03.256107+00:00,initial_state,NCAAB,pinnacle,"California Highlanders vs California Anteaters, 2026-01-22, 10",California Highlanders,California Anteaters,Spread,California Anteaters,-6.5,,-153,
2026-01-22 21:19:03,2026-01-23 02:19:03.256107+00:00,initial_state,NCAAB,pinnacle,"California Highlanders vs California Anteaters, 2026-01-22, 10",California Highlanders,California Anteaters,Total,,144.0,O,+109,
2026-01-22 21:19:03,2026-01-23 02:19:03.256107+00:00,initial_state,NCAAB,pinnacle,"California Highlanders vs California Anteaters, 2026-01-22, 10",California Highlanders,California Anteaters,Total,,144.0,U,-138,
2026-01-22 21:19:03,2026-01-23 02:19:03.256107+00:00,initial_state,NCAAB,pinnacle,"California Highlanders vs California Anteaters, 2026-01-22, 10",California Highlanders,California Anteaters,Total,,143.5,O,+104,
2026-01-22 21:19:03,2026-01-23 02:19:03.256107+00:00,initial_state,NCAAB,pinnacle,"California Highlanders vs California Anteaters, 2026-01-22, 10",California Highlanders,California Anteaters,Total,,143.5,U,-131,
2026-01-22 21:19:03,2026-01-23 02:19:03.256107+00:00,initial_state,NCAAB,pinnacle,"California Highlanders vs California Anteaters, 2026-01-22, 10",California Highlanders,California Anteaters,Total,,143.0,O,-101,
2026-01-22 21:19:03,2026-01-23 02:19:03.256107+00:00,initial_state,NCAAB,pinnacle,"California Highlanders vs California Anteaters, 2026-01-22, 10",California Highlanders,California Anteaters,Total,,143.0,U,-124,
2026-01-22 21:19:03,2026-01-23 02:19:03.256107+00:00,initial_state,NCAAB,pinnacle,"California Highlanders vs California Anteaters, 2026-01-22, 10",California Highlanders,California Anteaters,Total,,142.5,O,-107,
2026-01-22 21:19:03,2026-01-23 02:19:03.256107+00:00,initial_state,NCAAB,pinnacle,"California Highlanders vs California Anteaters, 2026-01-22, 10",California Highlanders,California Anteaters,Total,,142.5,U,-118,
2026-01-22 21:19:03,2026-01-23 02:19:03.256107+00:00,initial_state,NCAAB,pinnacle,"California Highlanders vs California Anteaters, 2026-01-22, 10",California Highlanders,California Anteaters,Total,,142.0,O,-111,
2026-01-22 21:19:03,2026-01-23 02:19:03.256107+00:00,initial_state,NCAAB,pinnacle,"California Highlanders vs California Anteaters, 2026-01-22, 10",California Highlanders,California Anteaters,Total,,142.0,U,-109,
2026-01-22 21:19:03,2026-01-23 02:19:03.256107+00:00,initial_state,NCAAB,pinnacle,"California Highlanders vs California Anteaters, 2026-01-22, 10",California Highlanders,California Anteaters,Total,,141.5,O,-120,
2026-01-22 21:19:03,2026-01-23 02:19:03.256107+00:00,initial_state,NCAAB,pinnacle,"California Highlanders vs California Anteaters, 2026-01-22, 10",California Highlanders,California Anteaters,Total,,141.5,U,-105,
2026-01-22 21:19:03,2026-01-23 02:19:03.256107+00:00,initial_state,NCAAB,pinnacle,"California Highlanders vs California Anteaters, 2026-01-22, 10",California Highlanders,California Anteaters,Total,,141.0,O,-127,
2026-01-22 21:19:03,2026-01-23 02:19:03.256107+00:00,initial_state,NCAAB,pinnacle,"California Highlanders vs California Anteaters, 2026-01-22, 10",California Highlanders,California Anteaters,Total,,141.0,U,+101,
2026-01-22 21:19:03,2026-01-23 02:19:03.256107+00:00,initial_state,NCAAB,pinnacle,"California Highlanders vs California Anteaters, 2026-01-22, 10",California Highlanders,California Anteaters,Total,,140.5,O,-135,
2026-01-22 21:19:03,2026-01-23 02:19:03.256107+00:00,initial_state,NCAAB,pinnacle,"California Highlanders vs California Anteaters, 2026-01-22, 10",California Highlanders,California Anteaters,Total,,140.5,U,+107,
2026-01-22 21:19:03,2026-01-23 02:19:03.256107+00:00,initial_state,NCAAB,pinnacle,"California Highlanders vs California Anteaters, 2026-01-22, 10",California Highlanders,California Anteaters,Total,,140.0,O,-142,
2026-01-22 21:19:03,2026-01-23 02:19:03.256107+00:00,initial_state,NCAAB,pinnacle,"California Highlanders vs California Anteaters, 2026-01-22, 10",California Highlanders,California Anteaters,Total,,140.0,U,+113,
2026-01-22 21:19:03,2026-01-23 02:19:03.256107+00:00,initial_state,NCAAB,pinnacle,"California Highlanders vs California Anteaters, 2026-01-22, 10",California Highlanders,California Anteaters,Spread,California Highlanders,10.5,,-147,
2026-01-22 21:19:03,2026-01-23 02:19:03.256107+00:00,initial_state,NCAAB,pinnacle,"California Highlanders vs California Anteaters, 2026-01-22, 10",California Highlanders,California Anteaters,Spread,California Anteaters,-10.5,,+121,
2026-01-22 21:19:03,2026-01-23 02:19:03.256158+00:00,initial_state,NCAAB,pinnacle,"Cal State Fullerton Titans vs Long Beach State 49ers, 2026-01-22, 10",Cal State Fullerton Titans,Long Beach State 49ers,Spread,Cal State Fullerton Titans,-1.5,,-150,
2026-01-22 21:19:03,2026-01-23 02:19:03.256158+00:00,initial_state,NCAAB,pinnacle,"Cal State Fullerton Titans vs Long Beach State 49ers, 2026-01-22, 10",Cal State Fullerton Titans,Long Beach State 49ers,Spread,Long Beach State 49ers,1.5,,+123,
2026-01-22 21:19:03,2026-01-23 02:19:03.256158+00:00,initial_state,NCAAB,pinnacle,"Cal State Fullerton Titans vs Long Beach State 49ers, 2026-01-22, 10",Cal State Fullerton Titans,Long Beach State 49ers,Spread,Cal State Fullerton Titans,-2.0,,-138,
2026-01-22 21:19:03,2026-01-23 02:19:03.256158+00:00,initial_state,NCAAB,pinnacle,"Cal State Fullerton Titans vs Long Beach State 49ers, 2026-01-22, 10",Cal State Fullerton Titans,Long Beach State 49ers,Spread,Long Beach State 49ers,2.0,,+114,
2026-01-22 21:19:03,2026-01-23 02:19:03.256158+00:00,initial_state,NCAAB,pinnacle,"Cal State Fullerton Titans vs Long Beach State 49ers, 2026-01-22, 10",Cal State Fullerton Titans,Long Beach State 49ers,Spread,Cal State Fullerton Titans,-2.5,,-126,
2026-01-22 21:19:03,2026-01-23 02:19:03.256158+00:00,initial_state,NCAAB,pinnacle,"Cal State Fullerton Titans vs Long Beach State 49ers, 2026-01-22, 10",Cal State Fullerton Titans,Long Beach State 49ers,Spread,Long Beach State 49ers,2.5,,+104,
2026-01-22 21:19:03,2026-01-23 02:19:03.256158+00:00,initial_state,NCAAB,pinnacle,"Cal State Fullerton Titans vs Long Beach State 49ers, 2026-01-22, 10",Cal State Fullerton Titans,Long Beach State 49ers,Spread,Cal State Fullerton Titans,-3.0,,-117,
2026-01-22 21:19:03,2026-01-23 02:19:03.256158+00:00,initial_state,NCAAB,pinnacle,"Cal State Fullerton Titans vs Long Beach State 49ers, 2026-01-22, 10",Cal State Fullerton Titans,Long Beach State 49ers,Spread,Long Beach State 49ers,3.0,,-104,
2026-01-22 21:19:03,2026-01-23 02:19:03.256158+00:00,initial_state,NCAAB,pinnacle,"Cal State Fullerton Titans vs Long Beach State 49ers, 2026-01-22, 10",Cal State Fullerton Titans,Long Beach State 49ers,Spread,Cal State Fullerton Titans,-3.5,,-105,
2026-01-22 21:19:03,2026-01-23 02:19:03.256158+00:00,initial_state,NCAAB,pinnacle,"Cal State Fullerton Titans vs Long Beach State 49ers, 2026-01-22, 10",Cal State Fullerton Titans,Long Beach State 49ers,Spread,Long Beach State 49ers,3.5,,-111,
2026-01-22 21:19:03,2026-01-23 02:19:03.256158+00:00,initial_state,NCAAB,pinnacle,"Cal State Fullerton Titans vs Long Beach State 49ers, 2026-01-22, 10",Cal State Fullerton Titans,Long Beach State 49ers,Spread,Cal State Fullerton Titans,-4.0,,+102,
2026-01-22 21:19:03,2026-01-23 02:19:03.256158+00:00,initial_state,NCAAB,pinnacle,"Cal State Fullerton Titans vs Long Beach State 49ers, 2026-01-22, 10",Cal State Fullerton Titans,Long Beach State 49ers,Spread,Long Beach State 49ers,4.0,,-123,
2026-01-22 21:19:03,2026-01-23 02:19:03.256158+00:00,initial_state,NCAAB,pinnacle,"Cal State Fullerton Titans vs Long Beach State 49ers, 2026-01-22, 10",Cal State Fullerton Titans,Long Beach State 49ers,Spread,Cal State Fullerton Titans,-4.5,,+110,
2026-01-22 21:19:03,2026-01-23 02:19:03.256158+00:00,initial_state,NCAAB,pinnacle,"Cal State Fullerton Titans vs Long Beach State 49ers, 2026-01-22, 10",Cal State Fullerton Titans,Long Beach State 49ers,Spread,Long Beach State 49ers,4.5,,-134,
2026-01-22 21:19:03,2026-01-23 02:19:03.256158+00:00,initial_state,NCAAB,pinnacle,"Cal State Fullerton Titans vs Long Beach State 49ers, 2026-01-22, 10",Cal State Fullerton Titans,Long Beach State 49ers,Spread,Cal State Fullerton Titans,-5.0,,+118,
2026-01-22 21:19:03,2026-01-23 02:19:03.256158+00:00,initial_state,NCAAB,pinnacle,"Cal State Fullerton Titans vs Long Beach State 49ers, 2026-01-22, 10",Cal State Fullerton Titans,Long Beach State 49ers,Spread,Long Beach State 49ers,5.0,,-144,
2026-01-22 21:19:03,2026-01-23 02:19:03.256158+00:00,initial_state,NCAAB,pinnacle,"Cal State Fullerton Titans vs Long Beach State 49ers, 2026-01-22, 10",Cal State Fullerton Titans,Long Beach State 49ers,Spread,Cal State Fullerton Titans,-5.5,,+126,
2026-01-22 21:19:03,2026-01-23 02:19:03.256158+00:00,initial_state,NCAAB,pinnacle,"Cal State Fullerton Titans vs Long Beach State 49ers, 2026-01-22, 10",Cal State Fullerton Titans,Long Beach State 49ers,Spread,Long Beach State 49ers,5.5,,-155,
2026-01-22 21:19:03,2026-01-23 02:19:03.256158+00:00,initial_state,NCAAB,pinnacle,"Cal State Fullerton Titans vs Long Beach State 49ers, 2026-01-22, 10",Cal State Fullerton Titans,Long Beach State 49ers,Total,,162.5,O,+116,
2026-01-22 21:19:03,2026-01-23 02:19:03.256158+00:00,initial_state,NCAAB,pinnacle,"Cal State Fullerton Titans vs Long Beach State 49ers, 2026-01-22, 10",Cal State Fullerton Titans,Long Beach State 49ers,Total,,162.5,U,-147,
2026-01-22 21:19:03,2026-01-23 02:19:03.256158+00:00,initial_state,NCAAB,pinnacle,"Cal State Fullerton Titans vs Long Beach State 49ers, 2026-01-22, 10",Cal State Fullerton Titans,Long Beach State 49ers,Total,,162.0,O,+111,
2026-01-22 21:19:03,2026-01-23 02:19:03.256158+00:00,initial_state,NCAAB,pinnacle,"Cal State Fullerton Titans vs Long Beach State 49ers, 2026-01-22, 10",Cal State Fullerton Titans,Long Beach State 49ers,Total,,162.0,U,-139,
2026-01-22 21:19:03,2026-01-23 02:19:03.256158+00:00,initial_state,NCAAB,pinnacle,"Cal State Fullerton Titans vs Long Beach State 49ers, 2026-01-22, 10",Cal State Fullerton Titans,Long Beach State 49ers,Total,,161.5,O,+104,
2026-01-22 21:19:03,2026-01-23 02:19:03.256158+00:00,initial_state,NCAAB,pinnacle,"Cal State Fullerton Titans vs Long Beach State 49ers, 2026-01-22, 10",Cal State Fullerton Titans,Long Beach State 49ers,Total,,161.5,U,-131,
2026-01-22 21:19:03,2026-01-23 02:19:03.256158+00:00,initial_state,NCAAB,pinnacle,"Cal State Fullerton Titans vs Long Beach State 49ers, 2026-01-22, 10",Cal State Fullerton Titans,Long Beach State 49ers,Total,,161.0,O,-101,
2026-01-22 21:19:03,2026-01-23 02:19:03.256158+00:00,initial_state,NCAAB,pinnacle,"Cal State Fullerton Titans vs Long Beach State 49ers, 2026-01-22, 10",Cal State Fullerton Titans,Long Beach State 49ers,Total,,161.0,U,-125,
2026-01-22 21:19:03,2026-01-23 02:19:03.256158+00:00,initial_state,NCAAB,pinnacle,"Cal State Fullerton Titans vs Long Beach State 49ers, 2026-01-22, 10",Cal State Fullerton Titans,Long Beach State 49ers,Total,,160.5,O,-104,
2026-01-22 21:19:03,2026-01-23 02:19:03.256158+00:00,initial_state,NCAAB,pinnacle,"Cal State Fullerton Titans vs Long Beach State 49ers, 2026-01-22, 10",Cal State Fullerton Titans,Long Beach State 49ers,Total,,160.5,U,-116,
2026-01-22 21:19:03,2026-01-23 02:19:03.256158+00:00,initial_state,NCAAB,pinnacle,"Cal State Fullerton Titans vs Long Beach State 49ers, 2026-01-22, 10",Cal State Fullerton Titans,Long Beach State 49ers,Total,,160.0,O,-113,
2026-01-22 21:19:03,2026-01-23 02:19:03.256158+00:00,initial_state,NCAAB,pinnacle,"Cal State Fullerton Titans vs Long Beach State 49ers, 2026-01-22, 10",Cal State Fullerton Titans,Long Beach State 49ers,Total,,160.0,U,-111,
2026-01-22 21:19:03,2026-01-23 02:19:03.256158+00:00,initial_state,NCAAB,pinnacle,"Cal State Fullerton Titans vs Long Beach State 49ers, 2026-01-22, 10",Cal State Fullerton Titans,Long Beach State 49ers,Total,,159.5,O,-120,
2026-01-22 21:19:03,2026-01-23 02:19:03.256158+00:00,initial_state,NCAAB,pinnacle,"Cal State Fullerton Titans vs Long Beach State 49ers, 2026-01-22, 10",Cal State Fullerton Titans,Long Beach State 49ers,Total,,159.5,U,-105,
2026-01-22 21:19:03,2026-01-23 02:19:03.256158+00:00,initial_state,NCAAB,pinnacle,"Cal State Fullerton Titans vs Long Beach State 49ers, 2026-01-22, 10",Cal State Fullerton Titans,Long Beach State 49ers,Total,,159.0,O,-127,
2026-01-22 21:19:03,2026-01-23 02:19:03.256158+00:00,initial_state,NCAAB,pinnacle,"Cal State Fullerton Titans vs Long Beach State 49ers, 2026-01-22, 10",Cal State Fullerton Titans,Long Beach State 49ers,Total,,159.0,U,+101,
2026-01-22 21:19:03,2026-01-23 02:19:03.256158+00:00,initial_state,NCAAB,pinnacle,"Cal State Fullerton Titans vs Long Beach State 49ers, 2026-01-22, 10",Cal State Fullerton Titans,Long Beach State 49ers,Total,,158.5,O,-133,
2026-01-22 21:19:03,2026-01-23 02:19:03.256158+00:00,initial_state,NCAAB,pinnacle,"Cal State Fullerton Titans vs Long Beach State 49ers, 2026-01-22, 10",Cal State Fullerton Titans,Long Beach State 49ers,Total,,158.5,U,+106,
2026-01-22 21:19:03,2026-01-23 02:19:03.256197+00:00,initial_state,NCAAB,pinnacle,"Hawaii Rainbow Warriors vs Cal State Bakersfield Roadrunners, 2026-01-22, 11",Hawaii Rainbow Warriors,Cal State Bakersfield Roadrunners,Spread,Hawaii Rainbow Warriors,-14.5,,-145,
2026-01-22 21:19:03,2026-01-23 02:19:03.256197+00:00,initial_state,NCAAB,pinnacle,"Hawaii Rainbow Warriors vs Cal State Bakersfield Roadrunners, 2026-01-22, 11",Hawaii Rainbow Warriors,Cal State Bakersfield Roadrunners,Spread,Cal State Bakersfield Roadrunners,14.5,,+119,
2026-01-22 21:19:03,2026-01-23 02:19:03.256197+00:00,initial_state,NCAAB,pinnacle,"Hawaii Rainbow Warriors vs Cal State Bakersfield Roadrunners, 2026-01-22, 11",Hawaii Rainbow Warriors,Cal State Bakersfield Roadrunners,Spread,Hawaii Rainbow Warriors,-15.0,,-135,
2026-01-22 21:19:03,2026-01-23 02:19:03.256197+00:00,initial_state,NCAAB,pinnacle,"Hawaii Rainbow Warriors vs Cal State Bakersfield Roadrunners, 2026-01-22, 11",Hawaii Rainbow Warriors,Cal State Bakersfield Roadrunners,Spread,Cal State Bakersfield Roadrunners,15.0,,+111,
2026-01-22 21:19:03,2026-01-23 02:19:03.256197+00:00,initial_state,NCAAB,pinnacle,"Hawaii Rainbow Warriors vs Cal State Bakersfield Roadrunners, 2026-01-22, 11",Hawaii Rainbow Warriors,Cal State Bakersfield Roadrunners,Spread,Hawaii Rainbow Warriors,-15.5,,-125,
2026-01-22 21:19:03,2026-01-23 02:19:03.256197+00:00,initial_state,NCAAB,pinnacle,"Hawaii Rainbow Warriors vs Cal State Bakersfield Roadrunners, 2026-01-22, 11",Hawaii Rainbow Warriors,Cal State Bakersfield Roadrunners,Spread,Cal State Bakersfield Roadrunners,15.5,,+103,
2026-01-22 21:19:03,2026-01-23 02:19:03.256197+00:00,initial_state,NCAAB,pinnacle,"Hawaii Rainbow Warriors vs Cal State Bakersfield Roadrunners, 2026-01-22, 11",Hawaii Rainbow Warriors,Cal State Bakersfield Roadrunners,Spread,Hawaii Rainbow Warriors,-16.0,,-116,
2026-01-22 21:19:03,2026-01-23 02:19:03.256197+00:00,initial_state,NCAAB,pinnacle,"Hawaii Rainbow Warriors vs Cal State Bakersfield Roadrunners, 2026-01-22, 11",Hawaii Rainbow Warriors,Cal State Bakersfield Roadrunners,Spread,Cal State Bakersfield Roadrunners,16.0,,-105,
2026-01-22 21:19:03,2026-01-23 02:19:03.256197+00:00,initial_state,NCAAB,pinnacle,"Hawaii Rainbow Warriors vs Cal State Bakersfield Roadrunners, 2026-01-22, 11",Hawaii Rainbow Warriors,Cal State Bakersfield Roadrunners,Spread,Hawaii Rainbow Warriors,-16.5,,-104,
2026-01-22 21:19:03,2026-01-23 02:19:03.256197+00:00,initial_state,NCAAB,pinnacle,"Hawaii Rainbow Warriors vs Cal State Bakersfield Roadrunners, 2026-01-22, 11",Hawaii Rainbow Warriors,Cal State Bakersfield Roadrunners,Spread,Cal State Bakersfield Roadrunners,16.5,,-112,
2026-01-22 21:19:03,2026-01-23 02:19:03.256197+00:00,initial_state,NCAAB,pinnacle,"Hawaii Rainbow Warriors vs Cal State Bakersfield Roadrunners, 2026-01-22, 11",Hawaii Rainbow Warriors,Cal State Bakersfield Roadrunners,Spread,Hawaii Rainbow Warriors,-17.0,,+103,
2026-01-22 21:19:03,2026-01-23 02:19:03.256197+00:00,initial_state,NCAAB,pinnacle,"Hawaii Rainbow Warriors vs Cal State Bakersfield Roadrunners, 2026-01-22, 11",Hawaii Rainbow Warriors,Cal State Bakersfield Roadrunners,Spread,Cal State Bakersfield Roadrunners,17.0,,-124,
2026-01-22 21:19:03,2026-01-23 02:19:03.256197+00:00,initial_state,NCAAB,pinnacle,"Hawaii Rainbow Warriors vs Cal State Bakersfield Roadrunners, 2026-01-22, 11",Hawaii Rainbow Warriors,Cal State Bakersfield Roadrunners,Spread,Hawaii Rainbow Warriors,-17.5,,+111,
2026-01-22 21:19:03,2026-01-23 02:19:03.256197+00:00,initial_state,NCAAB,pinnacle,"Hawaii Rainbow Warriors vs Cal State Bakersfield Roadrunners, 2026-01-22, 11",Hawaii Rainbow Warriors,Cal State Bakersfield Roadrunners,Spread,Cal State Bakersfield Roadrunners,17.5,,-135,
2026-01-22 21:19:03,2026-01-23 02:19:03.256197+00:00,initial_state,NCAAB,pinnacle,"Hawaii Rainbow Warriors vs Cal State Bakersfield Roadrunners, 2026-01-22, 11",Hawaii Rainbow Warriors,Cal State Bakersfield Roadrunners,Spread,Hawaii Rainbow Warriors,-18.0,,+119,
2026-01-22 21:19:03,2026-01-23 02:19:03.256197+00:00,initial_state,NCAAB,pinnacle,"Hawaii Rainbow Warriors vs Cal State Bakersfield Roadrunners, 2026-01-22, 11",Hawaii Rainbow Warriors,Cal State Bakersfield Roadrunners,Spread,Cal State Bakersfield Roadrunners,18.0,,-145,
2026-01-22 21:19:03,2026-01-23 02:19:03.256197+00:00,initial_state,NCAAB,pinnacle,"Hawaii Rainbow Warriors vs Cal State Bakersfield Roadrunners, 2026-01-22, 11",Hawaii Rainbow Warriors,Cal State Bakersfield Roadrunners,Spread,Hawaii Rainbow Warriors,-18.5,,+127,
2026-01-22 21:19:03,2026-01-23 02:19:03.256197+00:00,initial_state,NCAAB,pinnacle,"Hawaii Rainbow Warriors vs Cal State Bakersfield Roadrunners, 2026-01-22, 11",Hawaii Rainbow Warriors,Cal State Bakersfield Roadrunners,Spread,Cal State Bakersfield Roadrunners,18.5,,-156,
2026-01-22 21:19:03,2026-01-23 02:19:03.256197+00:00,initial_state,NCAAB,pinnacle,"Hawaii Rainbow Warriors vs Cal State Bakersfield Roadrunners, 2026-01-22, 11",Hawaii Rainbow Warriors,Cal State Bakersfield Roadrunners,Total,,146.0,O,+111,
2026-01-22 21:19:03,2026-01-23 02:19:03.256197+00:00,initial_state,NCAAB,pinnacle,"Hawaii Rainbow Warriors vs Cal State Bakersfield Roadrunners, 2026-01-22, 11",Hawaii Rainbow Warriors,Cal State Bakersfield Roadrunners,Total,,146.0,U,-140,
2026-01-22 21:19:03,2026-01-23 02:19:03.256197+00:00,initial_state,NCAAB,pinnacle,"Hawaii Rainbow Warriors vs Cal State Bakersfield Roadrunners, 2026-01-22, 11",Hawaii Rainbow Warriors,Cal State Bakersfield Roadrunners,Total,,145.5,O,+105,
2026-01-22 21:19:03,2026-01-23 02:19:03.256197+00:00,initial_state,NCAAB,pinnacle,"Hawaii Rainbow Warriors vs Cal State Bakersfield Roadrunners, 2026-01-22, 11",Hawaii Rainbow Warriors,Cal State Bakersfield Roadrunners,Total,,145.5,U,-132,
2026-01-22 21:19:03,2026-01-23 02:19:03.256197+00:00,initial_state,NCAAB,pinnacle,"Hawaii Rainbow Warriors vs Cal State Bakersfield Roadrunners, 2026-01-22, 11",Hawaii Rainbow Warriors,Cal State Bakersfield Roadrunners,Total,,145.0,O,-101,
2026-01-22 21:19:03,2026-01-23 02:19:03.256197+00:00,initial_state,NCAAB,pinnacle,"Hawaii Rainbow Warriors vs Cal State Bakersfield Roadrunners, 2026-01-22, 11",Hawaii Rainbow Warriors,Cal State Bakersfield Roadrunners,Total,,145.0,U,-125,
2026-01-22 21:19:03,2026-01-23 02:19:03.256197+00:00,initial_state,NCAAB,pinnacle,"Hawaii Rainbow Warriors vs Cal State Bakersfield Roadrunners, 2026-01-22, 11",Hawaii Rainbow Warriors,Cal State Bakersfield Roadrunners,Total,,144.5,O,-107,
2026-01-22 21:19:03,2026-01-23 02:19:03.256197+00:00,initial_state,NCAAB,pinnacle,"Hawaii Rainbow Warriors vs Cal State Bakersfield Roadrunners, 2026-01-22, 11",Hawaii Rainbow Warriors,Cal State Bakersfield Roadrunners,Total,,144.5,U,-117,
2026-01-22 21:19:03,2026-01-23 02:19:03.256197+00:00,initial_state,NCAAB,pinnacle,"Hawaii Rainbow Warriors vs Cal State Bakersfield Roadrunners, 2026-01-22, 11",Hawaii Rainbow Warriors,Cal State Bakersfield Roadrunners,Total,,144.0,O,-111,
2026-01-22 21:19:03,2026-01-23 02:19:03.256197+00:00,initial_state,NCAAB,pinnacle,"Hawaii Rainbow Warriors vs Cal State Bakersfield Roadrunners, 2026-01-22, 11",Hawaii Rainbow Warriors,Cal State Bakersfield Roadrunners,Total,,144.0,U,-109,
2026-01-22 21:19:03,2026-01-23 02:19:03.256197+00:00,initial_state,NCAAB,pinnacle,"Hawaii Rainbow Warriors vs Cal State Bakersfield Roadrunners, 2026-01-22, 11",Hawaii Rainbow Warriors,Cal State Bakersfield Roadrunners,Total,,143.5,O,-119,
2026-01-22 21:19:03,2026-01-23 02:19:03.256197+00:00,initial_state,NCAAB,pinnacle,"Hawaii Rainbow Warriors vs Cal State Bakersfield Roadrunners, 2026-01-22, 11",Hawaii Rainbow Warriors,Cal State Bakersfield Roadrunners,Total,,143.5,U,-105,
2026-01-22 21:19:03,2026-01-23 02:19:03.256197+00:00,initial_state,NCAAB,pinnacle,"Hawaii Rainbow Warriors vs Cal State Bakersfield Roadrunners, 2026-01-22, 11",Hawaii Rainbow Warriors,Cal State Bakersfield Roadrunners,Total,,143.0,O,-125,
2026-01-22 21:19:03,2026-01-23 02:19:03.256197+00:00,initial_state,NCAAB,pinnacle,"Hawaii Rainbow Warriors vs Cal State Bakersfield Roadrunners, 2026-01-22, 11",Hawaii Rainbow Warriors,Cal State Bakersfield Roadrunners,Total,,143.0,U,-100,
2026-01-22 21:19:03,2026-01-23 02:19:03.256197+00:00,initial_state,NCAAB,pinnacle,"Hawaii Rainbow Warriors vs Cal State Bakersfield Roadrunners, 2026-01-22, 11",Hawaii Rainbow Warriors,Cal State Bakersfield Roadrunners,Total,,142.5,O,-131,
2026-01-22 21:19:03,2026-01-23 02:19:03.256197+00:00,initial_state,NCAAB,pinnacle,"Hawaii Rainbow Warriors vs Cal State Bakersfield Roadrunners, 2026-01-22, 11",Hawaii Rainbow Warriors,Cal State Bakersfield Roadrunners,Total,,142.5,U,+104,
2026-01-22 21:19:03,2026-01-23 02:19:03.256197+00:00,initial_state,NCAAB,pinnacle,"Hawaii Rainbow Warriors vs Cal State Bakersfield Roadrunners, 2026-01-22, 11",Hawaii Rainbow Warriors,Cal State Bakersfield Roadrunners,Total,,142.0,O,-138,
2026-01-22 21:19:03,2026-01-23 02:19:03.256197+00:00,initial_state,NCAAB,pinnacle,"Hawaii Rainbow Warriors vs Cal State Bakersfield Roadrunners, 2026-01-22, 11",Hawaii Rainbow Warriors,Cal State Bakersfield Roadrunners,Total,,142.0,U,+109,
2026-01-22 21:19:03,2026-01-23 02:19:03.256219+00:00,initial_state,NCAAB,pinnacle,"North Texas Mean Green vs East Carolina Pirates, 2026-01-23, 01",North Texas Mean Green,East Carolina Pirates,Spread,North Texas Mean Green,-8.0,,-155,
2026-01-22 21:19:03,2026-01-23 02:19:03.256219+00:00,initial_state,NCAAB,pinnacle,"North Texas Mean Green vs East Carolina Pirates, 2026-01-23, 01",North Texas Mean Green,East Carolina Pirates,Spread,East Carolina Pirates,8.0,,+122,
2026-01-22 21:19:03,2026-01-23 02:19:03.256219+00:00,initial_state,NCAAB,pinnacle,"North Texas Mean Green vs East Carolina Pirates, 2026-01-23, 01",North Texas Mean Green,East Carolina Pirates,Spread,North Texas Mean Green,-8.5,,-145,
2026-01-22 21:19:03,2026-01-23 02:19:03.256219+00:00,initial_state,NCAAB,pinnacle,"North Texas Mean Green vs East Carolina Pirates, 2026-01-23, 01",North Texas Mean Green,East Carolina Pirates,Spread,East Carolina Pirates,8.5,,+114,
2026-01-22 21:19:03,2026-01-23 02:19:03.256219+00:00,initial_state,NCAAB,pinnacle,"North Texas Mean Green vs East Carolina Pirates, 2026-01-23, 01",North Texas Mean Green,East Carolina Pirates,Spread,North Texas Mean Green,-9.0,,-134,
2026-01-22 21:19:03,2026-01-23 02:19:03.256219+00:00,initial_state,NCAAB,pinnacle,"North Texas Mean Green vs East Carolina Pirates, 2026-01-23, 01",North Texas Mean Green,East Carolina Pirates,Spread,East Carolina Pirates,9.0,,+107,
2026-01-22 21:19:03,2026-01-23 02:19:03.256219+00:00,initial_state,NCAAB,pinnacle,"North Texas Mean Green vs East Carolina Pirates, 2026-01-23, 01",North Texas Mean Green,East Carolina Pirates,Spread,North Texas Mean Green,-9.5,,-124,
2026-01-22 21:19:03,2026-01-23 02:19:03.256219+00:00,initial_state,NCAAB,pinnacle,"North Texas Mean Green vs East Carolina Pirates, 2026-01-23, 01",North Texas Mean Green,East Carolina Pirates,Spread,East Carolina Pirates,9.5,,-101,
2026-01-22 21:19:03,2026-01-23 02:19:03.256219+00:00,initial_state,NCAAB,pinnacle,"North Texas Mean Green vs East Carolina Pirates, 2026-01-23, 01",North Texas Mean Green,East Carolina Pirates,Spread,North Texas Mean Green,-10.0,,-111,
2026-01-22 21:19:03,2026-01-23 02:19:03.256219+00:00,initial_state,NCAAB,pinnacle,"North Texas Mean Green vs East Carolina Pirates, 2026-01-23, 01",North Texas Mean Green,East Carolina Pirates,Spread,East Carolina Pirates,10.0,,-109,
2026-01-22 21:19:03,2026-01-23 02:19:03.256219+00:00,initial_state,NCAAB,pinnacle,"North Texas Mean Green vs East Carolina Pirates, 2026-01-23, 01",North Texas Mean Green,East Carolina Pirates,Spread,North Texas Mean Green,-10.5,,-104,
2026-01-22 21:19:03,2026-01-23 02:19:03.256219+00:00,initial_state,NCAAB,pinnacle,"North Texas Mean Green vs East Carolina Pirates, 2026-01-23, 01",North Texas Mean Green,East Carolina Pirates,Spread,East Carolina Pirates,10.5,,-120,
2026-01-22 21:19:03,2026-01-23 02:19:03.256219+00:00,initial_state,NCAAB,pinnacle,"North Texas Mean Green vs East Carolina Pirates, 2026-01-23, 01",North Texas Mean Green,East Carolina Pirates,Spread,North Texas Mean Green,-11.0,,+104,
2026-01-22 21:19:03,2026-01-23 02:19:03.256219+00:00,initial_state,NCAAB,pinnacle,"North Texas Mean Green vs East Carolina Pirates, 2026-01-23, 01",North Texas Mean Green,East Carolina Pirates,Spread,East Carolina Pirates,11.0,,-131,
2026-01-22 21:19:03,2026-01-23 02:19:03.256219+00:00,initial_state,NCAAB,pinnacle,"North Texas Mean Green vs East Carolina Pirates, 2026-01-23, 01",North Texas Mean Green,East Carolina Pirates,Spread,North Texas Mean Green,-11.5,,+111,
2026-01-22 21:19:03,2026-01-23 02:19:03.256219+00:00,initial_state,NCAAB,pinnacle,"North Texas Mean Green vs East Carolina Pirates, 2026-01-23, 01",North Texas Mean Green,East Carolina Pirates,Spread,East Carolina Pirates,11.5,,-141,
2026-01-22 21:19:03,2026-01-23 02:19:03.256219+00:00,initial_state,NCAAB,pinnacle,"North Texas Mean Green vs East Carolina Pirates, 2026-01-23, 01",North Texas Mean Green,East Carolina Pirates,Spread,North Texas Mean Green,-12.0,,+119,
2026-01-22 21:19:03,2026-01-23 02:19:03.256219+00:00,initial_state,NCAAB,pinnacle,"North Texas Mean Green vs East Carolina Pirates, 2026-01-23, 01",North Texas Mean Green,East Carolina Pirates,Spread,East Carolina Pirates,12.0,,-151,
2026-01-22 21:19:03,2026-01-23 02:19:03.256219+00:00,initial_state,NCAAB,pinnacle,"North Texas Mean Green vs East Carolina Pirates, 2026-01-23, 01",North Texas Mean Green,East Carolina Pirates,Total,,137.0,O,+108,
2026-01-22 21:19:03,2026-01-23 02:19:03.256219+00:00,initial_state,NCAAB,pinnacle,"North Texas Mean Green vs East Carolina Pirates, 2026-01-23, 01",North Texas Mean Green,East Carolina Pirates,Total,,137.0,U,-141,
2026-01-22 21:19:03,2026-01-23 02:19:03.256219+00:00,initial_state,NCAAB,pinnacle,"North Texas Mean Green vs East Carolina Pirates, 2026-01-23, 01",North Texas Mean Green,East Carolina Pirates,Total,,136.5,O,+103,
2026-01-22 21:19:03,2026-01-23 02:19:03.256219+00:00,initial_state,NCAAB,pinnacle,"North Texas Mean Green vs East Carolina Pirates, 2026-01-23, 01",North Texas Mean Green,East Carolina Pirates,Total,,136.5,U,-134,
2026-01-22 21:19:03,2026-01-23 02:19:03.256219+00:00,initial_state,NCAAB,pinnacle,"North Texas Mean Green vs East Carolina Pirates, 2026-01-23, 01",North Texas Mean Green,East Carolina Pirates,Total,,136.0,O,-103,
2026-01-22 21:19:03,2026-01-23 02:19:03.256219+00:00,initial_state,NCAAB,pinnacle,"North Texas Mean Green vs East Carolina Pirates, 2026-01-23, 01",North Texas Mean Green,East Carolina Pirates,Total,,136.0,U,-127,
2026-01-22 21:19:03,2026-01-23 02:19:03.256219+00:00,initial_state,NCAAB,pinnacle,"North Texas Mean Green vs East Carolina Pirates, 2026-01-23, 01",North Texas Mean Green,East Carolina Pirates,Total,,135.5,O,-108,
2026-01-22 21:19:03,2026-01-23 02:19:03.256219+00:00,initial_state,NCAAB,pinnacle,"North Texas Mean Green vs East Carolina Pirates, 2026-01-23, 01",North Texas Mean Green,East Carolina Pirates,Total,,135.5,U,-120,
2026-01-22 21:19:03,2026-01-23 02:19:03.256219+00:00,initial_state,NCAAB,pinnacle,"North Texas Mean Green vs East Carolina Pirates, 2026-01-23, 01",North Texas Mean Green,East Carolina Pirates,Total,,135.0,O,-113,
2026-01-22 21:19:03,2026-01-23 02:19:03.256219+00:00,initial_state,NCAAB,pinnacle,"North Texas Mean Green vs East Carolina Pirates, 2026-01-23, 01",North Texas Mean Green,East Carolina Pirates,Total,,135.0,U,-111,
2026-01-22 21:19:03,2026-01-23 02:19:03.256219+00:00,initial_state,NCAAB,pinnacle,"North Texas Mean Green vs East Carolina Pirates, 2026-01-23, 01",North Texas Mean Green,East Carolina Pirates,Total,,134.5,O,-122,
2026-01-22 21:19:03,2026-01-23 02:19:03.256219+00:00,initial_state,NCAAB,pinnacle,"North Texas Mean Green vs East Carolina Pirates, 2026-01-23, 01",North Texas Mean Green,East Carolina Pirates,Total,,134.5,U,-107,
2026-01-22 21:19:03,2026-01-23 02:19:03.256219+00:00,initial_state,NCAAB,pinnacle,"North Texas Mean Green vs East Carolina Pirates, 2026-01-23, 01",North Texas Mean Green,East Carolina Pirates,Total,,134.0,O,-129,
2026-01-22 21:19:03,2026-01-23 02:19:03.256219+00:00,initial_state,NCAAB,pinnacle,"North Texas Mean Green vs East Carolina Pirates, 2026-01-23, 01",North Texas Mean Green,East Carolina Pirates,Total,,134.0,U,-101,
2026-01-22 21:19:03,2026-01-23 02:19:03.256219+00:00,initial_state,NCAAB,pinnacle,"North Texas Mean Green vs East Carolina Pirates, 2026-01-23, 01",North Texas Mean Green,East Carolina Pirates,Total,,133.5,O,-136,
2026-01-22 21:19:03,2026-01-23 02:19:03.256219+00:00,initial_state,NCAAB,pinnacle,"North Texas Mean Green vs East Carolina Pirates, 2026-01-23, 01",North Texas Mean Green,East Carolina Pirates,Total,,133.5,U,+104,
2026-01-22 21:19:03,2026-01-23 02:19:03.256219+00:00,initial_state,NCAAB,pinnacle,"North Texas Mean Green vs East Carolina Pirates, 2026-01-23, 01",North Texas Mean Green,East Carolina Pirates,Total,,133.0,O,-143,
2026-01-22 21:19:03,2026-01-23 02:19:03.256219+00:00,initial_state,NCAAB,pinnacle,"North Texas Mean Green vs East Carolina Pirates, 2026-01-23, 01",North Texas Mean Green,East Carolina Pirates,Total,,133.0,U,+109,
2026-01-22 21:19:03,2026-01-23 02:19:03.256249+00:00,initial_state,NCAAB,pinnacle,"North Carolina Spartans vs Furman Paladins, 2026-01-23, 03",North Carolina Spartans,Furman Paladins,Spread,North Carolina Spartans,7.0,,-156,
2026-01-22 21:19:03,2026-01-23 02:19:03.256249+00:00,initial_state,NCAAB,pinnacle,"North Carolina Spartans vs Furman Paladins, 2026-01-23, 03",North Carolina Spartans,Furman Paladins,Spread,Furman Paladins,-7.0,,+123,
2026-01-22 21:19:03,2026-01-23 02:19:03.256249+00:00,initial_state,NCAAB,pinnacle,"North Carolina Spartans vs Furman Paladins, 2026-01-23, 03",North Carolina Spartans,Furman Paladins,Spread,North Carolina Spartans,6.5,,-146,
2026-01-22 21:19:03,2026-01-23 02:19:03.256249+00:00,initial_state,NCAAB,pinnacle,"North Carolina Spartans vs Furman Paladins, 2026-01-23, 03",North Carolina Spartans,Furman Paladins,Spread,Furman Paladins,-6.5,,+115,
2026-01-22 21:19:03,2026-01-23 02:19:03.256249+00:00,initial_state,NCAAB,pinnacle,"North Carolina Spartans vs Furman Paladins, 2026-01-23, 03",North Carolina Spartans,Furman Paladins,Spread,North Carolina Spartans,6.0,,-135,
2026-01-22 21:19:03,2026-01-23 02:19:03.256249+00:00,initial_state,NCAAB,pinnacle,"North Carolina Spartans vs Furman Paladins, 2026-01-23, 03",North Carolina Spartans,Furman Paladins,Spread,Furman Paladins,-6.0,,+107,
2026-01-22 21:19:03,2026-01-23 02:19:03.256249+00:00,initial_state,NCAAB,pinnacle,"North Carolina Spartans vs Furman Paladins, 2026-01-23, 03",North Carolina Spartans,Furman Paladins,Spread,North Carolina Spartans,5.5,,-125,
2026-01-22 21:19:03,2026-01-23 02:19:03.256249+00:00,initial_state,NCAAB,pinnacle,"North Carolina Spartans vs Furman Paladins, 2026-01-23, 03",North Carolina Spartans,Furman Paladins,Spread,Furman Paladins,-5.5,,-101,
2026-01-22 21:19:03,2026-01-23 02:19:03.256249+00:00,initial_state,NCAAB,pinnacle,"North Carolina Spartans vs Furman Paladins, 2026-01-23, 03",North Carolina Spartans,Furman Paladins,Spread,North Carolina Spartans,5.0,,-112,
2026-01-22 21:19:03,2026-01-23 02:19:03.256249+00:00,initial_state,NCAAB,pinnacle,"North Carolina Spartans vs Furman Paladins, 2026-01-23, 03",North Carolina Spartans,Furman Paladins,Spread,Furman Paladins,-5.0,,-108,
2026-01-22 21:19:03,2026-01-23 02:19:03.256249+00:00,initial_state,NCAAB,pinnacle,"North Carolina Spartans vs Furman Paladins, 2026-01-23, 03",North Carolina Spartans,Furman Paladins,Spread,North Carolina Spartans,4.5,,-105,
2026-01-22 21:19:03,2026-01-23 02:19:03.256249+00:00,initial_state,NCAAB,pinnacle,"North Carolina Spartans vs Furman Paladins, 2026-01-23, 03",North Carolina Spartans,Furman Paladins,Spread,Furman Paladins,-4.5,,-120,
2026-01-22 21:19:03,2026-01-23 02:19:03.256249+00:00,initial_state,NCAAB,pinnacle,"North Carolina Spartans vs Furman Paladins, 2026-01-23, 03",North Carolina Spartans,Furman Paladins,Spread,North Carolina Spartans,4.0,,+103,
2026-01-22 21:19:03,2026-01-23 02:19:03.256249+00:00,initial_state,NCAAB,pinnacle,"North Carolina Spartans vs Furman Paladins, 2026-01-23, 03",North Carolina Spartans,Furman Paladins,Spread,Furman Paladins,-4.0,,-130,
2026-01-22 21:19:03,2026-01-23 02:19:03.256249+00:00,initial_state,NCAAB,pinnacle,"North Carolina Spartans vs Furman Paladins, 2026-01-23, 03",North Carolina Spartans,Furman Paladins,Spread,North Carolina Spartans,3.5,,+111,
2026-01-22 21:19:03,2026-01-23 02:19:03.256249+00:00,initial_state,NCAAB,pinnacle,"North Carolina Spartans vs Furman Paladins, 2026-01-23, 03",North Carolina Spartans,Furman Paladins,Spread,Furman Paladins,-3.5,,-140,
2026-01-22 21:19:03,2026-01-23 02:19:03.256249+00:00,initial_state,NCAAB,pinnacle,"North Carolina Spartans vs Furman Paladins, 2026-01-23, 03",North Carolina Spartans,Furman Paladins,Spread,North Carolina Spartans,3.0,,+118,
2026-01-22 21:19:03,2026-01-23 02:19:03.256249+00:00,initial_state,NCAAB,pinnacle,"North Carolina Spartans vs Furman Paladins, 2026-01-23, 03",North Carolina Spartans,Furman Paladins,Spread,Furman Paladins,-3.0,,-150,
2026-01-22 21:19:03,2026-01-23 02:19:03.256249+00:00,initial_state,NCAAB,pinnacle,"North Carolina Spartans vs Furman Paladins, 2026-01-23, 03",North Carolina Spartans,Furman Paladins,Total,,152.5,O,+110,
2026-01-22 21:19:03,2026-01-23 02:19:03.256249+00:00,initial_state,NCAAB,pinnacle,"North Carolina Spartans vs Furman Paladins, 2026-01-23, 03",North Carolina Spartans,Furman Paladins,Total,,152.5,U,-144,
2026-01-22 21:19:03,2026-01-23 02:19:03.256249+00:00,initial_state,NCAAB,pinnacle,"North Carolina Spartans vs Furman Paladins, 2026-01-23, 03",North Carolina Spartans,Furman Paladins,Total,,152.0,O,+105,
2026-01-22 21:19:03,2026-01-23 02:19:03.256249+00:00,initial_state,NCAAB,pinnacle,"North Carolina Spartans vs Furman Paladins, 2026-01-23, 03",North Carolina Spartans,Furman Paladins,Total,,152.0,U,-137,
2026-01-22 21:19:03,2026-01-23 02:19:03.256249+00:00,initial_state,NCAAB,pinnacle,"North Carolina Spartans vs Furman Paladins, 2026-01-23, 03",North Carolina Spartans,Furman Paladins,Total,,151.5,O,-100,
2026-01-22 21:19:03,2026-01-23 02:19:03.256249+00:00,initial_state,NCAAB,pinnacle,"North Carolina Spartans vs Furman Paladins, 2026-01-23, 03",North Carolina Spartans,Furman Paladins,Total,,151.5,U,-130,
2026-01-22 21:19:03,2026-01-23 02:19:03.256249+00:00,initial_state,NCAAB,pinnacle,"North Carolina Spartans vs Furman Paladins, 2026-01-23, 03",North Carolina Spartans,Furman Paladins,Total,,151.0,O,-106,
2026-01-22 21:19:03,2026-01-23 02:19:03.256249+00:00,initial_state,NCAAB,pinnacle,"North Carolina Spartans vs Furman Paladins, 2026-01-23, 03",North Carolina Spartans,Furman Paladins,Total,,151.0,U,-123,
2026-01-22 21:19:03,2026-01-23 02:19:03.256249+00:00,initial_state,NCAAB,pinnacle,"North Carolina Spartans vs Furman Paladins, 2026-01-23, 03",North Carolina Spartans,Furman Paladins,Total,,150.5,O,-110,
2026-01-22 21:19:03,2026-01-23 02:19:03.256249+00:00,initial_state,NCAAB,pinnacle,"North Carolina Spartans vs Furman Paladins, 2026-01-23, 03",North Carolina Spartans,Furman Paladins,Total,,150.5,U,-114,
2026-01-22 21:19:03,2026-01-23 02:19:03.256249+00:00,initial_state,NCAAB,pinnacle,"North Carolina Spartans vs Furman Paladins, 2026-01-23, 03",North Carolina Spartans,Furman Paladins,Total,,150.0,O,-119,
2026-01-22 21:19:03,2026-01-23 02:19:03.256249+00:00,initial_state,NCAAB,pinnacle,"North Carolina Spartans vs Furman Paladins, 2026-01-23, 03",North Carolina Spartans,Furman Paladins,Total,,150.0,U,-110,
2026-01-22 21:19:03,2026-01-23 02:19:03.256249+00:00,initial_state,NCAAB,pinnacle,"North Carolina Spartans vs Furman Paladins, 2026-01-23, 03",North Carolina Spartans,Furman Paladins,Total,,149.5,O,-126,
2026-01-22 21:19:03,2026-01-23 02:19:03.256249+00:00,initial_state,NCAAB,pinnacle,"North Carolina Spartans vs Furman Paladins, 2026-01-23, 03",North Carolina Spartans,Furman Paladins,Total,,149.5,U,-104,
2026-01-22 21:19:03,2026-01-23 02:19:03.256249+00:00,initial_state,NCAAB,pinnacle,"North Carolina Spartans vs Furman Paladins, 2026-01-23, 03",North Carolina Spartans,Furman Paladins,Total,,149.0,O,-133,
2026-01-22 21:19:03,2026-01-23 02:19:03.256249+00:00,initial_state,NCAAB,pinnacle,"North Carolina Spartans vs Furman Paladins, 2026-01-23, 03",North Carolina Spartans,Furman Paladins,Total,,149.0,U,+102,
2026-01-22 21:19:03,2026-01-23 02:19:03.256249+00:00,initial_state,NCAAB,pinnacle,"North Carolina Spartans vs Furman Paladins, 2026-01-23, 03",North Carolina Spartans,Furman Paladins,Total,,148.5,O,-140,
2026-01-22 21:19:03,2026-01-23 02:19:03.256249+00:00,initial_state,NCAAB,pinnacle,"North Carolina Spartans vs Furman Paladins, 2026-01-23, 03",North Carolina Spartans,Furman Paladins,Total,,148.5,U,+107,
2026-01-22 21:19:03,2026-01-23 02:19:03.256279+00:00,initial_state,NCAAB,pinnacle,"St. Bonaventure Bonnies vs Saint Louis Billikens, 2026-01-23, 05",St. Bonaventure Bonnies,Saint Louis Billikens,Spread,St. Bonaventure Bonnies,10.0,,-155,
2026-01-22 21:19:03,2026-01-23 02:19:03.256279+00:00,initial_state,NCAAB,pinnacle,"St. Bonaventure Bonnies vs Saint Louis Billikens, 2026-01-23, 05",St. Bonaventure Bonnies,Saint Louis Billikens,Spread,Saint Louis Billikens,-10.0,,+122,
2026-01-22 21:19:03,2026-01-23 02:19:03.256279+00:00,initial_state,NCAAB,pinnacle,"St. Bonaventure Bonnies vs Saint Louis Billikens, 2026-01-23, 05",St. Bonaventure Bonnies,Saint Louis Billikens,Spread,St. Bonaventure Bonnies,9.5,,-145,
2026-01-22 21:19:03,2026-01-23 02:19:03.256279+00:00,initial_state,NCAAB,pinnacle,"St. Bonaventure Bonnies vs Saint Louis Billikens, 2026-01-23, 05",St. Bonaventure Bonnies,Saint Louis Billikens,Spread,Saint Louis Billikens,-9.5,,+114,
2026-01-22 21:19:03,2026-01-23 02:19:03.256279+00:00,initial_state,NCAAB,pinnacle,"St. Bonaventure Bonnies vs Saint Louis Billikens, 2026-01-23, 05",St. Bonaventure Bonnies,Saint Louis Billikens,Spread,St. Bonaventure Bonnies,9.0,,-134,
2026-01-22 21:19:03,2026-01-23 02:19:03.256279+00:00,initial_state,NCAAB,pinnacle,"St. Bonaventure Bonnies vs Saint Louis Billikens, 2026-01-23, 05",St. Bonaventure Bonnies,Saint Louis Billikens,Spread,Saint Louis Billikens,-9.0,,+107,
2026-01-22 21:19:03,2026-01-23 02:19:03.256279+00:00,initial_state,NCAAB,pinnacle,"St. Bonaventure Bonnies vs Saint Louis Billikens, 2026-01-23, 05",St. Bonaventure Bonnies,Saint Louis Billikens,Spread,St. Bonaventure Bonnies,8.5,,-124,
2026-01-22 21:19:03,2026-01-23 02:19:03.256279+00:00,initial_state,NCAAB,pinnacle,"St. Bonaventure Bonnies vs Saint Louis Billikens, 2026-01-23, 05",St. Bonaventure Bonnies,Saint Louis Billikens,Spread,Saint Louis Billikens,-8.5,,-101,
2026-01-22 21:19:03,2026-01-23 02:19:03.256279+00:00,initial_state,NCAAB,pinnacle,"St. Bonaventure Bonnies vs Saint Louis Billikens, 2026-01-23, 05",St. Bonaventure Bonnies,Saint Louis Billikens,Spread,St. Bonaventure Bonnies,8.0,,-111,
2026-01-22 21:19:03,2026-01-23 02:19:03.256279+00:00,initial_state,NCAAB,pinnacle,"St. Bonaventure Bonnies vs Saint Louis Billikens, 2026-01-23, 05",St. Bonaventure Bonnies,Saint Louis Billikens,Spread,Saint Louis Billikens,-8.0,,-109,
2026-01-22 21:19:03,2026-01-23 02:19:03.256279+00:00,initial_state,NCAAB,pinnacle,"St. Bonaventure Bonnies vs Saint Louis Billikens, 2026-01-23, 05",St. Bonaventure Bonnies,Saint Louis Billikens,Spread,St. Bonaventure Bonnies,7.5,,-104,
2026-01-22 21:19:03,2026-01-23 02:19:03.256279+00:00,initial_state,NCAAB,pinnacle,"St. Bonaventure Bonnies vs Saint Louis Billikens, 2026-01-23, 05",St. Bonaventure Bonnies,Saint Louis Billikens,Spread,Saint Louis Billikens,-7.5,,-121,
2026-01-22 21:19:03,2026-01-23 02:19:03.256279+00:00,initial_state,NCAAB,pinnacle,"St. Bonaventure Bonnies vs Saint Louis Billikens, 2026-01-23, 05",St. Bonaventure Bonnies,Saint Louis Billikens,Spread,St. Bonaventure Bonnies,7.0,,+104,
2026-01-22 21:19:03,2026-01-23 02:19:03.256279+00:00,initial_state,NCAAB,pinnacle,"St. Bonaventure Bonnies vs Saint Louis Billikens, 2026-01-23, 05",St. Bonaventure Bonnies,Saint Louis Billikens,Spread,Saint Louis Billikens,-7.0,,-131,
2026-01-22 21:19:03,2026-01-23 02:19:03.256279+00:00,initial_state,NCAAB,pinnacle,"St. Bonaventure Bonnies vs Saint Louis Billikens, 2026-01-23, 05",St. Bonaventure Bonnies,Saint Louis Billikens,Spread,St. Bonaventure Bonnies,6.5,,+111,
2026-01-22 21:19:03,2026-01-23 02:19:03.256279+00:00,initial_state,NCAAB,pinnacle,"St. Bonaventure Bonnies vs Saint Louis Billikens, 2026-01-23, 05",St. Bonaventure Bonnies,Saint Louis Billikens,Spread,Saint Louis Billikens,-6.5,,-141,
2026-01-22 21:19:03,2026-01-23 02:19:03.256279+00:00,initial_state,NCAAB,pinnacle,"St. Bonaventure Bonnies vs Saint Louis Billikens, 2026-01-23, 05",St. Bonaventure Bonnies,Saint Louis Billikens,Total,,160.5,O,+109,
2026-01-22 21:19:03,2026-01-23 02:19:03.256279+00:00,initial_state,NCAAB,pinnacle,"St. Bonaventure Bonnies vs Saint Louis Billikens, 2026-01-23, 05",St. Bonaventure Bonnies,Saint Louis Billikens,Total,,160.5,U,-142,
2026-01-22 21:19:03,2026-01-23 02:19:03.256279+00:00,initial_state,NCAAB,pinnacle,"St. Bonaventure Bonnies vs Saint Louis Billikens, 2026-01-23, 05",St. Bonaventure Bonnies,Saint Louis Billikens,Total,,160.0,O,+104,
2026-01-22 21:19:03,2026-01-23 02:19:03.256279+00:00,initial_state,NCAAB,pinnacle,"St. Bonaventure Bonnies vs Saint Louis Billikens, 2026-01-23, 05",St. Bonaventure Bonnies,Saint Louis Billikens,Total,,160.0,U,-136,
2026-01-22 21:19:03,2026-01-23 02:19:03.256279+00:00,initial_state,NCAAB,pinnacle,"St. Bonaventure Bonnies vs Saint Louis Billikens, 2026-01-23, 05",St. Bonaventure Bonnies,Saint Louis Billikens,Total,,159.5,O,-101,
2026-01-22 21:19:03,2026-01-23 02:19:03.256279+00:00,initial_state,NCAAB,pinnacle,"St. Bonaventure Bonnies vs Saint Louis Billikens, 2026-01-23, 05",St. Bonaventure Bonnies,Saint Louis Billikens,Total,,159.5,U,-128,
2026-01-22 21:19:03,2026-01-23 02:19:03.256279+00:00,initial_state,NCAAB,pinnacle,"St. Bonaventure Bonnies vs Saint Louis Billikens, 2026-01-23, 05",St. Bonaventure Bonnies,Saint Louis Billikens,Total,,159.0,O,-107,
2026-01-22 21:19:03,2026-01-23 02:19:03.256279+00:00,initial_state,NCAAB,pinnacle,"St. Bonaventure Bonnies vs Saint Louis Billikens, 2026-01-23, 05",St. Bonaventure Bonnies,Saint Louis Billikens,Total,,159.0,U,-121,
2026-01-22 21:19:03,2026-01-23 02:19:03.256279+00:00,initial_state,NCAAB,pinnacle,"St. Bonaventure Bonnies vs Saint Louis Billikens, 2026-01-23, 05",St. Bonaventure Bonnies,Saint Louis Billikens,Total,,158.5,O,-111,
2026-01-22 21:19:03,2026-01-23 02:19:03.256279+00:00,initial_state,NCAAB,pinnacle,"St. Bonaventure Bonnies vs Saint Louis Billikens, 2026-01-23, 05",St. Bonaventure Bonnies,Saint Louis Billikens,Total,,158.5,U,-113,
2026-01-22 21:19:03,2026-01-23 02:19:03.256279+00:00,initial_state,NCAAB,pinnacle,"St. Bonaventure Bonnies vs Saint Louis Billikens, 2026-01-23, 05",St. Bonaventure Bonnies,Saint Louis Billikens,Total,,158.0,O,-120,
2026-01-22 21:19:03,2026-01-23 02:19:03.256279+00:00,initial_state,NCAAB,pinnacle,"St. Bonaventure Bonnies vs Saint Louis Billikens, 2026-01-23, 05",St. Bonaventure Bonnies,Saint Louis Billikens,Total,,158.0,U,-108,
2026-01-22 21:19:03,2026-01-23 02:19:03.256279+00:00,initial_state,NCAAB,pinnacle,"St. Bonaventure Bonnies vs Saint Louis Billikens, 2026-01-23, 05",St. Bonaventure Bonnies,Saint Louis Billikens,Total,,157.5,O,-127,
2026-01-22 21:19:03,2026-01-23 02:19:03.256279+00:00,initial_state,NCAAB,pinnacle,"St. Bonaventure Bonnies vs Saint Louis Billikens, 2026-01-23, 05",St. Bonaventure Bonnies,Saint Louis Billikens,Total,,157.5,U,-102,
2026-01-22 21:19:03,2026-01-23 02:19:03.256279+00:00,initial_state,NCAAB,pinnacle,"St. Bonaventure Bonnies vs Saint Louis Billikens, 2026-01-23, 05",St. Bonaventure Bonnies,Saint Louis Billikens,Total,,157.0,O,-134,
2026-01-22 21:19:03,2026-01-23 02:19:03.256279+00:00,initial_state,NCAAB,pinnacle,"St. Bonaventure Bonnies vs Saint Louis Billikens, 2026-01-23, 05",St. Bonaventure Bonnies,Saint Louis Billikens,Total,,157.0,U,+103,
2026-01-22 21:19:03,2026-01-23 02:19:03.256279+00:00,initial_state,NCAAB,pinnacle,"St. Bonaventure Bonnies vs Saint Louis Billikens, 2026-01-23, 05",St. Bonaventure Bonnies,Saint Louis Billikens,Total,,156.5,O,-141,
2026-01-22 21:19:03,2026-01-23 02:19:03.256279+00:00,initial_state,NCAAB,pinnacle,"St. Bonaventure Bonnies vs Saint Louis Billikens, 2026-01-23, 05",St. Bonaventure Bonnies,Saint Louis Billikens,Total,,156.5,U,+108,
2026-01-22 21:19:03,2026-01-23 02:19:03.256279+00:00,initial_state,NCAAB,pinnacle,"St. Bonaventure Bonnies vs Saint Louis Billikens, 2026-01-23, 05",St. Bonaventure Bonnies,Saint Louis Billikens,Spread,St. Bonaventure Bonnies,6.0,,+119,
2026-01-22 21:19:03,2026-01-23 02:19:03.256279+00:00,initial_state,NCAAB,pinnacle,"St. Bonaventure Bonnies vs Saint Louis Billikens, 2026-01-23, 05",St. Bonaventure Bonnies,Saint Louis Billikens,Spread,Saint Louis Billikens,-6.0,,-151,
2026-01-22 21:19:03,2026-01-23 02:19:03.256312+00:00,initial_state,NCAAB,pinnacle,"Rutgers Scarlet Knights vs Indiana Hoosiers, 2026-01-23, 06",Rutgers Scarlet Knights,Indiana Hoosiers,Spread,Rutgers Scarlet Knights,9.5,,-163,
2026-01-22 21:19:03,2026-01-23 02:19:03.256312+00:00,initial_state,NCAAB,pinnacle,"Rutgers Scarlet Knights vs Indiana Hoosiers, 2026-01-23, 06",Rutgers Scarlet Knights,Indiana Hoosiers,Spread,Indiana Hoosiers,-9.5,,+128,
2026-01-22 21:19:03,2026-01-23 02:19:03.256312+00:00,initial_state,NCAAB,pinnacle,"Rutgers Scarlet Knights vs Indiana Hoosiers, 2026-01-23, 06",Rutgers Scarlet Knights,Indiana Hoosiers,Spread,Rutgers Scarlet Knights,9.0,,-151,
2026-01-22 21:19:03,2026-01-23 02:19:03.256312+00:00,initial_state,NCAAB,pinnacle,"Rutgers Scarlet Knights vs Indiana Hoosiers, 2026-01-23, 06",Rutgers Scarlet Knights,Indiana Hoosiers,Spread,Indiana Hoosiers,-9.0,,+119,
2026-01-22 21:19:03,2026-01-23 02:19:03.256312+00:00,initial_state,NCAAB,pinnacle,"Rutgers Scarlet Knights vs Indiana Hoosiers, 2026-01-23, 06",Rutgers Scarlet Knights,Indiana Hoosiers,Spread,Rutgers Scarlet Knights,8.5,,-140,
2026-01-22 21:19:03,2026-01-23 02:19:03.256312+00:00,initial_state,NCAAB,pinnacle,"Rutgers Scarlet Knights vs Indiana Hoosiers, 2026-01-23, 06",Rutgers Scarlet Knights,Indiana Hoosiers,Spread,Indiana Hoosiers,-8.5,,+111,
2026-01-22 21:19:03,2026-01-23 02:19:03.256312+00:00,initial_state,NCAAB,pinnacle,"Rutgers Scarlet Knights vs Indiana Hoosiers, 2026-01-23, 06",Rutgers Scarlet Knights,Indiana Hoosiers,Spread,Rutgers Scarlet Knights,8.0,,-129,
2026-01-22 21:19:03,2026-01-23 02:19:03.256312+00:00,initial_state,NCAAB,pinnacle,"Rutgers Scarlet Knights vs Indiana Hoosiers, 2026-01-23, 06",Rutgers Scarlet Knights,Indiana Hoosiers,Spread,Indiana Hoosiers,-8.0,,+103,
2026-01-22 21:19:03,2026-01-23 02:19:03.256312+00:00,initial_state,NCAAB,pinnacle,"Rutgers Scarlet Knights vs Indiana Hoosiers, 2026-01-23, 06",Rutgers Scarlet Knights,Indiana Hoosiers,Spread,Rutgers Scarlet Knights,7.5,,-117,
2026-01-22 21:19:03,2026-01-23 02:19:03.256312+00:00,initial_state,NCAAB,pinnacle,"Rutgers Scarlet Knights vs Indiana Hoosiers, 2026-01-23, 06",Rutgers Scarlet Knights,Indiana Hoosiers,Spread,Indiana Hoosiers,-7.5,,-104,
2026-01-22 21:19:03,2026-01-23 02:19:03.256312+00:00,initial_state,NCAAB,pinnacle,"Rutgers Scarlet Knights vs Indiana Hoosiers, 2026-01-23, 06",Rutgers Scarlet Knights,Indiana Hoosiers,Spread,Rutgers Scarlet Knights,7.0,,-109,
2026-01-22 21:19:03,2026-01-23 02:19:03.256312+00:00,initial_state,NCAAB,pinnacle,"Rutgers Scarlet Knights vs Indiana Hoosiers, 2026-01-23, 06",Rutgers Scarlet Knights,Indiana Hoosiers,Spread,Indiana Hoosiers,-7.0,,-115,
2026-01-22 21:19:03,2026-01-23 02:19:03.256312+00:00,initial_state,NCAAB,pinnacle,"Rutgers Scarlet Knights vs Indiana Hoosiers, 2026-01-23, 06",Rutgers Scarlet Knights,Indiana Hoosiers,Spread,Rutgers Scarlet Knights,6.5,,-101,
2026-01-22 21:19:03,2026-01-23 02:19:03.256312+00:00,initial_state,NCAAB,pinnacle,"Rutgers Scarlet Knights vs Indiana Hoosiers, 2026-01-23, 06",Rutgers Scarlet Knights,Indiana Hoosiers,Spread,Indiana Hoosiers,-6.5,,-125,
2026-01-22 21:19:03,2026-01-23 02:19:03.256312+00:00,initial_state,NCAAB,pinnacle,"Rutgers Scarlet Knights vs Indiana Hoosiers, 2026-01-23, 06",Rutgers Scarlet Knights,Indiana Hoosiers,Spread,Rutgers Scarlet Knights,6.0,,+107,
2026-01-22 21:19:03,2026-01-23 02:19:03.256312+00:00,initial_state,NCAAB,pinnacle,"Rutgers Scarlet Knights vs Indiana Hoosiers, 2026-01-23, 06",Rutgers Scarlet Knights,Indiana Hoosiers,Spread,Indiana Hoosiers,-6.0,,-134,
2026-01-22 21:19:03,2026-01-23 02:19:03.256312+00:00,initial_state,NCAAB,pinnacle,"Rutgers Scarlet Knights vs Indiana Hoosiers, 2026-01-23, 06",Rutgers Scarlet Knights,Indiana Hoosiers,Spread,Rutgers Scarlet Knights,5.5,,+114,
2026-01-22 21:19:03,2026-01-23 02:19:03.256312+00:00,initial_state,NCAAB,pinnacle,"Rutgers Scarlet Knights vs Indiana Hoosiers, 2026-01-23, 06",Rutgers Scarlet Knights,Indiana Hoosiers,Spread,Indiana Hoosiers,-5.5,,-144,
2026-01-22 21:19:03,2026-01-23 02:19:03.256312+00:00,initial_state,NCAAB,pinnacle,"Rutgers Scarlet Knights vs Indiana Hoosiers, 2026-01-23, 06",Rutgers Scarlet Knights,Indiana Hoosiers,Total,,149.0,O,-105,
2026-01-22 21:19:03,2026-01-23 02:19:03.256312+00:00,initial_state,NCAAB,pinnacle,"Rutgers Scarlet Knights vs Indiana Hoosiers, 2026-01-23, 06",Rutgers Scarlet Knights,Indiana Hoosiers,Total,,149.0,U,-123,
2026-01-22 21:19:03,2026-01-23 02:19:03.256312+00:00,initial_state,NCAAB,pinnacle,"Rutgers Scarlet Knights vs Indiana Hoosiers, 2026-01-23, 06",Rutgers Scarlet Knights,Indiana Hoosiers,Total,,148.5,O,-109,
2026-01-22 21:19:03,2026-01-23 02:19:03.256312+00:00,initial_state,NCAAB,pinnacle,"Rutgers Scarlet Knights vs Indiana Hoosiers, 2026-01-23, 06",Rutgers Scarlet Knights,Indiana Hoosiers,Total,,148.5,U,-115,
2026-01-22 21:19:03,2026-01-23 02:19:03.256312+00:00,initial_state,NCAAB,pinnacle,"Rutgers Scarlet Knights vs Indiana Hoosiers, 2026-01-23, 06",Rutgers Scarlet Knights,Indiana Hoosiers,Total,,148.0,O,-118,
2026-01-22 21:19:03,2026-01-23 02:19:03.256312+00:00,initial_state,NCAAB,pinnacle,"Rutgers Scarlet Knights vs Indiana Hoosiers, 2026-01-23, 06",Rutgers Scarlet Knights,Indiana Hoosiers,Total,,148.0,U,-110,
2026-01-22 21:19:03,2026-01-23 02:19:03.256312+00:00,initial_state,NCAAB,pinnacle,"Rutgers Scarlet Knights vs Indiana Hoosiers, 2026-01-23, 06",Rutgers Scarlet Knights,Indiana Hoosiers,Total,,147.5,O,-124,
2026-01-22 21:19:03,2026-01-23 02:19:03.256312+00:00,initial_state,NCAAB,pinnacle,"Rutgers Scarlet Knights vs Indiana Hoosiers, 2026-01-23, 06",Rutgers Scarlet Knights,Indiana Hoosiers,Total,,147.5,U,-105,
2026-01-22 21:19:03,2026-01-23 02:19:03.256312+00:00,initial_state,NCAAB,pinnacle,"Rutgers Scarlet Knights vs Indiana Hoosiers, 2026-01-23, 06",Rutgers Scarlet Knights,Indiana Hoosiers,Total,,147.0,O,-133,
2026-01-22 21:19:03,2026-01-23 02:19:03.256312+00:00,initial_state,NCAAB,pinnacle,"Rutgers Scarlet Knights vs Indiana Hoosiers, 2026-01-23, 06",Rutgers Scarlet Knights,Indiana Hoosiers,Total,,147.0,U,+102,
2026-01-22 21:19:03,2026-01-23 02:19:03.256312+00:00,initial_state,NCAAB,pinnacle,"Rutgers Scarlet Knights vs Indiana Hoosiers, 2026-01-23, 06",Rutgers Scarlet Knights,Indiana Hoosiers,Total,,146.5,O,-140,
2026-01-22 21:19:03,2026-01-23 02:19:03.256312+00:00,initial_state,NCAAB,pinnacle,"Rutgers Scarlet Knights vs Indiana Hoosiers, 2026-01-23, 06",Rutgers Scarlet Knights,Indiana Hoosiers,Total,,146.5,U,+107,
2026-01-22 21:19:03,2026-01-23 02:19:03.256312+00:00,initial_state,NCAAB,pinnacle,"Rutgers Scarlet Knights vs Indiana Hoosiers, 2026-01-23, 06",Rutgers Scarlet Knights,Indiana Hoosiers,Total,,150.5,O,+109,
2026-01-22 21:19:03,2026-01-23 02:19:03.256312+00:00,initial_state,NCAAB,pinnacle,"Rutgers Scarlet Knights vs Indiana Hoosiers, 2026-01-23, 06",Rutgers Scarlet Knights,Indiana Hoosiers,Total,,150.5,U,-143,
2026-01-22 21:19:03,2026-01-23 02:19:03.256312+00:00,initial_state,NCAAB,pinnacle,"Rutgers Scarlet Knights vs Indiana Hoosiers, 2026-01-23, 06",Rutgers Scarlet Knights,Indiana Hoosiers,Total,,150.0,O,+105,
2026-01-22 21:19:03,2026-01-23 02:19:03.256312+00:00,initial_state,NCAAB,pinnacle,"Rutgers Scarlet Knights vs Indiana Hoosiers, 2026-01-23, 06",Rutgers Scarlet Knights,Indiana Hoosiers,Total,,150.0,U,-137,
2026-01-22 21:19:03,2026-01-23 02:19:03.256312+00:00,initial_state,NCAAB,pinnacle,"Rutgers Scarlet Knights vs Indiana Hoosiers, 2026-01-23, 06",Rutgers Scarlet Knights,Indiana Hoosiers,Total,,149.5,O,-100,
2026-01-22 21:19:03,2026-01-23 02:19:03.256312+00:00,initial_state,NCAAB,pinnacle,"Rutgers Scarlet Knights vs Indiana Hoosiers, 2026-01-23, 06",Rutgers Scarlet Knights,Indiana Hoosiers,Total,,149.5,U,-130,
2026-01-22 21:19:03,2026-01-23 02:19:03.256343+00:00,initial_state,NCAAB,pinnacle,"Buffalo Bulls vs Massachusetts Minutemen, 2026-01-23, 07",Buffalo Bulls,Massachusetts Minutemen,Spread,Buffalo Bulls,4.0,,-162,
2026-01-22 21:19:03,2026-01-23 02:19:03.256343+00:00,initial_state,NCAAB,pinnacle,"Buffalo Bulls vs Massachusetts Minutemen, 2026-01-23, 07",Buffalo Bulls,Massachusetts Minutemen,Spread,Massachusetts Minutemen,-4.0,,+127,
2026-01-22 21:19:03,2026-01-23 02:19:03.256343+00:00,initial_state,NCAAB,pinnacle,"Buffalo Bulls vs Massachusetts Minutemen, 2026-01-23, 07",Buffalo Bulls,Massachusetts Minutemen,Spread,Buffalo Bulls,3.5,,-151,
2026-01-22 21:19:03,2026-01-23 02:19:03.256343+00:00,initial_state,NCAAB,pinnacle,"Buffalo Bulls vs Massachusetts Minutemen, 2026-01-23, 07",Buffalo Bulls,Massachusetts Minutemen,Spread,Massachusetts Minutemen,-3.5,,+119,
2026-01-22 21:19:03,2026-01-23 02:19:03.256343+00:00,initial_state,NCAAB,pinnacle,"Buffalo Bulls vs Massachusetts Minutemen, 2026-01-23, 07",Buffalo Bulls,Massachusetts Minutemen,Spread,Buffalo Bulls,3.0,,-140,
2026-01-22 21:19:03,2026-01-23 02:19:03.256343+00:00,initial_state,NCAAB,pinnacle,"Buffalo Bulls vs Massachusetts Minutemen, 2026-01-23, 07",Buffalo Bulls,Massachusetts Minutemen,Spread,Massachusetts Minutemen,-3.0,,+111,
2026-01-22 21:19:03,2026-01-23 02:19:03.256343+00:00,initial_state,NCAAB,pinnacle,"Buffalo Bulls vs Massachusetts Minutemen, 2026-01-23, 07",Buffalo Bulls,Massachusetts Minutemen,Spread,Buffalo Bulls,2.5,,-129,
2026-01-22 21:19:03,2026-01-23 02:19:03.256343+00:00,initial_state,NCAAB,pinnacle,"Buffalo Bulls vs Massachusetts Minutemen, 2026-01-23, 07",Buffalo Bulls,Massachusetts Minutemen,Spread,Massachusetts Minutemen,-2.5,,+103,
2026-01-22 21:19:03,2026-01-23 02:19:03.256343+00:00,initial_state,NCAAB,pinnacle,"Buffalo Bulls vs Massachusetts Minutemen, 2026-01-23, 07",Buffalo Bulls,Massachusetts Minutemen,Spread,Buffalo Bulls,2.0,,-114,
2026-01-22 21:19:03,2026-01-23 02:19:03.256343+00:00,initial_state,NCAAB,pinnacle,"Buffalo Bulls vs Massachusetts Minutemen, 2026-01-23, 07",Buffalo Bulls,Massachusetts Minutemen,Spread,Massachusetts Minutemen,-2.0,,-106,
2026-01-22 21:19:03,2026-01-23 02:19:03.256343+00:00,initial_state,NCAAB,pinnacle,"Buffalo Bulls vs Massachusetts Minutemen, 2026-01-23, 07",Buffalo Bulls,Massachusetts Minutemen,Spread,Buffalo Bulls,1.5,,-105,
2026-01-22 21:19:03,2026-01-23 02:19:03.256343+00:00,initial_state,NCAAB,pinnacle,"Buffalo Bulls vs Massachusetts Minutemen, 2026-01-23, 07",Buffalo Bulls,Massachusetts Minutemen,Spread,Massachusetts Minutemen,-1.5,,-120,
2026-01-22 21:19:03,2026-01-23 02:19:03.256343+00:00,initial_state,NCAAB,pinnacle,"Buffalo Bulls vs Massachusetts Minutemen, 2026-01-23, 07",Buffalo Bulls,Massachusetts Minutemen,Spread,Buffalo Bulls,1.0,,+101,
2026-01-22 21:19:03,2026-01-23 02:19:03.256343+00:00,initial_state,NCAAB,pinnacle,"Buffalo Bulls vs Massachusetts Minutemen, 2026-01-23, 07",Buffalo Bulls,Massachusetts Minutemen,Spread,Massachusetts Minutemen,-1.0,,-127,
2026-01-22 21:19:03,2026-01-23 02:19:03.256343+00:00,initial_state,NCAAB,pinnacle,"Buffalo Bulls vs Massachusetts Minutemen, 2026-01-23, 07",Buffalo Bulls,Massachusetts Minutemen,Spread,Buffalo Bulls,-1.0,,+113,
2026-01-22 21:19:03,2026-01-23 02:19:03.256343+00:00,initial_state,NCAAB,pinnacle,"Buffalo Bulls vs Massachusetts Minutemen, 2026-01-23, 07",Buffalo Bulls,Massachusetts Minutemen,Spread,Massachusetts Minutemen,1.0,,-142,
2026-01-22 21:19:03,2026-01-23 02:19:03.256343+00:00,initial_state,NCAAB,pinnacle,"Buffalo Bulls vs Massachusetts Minutemen, 2026-01-23, 07",Buffalo Bulls,Massachusetts Minutemen,Spread,Buffalo Bulls,-1.5,,+118,
2026-01-22 21:19:03,2026-01-23 02:19:03.256343+00:00,initial_state,NCAAB,pinnacle,"Buffalo Bulls vs Massachusetts Minutemen, 2026-01-23, 07",Buffalo Bulls,Massachusetts Minutemen,Spread,Massachusetts Minutemen,1.5,,-150,
2026-01-22 21:19:03,2026-01-23 02:19:03.256343+00:00,initial_state,NCAAB,pinnacle,"Buffalo Bulls vs Massachusetts Minutemen, 2026-01-23, 07",Buffalo Bulls,Massachusetts Minutemen,Total,,161.5,O,+112,
2026-01-22 21:19:03,2026-01-23 02:19:03.256343+00:00,initial_state,NCAAB,pinnacle,"Buffalo Bulls vs Massachusetts Minutemen, 2026-01-23, 07",Buffalo Bulls,Massachusetts Minutemen,Total,,161.5,U,-146,
2026-01-22 21:19:03,2026-01-23 02:19:03.256343+00:00,initial_state,NCAAB,pinnacle,"Buffalo Bulls vs Massachusetts Minutemen, 2026-01-23, 07",Buffalo Bulls,Massachusetts Minutemen,Total,,161.0,O,+107,
2026-01-22 21:19:03,2026-01-23 02:19:03.256343+00:00,initial_state,NCAAB,pinnacle,"Buffalo Bulls vs Massachusetts Minutemen, 2026-01-23, 07",Buffalo Bulls,Massachusetts Minutemen,Total,,161.0,U,-140,
2026-01-22 21:19:03,2026-01-23 02:19:03.256343+00:00,initial_state,NCAAB,pinnacle,"Buffalo Bulls vs Massachusetts Minutemen, 2026-01-23, 07",Buffalo Bulls,Massachusetts Minutemen,Total,,160.5,O,+101,
2026-01-22 21:19:03,2026-01-23 02:19:03.256343+00:00,initial_state,NCAAB,pinnacle,"Buffalo Bulls vs Massachusetts Minutemen, 2026-01-23, 07",Buffalo Bulls,Massachusetts Minutemen,Total,,160.5,U,-132,
2026-01-22 21:19:03,2026-01-23 02:19:03.256343+00:00,initial_state,NCAAB,pinnacle,"Buffalo Bulls vs Massachusetts Minutemen, 2026-01-23, 07",Buffalo Bulls,Massachusetts Minutemen,Total,,160.0,O,-104,
2026-01-22 21:19:03,2026-01-23 02:19:03.256343+00:00,initial_state,NCAAB,pinnacle,"Buffalo Bulls vs Massachusetts Minutemen, 2026-01-23, 07",Buffalo Bulls,Massachusetts Minutemen,Total,,160.0,U,-125,
2026-01-22 21:19:03,2026-01-23 02:19:03.256343+00:00,initial_state,NCAAB,pinnacle,"Buffalo Bulls vs Massachusetts Minutemen, 2026-01-23, 07",Buffalo Bulls,Massachusetts Minutemen,Total,,159.5,O,-108,
2026-01-22 21:19:03,2026-01-23 02:19:03.256343+00:00,initial_state,NCAAB,pinnacle,"Buffalo Bulls vs Massachusetts Minutemen, 2026-01-23, 07",Buffalo Bulls,Massachusetts Minutemen,Total,,159.5,U,-116,
2026-01-22 21:19:03,2026-01-23 02:19:03.256343+00:00,initial_state,NCAAB,pinnacle,"Buffalo Bulls vs Massachusetts Minutemen, 2026-01-23, 07",Buffalo Bulls,Massachusetts Minutemen,Total,,159.0,O,-117,
2026-01-22 21:19:03,2026-01-23 02:19:03.256343+00:00,initial_state,NCAAB,pinnacle,"Buffalo Bulls vs Massachusetts Minutemen, 2026-01-23, 07",Buffalo Bulls,Massachusetts Minutemen,Total,,159.0,U,-112,
2026-01-22 21:19:03,2026-01-23 02:19:03.256343+00:00,initial_state,NCAAB,pinnacle,"Buffalo Bulls vs Massachusetts Minutemen, 2026-01-23, 07",Buffalo Bulls,Massachusetts Minutemen,Total,,158.5,O,-123,
2026-01-22 21:19:03,2026-01-23 02:19:03.256343+00:00,initial_state,NCAAB,pinnacle,"Buffalo Bulls vs Massachusetts Minutemen, 2026-01-23, 07",Buffalo Bulls,Massachusetts Minutemen,Total,,158.5,U,-105,
2026-01-22 21:19:03,2026-01-23 02:19:03.256343+00:00,initial_state,NCAAB,pinnacle,"Buffalo Bulls vs Massachusetts Minutemen, 2026-01-23, 07",Buffalo Bulls,Massachusetts Minutemen,Total,,158.0,O,-131,
2026-01-22 21:19:03,2026-01-23 02:19:03.256343+00:00,initial_state,NCAAB,pinnacle,"Buffalo Bulls vs Massachusetts Minutemen, 2026-01-23, 07",Buffalo Bulls,Massachusetts Minutemen,Total,,158.0,U,+100,
2026-01-22 21:19:03,2026-01-23 02:19:03.256343+00:00,initial_state,NCAAB,pinnacle,"Buffalo Bulls vs Massachusetts Minutemen, 2026-01-23, 07",Buffalo Bulls,Massachusetts Minutemen,Total,,157.5,O,-137,
2026-01-22 21:19:03,2026-01-23 02:19:03.256343+00:00,initial_state,NCAAB,pinnacle,"Buffalo Bulls vs Massachusetts Minutemen, 2026-01-23, 07",Buffalo Bulls,Massachusetts Minutemen,Total,,157.5,U,+105,
2026-01-22 21:19:03,2026-01-23 02:19:03.256373+00:00,initial_state,NCAAB,pinnacle,"North Carolina Charlotte 49ers vs Tulane Green Wave, 2026-01-23, 07",North Carolina Charlotte 49ers,Tulane Green Wave,Spread,North Carolina Charlotte 49ers,-2.0,,-154,
2026-01-22 21:19:03,2026-01-23 02:19:03.256373+00:00,initial_state,NCAAB,pinnacle,"North Carolina Charlotte 49ers vs Tulane Green Wave, 2026-01-23, 07",North Carolina Charlotte 49ers,Tulane Green Wave,Spread,Tulane Green Wave,2.0,,+121,
2026-01-22 21:19:03,2026-01-23 02:19:03.256373+00:00,initial_state,NCAAB,pinnacle,"North Carolina Charlotte 49ers vs Tulane Green Wave, 2026-01-23, 07",North Carolina Charlotte 49ers,Tulane Green Wave,Spread,North Carolina Charlotte 49ers,-2.5,,-141,
2026-01-22 21:19:03,2026-01-23 02:19:03.256373+00:00,initial_state,NCAAB,pinnacle,"North Carolina Charlotte 49ers vs Tulane Green Wave, 2026-01-23, 07",North Carolina Charlotte 49ers,Tulane Green Wave,Spread,Tulane Green Wave,2.5,,+112,
2026-01-22 21:19:03,2026-01-23 02:19:03.256373+00:00,initial_state,NCAAB,pinnacle,"North Carolina Charlotte 49ers vs Tulane Green Wave, 2026-01-23, 07",North Carolina Charlotte 49ers,Tulane Green Wave,Spread,North Carolina Charlotte 49ers,-3.0,,-131,
2026-01-22 21:19:03,2026-01-23 02:19:03.256373+00:00,initial_state,NCAAB,pinnacle,"North Carolina Charlotte 49ers vs Tulane Green Wave, 2026-01-23, 07",North Carolina Charlotte 49ers,Tulane Green Wave,Spread,Tulane Green Wave,3.0,,+104,
2026-01-22 21:19:03,2026-01-23 02:19:03.256373+00:00,initial_state,NCAAB,pinnacle,"North Carolina Charlotte 49ers vs Tulane Green Wave, 2026-01-23, 07",North Carolina Charlotte 49ers,Tulane Green Wave,Spread,North Carolina Charlotte 49ers,-3.5,,-121,
2026-01-22 21:19:03,2026-01-23 02:19:03.256373+00:00,initial_state,NCAAB,pinnacle,"North Carolina Charlotte 49ers vs Tulane Green Wave, 2026-01-23, 07",North Carolina Charlotte 49ers,Tulane Green Wave,Spread,Tulane Green Wave,3.5,,-104,
2026-01-22 21:19:03,2026-01-23 02:19:03.256373+00:00,initial_state,NCAAB,pinnacle,"North Carolina Charlotte 49ers vs Tulane Green Wave, 2026-01-23, 07",North Carolina Charlotte 49ers,Tulane Green Wave,Spread,North Carolina Charlotte 49ers,-4.0,,-109,
2026-01-22 21:19:03,2026-01-23 02:19:03.256373+00:00,initial_state,NCAAB,pinnacle,"North Carolina Charlotte 49ers vs Tulane Green Wave, 2026-01-23, 07",North Carolina Charlotte 49ers,Tulane Green Wave,Spread,Tulane Green Wave,4.0,,-111,
2026-01-22 21:19:03,2026-01-23 02:19:03.256373+00:00,initial_state,NCAAB,pinnacle,"North Carolina Charlotte 49ers vs Tulane Green Wave, 2026-01-23, 07",North Carolina Charlotte 49ers,Tulane Green Wave,Spread,North Carolina Charlotte 49ers,-4.5,,-102,
2026-01-22 21:19:03,2026-01-23 02:19:03.256373+00:00,initial_state,NCAAB,pinnacle,"North Carolina Charlotte 49ers vs Tulane Green Wave, 2026-01-23, 07",North Carolina Charlotte 49ers,Tulane Green Wave,Spread,Tulane Green Wave,4.5,,-123,
2026-01-22 21:19:03,2026-01-23 02:19:03.256373+00:00,initial_state,NCAAB,pinnacle,"North Carolina Charlotte 49ers vs Tulane Green Wave, 2026-01-23, 07",North Carolina Charlotte 49ers,Tulane Green Wave,Spread,North Carolina Charlotte 49ers,-5.0,,+106,
2026-01-22 21:19:03,2026-01-23 02:19:03.256373+00:00,initial_state,NCAAB,pinnacle,"North Carolina Charlotte 49ers vs Tulane Green Wave, 2026-01-23, 07",North Carolina Charlotte 49ers,Tulane Green Wave,Spread,Tulane Green Wave,5.0,,-134,
2026-01-22 21:19:03,2026-01-23 02:19:03.256373+00:00,initial_state,NCAAB,pinnacle,"North Carolina Charlotte 49ers vs Tulane Green Wave, 2026-01-23, 07",North Carolina Charlotte 49ers,Tulane Green Wave,Spread,North Carolina Charlotte 49ers,-5.5,,+114,
2026-01-22 21:19:03,2026-01-23 02:19:03.256373+00:00,initial_state,NCAAB,pinnacle,"North Carolina Charlotte 49ers vs Tulane Green Wave, 2026-01-23, 07",North Carolina Charlotte 49ers,Tulane Green Wave,Spread,Tulane Green Wave,5.5,,-144,
2026-01-22 21:19:03,2026-01-23 02:19:03.256373+00:00,initial_state,NCAAB,pinnacle,"North Carolina Charlotte 49ers vs Tulane Green Wave, 2026-01-23, 07",North Carolina Charlotte 49ers,Tulane Green Wave,Spread,North Carolina Charlotte 49ers,-6.0,,+122,
2026-01-22 21:19:03,2026-01-23 02:19:03.256373+00:00,initial_state,NCAAB,pinnacle,"North Carolina Charlotte 49ers vs Tulane Green Wave, 2026-01-23, 07",North Carolina Charlotte 49ers,Tulane Green Wave,Spread,Tulane Green Wave,6.0,,-154,
2026-01-22 21:19:03,2026-01-23 02:19:03.256373+00:00,initial_state,NCAAB,pinnacle,"North Carolina Charlotte 49ers vs Tulane Green Wave, 2026-01-23, 07",North Carolina Charlotte 49ers,Tulane Green Wave,Total,,145.5,O,+111,
2026-01-22 21:19:03,2026-01-23 02:19:03.256373+00:00,initial_state,NCAAB,pinnacle,"North Carolina Charlotte 49ers vs Tulane Green Wave, 2026-01-23, 07",North Carolina Charlotte 49ers,Tulane Green Wave,Total,,145.5,U,-145,
2026-01-22 21:19:03,2026-01-23 02:19:03.256373+00:00,initial_state,NCAAB,pinnacle,"North Carolina Charlotte 49ers vs Tulane Green Wave, 2026-01-23, 07",North Carolina Charlotte 49ers,Tulane Green Wave,Total,,145.0,O,+106,
2026-01-22 21:19:03,2026-01-23 02:19:03.256373+00:00,initial_state,NCAAB,pinnacle,"North Carolina Charlotte 49ers vs Tulane Green Wave, 2026-01-23, 07",North Carolina Charlotte 49ers,Tulane Green Wave,Total,,145.0,U,-138,
2026-01-22 21:19:03,2026-01-23 02:19:03.256373+00:00,initial_state,NCAAB,pinnacle,"North Carolina Charlotte 49ers vs Tulane Green Wave, 2026-01-23, 07",North Carolina Charlotte 49ers,Tulane Green Wave,Total,,144.5,O,+101,
2026-01-22 21:19:03,2026-01-23 02:19:03.256373+00:00,initial_state,NCAAB,pinnacle,"North Carolina Charlotte 49ers vs Tulane Green Wave, 2026-01-23, 07",North Carolina Charlotte 49ers,Tulane Green Wave,Total,,144.5,U,-131,
2026-01-22 21:19:03,2026-01-23 02:19:03.256373+00:00,initial_state,NCAAB,pinnacle,"North Carolina Charlotte 49ers vs Tulane Green Wave, 2026-01-23, 07",North Carolina Charlotte 49ers,Tulane Green Wave,Total,,144.0,O,-105,
2026-01-22 21:19:03,2026-01-23 02:19:03.256373+00:00,initial_state,NCAAB,pinnacle,"North Carolina Charlotte 49ers vs Tulane Green Wave, 2026-01-23, 07",North Carolina Charlotte 49ers,Tulane Green Wave,Total,,144.0,U,-124,
2026-01-22 21:19:03,2026-01-23 02:19:03.256373+00:00,initial_state,NCAAB,pinnacle,"North Carolina Charlotte 49ers vs Tulane Green Wave, 2026-01-23, 07",North Carolina Charlotte 49ers,Tulane Green Wave,Total,,143.5,O,-109,
2026-01-22 21:19:03,2026-01-23 02:19:03.256373+00:00,initial_state,NCAAB,pinnacle,"North Carolina Charlotte 49ers vs Tulane Green Wave, 2026-01-23, 07",North Carolina Charlotte 49ers,Tulane Green Wave,Total,,143.5,U,-115,
2026-01-22 21:19:03,2026-01-23 02:19:03.256373+00:00,initial_state,NCAAB,pinnacle,"North Carolina Charlotte 49ers vs Tulane Green Wave, 2026-01-23, 07",North Carolina Charlotte 49ers,Tulane Green Wave,Total,,143.0,O,-118,
2026-01-22 21:19:03,2026-01-23 02:19:03.256373+00:00,initial_state,NCAAB,pinnacle,"North Carolina Charlotte 49ers vs Tulane Green Wave, 2026-01-23, 07",North Carolina Charlotte 49ers,Tulane Green Wave,Total,,143.0,U,-111,
2026-01-22 21:19:03,2026-01-23 02:19:03.256373+00:00,initial_state,NCAAB,pinnacle,"North Carolina Charlotte 49ers vs Tulane Green Wave, 2026-01-23, 07",North Carolina Charlotte 49ers,Tulane Green Wave,Total,,142.5,O,-125,
2026-01-22 21:19:03,2026-01-23 02:19:03.256373+00:00,initial_state,NCAAB,pinnacle,"North Carolina Charlotte 49ers vs Tulane Green Wave, 2026-01-23, 07",North Carolina Charlotte 49ers,Tulane Green Wave,Total,,142.5,U,-104,
2026-01-22 21:19:03,2026-01-23 02:19:03.256373+00:00,initial_state,NCAAB,pinnacle,"North Carolina Charlotte 49ers vs Tulane Green Wave, 2026-01-23, 07",North Carolina Charlotte 49ers,Tulane Green Wave,Total,,142.0,O,-132,
2026-01-22 21:19:03,2026-01-23 02:19:03.256373+00:00,initial_state,NCAAB,pinnacle,"North Carolina Charlotte 49ers vs Tulane Green Wave, 2026-01-23, 07",North Carolina Charlotte 49ers,Tulane Green Wave,Total,,142.0,U,+101,
2026-01-22 21:19:03,2026-01-23 02:19:03.256373+00:00,initial_state,NCAAB,pinnacle,"North Carolina Charlotte 49ers vs Tulane Green Wave, 2026-01-23, 07",North Carolina Charlotte 49ers,Tulane Green Wave,Total,,141.5,O,-138,
2026-01-22 21:19:03,2026-01-23 02:19:03.256373+00:00,initial_state,NCAAB,pinnacle,"North Carolina Charlotte 49ers vs Tulane Green Wave, 2026-01-23, 07",North Carolina Charlotte 49ers,Tulane Green Wave,Total,,141.5,U,+106,
2026-01-22 21:19:03,2026-01-23 02:19:03.256403+00:00,initial_state,NCAAB,pinnacle,"Butler Bulldogs vs Marquette Golden Eagles, 2026-01-23, 08",Butler Bulldogs,Marquette Golden Eagles,Spread,Butler Bulldogs,-5.0,,-155,
2026-01-22 21:19:03,2026-01-23 02:19:03.256403+00:00,initial_state,NCAAB,pinnacle,"Butler Bulldogs vs Marquette Golden Eagles, 2026-01-23, 08",Butler Bulldogs,Marquette Golden Eagles,Spread,Marquette Golden Eagles,5.0,,+122,
2026-01-22 21:19:03,2026-01-23 02:19:03.256403+00:00,initial_state,NCAAB,pinnacle,"Butler Bulldogs vs Marquette Golden Eagles, 2026-01-23, 08",Butler Bulldogs,Marquette Golden Eagles,Spread,Butler Bulldogs,-5.5,,-144,
2026-01-22 21:19:03,2026-01-23 02:19:03.256403+00:00,initial_state,NCAAB,pinnacle,"Butler Bulldogs vs Marquette Golden Eagles, 2026-01-23, 08",Butler Bulldogs,Marquette Golden Eagles,Spread,Marquette Golden Eagles,5.5,,+114,
2026-01-22 21:19:03,2026-01-23 02:19:03.256403+00:00,initial_state,NCAAB,pinnacle,"Butler Bulldogs vs Marquette Golden Eagles, 2026-01-23, 08",Butler Bulldogs,Marquette Golden Eagles,Spread,Butler Bulldogs,-6.0,,-134,
2026-01-22 21:19:03,2026-01-23 02:19:03.256403+00:00,initial_state,NCAAB,pinnacle,"Butler Bulldogs vs Marquette Golden Eagles, 2026-01-23, 08",Butler Bulldogs,Marquette Golden Eagles,Spread,Marquette Golden Eagles,6.0,,+106,
2026-01-22 21:19:03,2026-01-23 02:19:03.256403+00:00,initial_state,NCAAB,pinnacle,"Butler Bulldogs vs Marquette Golden Eagles, 2026-01-23, 08",Butler Bulldogs,Marquette Golden Eagles,Spread,Butler Bulldogs,-6.5,,-124,
2026-01-22 21:19:03,2026-01-23 02:19:03.256403+00:00,initial_state,NCAAB,pinnacle,"Butler Bulldogs vs Marquette Golden Eagles, 2026-01-23, 08",Butler Bulldogs,Marquette Golden Eagles,Spread,Marquette Golden Eagles,6.5,,-102,
2026-01-22 21:19:03,2026-01-23 02:19:03.256403+00:00,initial_state,NCAAB,pinnacle,"Butler Bulldogs vs Marquette Golden Eagles, 2026-01-23, 08",Butler Bulldogs,Marquette Golden Eagles,Spread,Butler Bulldogs,-7.0,,-111,
2026-01-22 21:19:03,2026-01-23 02:19:03.256403+00:00,initial_state,NCAAB,pinnacle,"Butler Bulldogs vs Marquette Golden Eagles, 2026-01-23, 08",Butler Bulldogs,Marquette Golden Eagles,Spread,Marquette Golden Eagles,7.0,,-109,
2026-01-22 21:19:03,2026-01-23 02:19:03.256403+00:00,initial_state,NCAAB,pinnacle,"Butler Bulldogs vs Marquette Golden Eagles, 2026-01-23, 08",Butler Bulldogs,Marquette Golden Eagles,Spread,Butler Bulldogs,-7.5,,-104,
2026-01-22 21:19:03,2026-01-23 02:19:03.256403+00:00,initial_state,NCAAB,pinnacle,"Butler Bulldogs vs Marquette Golden Eagles, 2026-01-23, 08",Butler Bulldogs,Marquette Golden Eagles,Spread,Marquette Golden Eagles,7.5,,-121,
2026-01-22 21:19:03,2026-01-23 02:19:03.256403+00:00,initial_state,NCAAB,pinnacle,"Butler Bulldogs vs Marquette Golden Eagles, 2026-01-23, 08",Butler Bulldogs,Marquette Golden Eagles,Spread,Butler Bulldogs,-8.0,,+104,
2026-01-22 21:19:03,2026-01-23 02:19:03.256403+00:00,initial_state,NCAAB,pinnacle,"Butler Bulldogs vs Marquette Golden Eagles, 2026-01-23, 08",Butler Bulldogs,Marquette Golden Eagles,Spread,Marquette Golden Eagles,8.0,,-131,
2026-01-22 21:19:03,2026-01-23 02:19:03.256403+00:00,initial_state,NCAAB,pinnacle,"Butler Bulldogs vs Marquette Golden Eagles, 2026-01-23, 08",Butler Bulldogs,Marquette Golden Eagles,Spread,Butler Bulldogs,-8.5,,+112,
2026-01-22 21:19:03,2026-01-23 02:19:03.256403+00:00,initial_state,NCAAB,pinnacle,"Butler Bulldogs vs Marquette Golden Eagles, 2026-01-23, 08",Butler Bulldogs,Marquette Golden Eagles,Spread,Marquette Golden Eagles,8.5,,-141,
2026-01-22 21:19:03,2026-01-23 02:19:03.256403+00:00,initial_state,NCAAB,pinnacle,"Butler Bulldogs vs Marquette Golden Eagles, 2026-01-23, 08",Butler Bulldogs,Marquette Golden Eagles,Spread,Butler Bulldogs,-9.0,,+119,
2026-01-22 21:19:03,2026-01-23 02:19:03.256403+00:00,initial_state,NCAAB,pinnacle,"Butler Bulldogs vs Marquette Golden Eagles, 2026-01-23, 08",Butler Bulldogs,Marquette Golden Eagles,Spread,Marquette Golden Eagles,9.0,,-151,
2026-01-22 21:19:03,2026-01-23 02:19:03.256403+00:00,initial_state,NCAAB,pinnacle,"Butler Bulldogs vs Marquette Golden Eagles, 2026-01-23, 08",Butler Bulldogs,Marquette Golden Eagles,Total,,162.5,O,+111,
2026-01-22 21:19:03,2026-01-23 02:19:03.256403+00:00,initial_state,NCAAB,pinnacle,"Butler Bulldogs vs Marquette Golden Eagles, 2026-01-23, 08",Butler Bulldogs,Marquette Golden Eagles,Total,,162.5,U,-145,
2026-01-22 21:19:03,2026-01-23 02:19:03.256403+00:00,initial_state,NCAAB,pinnacle,"Butler Bulldogs vs Marquette Golden Eagles, 2026-01-23, 08",Butler Bulldogs,Marquette Golden Eagles,Total,,162.0,O,+106,
2026-01-22 21:19:03,2026-01-23 02:19:03.256403+00:00,initial_state,NCAAB,pinnacle,"Butler Bulldogs vs Marquette Golden Eagles, 2026-01-23, 08",Butler Bulldogs,Marquette Golden Eagles,Total,,162.0,U,-139,
2026-01-22 21:19:03,2026-01-23 02:19:03.256403+00:00,initial_state,NCAAB,pinnacle,"Butler Bulldogs vs Marquette Golden Eagles, 2026-01-23, 08",Butler Bulldogs,Marquette Golden Eagles,Total,,161.5,O,+101,
2026-01-22 21:19:03,2026-01-23 02:19:03.256403+00:00,initial_state,NCAAB,pinnacle,"Butler Bulldogs vs Marquette Golden Eagles, 2026-01-23, 08",Butler Bulldogs,Marquette Golden Eagles,Total,,161.5,U,-131,
2026-01-22 21:19:03,2026-01-23 02:19:03.256403+00:00,initial_state,NCAAB,pinnacle,"Butler Bulldogs vs Marquette Golden Eagles, 2026-01-23, 08",Butler Bulldogs,Marquette Golden Eagles,Total,,161.0,O,-105,
2026-01-22 21:19:03,2026-01-23 02:19:03.256403+00:00,initial_state,NCAAB,pinnacle,"Butler Bulldogs vs Marquette Golden Eagles, 2026-01-23, 08",Butler Bulldogs,Marquette Golden Eagles,Total,,161.0,U,-124,
2026-01-22 21:19:03,2026-01-23 02:19:03.256403+00:00,initial_state,NCAAB,pinnacle,"Butler Bulldogs vs Marquette Golden Eagles, 2026-01-23, 08",Butler Bulldogs,Marquette Golden Eagles,Total,,160.5,O,-109,
2026-01-22 21:19:03,2026-01-23 02:19:03.256403+00:00,initial_state,NCAAB,pinnacle,"Butler Bulldogs vs Marquette Golden Eagles, 2026-01-23, 08",Butler Bulldogs,Marquette Golden Eagles,Total,,160.5,U,-115,
2026-01-22 21:19:03,2026-01-23 02:19:03.256403+00:00,initial_state,NCAAB,pinnacle,"Butler Bulldogs vs Marquette Golden Eagles, 2026-01-23, 08",Butler Bulldogs,Marquette Golden Eagles,Total,,160.0,O,-118,
2026-01-22 21:19:03,2026-01-23 02:19:03.256403+00:00,initial_state,NCAAB,pinnacle,"Butler Bulldogs vs Marquette Golden Eagles, 2026-01-23, 08",Butler Bulldogs,Marquette Golden Eagles,Total,,160.0,U,-111,
2026-01-22 21:19:03,2026-01-23 02:19:03.256403+00:00,initial_state,NCAAB,pinnacle,"Butler Bulldogs vs Marquette Golden Eagles, 2026-01-23, 08",Butler Bulldogs,Marquette Golden Eagles,Total,,159.5,O,-125,
2026-01-22 21:19:03,2026-01-23 02:19:03.256403+00:00,initial_state,NCAAB,pinnacle,"Butler Bulldogs vs Marquette Golden Eagles, 2026-01-23, 08",Butler Bulldogs,Marquette Golden Eagles,Total,,159.5,U,-104,
2026-01-22 21:19:03,2026-01-23 02:19:03.256403+00:00,initial_state,NCAAB,pinnacle,"Butler Bulldogs vs Marquette Golden Eagles, 2026-01-23, 08",Butler Bulldogs,Marquette Golden Eagles,Total,,159.0,O,-132,
2026-01-22 21:19:03,2026-01-23 02:19:03.256403+00:00,initial_state,NCAAB,pinnacle,"Butler Bulldogs vs Marquette Golden Eagles, 2026-01-23, 08",Butler Bulldogs,Marquette Golden Eagles,Total,,159.0,U,+101,
2026-01-22 21:19:03,2026-01-23 02:19:03.256403+00:00,initial_state,NCAAB,pinnacle,"Butler Bulldogs vs Marquette Golden Eagles, 2026-01-23, 08",Butler Bulldogs,Marquette Golden Eagles,Total,,158.5,O,-138,
2026-01-22 21:19:03,2026-01-23 02:19:03.256403+00:00,initial_state,NCAAB,pinnacle,"Butler Bulldogs vs Marquette Golden Eagles, 2026-01-23, 08",Butler Bulldogs,Marquette Golden Eagles,Total,,158.5,U,+106,
2026-01-22 21:19:03,2026-01-23 02:19:03.256434+00:00,initial_state,NCAAB,pinnacle,"Ohio Bobcats vs Akron Zips, 2026-01-23, 08",Ohio Bobcats,Akron Zips,Spread,Ohio Bobcats,11.0,,-156,
2026-01-22 21:19:03,2026-01-23 02:19:03.256434+00:00,initial_state,NCAAB,pinnacle,"Ohio Bobcats vs Akron Zips, 2026-01-23, 08",Ohio Bobcats,Akron Zips,Spread,Akron Zips,-11.0,,+123,
2026-01-22 21:19:03,2026-01-23 02:19:03.256434+00:00,initial_state,NCAAB,pinnacle,"Ohio Bobcats vs Akron Zips, 2026-01-23, 08",Ohio Bobcats,Akron Zips,Spread,Ohio Bobcats,10.5,,-146,
2026-01-22 21:19:03,2026-01-23 02:19:03.256434+00:00,initial_state,NCAAB,pinnacle,"Ohio Bobcats vs Akron Zips, 2026-01-23, 08",Ohio Bobcats,Akron Zips,Spread,Akron Zips,-10.5,,+115,
2026-01-22 21:19:03,2026-01-23 02:19:03.256434+00:00,initial_state,NCAAB,pinnacle,"Ohio Bobcats vs Akron Zips, 2026-01-23, 08",Ohio Bobcats,Akron Zips,Spread,Ohio Bobcats,10.0,,-135,
2026-01-22 21:19:03,2026-01-23 02:19:03.256434+00:00,initial_state,NCAAB,pinnacle,"Ohio Bobcats vs Akron Zips, 2026-01-23, 08",Ohio Bobcats,Akron Zips,Spread,Akron Zips,-10.0,,+107,
2026-01-22 21:19:03,2026-01-23 02:19:03.256434+00:00,initial_state,NCAAB,pinnacle,"Ohio Bobcats vs Akron Zips, 2026-01-23, 08",Ohio Bobcats,Akron Zips,Spread,Ohio Bobcats,9.5,,-125,
2026-01-22 21:19:03,2026-01-23 02:19:03.256434+00:00,initial_state,NCAAB,pinnacle,"Ohio Bobcats vs Akron Zips, 2026-01-23, 08",Ohio Bobcats,Akron Zips,Spread,Akron Zips,-9.5,,-101,
2026-01-22 21:19:03,2026-01-23 02:19:03.256434+00:00,initial_state,NCAAB,pinnacle,"Ohio Bobcats vs Akron Zips, 2026-01-23, 08",Ohio Bobcats,Akron Zips,Spread,Ohio Bobcats,9.0,,-112,
2026-01-22 21:19:03,2026-01-23 02:19:03.256434+00:00,initial_state,NCAAB,pinnacle,"Ohio Bobcats vs Akron Zips, 2026-01-23, 08",Ohio Bobcats,Akron Zips,Spread,Akron Zips,-9.0,,-108,
2026-01-22 21:19:03,2026-01-23 02:19:03.256434+00:00,initial_state,NCAAB,pinnacle,"Ohio Bobcats vs Akron Zips, 2026-01-23, 08",Ohio Bobcats,Akron Zips,Spread,Ohio Bobcats,8.5,,-105,
2026-01-22 21:19:03,2026-01-23 02:19:03.256434+00:00,initial_state,NCAAB,pinnacle,"Ohio Bobcats vs Akron Zips, 2026-01-23, 08",Ohio Bobcats,Akron Zips,Spread,Akron Zips,-8.5,,-120,
2026-01-22 21:19:03,2026-01-23 02:19:03.256434+00:00,initial_state,NCAAB,pinnacle,"Ohio Bobcats vs Akron Zips, 2026-01-23, 08",Ohio Bobcats,Akron Zips,Spread,Ohio Bobcats,8.0,,+103,
2026-01-22 21:19:03,2026-01-23 02:19:03.256434+00:00,initial_state,NCAAB,pinnacle,"Ohio Bobcats vs Akron Zips, 2026-01-23, 08",Ohio Bobcats,Akron Zips,Spread,Akron Zips,-8.0,,-130,
2026-01-22 21:19:03,2026-01-23 02:19:03.256434+00:00,initial_state,NCAAB,pinnacle,"Ohio Bobcats vs Akron Zips, 2026-01-23, 08",Ohio Bobcats,Akron Zips,Spread,Ohio Bobcats,7.5,,+111,
2026-01-22 21:19:03,2026-01-23 02:19:03.256434+00:00,initial_state,NCAAB,pinnacle,"Ohio Bobcats vs Akron Zips, 2026-01-23, 08",Ohio Bobcats,Akron Zips,Spread,Akron Zips,-7.5,,-140,
2026-01-22 21:19:03,2026-01-23 02:19:03.256434+00:00,initial_state,NCAAB,pinnacle,"Ohio Bobcats vs Akron Zips, 2026-01-23, 08",Ohio Bobcats,Akron Zips,Spread,Ohio Bobcats,7.0,,+118,
2026-01-22 21:19:03,2026-01-23 02:19:03.256434+00:00,initial_state,NCAAB,pinnacle,"Ohio Bobcats vs Akron Zips, 2026-01-23, 08",Ohio Bobcats,Akron Zips,Spread,Akron Zips,-7.0,,-150,
2026-01-22 21:19:03,2026-01-23 02:19:03.256434+00:00,initial_state,NCAAB,pinnacle,"Ohio Bobcats vs Akron Zips, 2026-01-23, 08",Ohio Bobcats,Akron Zips,Total,,171.0,O,+109,
2026-01-22 21:19:03,2026-01-23 02:19:03.256434+00:00,initial_state,NCAAB,pinnacle,"Ohio Bobcats vs Akron Zips, 2026-01-23, 08",Ohio Bobcats,Akron Zips,Total,,171.0,U,-142,
2026-01-22 21:19:03,2026-01-23 02:19:03.256434+00:00,initial_state,NCAAB,pinnacle,"Ohio Bobcats vs Akron Zips, 2026-01-23, 08",Ohio Bobcats,Akron Zips,Total,,170.5,O,+103,
2026-01-22 21:19:03,2026-01-23 02:19:03.256434+00:00,initial_state,NCAAB,pinnacle,"Ohio Bobcats vs Akron Zips, 2026-01-23, 08",Ohio Bobcats,Akron Zips,Total,,170.5,U,-135,
2026-01-22 21:19:03,2026-01-23 02:19:03.256434+00:00,initial_state,NCAAB,pinnacle,"Ohio Bobcats vs Akron Zips, 2026-01-23, 08",Ohio Bobcats,Akron Zips,Total,,170.0,O,-102,
2026-01-22 21:19:03,2026-01-23 02:19:03.256434+00:00,initial_state,NCAAB,pinnacle,"Ohio Bobcats vs Akron Zips, 2026-01-23, 08",Ohio Bobcats,Akron Zips,Total,,170.0,U,-128,
2026-01-22 21:19:03,2026-01-23 02:19:03.256434+00:00,initial_state,NCAAB,pinnacle,"Ohio Bobcats vs Akron Zips, 2026-01-23, 08",Ohio Bobcats,Akron Zips,Total,,169.5,O,-108,
2026-01-22 21:19:03,2026-01-23 02:19:03.256434+00:00,initial_state,NCAAB,pinnacle,"Ohio Bobcats vs Akron Zips, 2026-01-23, 08",Ohio Bobcats,Akron Zips,Total,,169.5,U,-121,
2026-01-22 21:19:03,2026-01-23 02:19:03.256434+00:00,initial_state,NCAAB,pinnacle,"Ohio Bobcats vs Akron Zips, 2026-01-23, 08",Ohio Bobcats,Akron Zips,Total,,169.0,O,-112,
2026-01-22 21:19:03,2026-01-23 02:19:03.256434+00:00,initial_state,NCAAB,pinnacle,"Ohio Bobcats vs Akron Zips, 2026-01-23, 08",Ohio Bobcats,Akron Zips,Total,,169.0,U,-112,
2026-01-22 21:19:03,2026-01-23 02:19:03.256434+00:00,initial_state,NCAAB,pinnacle,"Ohio Bobcats vs Akron Zips, 2026-01-23, 08",Ohio Bobcats,Akron Zips,Total,,168.5,O,-121,
2026-01-22 21:19:03,2026-01-23 02:19:03.256434+00:00,initial_state,NCAAB,pinnacle,"Ohio Bobcats vs Akron Zips, 2026-01-23, 08",Ohio Bobcats,Akron Zips,Total,,168.5,U,-108,
2026-01-22 21:19:03,2026-01-23 02:19:03.256434+00:00,initial_state,NCAAB,pinnacle,"Ohio Bobcats vs Akron Zips, 2026-01-23, 08",Ohio Bobcats,Akron Zips,Total,,168.0,O,-128,
2026-01-22 21:19:03,2026-01-23 02:19:03.256434+00:00,initial_state,NCAAB,pinnacle,"Ohio Bobcats vs Akron Zips, 2026-01-23, 08",Ohio Bobcats,Akron Zips,Total,,168.0,U,-102,
2026-01-22 21:19:03,2026-01-23 02:19:03.256434+00:00,initial_state,NCAAB,pinnacle,"Ohio Bobcats vs Akron Zips, 2026-01-23, 08",Ohio Bobcats,Akron Zips,Total,,167.5,O,-135,
2026-01-22 21:19:03,2026-01-23 02:19:03.256434+00:00,initial_state,NCAAB,pinnacle,"Ohio Bobcats vs Akron Zips, 2026-01-23, 08",Ohio Bobcats,Akron Zips,Total,,167.5,U,+103,
2026-01-22 21:19:03,2026-01-23 02:19:03.256434+00:00,initial_state,NCAAB,pinnacle,"Ohio Bobcats vs Akron Zips, 2026-01-23, 08",Ohio Bobcats,Akron Zips,Total,,167.0,O,-142,
2026-01-22 21:19:03,2026-01-23 02:19:03.256434+00:00,initial_state,NCAAB,pinnacle,"Ohio Bobcats vs Akron Zips, 2026-01-23, 08",Ohio Bobcats,Akron Zips,Total,,167.0,U,+109,
2026-01-22 21:19:03,2026-01-23 02:19:03.256466+00:00,initial_state,NCAAB,pinnacle,"Michigan Wolverines vs Ohio State Buckeyes, 2026-01-23, 08",Michigan Wolverines,Ohio State Buckeyes,Spread,Michigan Wolverines,-13.5,,-158,
2026-01-22 21:19:03,2026-01-23 02:19:03.256466+00:00,initial_state,NCAAB,pinnacle,"Michigan Wolverines vs Ohio State Buckeyes, 2026-01-23, 08",Michigan Wolverines,Ohio State Buckeyes,Spread,Ohio State Buckeyes,13.5,,+124,
2026-01-22 21:19:03,2026-01-23 02:19:03.256466+00:00,initial_state,NCAAB,pinnacle,"Michigan Wolverines vs Ohio State Buckeyes, 2026-01-23, 08",Michigan Wolverines,Ohio State Buckeyes,Spread,Michigan Wolverines,-14.0,,-147,
2026-01-22 21:19:03,2026-01-23 02:19:03.256466+00:00,initial_state,NCAAB,pinnacle,"Michigan Wolverines vs Ohio State Buckeyes, 2026-01-23, 08",Michigan Wolverines,Ohio State Buckeyes,Spread,Ohio State Buckeyes,14.0,,+117,
2026-01-22 21:19:03,2026-01-23 02:19:03.256466+00:00,initial_state,NCAAB,pinnacle,"Michigan Wolverines vs Ohio State Buckeyes, 2026-01-23, 08",Michigan Wolverines,Ohio State Buckeyes,Spread,Michigan Wolverines,-14.5,,-137,
2026-01-22 21:19:03,2026-01-23 02:19:03.256466+00:00,initial_state,NCAAB,pinnacle,"Michigan Wolverines vs Ohio State Buckeyes, 2026-01-23, 08",Michigan Wolverines,Ohio State Buckeyes,Spread,Ohio State Buckeyes,14.5,,+109,
2026-01-22 21:19:03,2026-01-23 02:19:03.256466+00:00,initial_state,NCAAB,pinnacle,"Michigan Wolverines vs Ohio State Buckeyes, 2026-01-23, 08",Michigan Wolverines,Ohio State Buckeyes,Spread,Michigan Wolverines,-15.0,,-126,
2026-01-22 21:19:03,2026-01-23 02:19:03.256466+00:00,initial_state,NCAAB,pinnacle,"Michigan Wolverines vs Ohio State Buckeyes, 2026-01-23, 08",Michigan Wolverines,Ohio State Buckeyes,Spread,Ohio State Buckeyes,15.0,,+100,
2026-01-22 21:19:03,2026-01-23 02:19:03.256466+00:00,initial_state,NCAAB,pinnacle,"Michigan Wolverines vs Ohio State Buckeyes, 2026-01-23, 08",Michigan Wolverines,Ohio State Buckeyes,Spread,Michigan Wolverines,-15.5,,-114,
2026-01-22 21:19:03,2026-01-23 02:19:03.256466+00:00,initial_state,NCAAB,pinnacle,"Michigan Wolverines vs Ohio State Buckeyes, 2026-01-23, 08",Michigan Wolverines,Ohio State Buckeyes,Spread,Ohio State Buckeyes,15.5,,-107,
2026-01-22 21:19:03,2026-01-23 02:19:03.256466+00:00,initial_state,NCAAB,pinnacle,"Michigan Wolverines vs Ohio State Buckeyes, 2026-01-23, 08",Michigan Wolverines,Ohio State Buckeyes,Spread,Michigan Wolverines,-16.0,,-106,
2026-01-22 21:19:03,2026-01-23 02:19:03.256466+00:00,initial_state,NCAAB,pinnacle,"Michigan Wolverines vs Ohio State Buckeyes, 2026-01-23, 08",Michigan Wolverines,Ohio State Buckeyes,Spread,Ohio State Buckeyes,16.0,,-118,
2026-01-22 21:19:03,2026-01-23 02:19:03.256466+00:00,initial_state,NCAAB,pinnacle,"Michigan Wolverines vs Ohio State Buckeyes, 2026-01-23, 08",Michigan Wolverines,Ohio State Buckeyes,Spread,Michigan Wolverines,-16.5,,+102,
2026-01-22 21:19:03,2026-01-23 02:19:03.256466+00:00,initial_state,NCAAB,pinnacle,"Michigan Wolverines vs Ohio State Buckeyes, 2026-01-23, 08",Michigan Wolverines,Ohio State Buckeyes,Spread,Ohio State Buckeyes,16.5,,-128,
2026-01-22 21:19:03,2026-01-23 02:19:03.256466+00:00,initial_state,NCAAB,pinnacle,"Michigan Wolverines vs Ohio State Buckeyes, 2026-01-23, 08",Michigan Wolverines,Ohio State Buckeyes,Spread,Michigan Wolverines,-17.0,,+109,
2026-01-22 21:19:03,2026-01-23 02:19:03.256466+00:00,initial_state,NCAAB,pinnacle,"Michigan Wolverines vs Ohio State Buckeyes, 2026-01-23, 08",Michigan Wolverines,Ohio State Buckeyes,Spread,Ohio State Buckeyes,17.0,,-138,
2026-01-22 21:19:03,2026-01-23 02:19:03.256466+00:00,initial_state,NCAAB,pinnacle,"Michigan Wolverines vs Ohio State Buckeyes, 2026-01-23, 08",Michigan Wolverines,Ohio State Buckeyes,Spread,Michigan Wolverines,-17.5,,+117,
2026-01-22 21:19:03,2026-01-23 02:19:03.256466+00:00,initial_state,NCAAB,pinnacle,"Michigan Wolverines vs Ohio State Buckeyes, 2026-01-23, 08",Michigan Wolverines,Ohio State Buckeyes,Spread,Ohio State Buckeyes,17.5,,-148,
2026-01-22 21:19:03,2026-01-23 02:19:03.256466+00:00,initial_state,NCAAB,pinnacle,"Michigan Wolverines vs Ohio State Buckeyes, 2026-01-23, 08",Michigan Wolverines,Ohio State Buckeyes,Total,,165.5,O,+110,
2026-01-22 21:19:03,2026-01-23 02:19:03.256466+00:00,initial_state,NCAAB,pinnacle,"Michigan Wolverines vs Ohio State Buckeyes, 2026-01-23, 08",Michigan Wolverines,Ohio State Buckeyes,Total,,165.5,U,-144,
2026-01-22 21:19:03,2026-01-23 02:19:03.256466+00:00,initial_state,NCAAB,pinnacle,"Michigan Wolverines vs Ohio State Buckeyes, 2026-01-23, 08",Michigan Wolverines,Ohio State Buckeyes,Total,,165.0,O,+105,
2026-01-22 21:19:03,2026-01-23 02:19:03.256466+00:00,initial_state,NCAAB,pinnacle,"Michigan Wolverines vs Ohio State Buckeyes, 2026-01-23, 08",Michigan Wolverines,Ohio State Buckeyes,Total,,165.0,U,-137,
2026-01-22 21:19:03,2026-01-23 02:19:03.256466+00:00,initial_state,NCAAB,pinnacle,"Michigan Wolverines vs Ohio State Buckeyes, 2026-01-23, 08",Michigan Wolverines,Ohio State Buckeyes,Total,,164.5,O,-100,
2026-01-22 21:19:03,2026-01-23 02:19:03.256466+00:00,initial_state,NCAAB,pinnacle,"Michigan Wolverines vs Ohio State Buckeyes, 2026-01-23, 08",Michigan Wolverines,Ohio State Buckeyes,Total,,164.5,U,-130,
2026-01-22 21:19:03,2026-01-23 02:19:03.256466+00:00,initial_state,NCAAB,pinnacle,"Michigan Wolverines vs Ohio State Buckeyes, 2026-01-23, 08",Michigan Wolverines,Ohio State Buckeyes,Total,,164.0,O,-106,
2026-01-22 21:19:03,2026-01-23 02:19:03.256466+00:00,initial_state,NCAAB,pinnacle,"Michigan Wolverines vs Ohio State Buckeyes, 2026-01-23, 08",Michigan Wolverines,Ohio State Buckeyes,Total,,164.0,U,-123,
2026-01-22 21:19:03,2026-01-23 02:19:03.256466+00:00,initial_state,NCAAB,pinnacle,"Michigan Wolverines vs Ohio State Buckeyes, 2026-01-23, 08",Michigan Wolverines,Ohio State Buckeyes,Total,,163.5,O,-110,
2026-01-22 21:19:03,2026-01-23 02:19:03.256466+00:00,initial_state,NCAAB,pinnacle,"Michigan Wolverines vs Ohio State Buckeyes, 2026-01-23, 08",Michigan Wolverines,Ohio State Buckeyes,Total,,163.5,U,-114,
2026-01-22 21:19:03,2026-01-23 02:19:03.256466+00:00,initial_state,NCAAB,pinnacle,"Michigan Wolverines vs Ohio State Buckeyes, 2026-01-23, 08",Michigan Wolverines,Ohio State Buckeyes,Total,,163.0,O,-119,
2026-01-22 21:19:03,2026-01-23 02:19:03.256466+00:00,initial_state,NCAAB,pinnacle,"Michigan Wolverines vs Ohio State Buckeyes, 2026-01-23, 08",Michigan Wolverines,Ohio State Buckeyes,Total,,163.0,U,-110,
2026-01-22 21:19:03,2026-01-23 02:19:03.256466+00:00,initial_state,NCAAB,pinnacle,"Michigan Wolverines vs Ohio State Buckeyes, 2026-01-23, 08",Michigan Wolverines,Ohio State Buckeyes,Total,,162.5,O,-126,
2026-01-22 21:19:03,2026-01-23 02:19:03.256466+00:00,initial_state,NCAAB,pinnacle,"Michigan Wolverines vs Ohio State Buckeyes, 2026-01-23, 08",Michigan Wolverines,Ohio State Buckeyes,Total,,162.5,U,-104,
2026-01-22 21:19:03,2026-01-23 02:19:03.256466+00:00,initial_state,NCAAB,pinnacle,"Michigan Wolverines vs Ohio State Buckeyes, 2026-01-23, 08",Michigan Wolverines,Ohio State Buckeyes,Total,,162.0,O,-133,
2026-01-22 21:19:03,2026-01-23 02:19:03.256466+00:00,initial_state,NCAAB,pinnacle,"Michigan Wolverines vs Ohio State Buckeyes, 2026-01-23, 08",Michigan Wolverines,Ohio State Buckeyes,Total,,162.0,U,+102,
2026-01-22 21:19:03,2026-01-23 02:19:03.256466+00:00,initial_state,NCAAB,pinnacle,"Michigan Wolverines vs Ohio State Buckeyes, 2026-01-23, 08",Michigan Wolverines,Ohio State Buckeyes,Total,,161.5,O,-140,
2026-01-22 21:19:03,2026-01-23 02:19:03.256466+00:00,initial_state,NCAAB,pinnacle,"Michigan Wolverines vs Ohio State Buckeyes, 2026-01-23, 08",Michigan Wolverines,Ohio State Buckeyes,Total,,161.5,U,+107,
2026-01-22 21:19:03,2026-01-23 02:19:03.256503+00:00,initial_state,NCAAB,pinnacle,"Louisiana Bulldogs vs Kennesaw State Owls, 2026-01-23, 02",Louisiana Bulldogs,Kennesaw State Owls,Spread,Louisiana Bulldogs,2.0,,-133,
2026-01-22 21:19:03,2026-01-23 02:19:03.256503+00:00,initial_state,NCAAB,pinnacle,"Louisiana Bulldogs vs Kennesaw State Owls, 2026-01-23, 02",Louisiana Bulldogs,Kennesaw State Owls,Spread,Kennesaw State Owls,-2.0,,+106,
2026-01-22 21:19:03,2026-01-23 02:19:03.256503+00:00,initial_state,NCAAB,pinnacle,"Louisiana Bulldogs vs Kennesaw State Owls, 2026-01-23, 02",Louisiana Bulldogs,Kennesaw State Owls,Spread,Louisiana Bulldogs,1.5,,-121,
2026-01-22 21:19:03,2026-01-23 02:19:03.256503+00:00,initial_state,NCAAB,pinnacle,"Louisiana Bulldogs vs Kennesaw State Owls, 2026-01-23, 02",Louisiana Bulldogs,Kennesaw State Owls,Spread,Kennesaw State Owls,-1.5,,-104,
2026-01-22 21:19:03,2026-01-23 02:19:03.256503+00:00,initial_state,NCAAB,pinnacle,"Louisiana Bulldogs vs Kennesaw State Owls, 2026-01-23, 02",Louisiana Bulldogs,Kennesaw State Owls,Spread,Louisiana Bulldogs,1.0,,-111,
2026-01-22 21:19:03,2026-01-23 02:19:03.256503+00:00,initial_state,NCAAB,pinnacle,"Louisiana Bulldogs vs Kennesaw State Owls, 2026-01-23, 02",Louisiana Bulldogs,Kennesaw State Owls,Spread,Kennesaw State Owls,-1.0,,-109,
2026-01-22 21:19:03,2026-01-23 02:19:03.256503+00:00,initial_state,NCAAB,pinnacle,"Louisiana Bulldogs vs Kennesaw State Owls, 2026-01-23, 02",Louisiana Bulldogs,Kennesaw State Owls,Spread,Louisiana Bulldogs,-1.0,,+101,
2026-01-22 21:19:03,2026-01-23 02:19:03.256503+00:00,initial_state,NCAAB,pinnacle,"Louisiana Bulldogs vs Kennesaw State Owls, 2026-01-23, 02",Louisiana Bulldogs,Kennesaw State Owls,Spread,Kennesaw State Owls,1.0,,-127,
2026-01-22 21:19:03,2026-01-23 02:19:03.256503+00:00,initial_state,NCAAB,pinnacle,"Louisiana Bulldogs vs Kennesaw State Owls, 2026-01-23, 02",Louisiana Bulldogs,Kennesaw State Owls,Spread,Louisiana Bulldogs,-1.5,,+107,
2026-01-22 21:19:03,2026-01-23 02:19:03.256503+00:00,initial_state,NCAAB,pinnacle,"Louisiana Bulldogs vs Kennesaw State Owls, 2026-01-23, 02",Louisiana Bulldogs,Kennesaw State Owls,Spread,Kennesaw State Owls,1.5,,-135,
2026-01-22 21:19:03,2026-01-23 02:19:03.256503+00:00,initial_state,NCAAB,pinnacle,"Louisiana Bulldogs vs Kennesaw State Owls, 2026-01-23, 02",Louisiana Bulldogs,Kennesaw State Owls,Spread,Louisiana Bulldogs,-2.0,,+116,
2026-01-22 21:19:03,2026-01-23 02:19:03.256503+00:00,initial_state,NCAAB,pinnacle,"Louisiana Bulldogs vs Kennesaw State Owls, 2026-01-23, 02",Louisiana Bulldogs,Kennesaw State Owls,Spread,Kennesaw State Owls,2.0,,-147,
2026-01-22 21:19:03,2026-01-23 02:19:03.256503+00:00,initial_state,NCAAB,pinnacle,"Louisiana Bulldogs vs Kennesaw State Owls, 2026-01-23, 02",Louisiana Bulldogs,Kennesaw State Owls,Spread,Louisiana Bulldogs,-2.5,,+126,
2026-01-22 21:19:03,2026-01-23 02:19:03.256503+00:00,initial_state,NCAAB,pinnacle,"Louisiana Bulldogs vs Kennesaw State Owls, 2026-01-23, 02",Louisiana Bulldogs,Kennesaw State Owls,Spread,Kennesaw State Owls,2.5,,-160,
2026-01-22 21:19:03,2026-01-23 02:19:03.256503+00:00,initial_state,NCAAB,pinnacle,"Louisiana Bulldogs vs Kennesaw State Owls, 2026-01-23, 02",Louisiana Bulldogs,Kennesaw State Owls,Total,,146.0,O,+114,
2026-01-22 21:19:03,2026-01-23 02:19:03.256503+00:00,initial_state,NCAAB,pinnacle,"Louisiana Bulldogs vs Kennesaw State Owls, 2026-01-23, 02",Louisiana Bulldogs,Kennesaw State Owls,Total,,146.0,U,-149,
2026-01-22 21:19:03,2026-01-23 02:19:03.256503+00:00,initial_state,NCAAB,pinnacle,"Louisiana Bulldogs vs Kennesaw State Owls, 2026-01-23, 02",Louisiana Bulldogs,Kennesaw State Owls,Total,,145.5,O,+108,
2026-01-22 21:19:03,2026-01-23 02:19:03.256503+00:00,initial_state,NCAAB,pinnacle,"Louisiana Bulldogs vs Kennesaw State Owls, 2026-01-23, 02",Louisiana Bulldogs,Kennesaw State Owls,Total,,145.5,U,-141,
2026-01-22 21:19:03,2026-01-23 02:19:03.256503+00:00,initial_state,NCAAB,pinnacle,"Louisiana Bulldogs vs Kennesaw State Owls, 2026-01-23, 02",Louisiana Bulldogs,Kennesaw State Owls,Total,,145.0,O,+103,
2026-01-22 21:19:03,2026-01-23 02:19:03.256503+00:00,initial_state,NCAAB,pinnacle,"Louisiana Bulldogs vs Kennesaw State Owls, 2026-01-23, 02",Louisiana Bulldogs,Kennesaw State Owls,Total,,145.0,U,-135,
2026-01-22 21:19:03,2026-01-23 02:19:03.256503+00:00,initial_state,NCAAB,pinnacle,"Louisiana Bulldogs vs Kennesaw State Owls, 2026-01-23, 02",Louisiana Bulldogs,Kennesaw State Owls,Total,,144.5,O,-102,
2026-01-22 21:19:03,2026-01-23 02:19:03.256503+00:00,initial_state,NCAAB,pinnacle,"Louisiana Bulldogs vs Kennesaw State Owls, 2026-01-23, 02",Louisiana Bulldogs,Kennesaw State Owls,Total,,144.5,U,-127,
2026-01-22 21:19:03,2026-01-23 02:19:03.256503+00:00,initial_state,NCAAB,pinnacle,"Louisiana Bulldogs vs Kennesaw State Owls, 2026-01-23, 02",Louisiana Bulldogs,Kennesaw State Owls,Total,,144.0,O,-106,
2026-01-22 21:19:03,2026-01-23 02:19:03.256503+00:00,initial_state,NCAAB,pinnacle,"Louisiana Bulldogs vs Kennesaw State Owls, 2026-01-23, 02",Louisiana Bulldogs,Kennesaw State Owls,Total,,144.0,U,-118,
2026-01-22 21:19:03,2026-01-23 02:19:03.256503+00:00,initial_state,NCAAB,pinnacle,"Louisiana Bulldogs vs Kennesaw State Owls, 2026-01-23, 02",Louisiana Bulldogs,Kennesaw State Owls,Total,,143.5,O,-114,
2026-01-22 21:19:03,2026-01-23 02:19:03.256503+00:00,initial_state,NCAAB,pinnacle,"Louisiana Bulldogs vs Kennesaw State Owls, 2026-01-23, 02",Louisiana Bulldogs,Kennesaw State Owls,Total,,143.5,U,-114,
2026-01-22 21:19:03,2026-01-23 02:19:03.256503+00:00,initial_state,NCAAB,pinnacle,"Louisiana Bulldogs vs Kennesaw State Owls, 2026-01-23, 02",Louisiana Bulldogs,Kennesaw State Owls,Total,,143.0,O,-121,
2026-01-22 21:19:03,2026-01-23 02:19:03.256503+00:00,initial_state,NCAAB,pinnacle,"Louisiana Bulldogs vs Kennesaw State Owls, 2026-01-23, 02",Louisiana Bulldogs,Kennesaw State Owls,Total,,143.0,U,-107,
2026-01-22 21:19:03,2026-01-23 02:19:03.256503+00:00,initial_state,NCAAB,pinnacle,"Louisiana Bulldogs vs Kennesaw State Owls, 2026-01-23, 02",Louisiana Bulldogs,Kennesaw State Owls,Total,,142.5,O,-128,
2026-01-22 21:19:03,2026-01-23 02:19:03.256503+00:00,initial_state,NCAAB,pinnacle,"Louisiana Bulldogs vs Kennesaw State Owls, 2026-01-23, 02",Louisiana Bulldogs,Kennesaw State Owls,Total,,142.5,U,-101,
2026-01-22 21:19:03,2026-01-23 02:19:03.256503+00:00,initial_state,NCAAB,pinnacle,"Louisiana Bulldogs vs Kennesaw State Owls, 2026-01-23, 02",Louisiana Bulldogs,Kennesaw State Owls,Total,,142.0,O,-136,
2026-01-22 21:19:03,2026-01-23 02:19:03.256503+00:00,initial_state,NCAAB,pinnacle,"Louisiana Bulldogs vs Kennesaw State Owls, 2026-01-23, 02",Louisiana Bulldogs,Kennesaw State Owls,Total,,142.0,U,+104,
2026-01-22 21:19:03,2026-01-23 02:19:03.256503+00:00,initial_state,NCAAB,pinnacle,"Louisiana Bulldogs vs Kennesaw State Owls, 2026-01-23, 02",Louisiana Bulldogs,Kennesaw State Owls,Spread,Louisiana Bulldogs,3.0,,-156,
2026-01-22 21:19:03,2026-01-23 02:19:03.256503+00:00,initial_state,NCAAB,pinnacle,"Louisiana Bulldogs vs Kennesaw State Owls, 2026-01-23, 02",Louisiana Bulldogs,Kennesaw State Owls,Spread,Kennesaw State Owls,-3.0,,+123,
2026-01-22 21:19:03,2026-01-23 02:19:03.256503+00:00,initial_state,NCAAB,pinnacle,"Louisiana Bulldogs vs Kennesaw State Owls, 2026-01-23, 02",Louisiana Bulldogs,Kennesaw State Owls,Spread,Louisiana Bulldogs,2.5,,-146,
2026-01-22 21:19:03,2026-01-23 02:19:03.256503+00:00,initial_state,NCAAB,pinnacle,"Louisiana Bulldogs vs Kennesaw State Owls, 2026-01-23, 02",Louisiana Bulldogs,Kennesaw State Owls,Spread,Kennesaw State Owls,-2.5,,+115,
2026-01-22 21:19:03,2026-01-23 02:19:03.256535+00:00,initial_state,NCAAB,pinnacle,"Tennessee Buccaneers vs Citadel Bulldogs, 2026-01-23, 07",Tennessee Buccaneers,Citadel Bulldogs,Spread,Tennessee Buccaneers,-17.0,,-110,
2026-01-22 21:19:03,2026-01-23 02:19:03.256535+00:00,initial_state,NCAAB,pinnacle,"Tennessee Buccaneers vs Citadel Bulldogs, 2026-01-23, 07",Tennessee Buccaneers,Citadel Bulldogs,Spread,Citadel Bulldogs,17.0,,-110,
2026-01-22 21:19:03,2026-01-23 02:19:03.256535+00:00,initial_state,NCAAB,pinnacle,"Tennessee Buccaneers vs Citadel Bulldogs, 2026-01-23, 07",Tennessee Buccaneers,Citadel Bulldogs,Spread,Tennessee Buccaneers,-15.0,,-153,
2026-01-22 21:19:03,2026-01-23 02:19:03.256535+00:00,initial_state,NCAAB,pinnacle,"Tennessee Buccaneers vs Citadel Bulldogs, 2026-01-23, 07",Tennessee Buccaneers,Citadel Bulldogs,Spread,Citadel Bulldogs,15.0,,+121,
2026-01-22 21:19:03,2026-01-23 02:19:03.256535+00:00,initial_state,NCAAB,pinnacle,"Tennessee Buccaneers vs Citadel Bulldogs, 2026-01-23, 07",Tennessee Buccaneers,Citadel Bulldogs,Spread,Tennessee Buccaneers,-15.5,,-143,
2026-01-22 21:19:03,2026-01-23 02:19:03.256535+00:00,initial_state,NCAAB,pinnacle,"Tennessee Buccaneers vs Citadel Bulldogs, 2026-01-23, 07",Tennessee Buccaneers,Citadel Bulldogs,Spread,Citadel Bulldogs,15.5,,+113,
2026-01-22 21:19:03,2026-01-23 02:19:03.256535+00:00,initial_state,NCAAB,pinnacle,"Tennessee Buccaneers vs Citadel Bulldogs, 2026-01-23, 07",Tennessee Buccaneers,Citadel Bulldogs,Spread,Tennessee Buccaneers,-16.0,,-133,
2026-01-22 21:19:03,2026-01-23 02:19:03.256535+00:00,initial_state,NCAAB,pinnacle,"Tennessee Buccaneers vs Citadel Bulldogs, 2026-01-23, 07",Tennessee Buccaneers,Citadel Bulldogs,Spread,Citadel Bulldogs,16.0,,+105,
2026-01-22 21:19:03,2026-01-23 02:19:03.256535+00:00,initial_state,NCAAB,pinnacle,"Tennessee Buccaneers vs Citadel Bulldogs, 2026-01-23, 07",Tennessee Buccaneers,Citadel Bulldogs,Spread,Tennessee Buccaneers,-16.5,,-122,
2026-01-22 21:19:03,2026-01-23 02:19:03.256535+00:00,initial_state,NCAAB,pinnacle,"Tennessee Buccaneers vs Citadel Bulldogs, 2026-01-23, 07",Tennessee Buccaneers,Citadel Bulldogs,Spread,Citadel Bulldogs,16.5,,-103,
2026-01-22 21:19:03,2026-01-23 02:19:03.256535+00:00,initial_state,NCAAB,pinnacle,"Tennessee Buccaneers vs Citadel Bulldogs, 2026-01-23, 07",Tennessee Buccaneers,Citadel Bulldogs,Spread,Tennessee Buccaneers,-17.5,,-103,
2026-01-22 21:19:03,2026-01-23 02:19:03.256535+00:00,initial_state,NCAAB,pinnacle,"Tennessee Buccaneers vs Citadel Bulldogs, 2026-01-23, 07",Tennessee Buccaneers,Citadel Bulldogs,Spread,Citadel Bulldogs,17.5,,-122,
2026-01-22 21:19:03,2026-01-23 02:19:03.256535+00:00,initial_state,NCAAB,pinnacle,"Tennessee Buccaneers vs Citadel Bulldogs, 2026-01-23, 07",Tennessee Buccaneers,Citadel Bulldogs,Spread,Tennessee Buccaneers,-18.0,,+105,
2026-01-22 21:19:03,2026-01-23 02:19:03.256535+00:00,initial_state,NCAAB,pinnacle,"Tennessee Buccaneers vs Citadel Bulldogs, 2026-01-23, 07",Tennessee Buccaneers,Citadel Bulldogs,Spread,Citadel Bulldogs,18.0,,-132,
2026-01-22 21:19:03,2026-01-23 02:19:03.256535+00:00,initial_state,NCAAB,pinnacle,"Tennessee Buccaneers vs Citadel Bulldogs, 2026-01-23, 07",Tennessee Buccaneers,Citadel Bulldogs,Spread,Tennessee Buccaneers,-18.5,,+113,
2026-01-22 21:19:03,2026-01-23 02:19:03.256535+00:00,initial_state,NCAAB,pinnacle,"Tennessee Buccaneers vs Citadel Bulldogs, 2026-01-23, 07",Tennessee Buccaneers,Citadel Bulldogs,Spread,Citadel Bulldogs,18.5,,-142,
2026-01-22 21:19:03,2026-01-23 02:19:03.256535+00:00,initial_state,NCAAB,pinnacle,"Tennessee Buccaneers vs Citadel Bulldogs, 2026-01-23, 07",Tennessee Buccaneers,Citadel Bulldogs,Spread,Tennessee Buccaneers,-19.0,,+120,
2026-01-22 21:19:03,2026-01-23 02:19:03.256535+00:00,initial_state,NCAAB,pinnacle,"Tennessee Buccaneers vs Citadel Bulldogs, 2026-01-23, 07",Tennessee Buccaneers,Citadel Bulldogs,Spread,Citadel Bulldogs,19.0,,-153,
2026-01-22 21:19:03,2026-01-23 02:19:03.256535+00:00,initial_state,NCAAB,pinnacle,"Tennessee Buccaneers vs Citadel Bulldogs, 2026-01-23, 07",Tennessee Buccaneers,Citadel Bulldogs,Total,,142.5,O,+108,
2026-01-22 21:19:03,2026-01-23 02:19:03.256535+00:00,initial_state,NCAAB,pinnacle,"Tennessee Buccaneers vs Citadel Bulldogs, 2026-01-23, 07",Tennessee Buccaneers,Citadel Bulldogs,Total,,142.5,U,-142,
2026-01-22 21:19:03,2026-01-23 02:19:03.256535+00:00,initial_state,NCAAB,pinnacle,"Tennessee Buccaneers vs Citadel Bulldogs, 2026-01-23, 07",Tennessee Buccaneers,Citadel Bulldogs,Total,,142.0,O,+104,
2026-01-22 21:19:03,2026-01-23 02:19:03.256535+00:00,initial_state,NCAAB,pinnacle,"Tennessee Buccaneers vs Citadel Bulldogs, 2026-01-23, 07",Tennessee Buccaneers,Citadel Bulldogs,Total,,142.0,U,-135,
2026-01-22 21:19:03,2026-01-23 02:19:03.256535+00:00,initial_state,NCAAB,pinnacle,"Tennessee Buccaneers vs Citadel Bulldogs, 2026-01-23, 07",Tennessee Buccaneers,Citadel Bulldogs,Total,,141.5,O,-102,
2026-01-22 21:19:03,2026-01-23 02:19:03.256535+00:00,initial_state,NCAAB,pinnacle,"Tennessee Buccaneers vs Citadel Bulldogs, 2026-01-23, 07",Tennessee Buccaneers,Citadel Bulldogs,Total,,141.5,U,-128,
2026-01-22 21:19:03,2026-01-23 02:19:03.256535+00:00,initial_state,NCAAB,pinnacle,"Tennessee Buccaneers vs Citadel Bulldogs, 2026-01-23, 07",Tennessee Buccaneers,Citadel Bulldogs,Total,,141.0,O,-108,
2026-01-22 21:19:03,2026-01-23 02:19:03.256535+00:00,initial_state,NCAAB,pinnacle,"Tennessee Buccaneers vs Citadel Bulldogs, 2026-01-23, 07",Tennessee Buccaneers,Citadel Bulldogs,Total,,141.0,U,-121,
2026-01-22 21:19:03,2026-01-23 02:19:03.256535+00:00,initial_state,NCAAB,pinnacle,"Tennessee Buccaneers vs Citadel Bulldogs, 2026-01-23, 07",Tennessee Buccaneers,Citadel Bulldogs,Total,,140.5,O,-112,
2026-01-22 21:19:03,2026-01-23 02:19:03.256535+00:00,initial_state,NCAAB,pinnacle,"Tennessee Buccaneers vs Citadel Bulldogs, 2026-01-23, 07",Tennessee Buccaneers,Citadel Bulldogs,Total,,140.5,U,-112,
2026-01-22 21:19:03,2026-01-23 02:19:03.256535+00:00,initial_state,NCAAB,pinnacle,"Tennessee Buccaneers vs Citadel Bulldogs, 2026-01-23, 07",Tennessee Buccaneers,Citadel Bulldogs,Total,,140.0,O,-121,
2026-01-22 21:19:03,2026-01-23 02:19:03.256535+00:00,initial_state,NCAAB,pinnacle,"Tennessee Buccaneers vs Citadel Bulldogs, 2026-01-23, 07",Tennessee Buccaneers,Citadel Bulldogs,Total,,140.0,U,-108,
2026-01-22 21:19:03,2026-01-23 02:19:03.256535+00:00,initial_state,NCAAB,pinnacle,"Tennessee Buccaneers vs Citadel Bulldogs, 2026-01-23, 07",Tennessee Buccaneers,Citadel Bulldogs,Total,,139.5,O,-128,
2026-01-22 21:19:03,2026-01-23 02:19:03.256535+00:00,initial_state,NCAAB,pinnacle,"Tennessee Buccaneers vs Citadel Bulldogs, 2026-01-23, 07",Tennessee Buccaneers,Citadel Bulldogs,Total,,139.5,U,-102,
2026-01-22 21:19:03,2026-01-23 02:19:03.256535+00:00,initial_state,NCAAB,pinnacle,"Tennessee Buccaneers vs Citadel Bulldogs, 2026-01-23, 07",Tennessee Buccaneers,Citadel Bulldogs,Total,,139.0,O,-135,
2026-01-22 21:19:03,2026-01-23 02:19:03.256535+00:00,initial_state,NCAAB,pinnacle,"Tennessee Buccaneers vs Citadel Bulldogs, 2026-01-23, 07",Tennessee Buccaneers,Citadel Bulldogs,Total,,139.0,U,+104,
2026-01-22 21:19:03,2026-01-23 02:19:03.256535+00:00,initial_state,NCAAB,pinnacle,"Tennessee Buccaneers vs Citadel Bulldogs, 2026-01-23, 07",Tennessee Buccaneers,Citadel Bulldogs,Total,,138.5,O,-142,
2026-01-22 21:19:03,2026-01-23 02:19:03.256535+00:00,initial_state,NCAAB,pinnacle,"Tennessee Buccaneers vs Citadel Bulldogs, 2026-01-23, 07",Tennessee Buccaneers,Citadel Bulldogs,Total,,138.5,U,+108,
2026-01-22 21:19:03,2026-01-23 02:19:03.256567+00:00,initial_state,NCAAB,pinnacle,"Colorado State Rams vs Utah State Aggies, 2026-01-23, 10",Colorado State Rams,Utah State Aggies,Spread,Colorado State Rams,4.0,,-110,
2026-01-22 21:19:03,2026-01-23 02:19:03.256567+00:00,initial_state,NCAAB,pinnacle,"Colorado State Rams vs Utah State Aggies, 2026-01-23, 10",Colorado State Rams,Utah State Aggies,Spread,Utah State Aggies,-4.0,,-110,
2026-01-22 21:19:03,2026-01-23 02:19:03.256567+00:00,initial_state,NCAAB,pinnacle,"Colorado State Rams vs Utah State Aggies, 2026-01-23, 10",Colorado State Rams,Utah State Aggies,Spread,Colorado State Rams,6.0,,-153,
2026-01-22 21:19:03,2026-01-23 02:19:03.256567+00:00,initial_state,NCAAB,pinnacle,"Colorado State Rams vs Utah State Aggies, 2026-01-23, 10",Colorado State Rams,Utah State Aggies,Spread,Utah State Aggies,-6.0,,+121,
2026-01-22 21:19:03,2026-01-23 02:19:03.256567+00:00,initial_state,NCAAB,pinnacle,"Colorado State Rams vs Utah State Aggies, 2026-01-23, 10",Colorado State Rams,Utah State Aggies,Spread,Colorado State Rams,5.5,,-143,
2026-01-22 21:19:03,2026-01-23 02:19:03.256567+00:00,initial_state,NCAAB,pinnacle,"Colorado State Rams vs Utah State Aggies, 2026-01-23, 10",Colorado State Rams,Utah State Aggies,Spread,Utah State Aggies,-5.5,,+113,
2026-01-22 21:19:03,2026-01-23 02:19:03.256567+00:00,initial_state,NCAAB,pinnacle,"Colorado State Rams vs Utah State Aggies, 2026-01-23, 10",Colorado State Rams,Utah State Aggies,Spread,Colorado State Rams,5.0,,-133,
2026-01-22 21:19:03,2026-01-23 02:19:03.256567+00:00,initial_state,NCAAB,pinnacle,"Colorado State Rams vs Utah State Aggies, 2026-01-23, 10",Colorado State Rams,Utah State Aggies,Spread,Utah State Aggies,-5.0,,+105,
2026-01-22 21:19:03,2026-01-23 02:19:03.256567+00:00,initial_state,NCAAB,pinnacle,"Colorado State Rams vs Utah State Aggies, 2026-01-23, 10",Colorado State Rams,Utah State Aggies,Spread,Colorado State Rams,4.5,,-122,
2026-01-22 21:19:03,2026-01-23 02:19:03.256567+00:00,initial_state,NCAAB,pinnacle,"Colorado State Rams vs Utah State Aggies, 2026-01-23, 10",Colorado State Rams,Utah State Aggies,Spread,Utah State Aggies,-4.5,,-103,
2026-01-22 21:19:03,2026-01-23 02:19:03.256567+00:00,initial_state,NCAAB,pinnacle,"Colorado State Rams vs Utah State Aggies, 2026-01-23, 10",Colorado State Rams,Utah State Aggies,Spread,Colorado State Rams,3.5,,-103,
2026-01-22 21:19:03,2026-01-23 02:19:03.256567+00:00,initial_state,NCAAB,pinnacle,"Colorado State Rams vs Utah State Aggies, 2026-01-23, 10",Colorado State Rams,Utah State Aggies,Spread,Utah State Aggies,-3.5,,-122,
2026-01-22 21:19:03,2026-01-23 02:19:03.256567+00:00,initial_state,NCAAB,pinnacle,"Colorado State Rams vs Utah State Aggies, 2026-01-23, 10",Colorado State Rams,Utah State Aggies,Spread,Colorado State Rams,3.0,,+105,
2026-01-22 21:19:03,2026-01-23 02:19:03.256567+00:00,initial_state,NCAAB,pinnacle,"Colorado State Rams vs Utah State Aggies, 2026-01-23, 10",Colorado State Rams,Utah State Aggies,Spread,Utah State Aggies,-3.0,,-132,
2026-01-22 21:19:03,2026-01-23 02:19:03.256567+00:00,initial_state,NCAAB,pinnacle,"Colorado State Rams vs Utah State Aggies, 2026-01-23, 10",Colorado State Rams,Utah State Aggies,Spread,Colorado State Rams,2.5,,+113,
2026-01-22 21:19:03,2026-01-23 02:19:03.256567+00:00,initial_state,NCAAB,pinnacle,"Colorado State Rams vs Utah State Aggies, 2026-01-23, 10",Colorado State Rams,Utah State Aggies,Spread,Utah State Aggies,-2.5,,-142,
2026-01-22 21:19:03,2026-01-23 02:19:03.256567+00:00,initial_state,NCAAB,pinnacle,"Colorado State Rams vs Utah State Aggies, 2026-01-23, 10",Colorado State Rams,Utah State Aggies,Spread,Colorado State Rams,2.0,,+122,
2026-01-22 21:19:03,2026-01-23 02:19:03.256567+00:00,initial_state,NCAAB,pinnacle,"Colorado State Rams vs Utah State Aggies, 2026-01-23, 10",Colorado State Rams,Utah State Aggies,Spread,Utah State Aggies,-2.0,,-155,
2026-01-22 21:19:03,2026-01-23 02:19:03.256567+00:00,initial_state,NCAAB,pinnacle,"Colorado State Rams vs Utah State Aggies, 2026-01-23, 10",Colorado State Rams,Utah State Aggies,Total,,150.5,O,+108,
2026-01-22 21:19:03,2026-01-23 02:19:03.256567+00:00,initial_state,NCAAB,pinnacle,"Colorado State Rams vs Utah State Aggies, 2026-01-23, 10",Colorado State Rams,Utah State Aggies,Total,,150.5,U,-142,
2026-01-22 21:19:03,2026-01-23 02:19:03.256567+00:00,initial_state,NCAAB,pinnacle,"Colorado State Rams vs Utah State Aggies, 2026-01-23, 10",Colorado State Rams,Utah State Aggies,Total,,150.0,O,+104,
2026-01-22 21:19:03,2026-01-23 02:19:03.256567+00:00,initial_state,NCAAB,pinnacle,"Colorado State Rams vs Utah State Aggies, 2026-01-23, 10",Colorado State Rams,Utah State Aggies,Total,,150.0,U,-135,
2026-01-22 21:19:03,2026-01-23 02:19:03.256567+00:00,initial_state,NCAAB,pinnacle,"Colorado State Rams vs Utah State Aggies, 2026-01-23, 10",Colorado State Rams,Utah State Aggies,Total,,149.5,O,-102,
2026-01-22 21:19:03,2026-01-23 02:19:03.256567+00:00,initial_state,NCAAB,pinnacle,"Colorado State Rams vs Utah State Aggies, 2026-01-23, 10",Colorado State Rams,Utah State Aggies,Total,,149.5,U,-128,
2026-01-22 21:19:03,2026-01-23 02:19:03.256567+00:00,initial_state,NCAAB,pinnacle,"Colorado State Rams vs Utah State Aggies, 2026-01-23, 10",Colorado State Rams,Utah State Aggies,Total,,149.0,O,-108,
2026-01-22 21:19:03,2026-01-23 02:19:03.256567+00:00,initial_state,NCAAB,pinnacle,"Colorado State Rams vs Utah State Aggies, 2026-01-23, 10",Colorado State Rams,Utah State Aggies,Total,,149.0,U,-121,
2026-01-22 21:19:03,2026-01-23 02:19:03.256567+00:00,initial_state,NCAAB,pinnacle,"Colorado State Rams vs Utah State Aggies, 2026-01-23, 10",Colorado State Rams,Utah State Aggies,Total,,148.5,O,-112,
2026-01-22 21:19:03,2026-01-23 02:19:03.256567+00:00,initial_state,NCAAB,pinnacle,"Colorado State Rams vs Utah State Aggies, 2026-01-23, 10",Colorado State Rams,Utah State Aggies,Total,,148.5,U,-112,
2026-01-22 21:19:03,2026-01-23 02:19:03.256567+00:00,initial_state,NCAAB,pinnacle,"Colorado State Rams vs Utah State Aggies, 2026-01-23, 10",Colorado State Rams,Utah State Aggies,Total,,148.0,O,-121,
2026-01-22 21:19:03,2026-01-23 02:19:03.256567+00:00,initial_state,NCAAB,pinnacle,"Colorado State Rams vs Utah State Aggies, 2026-01-23, 10",Colorado State Rams,Utah State Aggies,Total,,148.0,U,-108,
2026-01-22 21:19:03,2026-01-23 02:19:03.256567+00:00,initial_state,NCAAB,pinnacle,"Colorado State Rams vs Utah State Aggies, 2026-01-23, 10",Colorado State Rams,Utah State Aggies,Total,,147.5,O,-128,
2026-01-22 21:19:03,2026-01-23 02:19:03.256567+00:00,initial_state,NCAAB,pinnacle,"Colorado State Rams vs Utah State Aggies, 2026-01-23, 10",Colorado State Rams,Utah State Aggies,Total,,147.5,U,-102,
2026-01-22 21:19:03,2026-01-23 02:19:03.256567+00:00,initial_state,NCAAB,pinnacle,"Colorado State Rams vs Utah State Aggies, 2026-01-23, 10",Colorado State Rams,Utah State Aggies,Total,,147.0,O,-135,
2026-01-22 21:19:03,2026-01-23 02:19:03.256567+00:00,initial_state,NCAAB,pinnacle,"Colorado State Rams vs Utah State Aggies, 2026-01-23, 10",Colorado State Rams,Utah State Aggies,Total,,147.0,U,+104,
2026-01-22 21:19:03,2026-01-23 02:19:03.256567+00:00,initial_state,NCAAB,pinnacle,"Colorado State Rams vs Utah State Aggies, 2026-01-23, 10",Colorado State Rams,Utah State Aggies,Total,,146.5,O,-142,
2026-01-22 21:19:03,2026-01-23 02:19:03.256567+00:00,initial_state,NCAAB,pinnacle,"Colorado State Rams vs Utah State Aggies, 2026-01-23, 10",Colorado State Rams,Utah State Aggies,Total,,146.5,U,+108,
2026-01-22 21:19:03,2026-01-23 02:19:03.256610+00:00,initial_state,NCAAB,pinnacle,"Cal Davis Aggies vs UC San Diego Tritons, 2026-01-22, 09",Cal Davis Aggies,UC San Diego Tritons,Spread,Cal Davis Aggies,5.5,,-126,
2026-01-22 21:19:03,2026-01-23 02:19:03.256610+00:00,initial_state,NCAAB,pinnacle,"Cal Davis Aggies vs UC San Diego Tritons, 2026-01-22, 09",Cal Davis Aggies,UC San Diego Tritons,Spread,UC San Diego Tritons,-5.5,,-107,
2026-01-22 21:19:03,2026-01-23 02:19:03.256610+00:00,initial_state,NCAAB,pinnacle,"Cal Davis Aggies vs UC San Diego Tritons, 2026-01-22, 09",Cal Davis Aggies,UC San Diego Tritons,Spread,Cal Davis Aggies,5.0,,-114,
2026-01-22 21:19:03,2026-01-23 02:19:03.256610+00:00,initial_state,NCAAB,pinnacle,"Cal Davis Aggies vs UC San Diego Tritons, 2026-01-22, 09",Cal Davis Aggies,UC San Diego Tritons,Spread,UC San Diego Tritons,-5.0,,-116,
2026-01-22 21:19:03,2026-01-23 02:19:03.256610+00:00,initial_state,NCAAB,pinnacle,"Cal Davis Aggies vs UC San Diego Tritons, 2026-01-22, 09",Cal Davis Aggies,UC San Diego Tritons,Spread,Cal Davis Aggies,4.5,,-105,
2026-01-22 21:19:03,2026-01-23 02:19:03.256610+00:00,initial_state,NCAAB,pinnacle,"Cal Davis Aggies vs UC San Diego Tritons, 2026-01-22, 09",Cal Davis Aggies,UC San Diego Tritons,Spread,UC San Diego Tritons,-4.5,,-128,
2026-01-22 21:19:03,2026-01-23 02:19:03.256610+00:00,initial_state,NCAAB,pinnacle,"Cal Davis Aggies vs UC San Diego Tritons, 2026-01-22, 09",Cal Davis Aggies,UC San Diego Tritons,Spread,Cal Davis Aggies,4.0,,+104,
2026-01-22 21:19:03,2026-01-23 02:19:03.256610+00:00,initial_state,NCAAB,pinnacle,"Cal Davis Aggies vs UC San Diego Tritons, 2026-01-22, 09",Cal Davis Aggies,UC San Diego Tritons,Spread,UC San Diego Tritons,-4.0,,-141,
2026-01-22 21:19:03,2026-01-23 02:19:03.256610+00:00,initial_state,NCAAB,pinnacle,"Cal Davis Aggies vs UC San Diego Tritons, 2026-01-22, 09",Cal Davis Aggies,UC San Diego Tritons,Spread,Cal Davis Aggies,3.5,,+112,
2026-01-22 21:19:03,2026-01-23 02:19:03.256610+00:00,initial_state,NCAAB,pinnacle,"Cal Davis Aggies vs UC San Diego Tritons, 2026-01-22, 09",Cal Davis Aggies,UC San Diego Tritons,Spread,UC San Diego Tritons,-3.5,,-152,
2026-01-22 21:19:03,2026-01-23 02:19:03.256610+00:00,initial_state,NCAAB,pinnacle,"Cal Davis Aggies vs UC San Diego Tritons, 2026-01-22, 09",Cal Davis Aggies,UC San Diego Tritons,Total,,145.5,O,-103,
2026-01-22 21:19:03,2026-01-23 02:19:03.256610+00:00,initial_state,NCAAB,pinnacle,"Cal Davis Aggies vs UC San Diego Tritons, 2026-01-22, 09",Cal Davis Aggies,UC San Diego Tritons,Total,,145.5,U,-130,
2026-01-22 21:19:03,2026-01-23 02:19:03.256610+00:00,initial_state,NCAAB,pinnacle,"Cal Davis Aggies vs UC San Diego Tritons, 2026-01-22, 09",Cal Davis Aggies,UC San Diego Tritons,Total,,145.0,O,-109,
2026-01-22 21:19:03,2026-01-23 02:19:03.256610+00:00,initial_state,NCAAB,pinnacle,"Cal Davis Aggies vs UC San Diego Tritons, 2026-01-22, 09",Cal Davis Aggies,UC San Diego Tritons,Total,,145.0,U,-123,
2026-01-22 21:19:03,2026-01-23 02:19:03.256610+00:00,initial_state,NCAAB,pinnacle,"Cal Davis Aggies vs UC San Diego Tritons, 2026-01-22, 09",Cal Davis Aggies,UC San Diego Tritons,Total,,144.5,O,-116,
2026-01-22 21:19:03,2026-01-23 02:19:03.256610+00:00,initial_state,NCAAB,pinnacle,"Cal Davis Aggies vs UC San Diego Tritons, 2026-01-22, 09",Cal Davis Aggies,UC San Diego Tritons,Total,,144.5,U,-116,
2026-01-22 21:19:03,2026-01-23 02:19:03.256610+00:00,initial_state,NCAAB,pinnacle,"Cal Davis Aggies vs UC San Diego Tritons, 2026-01-22, 09",Cal Davis Aggies,UC San Diego Tritons,Total,,144.0,O,-122,
2026-01-22 21:19:03,2026-01-23 02:19:03.256610+00:00,initial_state,NCAAB,pinnacle,"Cal Davis Aggies vs UC San Diego Tritons, 2026-01-22, 09",Cal Davis Aggies,UC San Diego Tritons,Total,,144.0,U,-109,
2026-01-22 21:19:03,2026-01-23 02:19:03.256610+00:00,initial_state,NCAAB,pinnacle,"Cal Davis Aggies vs UC San Diego Tritons, 2026-01-22, 09",Cal Davis Aggies,UC San Diego Tritons,Total,,143.5,O,-129,
2026-01-22 21:19:03,2026-01-23 02:19:03.256610+00:00,initial_state,NCAAB,pinnacle,"Cal Davis Aggies vs UC San Diego Tritons, 2026-01-22, 09",Cal Davis Aggies,UC San Diego Tritons,Total,,143.5,U,-104,
2026-01-22 21:19:03,2026-01-23 02:19:03.256610+00:00,initial_state,NCAAB,pinnacle,"Cal Davis Aggies vs UC San Diego Tritons, 2026-01-22, 09",Cal Davis Aggies,UC San Diego Tritons,Total,,143.0,O,-138,
2026-01-22 21:19:03,2026-01-23 02:19:03.256610+00:00,initial_state,NCAAB,pinnacle,"Cal Davis Aggies vs UC San Diego Tritons, 2026-01-22, 09",Cal Davis Aggies,UC San Diego Tritons,Total,,143.0,U,+102,
2026-01-22 21:19:03,2026-01-23 02:19:03.256610+00:00,initial_state,NCAAB,pinnacle,"Cal Davis Aggies vs UC San Diego Tritons, 2026-01-22, 09",Cal Davis Aggies,UC San Diego Tritons,Total,,142.5,O,-145,
2026-01-22 21:19:03,2026-01-23 02:19:03.256610+00:00,initial_state,NCAAB,pinnacle,"Cal Davis Aggies vs UC San Diego Tritons, 2026-01-22, 09",Cal Davis Aggies,UC San Diego Tritons,Total,,142.5,U,+108,
2026-01-22 21:19:03,2026-01-23 02:19:03.256610+00:00,initial_state,NCAAB,pinnacle,"Cal Davis Aggies vs UC San Diego Tritons, 2026-01-22, 09",Cal Davis Aggies,UC San Diego Tritons,Spread,Cal Davis Aggies,6.5,,-150,
2026-01-22 21:19:03,2026-01-23 02:19:03.256610+00:00,initial_state,NCAAB,pinnacle,"Cal Davis Aggies vs UC San Diego Tritons, 2026-01-22, 09",Cal Davis Aggies,UC San Diego Tritons,Spread,UC San Diego Tritons,-6.5,,+111,
2026-01-22 21:19:03,2026-01-23 02:19:03.256610+00:00,initial_state,NCAAB,pinnacle,"Cal Davis Aggies vs UC San Diego Tritons, 2026-01-22, 09",Cal Davis Aggies,UC San Diego Tritons,Spread,Cal Davis Aggies,6.0,,-139,
2026-01-22 21:19:03,2026-01-23 02:19:03.256610+00:00,initial_state,NCAAB,pinnacle,"Cal Davis Aggies vs UC San Diego Tritons, 2026-01-22, 09",Cal Davis Aggies,UC San Diego Tritons,Spread,UC San Diego Tritons,-6.0,,+103,
2026-01-22 21:19:03,2026-01-23 02:19:03.256655+00:00,initial_state,NCAAB,pinnacle,"New Mexico State Aggies vs Missouri State Bears, 2026-01-22, 09",New Mexico State Aggies,Missouri State Bears,Spread,New Mexico State Aggies,1.0,,-163,
2026-01-22 21:19:03,2026-01-23 02:19:03.256655+00:00,initial_state,NCAAB,pinnacle,"New Mexico State Aggies vs Missouri State Bears, 2026-01-22, 09",New Mexico State Aggies,Missouri State Bears,Spread,Missouri State Bears,-1.0,,+131,
2026-01-22 21:19:03,2026-01-23 02:19:03.256655+00:00,initial_state,NCAAB,pinnacle,"New Mexico State Aggies vs Missouri State Bears, 2026-01-22, 09",New Mexico State Aggies,Missouri State Bears,Spread,New Mexico State Aggies,-1.0,,-138,
2026-01-22 21:19:03,2026-01-23 02:19:03.256655+00:00,initial_state,NCAAB,pinnacle,"New Mexico State Aggies vs Missouri State Bears, 2026-01-22, 09",New Mexico State Aggies,Missouri State Bears,Spread,Missouri State Bears,1.0,,+112,
2026-01-22 21:19:03,2026-01-23 02:19:03.256655+00:00,initial_state,NCAAB,pinnacle,"New Mexico State Aggies vs Missouri State Bears, 2026-01-22, 09",New Mexico State Aggies,Missouri State Bears,Spread,New Mexico State Aggies,-1.5,,-127,
2026-01-22 21:19:03,2026-01-23 02:19:03.256655+00:00,initial_state,NCAAB,pinnacle,"New Mexico State Aggies vs Missouri State Bears, 2026-01-22, 09",New Mexico State Aggies,Missouri State Bears,Spread,Missouri State Bears,1.5,,+103,
2026-01-22 21:19:03,2026-01-23 02:19:03.256655+00:00,initial_state,NCAAB,pinnacle,"New Mexico State Aggies vs Missouri State Bears, 2026-01-22, 09",New Mexico State Aggies,Missouri State Bears,Spread,New Mexico State Aggies,-2.0,,-114,
2026-01-22 21:19:03,2026-01-23 02:19:03.256655+00:00,initial_state,NCAAB,pinnacle,"New Mexico State Aggies vs Missouri State Bears, 2026-01-22, 09",New Mexico State Aggies,Missouri State Bears,Spread,Missouri State Bears,2.0,,-106,
2026-01-22 21:19:03,2026-01-23 02:19:03.256655+00:00,initial_state,NCAAB,pinnacle,"New Mexico State Aggies vs Missouri State Bears, 2026-01-22, 09",New Mexico State Aggies,Missouri State Bears,Spread,New Mexico State Aggies,-2.5,,-105,
2026-01-22 21:19:03,2026-01-23 02:19:03.256655+00:00,initial_state,NCAAB,pinnacle,"New Mexico State Aggies vs Missouri State Bears, 2026-01-22, 09",New Mexico State Aggies,Missouri State Bears,Spread,Missouri State Bears,2.5,,-117,
2026-01-22 21:19:03,2026-01-23 02:19:03.256655+00:00,initial_state,NCAAB,pinnacle,"New Mexico State Aggies vs Missouri State Bears, 2026-01-22, 09",New Mexico State Aggies,Missouri State Bears,Spread,New Mexico State Aggies,-3.0,,+104,
2026-01-22 21:19:03,2026-01-23 02:19:03.256655+00:00,initial_state,NCAAB,pinnacle,"New Mexico State Aggies vs Missouri State Bears, 2026-01-22, 09",New Mexico State Aggies,Missouri State Bears,Spread,Missouri State Bears,3.0,,-129,
2026-01-22 21:19:03,2026-01-23 02:19:03.256655+00:00,initial_state,NCAAB,pinnacle,"New Mexico State Aggies vs Missouri State Bears, 2026-01-22, 09",New Mexico State Aggies,Missouri State Bears,Spread,New Mexico State Aggies,-3.5,,+113,
2026-01-22 21:19:03,2026-01-23 02:19:03.256655+00:00,initial_state,NCAAB,pinnacle,"New Mexico State Aggies vs Missouri State Bears, 2026-01-22, 09",New Mexico State Aggies,Missouri State Bears,Spread,Missouri State Bears,3.5,,-140,
2026-01-22 21:19:03,2026-01-23 02:19:03.256655+00:00,initial_state,NCAAB,pinnacle,"New Mexico State Aggies vs Missouri State Bears, 2026-01-22, 09",New Mexico State Aggies,Missouri State Bears,Total,,141.5,O,+109,
2026-01-22 21:19:03,2026-01-23 02:19:03.256655+00:00,initial_state,NCAAB,pinnacle,"New Mexico State Aggies vs Missouri State Bears, 2026-01-22, 09",New Mexico State Aggies,Missouri State Bears,Total,,141.5,U,-135,
2026-01-22 21:19:03,2026-01-23 02:19:03.256655+00:00,initial_state,NCAAB,pinnacle,"New Mexico State Aggies vs Missouri State Bears, 2026-01-22, 09",New Mexico State Aggies,Missouri State Bears,Total,,141.0,O,+103,
2026-01-22 21:19:03,2026-01-23 02:19:03.256655+00:00,initial_state,NCAAB,pinnacle,"New Mexico State Aggies vs Missouri State Bears, 2026-01-22, 09",New Mexico State Aggies,Missouri State Bears,Total,,141.0,U,-127,
2026-01-22 21:19:03,2026-01-23 02:19:03.256655+00:00,initial_state,NCAAB,pinnacle,"New Mexico State Aggies vs Missouri State Bears, 2026-01-22, 09",New Mexico State Aggies,Missouri State Bears,Total,,140.5,O,-103,
2026-01-22 21:19:03,2026-01-23 02:19:03.256655+00:00,initial_state,NCAAB,pinnacle,"New Mexico State Aggies vs Missouri State Bears, 2026-01-22, 09",New Mexico State Aggies,Missouri State Bears,Total,,140.5,U,-119,
2026-01-22 21:19:03,2026-01-23 02:19:03.256655+00:00,initial_state,NCAAB,pinnacle,"New Mexico State Aggies vs Missouri State Bears, 2026-01-22, 09",New Mexico State Aggies,Missouri State Bears,Total,,140.0,O,-108,
2026-01-22 21:19:03,2026-01-23 02:19:03.256655+00:00,initial_state,NCAAB,pinnacle,"New Mexico State Aggies vs Missouri State Bears, 2026-01-22, 09",New Mexico State Aggies,Missouri State Bears,Total,,140.0,U,-112,
2026-01-22 21:19:03,2026-01-23 02:19:03.256655+00:00,initial_state,NCAAB,pinnacle,"New Mexico State Aggies vs Missouri State Bears, 2026-01-22, 09",New Mexico State Aggies,Missouri State Bears,Total,,139.5,O,-115,
2026-01-22 21:19:03,2026-01-23 02:19:03.256655+00:00,initial_state,NCAAB,pinnacle,"New Mexico State Aggies vs Missouri State Bears, 2026-01-22, 09",New Mexico State Aggies,Missouri State Bears,Total,,139.5,U,-107,
2026-01-22 21:19:03,2026-01-23 02:19:03.256655+00:00,initial_state,NCAAB,pinnacle,"New Mexico State Aggies vs Missouri State Bears, 2026-01-22, 09",New Mexico State Aggies,Missouri State Bears,Total,,139.0,O,-123,
2026-01-22 21:19:03,2026-01-23 02:19:03.256655+00:00,initial_state,NCAAB,pinnacle,"New Mexico State Aggies vs Missouri State Bears, 2026-01-22, 09",New Mexico State Aggies,Missouri State Bears,Total,,139.0,U,-101,
2026-01-22 21:19:03,2026-01-23 02:19:03.256655+00:00,initial_state,NCAAB,pinnacle,"New Mexico State Aggies vs Missouri State Bears, 2026-01-22, 09",New Mexico State Aggies,Missouri State Bears,Total,,138.5,O,-130,
2026-01-22 21:19:03,2026-01-23 02:19:03.256655+00:00,initial_state,NCAAB,pinnacle,"New Mexico State Aggies vs Missouri State Bears, 2026-01-22, 09",New Mexico State Aggies,Missouri State Bears,Total,,138.5,U,+105,
2026-01-22 21:19:03,2026-01-23 02:19:03.256685+00:00,initial_state,NCAAB,pinnacle,"Appalachian Mountaineers vs Louisiana Warhawks, 2026-01-23, 12",Appalachian Mountaineers,Louisiana Warhawks,Spread,Appalachian Mountaineers,-16.0,,-110,
2026-01-22 21:19:03,2026-01-23 02:19:03.256685+00:00,initial_state,NCAAB,pinnacle,"Appalachian Mountaineers vs Louisiana Warhawks, 2026-01-23, 12",Appalachian Mountaineers,Louisiana Warhawks,Spread,Louisiana Warhawks,16.0,,-110,
2026-01-22 21:19:03,2026-01-23 02:19:03.256685+00:00,initial_state,NCAAB,pinnacle,"Appalachian Mountaineers vs Louisiana Warhawks, 2026-01-23, 12",Appalachian Mountaineers,Louisiana Warhawks,Spread,Appalachian Mountaineers,-14.0,,-153,
2026-01-22 21:19:03,2026-01-23 02:19:03.256685+00:00,initial_state,NCAAB,pinnacle,"Appalachian Mountaineers vs Louisiana Warhawks, 2026-01-23, 12",Appalachian Mountaineers,Louisiana Warhawks,Spread,Louisiana Warhawks,14.0,,+121,
2026-01-22 21:19:03,2026-01-23 02:19:03.256685+00:00,initial_state,NCAAB,pinnacle,"Appalachian Mountaineers vs Louisiana Warhawks, 2026-01-23, 12",Appalachian Mountaineers,Louisiana Warhawks,Spread,Appalachian Mountaineers,-14.5,,-143,
2026-01-22 21:19:03,2026-01-23 02:19:03.256685+00:00,initial_state,NCAAB,pinnacle,"Appalachian Mountaineers vs Louisiana Warhawks, 2026-01-23, 12",Appalachian Mountaineers,Louisiana Warhawks,Spread,Louisiana Warhawks,14.5,,+113,
2026-01-22 21:19:03,2026-01-23 02:19:03.256685+00:00,initial_state,NCAAB,pinnacle,"Appalachian Mountaineers vs Louisiana Warhawks, 2026-01-23, 12",Appalachian Mountaineers,Louisiana Warhawks,Spread,Appalachian Mountaineers,-15.0,,-133,
2026-01-22 21:19:03,2026-01-23 02:19:03.256685+00:00,initial_state,NCAAB,pinnacle,"Appalachian Mountaineers vs Louisiana Warhawks, 2026-01-23, 12",Appalachian Mountaineers,Louisiana Warhawks,Spread,Louisiana Warhawks,15.0,,+105,
2026-01-22 21:19:03,2026-01-23 02:19:03.256685+00:00,initial_state,NCAAB,pinnacle,"Appalachian Mountaineers vs Louisiana Warhawks, 2026-01-23, 12",Appalachian Mountaineers,Louisiana Warhawks,Spread,Appalachian Mountaineers,-15.5,,-122,
2026-01-22 21:19:03,2026-01-23 02:19:03.256685+00:00,initial_state,NCAAB,pinnacle,"Appalachian Mountaineers vs Louisiana Warhawks, 2026-01-23, 12",Appalachian Mountaineers,Louisiana Warhawks,Spread,Louisiana Warhawks,15.5,,-103,
2026-01-22 21:19:03,2026-01-23 02:19:03.256685+00:00,initial_state,NCAAB,pinnacle,"Appalachian Mountaineers vs Louisiana Warhawks, 2026-01-23, 12",Appalachian Mountaineers,Louisiana Warhawks,Spread,Appalachian Mountaineers,-16.5,,-103,
2026-01-22 21:19:03,2026-01-23 02:19:03.256685+00:00,initial_state,NCAAB,pinnacle,"Appalachian Mountaineers vs Louisiana Warhawks, 2026-01-23, 12",Appalachian Mountaineers,Louisiana Warhawks,Spread,Louisiana Warhawks,16.5,,-122,
2026-01-22 21:19:03,2026-01-23 02:19:03.256685+00:00,initial_state,NCAAB,pinnacle,"Appalachian Mountaineers vs Louisiana Warhawks, 2026-01-23, 12",Appalachian Mountaineers,Louisiana Warhawks,Spread,Appalachian Mountaineers,-17.0,,+105,
2026-01-22 21:19:03,2026-01-23 02:19:03.256685+00:00,initial_state,NCAAB,pinnacle,"Appalachian Mountaineers vs Louisiana Warhawks, 2026-01-23, 12",Appalachian Mountaineers,Louisiana Warhawks,Spread,Louisiana Warhawks,17.0,,-132,
2026-01-22 21:19:03,2026-01-23 02:19:03.256685+00:00,initial_state,NCAAB,pinnacle,"Appalachian Mountaineers vs Louisiana Warhawks, 2026-01-23, 12",Appalachian Mountaineers,Louisiana Warhawks,Spread,Appalachian Mountaineers,-17.5,,+113,
2026-01-22 21:19:03,2026-01-23 02:19:03.256685+00:00,initial_state,NCAAB,pinnacle,"Appalachian Mountaineers vs Louisiana Warhawks, 2026-01-23, 12",Appalachian Mountaineers,Louisiana Warhawks,Spread,Louisiana Warhawks,17.5,,-142,
2026-01-22 21:19:03,2026-01-23 02:19:03.256685+00:00,initial_state,NCAAB,pinnacle,"Appalachian Mountaineers vs Louisiana Warhawks, 2026-01-23, 12",Appalachian Mountaineers,Louisiana Warhawks,Spread,Appalachian Mountaineers,-18.0,,+120,
2026-01-22 21:19:03,2026-01-23 02:19:03.256685+00:00,initial_state,NCAAB,pinnacle,"Appalachian Mountaineers vs Louisiana Warhawks, 2026-01-23, 12",Appalachian Mountaineers,Louisiana Warhawks,Spread,Louisiana Warhawks,18.0,,-153,
2026-01-22 21:19:03,2026-01-23 02:19:03.256685+00:00,initial_state,NCAAB,pinnacle,"Appalachian Mountaineers vs Louisiana Warhawks, 2026-01-23, 12",Appalachian Mountaineers,Louisiana Warhawks,Total,,147.5,O,+108,
2026-01-22 21:19:03,2026-01-23 02:19:03.256685+00:00,initial_state,NCAAB,pinnacle,"Appalachian Mountaineers vs Louisiana Warhawks, 2026-01-23, 12",Appalachian Mountaineers,Louisiana Warhawks,Total,,147.5,U,-142,
2026-01-22 21:19:03,2026-01-23 02:19:03.256685+00:00,initial_state,NCAAB,pinnacle,"Appalachian Mountaineers vs Louisiana Warhawks, 2026-01-23, 12",Appalachian Mountaineers,Louisiana Warhawks,Total,,147.0,O,+104,
2026-01-22 21:19:03,2026-01-23 02:19:03.256685+00:00,initial_state,NCAAB,pinnacle,"Appalachian Mountaineers vs Louisiana Warhawks, 2026-01-23, 12",Appalachian Mountaineers,Louisiana Warhawks,Total,,147.0,U,-135,
2026-01-22 21:19:03,2026-01-23 02:19:03.256685+00:00,initial_state,NCAAB,pinnacle,"Appalachian Mountaineers vs Louisiana Warhawks, 2026-01-23, 12",Appalachian Mountaineers,Louisiana Warhawks,Total,,146.5,O,-102,
2026-01-22 21:19:03,2026-01-23 02:19:03.256685+00:00,initial_state,NCAAB,pinnacle,"Appalachian Mountaineers vs Louisiana Warhawks, 2026-01-23, 12",Appalachian Mountaineers,Louisiana Warhawks,Total,,146.5,U,-128,
2026-01-22 21:19:03,2026-01-23 02:19:03.256685+00:00,initial_state,NCAAB,pinnacle,"Appalachian Mountaineers vs Louisiana Warhawks, 2026-01-23, 12",Appalachian Mountaineers,Louisiana Warhawks,Total,,146.0,O,-108,
2026-01-22 21:19:03,2026-01-23 02:19:03.256685+00:00,initial_state,NCAAB,pinnacle,"Appalachian Mountaineers vs Louisiana Warhawks, 2026-01-23, 12",Appalachian Mountaineers,Louisiana Warhawks,Total,,146.0,U,-121,
2026-01-22 21:19:03,2026-01-23 02:19:03.256685+00:00,initial_state,NCAAB,pinnacle,"Appalachian Mountaineers vs Louisiana Warhawks, 2026-01-23, 12",Appalachian Mountaineers,Louisiana Warhawks,Total,,145.5,O,-112,
2026-01-22 21:19:03,2026-01-23 02:19:03.256685+00:00,initial_state,NCAAB,pinnacle,"Appalachian Mountaineers vs Louisiana Warhawks, 2026-01-23, 12",Appalachian Mountaineers,Louisiana Warhawks,Total,,145.5,U,-112,
2026-01-22 21:19:03,2026-01-23 02:19:03.256685+00:00,initial_state,NCAAB,pinnacle,"Appalachian Mountaineers vs Louisiana Warhawks, 2026-01-23, 12",Appalachian Mountaineers,Louisiana Warhawks,Total,,145.0,O,-121,
2026-01-22 21:19:03,2026-01-23 02:19:03.256685+00:00,initial_state,NCAAB,pinnacle,"Appalachian Mountaineers vs Louisiana Warhawks, 2026-01-23, 12",Appalachian Mountaineers,Louisiana Warhawks,Total,,145.0,U,-108,
2026-01-22 21:19:03,2026-01-23 02:19:03.256685+00:00,initial_state,NCAAB,pinnacle,"Appalachian Mountaineers vs Louisiana Warhawks, 2026-01-23, 12",Appalachian Mountaineers,Louisiana Warhawks,Total,,144.5,O,-128,
2026-01-22 21:19:03,2026-01-23 02:19:03.256685+00:00,initial_state,NCAAB,pinnacle,"Appalachian Mountaineers vs Louisiana Warhawks, 2026-01-23, 12",Appalachian Mountaineers,Louisiana Warhawks,Total,,144.5,U,-102,
2026-01-22 21:19:03,2026-01-23 02:19:03.256685+00:00,initial_state,NCAAB,pinnacle,"Appalachian Mountaineers vs Louisiana Warhawks, 2026-01-23, 12",Appalachian Mountaineers,Louisiana Warhawks,Total,,144.0,O,-135,
2026-01-22 21:19:03,2026-01-23 02:19:03.256685+00:00,initial_state,NCAAB,pinnacle,"Appalachian Mountaineers vs Louisiana Warhawks, 2026-01-23, 12",Appalachian Mountaineers,Louisiana Warhawks,Total,,144.0,U,+104,
2026-01-22 21:19:03,2026-01-23 02:19:03.256685+00:00,initial_state,NCAAB,pinnacle,"Appalachian Mountaineers vs Louisiana Warhawks, 2026-01-23, 12",Appalachian Mountaineers,Louisiana Warhawks,Total,,143.5,O,-142,
2026-01-22 21:19:03,2026-01-23 02:19:03.256685+00:00,initial_state,NCAAB,pinnacle,"Appalachian Mountaineers vs Louisiana Warhawks, 2026-01-23, 12",Appalachian Mountaineers,Louisiana Warhawks,Total,,143.5,U,+108,
2026-01-22 21:19:03,2026-01-23 02:19:03.256715+00:00,initial_state,NCAAB,pinnacle,"Jacksonville State Gamecocks vs Tennessee Blue Raiders, 2026-01-23, 07",Jacksonville State Gamecocks,Tennessee Blue Raiders,Spread,Jacksonville State Gamecocks,2.5,,-150,
2026-01-22 21:19:03,2026-01-23 02:19:03.256715+00:00,initial_state,NCAAB,pinnacle,"Jacksonville State Gamecocks vs Tennessee Blue Raiders, 2026-01-23, 07",Jacksonville State Gamecocks,Tennessee Blue Raiders,Spread,Tennessee Blue Raiders,-2.5,,+123,
2026-01-22 21:19:03,2026-01-23 02:19:03.256715+00:00,initial_state,NCAAB,pinnacle,"Jacksonville State Gamecocks vs Tennessee Blue Raiders, 2026-01-23, 07",Jacksonville State Gamecocks,Tennessee Blue Raiders,Spread,Jacksonville State Gamecocks,2.0,,-139,
2026-01-22 21:19:03,2026-01-23 02:19:03.256715+00:00,initial_state,NCAAB,pinnacle,"Jacksonville State Gamecocks vs Tennessee Blue Raiders, 2026-01-23, 07",Jacksonville State Gamecocks,Tennessee Blue Raiders,Spread,Tennessee Blue Raiders,-2.0,,+114,
2026-01-22 21:19:03,2026-01-23 02:19:03.256715+00:00,initial_state,NCAAB,pinnacle,"Jacksonville State Gamecocks vs Tennessee Blue Raiders, 2026-01-23, 07",Jacksonville State Gamecocks,Tennessee Blue Raiders,Spread,Jacksonville State Gamecocks,1.5,,-127,
2026-01-22 21:19:03,2026-01-23 02:19:03.256715+00:00,initial_state,NCAAB,pinnacle,"Jacksonville State Gamecocks vs Tennessee Blue Raiders, 2026-01-23, 07",Jacksonville State Gamecocks,Tennessee Blue Raiders,Spread,Tennessee Blue Raiders,-1.5,,+105,
2026-01-22 21:19:03,2026-01-23 02:19:03.256715+00:00,initial_state,NCAAB,pinnacle,"Jacksonville State Gamecocks vs Tennessee Blue Raiders, 2026-01-23, 07",Jacksonville State Gamecocks,Tennessee Blue Raiders,Spread,Jacksonville State Gamecocks,1.0,,-120,
2026-01-22 21:19:03,2026-01-23 02:19:03.256715+00:00,initial_state,NCAAB,pinnacle,"Jacksonville State Gamecocks vs Tennessee Blue Raiders, 2026-01-23, 07",Jacksonville State Gamecocks,Tennessee Blue Raiders,Spread,Tennessee Blue Raiders,-1.0,,-101,
2026-01-22 21:19:03,2026-01-23 02:19:03.256715+00:00,initial_state,NCAAB,pinnacle,"Jacksonville State Gamecocks vs Tennessee Blue Raiders, 2026-01-23, 07",Jacksonville State Gamecocks,Tennessee Blue Raiders,Spread,Jacksonville State Gamecocks,-1.0,,-105,
2026-01-22 21:19:03,2026-01-23 02:19:03.256715+00:00,initial_state,NCAAB,pinnacle,"Jacksonville State Gamecocks vs Tennessee Blue Raiders, 2026-01-23, 07",Jacksonville State Gamecocks,Tennessee Blue Raiders,Spread,Tennessee Blue Raiders,1.0,,-115,
2026-01-22 21:19:03,2026-01-23 02:19:03.256715+00:00,initial_state,NCAAB,pinnacle,"Jacksonville State Gamecocks vs Tennessee Blue Raiders, 2026-01-23, 07",Jacksonville State Gamecocks,Tennessee Blue Raiders,Spread,Jacksonville State Gamecocks,-1.5,,+102,
2026-01-22 21:19:03,2026-01-23 02:19:03.256715+00:00,initial_state,NCAAB,pinnacle,"Jacksonville State Gamecocks vs Tennessee Blue Raiders, 2026-01-23, 07",Jacksonville State Gamecocks,Tennessee Blue Raiders,Spread,Tennessee Blue Raiders,1.5,,-124,
2026-01-22 21:19:03,2026-01-23 02:19:03.256715+00:00,initial_state,NCAAB,pinnacle,"Jacksonville State Gamecocks vs Tennessee Blue Raiders, 2026-01-23, 07",Jacksonville State Gamecocks,Tennessee Blue Raiders,Spread,Jacksonville State Gamecocks,-2.0,,+112,
2026-01-22 21:19:03,2026-01-23 02:19:03.256715+00:00,initial_state,NCAAB,pinnacle,"Jacksonville State Gamecocks vs Tennessee Blue Raiders, 2026-01-23, 07",Jacksonville State Gamecocks,Tennessee Blue Raiders,Spread,Tennessee Blue Raiders,2.0,,-136,
2026-01-22 21:19:03,2026-01-23 02:19:03.256715+00:00,initial_state,NCAAB,pinnacle,"Jacksonville State Gamecocks vs Tennessee Blue Raiders, 2026-01-23, 07",Jacksonville State Gamecocks,Tennessee Blue Raiders,Spread,Jacksonville State Gamecocks,-2.5,,+122,
2026-01-22 21:19:03,2026-01-23 02:19:03.256715+00:00,initial_state,NCAAB,pinnacle,"Jacksonville State Gamecocks vs Tennessee Blue Raiders, 2026-01-23, 07",Jacksonville State Gamecocks,Tennessee Blue Raiders,Spread,Tennessee Blue Raiders,2.5,,-150,
2026-01-22 21:19:03,2026-01-23 02:19:03.256715+00:00,initial_state,NCAAB,pinnacle,"Jacksonville State Gamecocks vs Tennessee Blue Raiders, 2026-01-23, 07",Jacksonville State Gamecocks,Tennessee Blue Raiders,Spread,Jacksonville State Gamecocks,-3.0,,+131,
2026-01-22 21:19:03,2026-01-23 02:19:03.256715+00:00,initial_state,NCAAB,pinnacle,"Jacksonville State Gamecocks vs Tennessee Blue Raiders, 2026-01-23, 07",Jacksonville State Gamecocks,Tennessee Blue Raiders,Spread,Tennessee Blue Raiders,3.0,,-160,
2026-01-22 21:19:03,2026-01-23 02:19:03.256715+00:00,initial_state,NCAAB,pinnacle,"Jacksonville State Gamecocks vs Tennessee Blue Raiders, 2026-01-23, 07",Jacksonville State Gamecocks,Tennessee Blue Raiders,Total,,136.0,O,+111,
2026-01-22 21:19:03,2026-01-23 02:19:03.256715+00:00,initial_state,NCAAB,pinnacle,"Jacksonville State Gamecocks vs Tennessee Blue Raiders, 2026-01-23, 07",Jacksonville State Gamecocks,Tennessee Blue Raiders,Total,,136.0,U,-140,
2026-01-22 21:19:03,2026-01-23 02:19:03.256715+00:00,initial_state,NCAAB,pinnacle,"Jacksonville State Gamecocks vs Tennessee Blue Raiders, 2026-01-23, 07",Jacksonville State Gamecocks,Tennessee Blue Raiders,Total,,135.5,O,+105,
2026-01-22 21:19:03,2026-01-23 02:19:03.256715+00:00,initial_state,NCAAB,pinnacle,"Jacksonville State Gamecocks vs Tennessee Blue Raiders, 2026-01-23, 07",Jacksonville State Gamecocks,Tennessee Blue Raiders,Total,,135.5,U,-132,
2026-01-22 21:19:03,2026-01-23 02:19:03.256715+00:00,initial_state,NCAAB,pinnacle,"Jacksonville State Gamecocks vs Tennessee Blue Raiders, 2026-01-23, 07",Jacksonville State Gamecocks,Tennessee Blue Raiders,Total,,135.0,O,+100,
2026-01-22 21:19:03,2026-01-23 02:19:03.256715+00:00,initial_state,NCAAB,pinnacle,"Jacksonville State Gamecocks vs Tennessee Blue Raiders, 2026-01-23, 07",Jacksonville State Gamecocks,Tennessee Blue Raiders,Total,,135.0,U,-126,
2026-01-22 21:19:03,2026-01-23 02:19:03.256715+00:00,initial_state,NCAAB,pinnacle,"Jacksonville State Gamecocks vs Tennessee Blue Raiders, 2026-01-23, 07",Jacksonville State Gamecocks,Tennessee Blue Raiders,Total,,134.5,O,-106,
2026-01-22 21:19:03,2026-01-23 02:19:03.256715+00:00,initial_state,NCAAB,pinnacle,"Jacksonville State Gamecocks vs Tennessee Blue Raiders, 2026-01-23, 07",Jacksonville State Gamecocks,Tennessee Blue Raiders,Total,,134.5,U,-119,
2026-01-22 21:19:03,2026-01-23 02:19:03.256715+00:00,initial_state,NCAAB,pinnacle,"Jacksonville State Gamecocks vs Tennessee Blue Raiders, 2026-01-23, 07",Jacksonville State Gamecocks,Tennessee Blue Raiders,Total,,134.0,O,-112,
2026-01-22 21:19:03,2026-01-23 02:19:03.256715+00:00,initial_state,NCAAB,pinnacle,"Jacksonville State Gamecocks vs Tennessee Blue Raiders, 2026-01-23, 07",Jacksonville State Gamecocks,Tennessee Blue Raiders,Total,,134.0,U,-112,
2026-01-22 21:19:03,2026-01-23 02:19:03.256715+00:00,initial_state,NCAAB,pinnacle,"Jacksonville State Gamecocks vs Tennessee Blue Raiders, 2026-01-23, 07",Jacksonville State Gamecocks,Tennessee Blue Raiders,Total,,133.5,O,-119,
2026-01-22 21:19:03,2026-01-23 02:19:03.256715+00:00,initial_state,NCAAB,pinnacle,"Jacksonville State Gamecocks vs Tennessee Blue Raiders, 2026-01-23, 07",Jacksonville State Gamecocks,Tennessee Blue Raiders,Total,,133.5,U,-106,
2026-01-22 21:19:03,2026-01-23 02:19:03.256715+00:00,initial_state,NCAAB,pinnacle,"Jacksonville State Gamecocks vs Tennessee Blue Raiders, 2026-01-23, 07",Jacksonville State Gamecocks,Tennessee Blue Raiders,Total,,133.0,O,-126,
2026-01-22 21:19:03,2026-01-23 02:19:03.256715+00:00,initial_state,NCAAB,pinnacle,"Jacksonville State Gamecocks vs Tennessee Blue Raiders, 2026-01-23, 07",Jacksonville State Gamecocks,Tennessee Blue Raiders,Total,,133.0,U,+100,
2026-01-22 21:19:03,2026-01-23 02:19:03.256715+00:00,initial_state,NCAAB,pinnacle,"Jacksonville State Gamecocks vs Tennessee Blue Raiders, 2026-01-23, 07",Jacksonville State Gamecocks,Tennessee Blue Raiders,Total,,132.5,O,-132,
2026-01-22 21:19:03,2026-01-23 02:19:03.256715+00:00,initial_state,NCAAB,pinnacle,"Jacksonville State Gamecocks vs Tennessee Blue Raiders, 2026-01-23, 07",Jacksonville State Gamecocks,Tennessee Blue Raiders,Total,,132.5,U,+105,
2026-01-22 21:19:03,2026-01-23 02:19:03.256715+00:00,initial_state,NCAAB,pinnacle,"Jacksonville State Gamecocks vs Tennessee Blue Raiders, 2026-01-23, 07",Jacksonville State Gamecocks,Tennessee Blue Raiders,Total,,132.0,O,-140,
2026-01-22 21:19:03,2026-01-23 02:19:03.256715+00:00,initial_state,NCAAB,pinnacle,"Jacksonville State Gamecocks vs Tennessee Blue Raiders, 2026-01-23, 07",Jacksonville State Gamecocks,Tennessee Blue Raiders,Total,,132.0,U,+111,
2026-01-22 21:19:03,2026-01-23 02:19:03.256822+00:00,initial_state,NCAAB,draftkings,"Oral Roberts Golden Eagles vs North Dakota Fighting Hawks, 2026-01-22, 08",Oral Roberts Golden Eagles,North Dakota Fighting Hawks,Spread,North Dakota Fighting Hawks,-13.5,,+200,https://sportsbook.draftkings.com/event/north-dakota-%40-oral-roberts/33504073?outcomes=0HC83094829N1350_3
2026-01-22 21:19:03,2026-01-23 02:19:03.256822+00:00,initial_state,NCAAB,draftkings,"Oral Roberts Golden Eagles vs North Dakota Fighting Hawks, 2026-01-22, 08",Oral Roberts Golden Eagles,North Dakota Fighting Hawks,Spread,Oral Roberts Golden Eagles,13.5,,-270,https://sportsbook.draftkings.com/event/north-dakota-%40-oral-roberts/33504073?outcomes=0HC83094829P1350_1
2026-01-22 21:19:03,2026-01-23 02:19:03.256822+00:00,initial_state,NCAAB,draftkings,"Oral Roberts Golden Eagles vs North Dakota Fighting Hawks, 2026-01-22, 08",Oral Roberts Golden Eagles,North Dakota Fighting Hawks,Spread,North Dakota Fighting Hawks,-12.5,,+165,https://sportsbook.draftkings.com/event/north-dakota-%40-oral-roberts/33504073?outcomes=0HC83094829N1250_3
2026-01-22 21:19:03,2026-01-23 02:19:03.256822+00:00,initial_state,NCAAB,draftkings,"Oral Roberts Golden Eagles vs North Dakota Fighting Hawks, 2026-01-22, 08",Oral Roberts Golden Eagles,North Dakota Fighting Hawks,Spread,Oral Roberts Golden Eagles,12.5,,-225,https://sportsbook.draftkings.com/event/north-dakota-%40-oral-roberts/33504073?outcomes=0HC83094829P1250_1
2026-01-22 21:19:03,2026-01-23 02:19:03.256822+00:00,initial_state,NCAAB,draftkings,"Oral Roberts Golden Eagles vs North Dakota Fighting Hawks, 2026-01-22, 08",Oral Roberts Golden Eagles,North Dakota Fighting Hawks,Spread,North Dakota Fighting Hawks,-11.5,,+135,https://sportsbook.draftkings.com/event/north-dakota-%40-oral-roberts/33504073?outcomes=0HC83094829N1150_3
2026-01-22 21:19:03,2026-01-23 02:19:03.256822+00:00,initial_state,NCAAB,draftkings,"Oral Roberts Golden Eagles vs North Dakota Fighting Hawks, 2026-01-22, 08",Oral Roberts Golden Eagles,North Dakota Fighting Hawks,Spread,Oral Roberts Golden Eagles,11.5,,-185,https://sportsbook.draftkings.com/event/north-dakota-%40-oral-roberts/33504073?outcomes=0HC83094829P1150_1
2026-01-22 21:19:03,2026-01-23 02:19:03.256822+00:00,initial_state,NCAAB,draftkings,"Oral Roberts Golden Eagles vs North Dakota Fighting Hawks, 2026-01-22, 08",Oral Roberts Golden Eagles,North Dakota Fighting Hawks,Spread,North Dakota Fighting Hawks,-6.5,,-195,https://sportsbook.draftkings.com/event/north-dakota-%40-oral-roberts/33504073?outcomes=0HC83094829N650_3
2026-01-22 21:19:03,2026-01-23 02:19:03.256822+00:00,initial_state,NCAAB,draftkings,"Oral Roberts Golden Eagles vs North Dakota Fighting Hawks, 2026-01-22, 08",Oral Roberts Golden Eagles,North Dakota Fighting Hawks,Spread,Oral Roberts Golden Eagles,6.5,,+145,https://sportsbook.draftkings.com/event/north-dakota-%40-oral-roberts/33504073?outcomes=0HC83094829P650_1
2026-01-22 21:19:03,2026-01-23 02:19:03.256822+00:00,initial_state,NCAAB,draftkings,"Oral Roberts Golden Eagles vs North Dakota Fighting Hawks, 2026-01-22, 08",Oral Roberts Golden Eagles,North Dakota Fighting Hawks,Spread,North Dakota Fighting Hawks,-5.5,,-235,https://sportsbook.draftkings.com/event/north-dakota-%40-oral-roberts/33504073?outcomes=0HC83094829N550_3
2026-01-22 21:19:03,2026-01-23 02:19:03.256822+00:00,initial_state,NCAAB,draftkings,"Oral Roberts Golden Eagles vs North Dakota Fighting Hawks, 2026-01-22, 08",Oral Roberts Golden Eagles,North Dakota Fighting Hawks,Spread,Oral Roberts Golden Eagles,5.5,,+170,https://sportsbook.draftkings.com/event/north-dakota-%40-oral-roberts/33504073?outcomes=0HC83094829P550_1
2026-01-22 21:19:03,2026-01-23 02:19:03.256822+00:00,initial_state,NCAAB,draftkings,"Oral Roberts Golden Eagles vs North Dakota Fighting Hawks, 2026-01-22, 08",Oral Roberts Golden Eagles,North Dakota Fighting Hawks,Spread,North Dakota Fighting Hawks,-4.5,,-270,https://sportsbook.draftkings.com/event/north-dakota-%40-oral-roberts/33504073?outcomes=0HC83094829N450_3
2026-01-22 21:19:03,2026-01-23 02:19:03.256822+00:00,initial_state,NCAAB,draftkings,"Oral Roberts Golden Eagles vs North Dakota Fighting Hawks, 2026-01-22, 08",Oral Roberts Golden Eagles,North Dakota Fighting Hawks,Spread,Oral Roberts Golden Eagles,4.5,,+195,https://sportsbook.draftkings.com/event/north-dakota-%40-oral-roberts/33504073?outcomes=0HC83094829P450_1
2026-01-22 21:19:03,2026-01-23 02:19:03.256822+00:00,initial_state,NCAAB,draftkings,"Oral Roberts Golden Eagles vs North Dakota Fighting Hawks, 2026-01-22, 08",Oral Roberts Golden Eagles,North Dakota Fighting Hawks,Spread,North Dakota Fighting Hawks,-3.5,,-330,https://sportsbook.draftkings.com/event/north-dakota-%40-oral-roberts/33504073?outcomes=0HC83094829N350_3
2026-01-22 21:19:03,2026-01-23 02:19:03.256822+00:00,initial_state,NCAAB,draftkings,"Oral Roberts Golden Eagles vs North Dakota Fighting Hawks, 2026-01-22, 08",Oral Roberts Golden Eagles,North Dakota Fighting Hawks,Spread,Oral Roberts Golden Eagles,3.5,,+235,https://sportsbook.draftkings.com/event/north-dakota-%40-oral-roberts/33504073?outcomes=0HC83094829P350_1
2026-01-22 21:19:03,2026-01-23 02:19:03.256822+00:00,initial_state,NCAAB,draftkings,"Oral Roberts Golden Eagles vs North Dakota Fighting Hawks, 2026-01-22, 08",Oral Roberts Golden Eagles,North Dakota Fighting Hawks,Total,,131.5,O,-280,https://sportsbook.draftkings.com/event/north-dakota-%40-oral-roberts/33504073?outcomes=0OU83094829O13150_1
2026-01-22 21:19:03,2026-01-23 02:19:03.256822+00:00,initial_state,NCAAB,draftkings,"Oral Roberts Golden Eagles vs North Dakota Fighting Hawks, 2026-01-22, 08",Oral Roberts Golden Eagles,North Dakota Fighting Hawks,Total,,131.5,U,+205,https://sportsbook.draftkings.com/event/north-dakota-%40-oral-roberts/33504073?outcomes=0OU83094829U13150_3
2026-01-22 21:19:03,2026-01-23 02:19:03.256822+00:00,initial_state,NCAAB,draftkings,"Oral Roberts Golden Eagles vs North Dakota Fighting Hawks, 2026-01-22, 08",Oral Roberts Golden Eagles,North Dakota Fighting Hawks,Total,,132.5,O,-240,https://sportsbook.draftkings.com/event/north-dakota-%40-oral-roberts/33504073?outcomes=0OU83094829O13250_1
2026-01-22 21:19:03,2026-01-23 02:19:03.256822+00:00,initial_state,NCAAB,draftkings,"Oral Roberts Golden Eagles vs North Dakota Fighting Hawks, 2026-01-22, 08",Oral Roberts Golden Eagles,North Dakota Fighting Hawks,Total,,132.5,U,+175,https://sportsbook.draftkings.com/event/north-dakota-%40-oral-roberts/33504073?outcomes=0OU83094829U13250_3
2026-01-22 21:19:03,2026-01-23 02:19:03.256822+00:00,initial_state,NCAAB,draftkings,"Oral Roberts Golden Eagles vs North Dakota Fighting Hawks, 2026-01-22, 08",Oral Roberts Golden Eagles,North Dakota Fighting Hawks,Total,,133.5,O,-200,https://sportsbook.draftkings.com/event/north-dakota-%40-oral-roberts/33504073?outcomes=0OU83094829O13350_1
2026-01-22 21:19:03,2026-01-23 02:19:03.256822+00:00,initial_state,NCAAB,draftkings,"Oral Roberts Golden Eagles vs North Dakota Fighting Hawks, 2026-01-22, 08",Oral Roberts Golden Eagles,North Dakota Fighting Hawks,Total,,133.5,U,+150,https://sportsbook.draftkings.com/event/north-dakota-%40-oral-roberts/33504073?outcomes=0OU83094829U13350_3
2026-01-22 21:19:03,2026-01-23 02:19:03.256822+00:00,initial_state,NCAAB,draftkings,"Oral Roberts Golden Eagles vs North Dakota Fighting Hawks, 2026-01-22, 08",Oral Roberts Golden Eagles,North Dakota Fighting Hawks,Total,,138.5,O,+105,https://sportsbook.draftkings.com/event/north-dakota-%40-oral-roberts/33504073?outcomes=0OU83094829O13850_1
2026-01-22 21:19:03,2026-01-23 02:19:03.256822+00:00,initial_state,NCAAB,draftkings,"Oral Roberts Golden Eagles vs North Dakota Fighting Hawks, 2026-01-22, 08",Oral Roberts Golden Eagles,North Dakota Fighting Hawks,Total,,138.5,U,-140,https://sportsbook.draftkings.com/event/north-dakota-%40-oral-roberts/33504073?outcomes=0OU83094829U13850_3
2026-01-22 21:19:03,2026-01-23 02:19:03.256822+00:00,initial_state,NCAAB,draftkings,"Oral Roberts Golden Eagles vs North Dakota Fighting Hawks, 2026-01-22, 08",Oral Roberts Golden Eagles,North Dakota Fighting Hawks,Total,,139.5,O,+120,https://sportsbook.draftkings.com/event/north-dakota-%40-oral-roberts/33504073?outcomes=0OU83094829O13950_1
2026-01-22 21:19:03,2026-01-23 02:19:03.256822+00:00,initial_state,NCAAB,draftkings,"Oral Roberts Golden Eagles vs North Dakota Fighting Hawks, 2026-01-22, 08",Oral Roberts Golden Eagles,North Dakota Fighting Hawks,Total,,139.5,U,-165,https://sportsbook.draftkings.com/event/north-dakota-%40-oral-roberts/33504073?outcomes=0OU83094829U13950_3
2026-01-22 21:19:03,2026-01-23 02:19:03.256822+00:00,initial_state,NCAAB,draftkings,"Oral Roberts Golden Eagles vs North Dakota Fighting Hawks, 2026-01-22, 08",Oral Roberts Golden Eagles,North Dakota Fighting Hawks,Total,,140.5,O,+140,https://sportsbook.draftkings.com/event/north-dakota-%40-oral-roberts/33504073?outcomes=0OU83094829O14050_1
2026-01-22 21:19:03,2026-01-23 02:19:03.256822+00:00,initial_state,NCAAB,draftkings,"Oral Roberts Golden Eagles vs North Dakota Fighting Hawks, 2026-01-22, 08",Oral Roberts Golden Eagles,North Dakota Fighting Hawks,Total,,140.5,U,-190,https://sportsbook.draftkings.com/event/north-dakota-%40-oral-roberts/33504073?outcomes=0OU83094829U14050_3
2026-01-22 21:19:03,2026-01-23 02:19:03.256822+00:00,initial_state,NCAAB,draftkings,"Oral Roberts Golden Eagles vs North Dakota Fighting Hawks, 2026-01-22, 08",Oral Roberts Golden Eagles,North Dakota Fighting Hawks,Total,,141.5,O,+165,https://sportsbook.draftkings.com/event/north-dakota-%40-oral-roberts/33504073?outcomes=0OU83094829O14150_1
2026-01-22 21:19:03,2026-01-23 02:19:03.256822+00:00,initial_state,NCAAB,draftkings,"Oral Roberts Golden Eagles vs North Dakota Fighting Hawks, 2026-01-22, 08",Oral Roberts Golden Eagles,North Dakota Fighting Hawks,Total,,134.5,O,-175,https://sportsbook.draftkings.com/event/north-dakota-%40-oral-roberts/33504073?outcomes=0OU83094829O13450_1
2026-01-22 21:19:03,2026-01-23 02:19:03.256822+00:00,initial_state,NCAAB,draftkings,"Oral Roberts Golden Eagles vs North Dakota Fighting Hawks, 2026-01-22, 08",Oral Roberts Golden Eagles,North Dakota Fighting Hawks,Total,,141.5,U,-225,https://sportsbook.draftkings.com/event/north-dakota-%40-oral-roberts/33504073?outcomes=0OU83094829U14150_3
2026-01-22 21:19:03,2026-01-23 02:19:03.256822+00:00,initial_state,NCAAB,draftkings,"Oral Roberts Golden Eagles vs North Dakota Fighting Hawks, 2026-01-22, 08",Oral Roberts Golden Eagles,North Dakota Fighting Hawks,Total,,134.5,U,+130,https://sportsbook.draftkings.com/event/north-dakota-%40-oral-roberts/33504073?outcomes=0OU83094829U13450_3
2026-01-22 21:19:03,2026-01-23 02:19:03.256822+00:00,initial_state,NCAAB,draftkings,"Oral Roberts Golden Eagles vs North Dakota Fighting Hawks, 2026-01-22, 08",Oral Roberts Golden Eagles,North Dakota Fighting Hawks,Spread,North Dakota Fighting Hawks,-8.5,,-135,https://sportsbook.draftkings.com/event/north-dakota-%40-oral-roberts/33504073?outcomes=0HC83094829N850_3
2026-01-22 21:19:03,2026-01-23 02:19:03.256822+00:00,initial_state,NCAAB,draftkings,"Oral Roberts Golden Eagles vs North Dakota Fighting Hawks, 2026-01-22, 08",Oral Roberts Golden Eagles,North Dakota Fighting Hawks,Spread,Oral Roberts Golden Eagles,8.5,,+100,https://sportsbook.draftkings.com/event/north-dakota-%40-oral-roberts/33504073?outcomes=0HC83094829P850_1
2026-01-22 21:19:03,2026-01-23 02:19:03.256822+00:00,initial_state,NCAAB,draftkings,"Oral Roberts Golden Eagles vs North Dakota Fighting Hawks, 2026-01-22, 08",Oral Roberts Golden Eagles,North Dakota Fighting Hawks,Total,,136.5,O,-130,https://sportsbook.draftkings.com/event/north-dakota-%40-oral-roberts/33504073?outcomes=0OU83094829O13650_1
2026-01-22 21:19:03,2026-01-23 02:19:03.256822+00:00,initial_state,NCAAB,draftkings,"Oral Roberts Golden Eagles vs North Dakota Fighting Hawks, 2026-01-22, 08",Oral Roberts Golden Eagles,North Dakota Fighting Hawks,Total,,136.5,U,-105,https://sportsbook.draftkings.com/event/north-dakota-%40-oral-roberts/33504073?outcomes=0OU83094829U13650_3
2026-01-22 21:19:03,2026-01-23 02:19:03.256822+00:00,initial_state,NCAAB,draftkings,"Oral Roberts Golden Eagles vs North Dakota Fighting Hawks, 2026-01-22, 08",Oral Roberts Golden Eagles,North Dakota Fighting Hawks,Spread,North Dakota Fighting Hawks,-10.5,,+110,https://sportsbook.draftkings.com/event/north-dakota-%40-oral-roberts/33504073?outcomes=0HC83094829N1050_3
2026-01-22 21:19:03,2026-01-23 02:19:03.256822+00:00,initial_state,NCAAB,draftkings,"Oral Roberts Golden Eagles vs North Dakota Fighting Hawks, 2026-01-22, 08",Oral Roberts Golden Eagles,North Dakota Fighting Hawks,Spread,North Dakota Fighting Hawks,-2.5,,-425,https://sportsbook.draftkings.com/event/north-dakota-%40-oral-roberts/33504073?outcomes=0HC83094829N250_3
2026-01-22 21:19:03,2026-01-23 02:19:03.256822+00:00,initial_state,NCAAB,draftkings,"Oral Roberts Golden Eagles vs North Dakota Fighting Hawks, 2026-01-22, 08",Oral Roberts Golden Eagles,North Dakota Fighting Hawks,Spread,Oral Roberts Golden Eagles,10.5,,-150,https://sportsbook.draftkings.com/event/north-dakota-%40-oral-roberts/33504073?outcomes=0HC83094829P1050_1
2026-01-22 21:19:03,2026-01-23 02:19:03.256822+00:00,initial_state,NCAAB,draftkings,"Oral Roberts Golden Eagles vs North Dakota Fighting Hawks, 2026-01-22, 08",Oral Roberts Golden Eagles,North Dakota Fighting Hawks,Spread,Oral Roberts Golden Eagles,2.5,,+290,https://sportsbook.draftkings.com/event/north-dakota-%40-oral-roberts/33504073?outcomes=0HC83094829P250_1
2026-01-22 21:19:03,2026-01-23 02:19:03.256822+00:00,initial_state,NCAAB,draftkings,"Oral Roberts Golden Eagles vs North Dakota Fighting Hawks, 2026-01-22, 08",Oral Roberts Golden Eagles,North Dakota Fighting Hawks,Total,,135.5,O,-145,https://sportsbook.draftkings.com/event/north-dakota-%40-oral-roberts/33504073?outcomes=0OU83094829O13550_1
2026-01-22 21:19:03,2026-01-23 02:19:03.256822+00:00,initial_state,NCAAB,draftkings,"Oral Roberts Golden Eagles vs North Dakota Fighting Hawks, 2026-01-22, 08",Oral Roberts Golden Eagles,North Dakota Fighting Hawks,Total,,142.5,O,+190,https://sportsbook.draftkings.com/event/north-dakota-%40-oral-roberts/33504073?outcomes=0OU83094829O14250_1
2026-01-22 21:19:03,2026-01-23 02:19:03.256822+00:00,initial_state,NCAAB,draftkings,"Oral Roberts Golden Eagles vs North Dakota Fighting Hawks, 2026-01-22, 08",Oral Roberts Golden Eagles,North Dakota Fighting Hawks,Total,,143.5,O,+215,https://sportsbook.draftkings.com/event/north-dakota-%40-oral-roberts/33504073?outcomes=0OU83094829O14350_1
2026-01-22 21:19:03,2026-01-23 02:19:03.256822+00:00,initial_state,NCAAB,draftkings,"Oral Roberts Golden Eagles vs North Dakota Fighting Hawks, 2026-01-22, 08",Oral Roberts Golden Eagles,North Dakota Fighting Hawks,Total,,135.5,U,+110,https://sportsbook.draftkings.com/event/north-dakota-%40-oral-roberts/33504073?outcomes=0OU83094829U13550_3
2026-01-22 21:19:03,2026-01-23 02:19:03.256822+00:00,initial_state,NCAAB,draftkings,"Oral Roberts Golden Eagles vs North Dakota Fighting Hawks, 2026-01-22, 08",Oral Roberts Golden Eagles,North Dakota Fighting Hawks,Total,,142.5,U,-260,https://sportsbook.draftkings.com/event/north-dakota-%40-oral-roberts/33504073?outcomes=0OU83094829U14250_3
2026-01-22 21:19:03,2026-01-23 02:19:03.256822+00:00,initial_state,NCAAB,draftkings,"Oral Roberts Golden Eagles vs North Dakota Fighting Hawks, 2026-01-22, 08",Oral Roberts Golden Eagles,North Dakota Fighting Hawks,Total,,143.5,U,-300,https://sportsbook.draftkings.com/event/north-dakota-%40-oral-roberts/33504073?outcomes=0OU83094829U14350_3
2026-01-22 21:19:03,2026-01-23 02:19:03.256822+00:00,initial_state,NCAAB,draftkings,"Oral Roberts Golden Eagles vs North Dakota Fighting Hawks, 2026-01-22, 08",Oral Roberts Golden Eagles,North Dakota Fighting Hawks,Total,,137.5,O,-110,https://sportsbook.draftkings.com/event/north-dakota-%40-oral-roberts/33504073?outcomes=0OU83094633O13750_1
2026-01-22 21:19:03,2026-01-23 02:19:03.256822+00:00,initial_state,NCAAB,draftkings,"Oral Roberts Golden Eagles vs North Dakota Fighting Hawks, 2026-01-22, 08",Oral Roberts Golden Eagles,North Dakota Fighting Hawks,Total,,137.5,U,-120,https://sportsbook.draftkings.com/event/north-dakota-%40-oral-roberts/33504073?outcomes=0OU83094633U13750_3
2026-01-22 21:19:03,2026-01-23 02:19:03.256923+00:00,initial_state,NCAAB,draftkings,"Southern Indiana Screaming Eagles vs Eastern Illinois Panthers, 2026-01-22, 08",Southern Indiana Screaming Eagles,Eastern Illinois Panthers,Spread,Eastern Illinois Panthers,3.5,,+145,https://sportsbook.draftkings.com/event/eastern-illinois-%40-southern-indiana/33504074?outcomes=0HC83094766P350_3
2026-01-22 21:19:03,2026-01-23 02:19:03.256923+00:00,initial_state,NCAAB,draftkings,"Southern Indiana Screaming Eagles vs Eastern Illinois Panthers, 2026-01-22, 08",Southern Indiana Screaming Eagles,Eastern Illinois Panthers,Spread,Southern Indiana Screaming Eagles,-3.5,,-200,https://sportsbook.draftkings.com/event/eastern-illinois-%40-southern-indiana/33504074?outcomes=0HC83094766N350_1
2026-01-22 21:19:03,2026-01-23 02:19:03.256923+00:00,initial_state,NCAAB,draftkings,"Southern Indiana Screaming Eagles vs Eastern Illinois Panthers, 2026-01-22, 08",Southern Indiana Screaming Eagles,Eastern Illinois Panthers,Spread,Eastern Illinois Panthers,4.5,,+125,https://sportsbook.draftkings.com/event/eastern-illinois-%40-southern-indiana/33504074?outcomes=0HC83094766P450_3
2026-01-22 21:19:03,2026-01-23 02:19:03.256923+00:00,initial_state,NCAAB,draftkings,"Southern Indiana Screaming Eagles vs Eastern Illinois Panthers, 2026-01-22, 08",Southern Indiana Screaming Eagles,Eastern Illinois Panthers,Spread,Southern Indiana Screaming Eagles,-4.5,,-170,https://sportsbook.draftkings.com/event/eastern-illinois-%40-southern-indiana/33504074?outcomes=0HC83094766N450_1
2026-01-22 21:19:03,2026-01-23 02:19:03.256923+00:00,initial_state,NCAAB,draftkings,"Southern Indiana Screaming Eagles vs Eastern Illinois Panthers, 2026-01-22, 08",Southern Indiana Screaming Eagles,Eastern Illinois Panthers,Spread,Eastern Illinois Panthers,5.5,,+110,https://sportsbook.draftkings.com/event/eastern-illinois-%40-southern-indiana/33504074?outcomes=0HC83094766P550_3
2026-01-22 21:19:03,2026-01-23 02:19:03.256923+00:00,initial_state,NCAAB,draftkings,"Southern Indiana Screaming Eagles vs Eastern Illinois Panthers, 2026-01-22, 08",Southern Indiana Screaming Eagles,Eastern Illinois Panthers,Spread,Southern Indiana Screaming Eagles,-5.5,,-145,https://sportsbook.draftkings.com/event/eastern-illinois-%40-southern-indiana/33504074?outcomes=0HC83094766N550_1
2026-01-22 21:19:03,2026-01-23 02:19:03.256923+00:00,initial_state,NCAAB,draftkings,"Southern Indiana Screaming Eagles vs Eastern Illinois Panthers, 2026-01-22, 08",Southern Indiana Screaming Eagles,Eastern Illinois Panthers,Spread,Eastern Illinois Panthers,10.5,,-245,https://sportsbook.draftkings.com/event/eastern-illinois-%40-southern-indiana/33504074?outcomes=0HC83094766P1050_3
2026-01-22 21:19:03,2026-01-23 02:19:03.256923+00:00,initial_state,NCAAB,draftkings,"Southern Indiana Screaming Eagles vs Eastern Illinois Panthers, 2026-01-22, 08",Southern Indiana Screaming Eagles,Eastern Illinois Panthers,Spread,Southern Indiana Screaming Eagles,-10.5,,+180,https://sportsbook.draftkings.com/event/eastern-illinois-%40-southern-indiana/33504074?outcomes=0HC83094766N1050_1
2026-01-22 21:19:03,2026-01-23 02:19:03.256923+00:00,initial_state,NCAAB,draftkings,"Southern Indiana Screaming Eagles vs Eastern Illinois Panthers, 2026-01-22, 08",Southern Indiana Screaming Eagles,Eastern Illinois Panthers,Spread,Eastern Illinois Panthers,11.5,,-300,https://sportsbook.draftkings.com/event/eastern-illinois-%40-southern-indiana/33504074?outcomes=0HC83094766P1150_3
2026-01-22 21:19:03,2026-01-23 02:19:03.256923+00:00,initial_state,NCAAB,draftkings,"Southern Indiana Screaming Eagles vs Eastern Illinois Panthers, 2026-01-22, 08",Southern Indiana Screaming Eagles,Eastern Illinois Panthers,Spread,Southern Indiana Screaming Eagles,-11.5,,+215,https://sportsbook.draftkings.com/event/eastern-illinois-%40-southern-indiana/33504074?outcomes=0HC83094766N1150_1
2026-01-22 21:19:03,2026-01-23 02:19:03.256923+00:00,initial_state,NCAAB,draftkings,"Southern Indiana Screaming Eagles vs Eastern Illinois Panthers, 2026-01-22, 08",Southern Indiana Screaming Eagles,Eastern Illinois Panthers,Spread,Eastern Illinois Panthers,12.5,,-360,https://sportsbook.draftkings.com/event/eastern-illinois-%40-southern-indiana/33504074?outcomes=0HC83094766P1250_3
2026-01-22 21:19:03,2026-01-23 02:19:03.256923+00:00,initial_state,NCAAB,draftkings,"Southern Indiana Screaming Eagles vs Eastern Illinois Panthers, 2026-01-22, 08",Southern Indiana Screaming Eagles,Eastern Illinois Panthers,Spread,Southern Indiana Screaming Eagles,-12.5,,+260,https://sportsbook.draftkings.com/event/eastern-illinois-%40-southern-indiana/33504074?outcomes=0HC83094766N1250_1
2026-01-22 21:19:03,2026-01-23 02:19:03.256923+00:00,initial_state,NCAAB,draftkings,"Southern Indiana Screaming Eagles vs Eastern Illinois Panthers, 2026-01-22, 08",Southern Indiana Screaming Eagles,Eastern Illinois Panthers,Spread,Eastern Illinois Panthers,13.5,,-450,https://sportsbook.draftkings.com/event/eastern-illinois-%40-southern-indiana/33504074?outcomes=0HC83094766P1350_3
2026-01-22 21:19:03,2026-01-23 02:19:03.256923+00:00,initial_state,NCAAB,draftkings,"Southern Indiana Screaming Eagles vs Eastern Illinois Panthers, 2026-01-22, 08",Southern Indiana Screaming Eagles,Eastern Illinois Panthers,Spread,Southern Indiana Screaming Eagles,-13.5,,+310,https://sportsbook.draftkings.com/event/eastern-illinois-%40-southern-indiana/33504074?outcomes=0HC83094766N1350_1
2026-01-22 21:19:03,2026-01-23 02:19:03.256923+00:00,initial_state,NCAAB,draftkings,"Southern Indiana Screaming Eagles vs Eastern Illinois Panthers, 2026-01-22, 08",Southern Indiana Screaming Eagles,Eastern Illinois Panthers,Total,,114.5,O,-220,https://sportsbook.draftkings.com/event/eastern-illinois-%40-southern-indiana/33504074?outcomes=0OU83094766O11450_1
2026-01-22 21:19:03,2026-01-23 02:19:03.256923+00:00,initial_state,NCAAB,draftkings,"Southern Indiana Screaming Eagles vs Eastern Illinois Panthers, 2026-01-22, 08",Southern Indiana Screaming Eagles,Eastern Illinois Panthers,Total,,114.5,U,+160,https://sportsbook.draftkings.com/event/eastern-illinois-%40-southern-indiana/33504074?outcomes=0OU83094766U11450_3
2026-01-22 21:19:03,2026-01-23 02:19:03.256923+00:00,initial_state,NCAAB,draftkings,"Southern Indiana Screaming Eagles vs Eastern Illinois Panthers, 2026-01-22, 08",Southern Indiana Screaming Eagles,Eastern Illinois Panthers,Total,,115.5,O,-190,https://sportsbook.draftkings.com/event/eastern-illinois-%40-southern-indiana/33504074?outcomes=0OU83094766O11550_1
2026-01-22 21:19:03,2026-01-23 02:19:03.256923+00:00,initial_state,NCAAB,draftkings,"Southern Indiana Screaming Eagles vs Eastern Illinois Panthers, 2026-01-22, 08",Southern Indiana Screaming Eagles,Eastern Illinois Panthers,Total,,115.5,U,+140,https://sportsbook.draftkings.com/event/eastern-illinois-%40-southern-indiana/33504074?outcomes=0OU83094766U11550_3
2026-01-22 21:19:03,2026-01-23 02:19:03.256923+00:00,initial_state,NCAAB,draftkings,"Southern Indiana Screaming Eagles vs Eastern Illinois Panthers, 2026-01-22, 08",Southern Indiana Screaming Eagles,Eastern Illinois Panthers,Total,,121.5,O,+120,https://sportsbook.draftkings.com/event/eastern-illinois-%40-southern-indiana/33504074?outcomes=0OU83094766O12150_1
2026-01-22 21:19:03,2026-01-23 02:19:03.256923+00:00,initial_state,NCAAB,draftkings,"Southern Indiana Screaming Eagles vs Eastern Illinois Panthers, 2026-01-22, 08",Southern Indiana Screaming Eagles,Eastern Illinois Panthers,Total,,121.5,U,-165,https://sportsbook.draftkings.com/event/eastern-illinois-%40-southern-indiana/33504074?outcomes=0OU83094766U12150_3
2026-01-22 21:19:03,2026-01-23 02:19:03.256923+00:00,initial_state,NCAAB,draftkings,"Southern Indiana Screaming Eagles vs Eastern Illinois Panthers, 2026-01-22, 08",Southern Indiana Screaming Eagles,Eastern Illinois Panthers,Total,,122.5,O,+140,https://sportsbook.draftkings.com/event/eastern-illinois-%40-southern-indiana/33504074?outcomes=0OU83094766O12250_1
2026-01-22 21:19:03,2026-01-23 02:19:03.256923+00:00,initial_state,NCAAB,draftkings,"Southern Indiana Screaming Eagles vs Eastern Illinois Panthers, 2026-01-22, 08",Southern Indiana Screaming Eagles,Eastern Illinois Panthers,Total,,122.5,U,-190,https://sportsbook.draftkings.com/event/eastern-illinois-%40-southern-indiana/33504074?outcomes=0OU83094766U12250_3
2026-01-22 21:19:03,2026-01-23 02:19:03.256923+00:00,initial_state,NCAAB,draftkings,"Southern Indiana Screaming Eagles vs Eastern Illinois Panthers, 2026-01-22, 08",Southern Indiana Screaming Eagles,Eastern Illinois Panthers,Total,,123.5,O,+155,https://sportsbook.draftkings.com/event/eastern-illinois-%40-southern-indiana/33504074?outcomes=0OU83094766O12350_1
2026-01-22 21:19:03,2026-01-23 02:19:03.256923+00:00,initial_state,NCAAB,draftkings,"Southern Indiana Screaming Eagles vs Eastern Illinois Panthers, 2026-01-22, 08",Southern Indiana Screaming Eagles,Eastern Illinois Panthers,Total,,123.5,U,-215,https://sportsbook.draftkings.com/event/eastern-illinois-%40-southern-indiana/33504074?outcomes=0OU83094766U12350_3
2026-01-22 21:19:03,2026-01-23 02:19:03.256923+00:00,initial_state,NCAAB,draftkings,"Southern Indiana Screaming Eagles vs Eastern Illinois Panthers, 2026-01-22, 08",Southern Indiana Screaming Eagles,Eastern Illinois Panthers,Spread,Southern Indiana Screaming Eagles,-2.5,,-245,https://sportsbook.draftkings.com/event/eastern-illinois-%40-southern-indiana/33504074?outcomes=0HC83094766N250_1
2026-01-22 21:19:03,2026-01-23 02:19:03.256923+00:00,initial_state,NCAAB,draftkings,"Southern Indiana Screaming Eagles vs Eastern Illinois Panthers, 2026-01-22, 08",Southern Indiana Screaming Eagles,Eastern Illinois Panthers,Spread,Eastern Illinois Panthers,2.5,,+175,https://sportsbook.draftkings.com/event/eastern-illinois-%40-southern-indiana/33504074?outcomes=0HC83094766P250_3
2026-01-22 21:19:03,2026-01-23 02:19:03.256923+00:00,initial_state,NCAAB,draftkings,"Southern Indiana Screaming Eagles vs Eastern Illinois Panthers, 2026-01-22, 08",Southern Indiana Screaming Eagles,Eastern Illinois Panthers,Spread,Southern Indiana Screaming Eagles,-9.5,,+145,https://sportsbook.draftkings.com/event/eastern-illinois-%40-southern-indiana/33504074?outcomes=0HC83094766N950_1
2026-01-22 21:19:03,2026-01-23 02:19:03.256923+00:00,initial_state,NCAAB,draftkings,"Southern Indiana Screaming Eagles vs Eastern Illinois Panthers, 2026-01-22, 08",Southern Indiana Screaming Eagles,Eastern Illinois Panthers,Spread,Eastern Illinois Panthers,9.5,,-195,https://sportsbook.draftkings.com/event/eastern-illinois-%40-southern-indiana/33504074?outcomes=0HC83094766P950_3
2026-01-22 21:19:03,2026-01-23 02:19:03.256923+00:00,initial_state,NCAAB,draftkings,"Southern Indiana Screaming Eagles vs Eastern Illinois Panthers, 2026-01-22, 08",Southern Indiana Screaming Eagles,Eastern Illinois Panthers,Total,,113.5,O,-255,https://sportsbook.draftkings.com/event/eastern-illinois-%40-southern-indiana/33504074?outcomes=0OU83094766O11350_1
2026-01-22 21:19:03,2026-01-23 02:19:03.256923+00:00,initial_state,NCAAB,draftkings,"Southern Indiana Screaming Eagles vs Eastern Illinois Panthers, 2026-01-22, 08",Southern Indiana Screaming Eagles,Eastern Illinois Panthers,Total,,120.5,O,+110,https://sportsbook.draftkings.com/event/eastern-illinois-%40-southern-indiana/33504074?outcomes=0OU83094766O12050_1
2026-01-22 21:19:03,2026-01-23 02:19:03.256923+00:00,initial_state,NCAAB,draftkings,"Southern Indiana Screaming Eagles vs Eastern Illinois Panthers, 2026-01-22, 08",Southern Indiana Screaming Eagles,Eastern Illinois Panthers,Total,,113.5,U,+185,https://sportsbook.draftkings.com/event/eastern-illinois-%40-southern-indiana/33504074?outcomes=0OU83094766U11350_3
2026-01-22 21:19:03,2026-01-23 02:19:03.256923+00:00,initial_state,NCAAB,draftkings,"Southern Indiana Screaming Eagles vs Eastern Illinois Panthers, 2026-01-22, 08",Southern Indiana Screaming Eagles,Eastern Illinois Panthers,Total,,120.5,U,-145,https://sportsbook.draftkings.com/event/eastern-illinois-%40-southern-indiana/33504074?outcomes=0OU83094766U12050_3
2026-01-22 21:19:03,2026-01-23 02:19:03.256923+00:00,initial_state,NCAAB,draftkings,"Southern Indiana Screaming Eagles vs Eastern Illinois Panthers, 2026-01-22, 08",Southern Indiana Screaming Eagles,Eastern Illinois Panthers,Total,,119.5,O,-110,https://sportsbook.draftkings.com/event/eastern-illinois-%40-southern-indiana/33504074?outcomes=0OU83094766O11950_1
2026-01-22 21:19:03,2026-01-23 02:19:03.256923+00:00,initial_state,NCAAB,draftkings,"Southern Indiana Screaming Eagles vs Eastern Illinois Panthers, 2026-01-22, 08",Southern Indiana Screaming Eagles,Eastern Illinois Panthers,Total,,119.5,U,-125,https://sportsbook.draftkings.com/event/eastern-illinois-%40-southern-indiana/33504074?outcomes=0OU83094766U11950_3
2026-01-22 21:19:03,2026-01-23 02:19:03.256923+00:00,initial_state,NCAAB,draftkings,"Southern Indiana Screaming Eagles vs Eastern Illinois Panthers, 2026-01-22, 08",Southern Indiana Screaming Eagles,Eastern Illinois Panthers,Total,,117.5,O,-140,https://sportsbook.draftkings.com/event/eastern-illinois-%40-southern-indiana/33504074?outcomes=0OU83094766O11750_1
2026-01-22 21:19:03,2026-01-23 02:19:03.256923+00:00,initial_state,NCAAB,draftkings,"Southern Indiana Screaming Eagles vs Eastern Illinois Panthers, 2026-01-22, 08",Southern Indiana Screaming Eagles,Eastern Illinois Panthers,Total,,117.5,U,+105,https://sportsbook.draftkings.com/event/eastern-illinois-%40-southern-indiana/33504074?outcomes=0OU83094766U11750_3
2026-01-22 21:19:03,2026-01-23 02:19:03.256923+00:00,initial_state,NCAAB,draftkings,"Southern Indiana Screaming Eagles vs Eastern Illinois Panthers, 2026-01-22, 08",Southern Indiana Screaming Eagles,Eastern Illinois Panthers,Total,,116.5,O,-165,https://sportsbook.draftkings.com/event/eastern-illinois-%40-southern-indiana/33504074?outcomes=0OU83094766O11650_1
2026-01-22 21:19:03,2026-01-23 02:19:03.256923+00:00,initial_state,NCAAB,draftkings,"Southern Indiana Screaming Eagles vs Eastern Illinois Panthers, 2026-01-22, 08",Southern Indiana Screaming Eagles,Eastern Illinois Panthers,Total,,116.5,U,+120,https://sportsbook.draftkings.com/event/eastern-illinois-%40-southern-indiana/33504074?outcomes=0OU83094766U11650_3
2026-01-22 21:19:03,2026-01-23 02:19:03.256923+00:00,initial_state,NCAAB,draftkings,"Southern Indiana Screaming Eagles vs Eastern Illinois Panthers, 2026-01-22, 08",Southern Indiana Screaming Eagles,Eastern Illinois Panthers,Total,,118.5,U,-110,https://sportsbook.draftkings.com/event/eastern-illinois-%40-southern-indiana/33504074?outcomes=0OU83094638U11850_3
2026-01-22 21:19:03,2026-01-23 02:19:03.256923+00:00,initial_state,NCAAB,draftkings,"Southern Indiana Screaming Eagles vs Eastern Illinois Panthers, 2026-01-22, 08",Southern Indiana Screaming Eagles,Eastern Illinois Panthers,Total,,118.5,O,-120,https://sportsbook.draftkings.com/event/eastern-illinois-%40-southern-indiana/33504074?outcomes=0OU83094638O11850_1
2026-01-22 21:19:03,2026-01-23 02:19:03.256923+00:00,initial_state,NCAAB,draftkings,"Southern Indiana Screaming Eagles vs Eastern Illinois Panthers, 2026-01-22, 08",Southern Indiana Screaming Eagles,Eastern Illinois Panthers,Total,,124.5,O,+180,https://sportsbook.draftkings.com/event/eastern-illinois-%40-southern-indiana/33504074?outcomes=0OU83094766O12450_1
2026-01-22 21:19:03,2026-01-23 02:19:03.256923+00:00,initial_state,NCAAB,draftkings,"Southern Indiana Screaming Eagles vs Eastern Illinois Panthers, 2026-01-22, 08",Southern Indiana Screaming Eagles,Eastern Illinois Panthers,Total,,124.5,U,-245,https://sportsbook.draftkings.com/event/eastern-illinois-%40-southern-indiana/33504074?outcomes=0OU83094766U12450_3
2026-01-22 21:19:03,2026-01-23 02:19:03.256923+00:00,initial_state,NCAAB,draftkings,"Southern Indiana Screaming Eagles vs Eastern Illinois Panthers, 2026-01-22, 08",Southern Indiana Screaming Eagles,Eastern Illinois Panthers,Spread,Southern Indiana Screaming Eagles,-7.5,,-105,https://sportsbook.draftkings.com/event/eastern-illinois-%40-southern-indiana/33504074?outcomes=0HC83094766N750_1
2026-01-22 21:19:03,2026-01-23 02:19:03.256923+00:00,initial_state,NCAAB,draftkings,"Southern Indiana Screaming Eagles vs Eastern Illinois Panthers, 2026-01-22, 08",Southern Indiana Screaming Eagles,Eastern Illinois Panthers,Spread,Eastern Illinois Panthers,7.5,,-130,https://sportsbook.draftkings.com/event/eastern-illinois-%40-southern-indiana/33504074?outcomes=0HC83094766P750_3
2026-01-22 21:19:03,2026-01-23 02:19:03.257000+00:00,initial_state,NCAAB,draftkings,"Lindenwood Lions vs Tennessee Tech Golden Eagles, 2026-01-22, 08",Lindenwood Lions,Tennessee Tech Golden Eagles,Spread,Tennessee Tech Golden Eagles,16.5,,+165,https://sportsbook.draftkings.com/event/tennessee-tech-%40-lindenwood/33504078?outcomes=0HC83095063P1650_3
2026-01-22 21:19:03,2026-01-23 02:19:03.257000+00:00,initial_state,NCAAB,draftkings,"Lindenwood Lions vs Tennessee Tech Golden Eagles, 2026-01-22, 08",Lindenwood Lions,Tennessee Tech Golden Eagles,Spread,Lindenwood Lions,-16.5,,-225,https://sportsbook.draftkings.com/event/tennessee-tech-%40-lindenwood/33504078?outcomes=0HC83095063N1650_1
2026-01-22 21:19:03,2026-01-23 02:19:03.257000+00:00,initial_state,NCAAB,draftkings,"Lindenwood Lions vs Tennessee Tech Golden Eagles, 2026-01-22, 08",Lindenwood Lions,Tennessee Tech Golden Eagles,Spread,Tennessee Tech Golden Eagles,17.5,,+140,https://sportsbook.draftkings.com/event/tennessee-tech-%40-lindenwood/33504078?outcomes=0HC83095063P1750_3
2026-01-22 21:19:03,2026-01-23 02:19:03.257000+00:00,initial_state,NCAAB,draftkings,"Lindenwood Lions vs Tennessee Tech Golden Eagles, 2026-01-22, 08",Lindenwood Lions,Tennessee Tech Golden Eagles,Spread,Lindenwood Lions,-17.5,,-190,https://sportsbook.draftkings.com/event/tennessee-tech-%40-lindenwood/33504078?outcomes=0HC83095063N1750_1
2026-01-22 21:19:03,2026-01-23 02:19:03.257000+00:00,initial_state,NCAAB,draftkings,"Lindenwood Lions vs Tennessee Tech Golden Eagles, 2026-01-22, 08",Lindenwood Lions,Tennessee Tech Golden Eagles,Spread,Tennessee Tech Golden Eagles,23.5,,-215,https://sportsbook.draftkings.com/event/tennessee-tech-%40-lindenwood/33504078?outcomes=0HC83095063P2350_3
2026-01-22 21:19:03,2026-01-23 02:19:03.257000+00:00,initial_state,NCAAB,draftkings,"Lindenwood Lions vs Tennessee Tech Golden Eagles, 2026-01-22, 08",Lindenwood Lions,Tennessee Tech Golden Eagles,Spread,Lindenwood Lions,-23.5,,+160,https://sportsbook.draftkings.com/event/tennessee-tech-%40-lindenwood/33504078?outcomes=0HC83095063N2350_1
2026-01-22 21:19:03,2026-01-23 02:19:03.257000+00:00,initial_state,NCAAB,draftkings,"Lindenwood Lions vs Tennessee Tech Golden Eagles, 2026-01-22, 08",Lindenwood Lions,Tennessee Tech Golden Eagles,Spread,Tennessee Tech Golden Eagles,24.5,,-255,https://sportsbook.draftkings.com/event/tennessee-tech-%40-lindenwood/33504078?outcomes=0HC83095063P2450_3
2026-01-22 21:19:03,2026-01-23 02:19:03.257000+00:00,initial_state,NCAAB,draftkings,"Lindenwood Lions vs Tennessee Tech Golden Eagles, 2026-01-22, 08",Lindenwood Lions,Tennessee Tech Golden Eagles,Spread,Lindenwood Lions,-24.5,,+185,https://sportsbook.draftkings.com/event/tennessee-tech-%40-lindenwood/33504078?outcomes=0HC83095063N2450_1
2026-01-22 21:19:03,2026-01-23 02:19:03.257000+00:00,initial_state,NCAAB,draftkings,"Lindenwood Lions vs Tennessee Tech Golden Eagles, 2026-01-22, 08",Lindenwood Lions,Tennessee Tech Golden Eagles,Total,,156.5,O,-105,https://sportsbook.draftkings.com/event/tennessee-tech-%40-lindenwood/33504078?outcomes=0OU83095063O15650_1
2026-01-22 21:19:03,2026-01-23 02:19:03.257000+00:00,initial_state,NCAAB,draftkings,"Lindenwood Lions vs Tennessee Tech Golden Eagles, 2026-01-22, 08",Lindenwood Lions,Tennessee Tech Golden Eagles,Total,,149.5,O,-285,https://sportsbook.draftkings.com/event/tennessee-tech-%40-lindenwood/33504078?outcomes=0OU83095063O14950_1
2026-01-22 21:19:03,2026-01-23 02:19:03.257000+00:00,initial_state,NCAAB,draftkings,"Lindenwood Lions vs Tennessee Tech Golden Eagles, 2026-01-22, 08",Lindenwood Lions,Tennessee Tech Golden Eagles,Total,,156.5,U,-130,https://sportsbook.draftkings.com/event/tennessee-tech-%40-lindenwood/33504078?outcomes=0OU83095063U15650_3
2026-01-22 21:19:03,2026-01-23 02:19:03.257000+00:00,initial_state,NCAAB,draftkings,"Lindenwood Lions vs Tennessee Tech Golden Eagles, 2026-01-22, 08",Lindenwood Lions,Tennessee Tech Golden Eagles,Total,,149.5,U,+210,https://sportsbook.draftkings.com/event/tennessee-tech-%40-lindenwood/33504078?outcomes=0OU83095063U14950_3
2026-01-22 21:19:03,2026-01-23 02:19:03.257000+00:00,initial_state,NCAAB,draftkings,"Lindenwood Lions vs Tennessee Tech Golden Eagles, 2026-01-22, 08",Lindenwood Lions,Tennessee Tech Golden Eagles,Spread,Lindenwood Lions,-19.5,,-130,https://sportsbook.draftkings.com/event/tennessee-tech-%40-lindenwood/33504078?outcomes=0HC83095063N1950_1
2026-01-22 21:19:03,2026-01-23 02:19:03.257000+00:00,initial_state,NCAAB,draftkings,"Lindenwood Lions vs Tennessee Tech Golden Eagles, 2026-01-22, 08",Lindenwood Lions,Tennessee Tech Golden Eagles,Spread,Tennessee Tech Golden Eagles,19.5,,-105,https://sportsbook.draftkings.com/event/tennessee-tech-%40-lindenwood/33504078?outcomes=0HC83095063P1950_3
2026-01-22 21:19:03,2026-01-23 02:19:03.257000+00:00,initial_state,NCAAB,draftkings,"Lindenwood Lions vs Tennessee Tech Golden Eagles, 2026-01-22, 08",Lindenwood Lions,Tennessee Tech Golden Eagles,Total,,151.5,O,-215,https://sportsbook.draftkings.com/event/tennessee-tech-%40-lindenwood/33504078?outcomes=0OU83095063O15150_1
2026-01-22 21:19:03,2026-01-23 02:19:03.257000+00:00,initial_state,NCAAB,draftkings,"Lindenwood Lions vs Tennessee Tech Golden Eagles, 2026-01-22, 08",Lindenwood Lions,Tennessee Tech Golden Eagles,Total,,151.5,U,+160,https://sportsbook.draftkings.com/event/tennessee-tech-%40-lindenwood/33504078?outcomes=0OU83095063U15150_3
2026-01-22 21:19:03,2026-01-23 02:19:03.257000+00:00,initial_state,NCAAB,draftkings,"Lindenwood Lions vs Tennessee Tech Golden Eagles, 2026-01-22, 08",Lindenwood Lions,Tennessee Tech Golden Eagles,Total,,153.5,U,+120,https://sportsbook.draftkings.com/event/tennessee-tech-%40-lindenwood/33504078?outcomes=0OU83095063U15350_3
2026-01-22 21:19:03,2026-01-23 02:19:03.257000+00:00,initial_state,NCAAB,draftkings,"Lindenwood Lions vs Tennessee Tech Golden Eagles, 2026-01-22, 08",Lindenwood Lions,Tennessee Tech Golden Eagles,Total,,153.5,O,-160,https://sportsbook.draftkings.com/event/tennessee-tech-%40-lindenwood/33504078?outcomes=0OU83095063O15350_1
2026-01-22 21:19:03,2026-01-23 02:19:03.257000+00:00,initial_state,NCAAB,draftkings,"Lindenwood Lions vs Tennessee Tech Golden Eagles, 2026-01-22, 08",Lindenwood Lions,Tennessee Tech Golden Eagles,Total,,152.5,O,-185,https://sportsbook.draftkings.com/event/tennessee-tech-%40-lindenwood/33504078?outcomes=0OU83095063O15250_1
2026-01-22 21:19:03,2026-01-23 02:19:03.257000+00:00,initial_state,NCAAB,draftkings,"Lindenwood Lions vs Tennessee Tech Golden Eagles, 2026-01-22, 08",Lindenwood Lions,Tennessee Tech Golden Eagles,Total,,152.5,U,+135,https://sportsbook.draftkings.com/event/tennessee-tech-%40-lindenwood/33504078?outcomes=0OU83095063U15250_3
2026-01-22 21:19:03,2026-01-23 02:19:03.257000+00:00,initial_state,NCAAB,draftkings,"Lindenwood Lions vs Tennessee Tech Golden Eagles, 2026-01-22, 08",Lindenwood Lions,Tennessee Tech Golden Eagles,Spread,Lindenwood Lions,-15.5,,-275,https://sportsbook.draftkings.com/event/tennessee-tech-%40-lindenwood/33504078?outcomes=0HC83095063N1550_1
2026-01-22 21:19:03,2026-01-23 02:19:03.257000+00:00,initial_state,NCAAB,draftkings,"Lindenwood Lions vs Tennessee Tech Golden Eagles, 2026-01-22, 08",Lindenwood Lions,Tennessee Tech Golden Eagles,Spread,Lindenwood Lions,-22.5,,+135,https://sportsbook.draftkings.com/event/tennessee-tech-%40-lindenwood/33504078?outcomes=0HC83095063N2250_1
2026-01-22 21:19:03,2026-01-23 02:19:03.257000+00:00,initial_state,NCAAB,draftkings,"Lindenwood Lions vs Tennessee Tech Golden Eagles, 2026-01-22, 08",Lindenwood Lions,Tennessee Tech Golden Eagles,Spread,Tennessee Tech Golden Eagles,15.5,,+200,https://sportsbook.draftkings.com/event/tennessee-tech-%40-lindenwood/33504078?outcomes=0HC83095063P1550_3
2026-01-22 21:19:03,2026-01-23 02:19:03.257000+00:00,initial_state,NCAAB,draftkings,"Lindenwood Lions vs Tennessee Tech Golden Eagles, 2026-01-22, 08",Lindenwood Lions,Tennessee Tech Golden Eagles,Spread,Tennessee Tech Golden Eagles,22.5,,-180,https://sportsbook.draftkings.com/event/tennessee-tech-%40-lindenwood/33504078?outcomes=0HC83095063P2250_3
2026-01-22 21:19:03,2026-01-23 02:19:03.257000+00:00,initial_state,NCAAB,draftkings,"Lindenwood Lions vs Tennessee Tech Golden Eagles, 2026-01-22, 08",Lindenwood Lions,Tennessee Tech Golden Eagles,Spread,Lindenwood Lions,-21.5,,+110,https://sportsbook.draftkings.com/event/tennessee-tech-%40-lindenwood/33504078?outcomes=0HC83095063N2150_1
2026-01-22 21:19:03,2026-01-23 02:19:03.257000+00:00,initial_state,NCAAB,draftkings,"Lindenwood Lions vs Tennessee Tech Golden Eagles, 2026-01-22, 08",Lindenwood Lions,Tennessee Tech Golden Eagles,Spread,Lindenwood Lions,-14.5,,-350,https://sportsbook.draftkings.com/event/tennessee-tech-%40-lindenwood/33504078?outcomes=0HC83095063N1450_1
2026-01-22 21:19:03,2026-01-23 02:19:03.257000+00:00,initial_state,NCAAB,draftkings,"Lindenwood Lions vs Tennessee Tech Golden Eagles, 2026-01-22, 08",Lindenwood Lions,Tennessee Tech Golden Eagles,Spread,Tennessee Tech Golden Eagles,21.5,,-150,https://sportsbook.draftkings.com/event/tennessee-tech-%40-lindenwood/33504078?outcomes=0HC83095063P2150_3
2026-01-22 21:19:03,2026-01-23 02:19:03.257000+00:00,initial_state,NCAAB,draftkings,"Lindenwood Lions vs Tennessee Tech Golden Eagles, 2026-01-22, 08",Lindenwood Lions,Tennessee Tech Golden Eagles,Spread,Tennessee Tech Golden Eagles,14.5,,+245,https://sportsbook.draftkings.com/event/tennessee-tech-%40-lindenwood/33504078?outcomes=0HC83095063P1450_3
2026-01-22 21:19:03,2026-01-23 02:19:03.257000+00:00,initial_state,NCAAB,draftkings,"Lindenwood Lions vs Tennessee Tech Golden Eagles, 2026-01-22, 08",Lindenwood Lions,Tennessee Tech Golden Eagles,Total,,154.5,O,-140,https://sportsbook.draftkings.com/event/tennessee-tech-%40-lindenwood/33504078?outcomes=0OU83095063O15450_1
2026-01-22 21:19:03,2026-01-23 02:19:03.257000+00:00,initial_state,NCAAB,draftkings,"Lindenwood Lions vs Tennessee Tech Golden Eagles, 2026-01-22, 08",Lindenwood Lions,Tennessee Tech Golden Eagles,Total,,154.5,U,+105,https://sportsbook.draftkings.com/event/tennessee-tech-%40-lindenwood/33504078?outcomes=0OU83095063U15450_3
2026-01-22 21:19:03,2026-01-23 02:19:03.257103+00:00,initial_state,NCAAB,draftkings,"Southeast Missouri State Redhawks vs Arkansas Little Rock Trojans, 2026-01-22, 08",Southeast Missouri State Redhawks,Arkansas Little Rock Trojans,Spread,Arkansas Little Rock Trojans,1.5,,+190,https://sportsbook.draftkings.com/event/little-rock-%40-se-missouri-state/33504075?outcomes=0HC83095054P150_3
2026-01-22 21:19:03,2026-01-23 02:19:03.257103+00:00,initial_state,NCAAB,draftkings,"Southeast Missouri State Redhawks vs Arkansas Little Rock Trojans, 2026-01-22, 08",Southeast Missouri State Redhawks,Arkansas Little Rock Trojans,Spread,Southeast Missouri State Redhawks,-1.5,,-260,https://sportsbook.draftkings.com/event/little-rock-%40-se-missouri-state/33504075?outcomes=0HC83095054N150_1
2026-01-22 21:19:03,2026-01-23 02:19:03.257103+00:00,initial_state,NCAAB,draftkings,"Southeast Missouri State Redhawks vs Arkansas Little Rock Trojans, 2026-01-22, 08",Southeast Missouri State Redhawks,Arkansas Little Rock Trojans,Spread,Arkansas Little Rock Trojans,3.5,,+125,https://sportsbook.draftkings.com/event/little-rock-%40-se-missouri-state/33504075?outcomes=0HC83095054P350_3
2026-01-22 21:19:03,2026-01-23 02:19:03.257103+00:00,initial_state,NCAAB,draftkings,"Southeast Missouri State Redhawks vs Arkansas Little Rock Trojans, 2026-01-22, 08",Southeast Missouri State Redhawks,Arkansas Little Rock Trojans,Spread,Southeast Missouri State Redhawks,-3.5,,-170,https://sportsbook.draftkings.com/event/little-rock-%40-se-missouri-state/33504075?outcomes=0HC83095054N350_1
2026-01-22 21:19:03,2026-01-23 02:19:03.257103+00:00,initial_state,NCAAB,draftkings,"Southeast Missouri State Redhawks vs Arkansas Little Rock Trojans, 2026-01-22, 08",Southeast Missouri State Redhawks,Arkansas Little Rock Trojans,Spread,Arkansas Little Rock Trojans,8.5,,-185,https://sportsbook.draftkings.com/event/little-rock-%40-se-missouri-state/33504075?outcomes=0HC83095054P850_3
2026-01-22 21:19:03,2026-01-23 02:19:03.257103+00:00,initial_state,NCAAB,draftkings,"Southeast Missouri State Redhawks vs Arkansas Little Rock Trojans, 2026-01-22, 08",Southeast Missouri State Redhawks,Arkansas Little Rock Trojans,Spread,Southeast Missouri State Redhawks,-8.5,,+135,https://sportsbook.draftkings.com/event/little-rock-%40-se-missouri-state/33504075?outcomes=0HC83095054N850_1
2026-01-22 21:19:03,2026-01-23 02:19:03.257103+00:00,initial_state,NCAAB,draftkings,"Southeast Missouri State Redhawks vs Arkansas Little Rock Trojans, 2026-01-22, 08",Southeast Missouri State Redhawks,Arkansas Little Rock Trojans,Spread,Arkansas Little Rock Trojans,9.5,,-225,https://sportsbook.draftkings.com/event/little-rock-%40-se-missouri-state/33504075?outcomes=0HC83095054P950_3
2026-01-22 21:19:03,2026-01-23 02:19:03.257103+00:00,initial_state,NCAAB,draftkings,"Southeast Missouri State Redhawks vs Arkansas Little Rock Trojans, 2026-01-22, 08",Southeast Missouri State Redhawks,Arkansas Little Rock Trojans,Spread,Southeast Missouri State Redhawks,-9.5,,+165,https://sportsbook.draftkings.com/event/little-rock-%40-se-missouri-state/33504075?outcomes=0HC83095054N950_1
2026-01-22 21:19:03,2026-01-23 02:19:03.257103+00:00,initial_state,NCAAB,draftkings,"Southeast Missouri State Redhawks vs Arkansas Little Rock Trojans, 2026-01-22, 08",Southeast Missouri State Redhawks,Arkansas Little Rock Trojans,Spread,Arkansas Little Rock Trojans,11.5,,-360,https://sportsbook.draftkings.com/event/little-rock-%40-se-missouri-state/33504075?outcomes=0HC83095054P1150_3
2026-01-22 21:19:03,2026-01-23 02:19:03.257103+00:00,initial_state,NCAAB,draftkings,"Southeast Missouri State Redhawks vs Arkansas Little Rock Trojans, 2026-01-22, 08",Southeast Missouri State Redhawks,Arkansas Little Rock Trojans,Spread,Southeast Missouri State Redhawks,-11.5,,+255,https://sportsbook.draftkings.com/event/little-rock-%40-se-missouri-state/33504075?outcomes=0HC83095054N1150_1
2026-01-22 21:19:03,2026-01-23 02:19:03.257103+00:00,initial_state,NCAAB,draftkings,"Southeast Missouri State Redhawks vs Arkansas Little Rock Trojans, 2026-01-22, 08",Southeast Missouri State Redhawks,Arkansas Little Rock Trojans,Total,,134.5,O,-220,https://sportsbook.draftkings.com/event/little-rock-%40-se-missouri-state/33504075?outcomes=0OU83095054O13450_1
2026-01-22 21:19:03,2026-01-23 02:19:03.257103+00:00,initial_state,NCAAB,draftkings,"Southeast Missouri State Redhawks vs Arkansas Little Rock Trojans, 2026-01-22, 08",Southeast Missouri State Redhawks,Arkansas Little Rock Trojans,Total,,134.5,U,+160,https://sportsbook.draftkings.com/event/little-rock-%40-se-missouri-state/33504075?outcomes=0OU83095054U13450_3
2026-01-22 21:19:03,2026-01-23 02:19:03.257103+00:00,initial_state,NCAAB,draftkings,"Southeast Missouri State Redhawks vs Arkansas Little Rock Trojans, 2026-01-22, 08",Southeast Missouri State Redhawks,Arkansas Little Rock Trojans,Total,,135.5,O,-190,https://sportsbook.draftkings.com/event/little-rock-%40-se-missouri-state/33504075?outcomes=0OU83095054O13550_1
2026-01-22 21:19:03,2026-01-23 02:19:03.257103+00:00,initial_state,NCAAB,draftkings,"Southeast Missouri State Redhawks vs Arkansas Little Rock Trojans, 2026-01-22, 08",Southeast Missouri State Redhawks,Arkansas Little Rock Trojans,Total,,135.5,U,+140,https://sportsbook.draftkings.com/event/little-rock-%40-se-missouri-state/33504075?outcomes=0OU83095054U13550_3
2026-01-22 21:19:03,2026-01-23 02:19:03.257103+00:00,initial_state,NCAAB,draftkings,"Southeast Missouri State Redhawks vs Arkansas Little Rock Trojans, 2026-01-22, 08",Southeast Missouri State Redhawks,Arkansas Little Rock Trojans,Total,,141.5,O,+120,https://sportsbook.draftkings.com/event/little-rock-%40-se-missouri-state/33504075?outcomes=0OU83095054O14150_1
2026-01-22 21:19:03,2026-01-23 02:19:03.257103+00:00,initial_state,NCAAB,draftkings,"Southeast Missouri State Redhawks vs Arkansas Little Rock Trojans, 2026-01-22, 08",Southeast Missouri State Redhawks,Arkansas Little Rock Trojans,Total,,141.5,U,-160,https://sportsbook.draftkings.com/event/little-rock-%40-se-missouri-state/33504075?outcomes=0OU83095054U14150_3
2026-01-22 21:19:03,2026-01-23 02:19:03.257103+00:00,initial_state,NCAAB,draftkings,"Southeast Missouri State Redhawks vs Arkansas Little Rock Trojans, 2026-01-22, 08",Southeast Missouri State Redhawks,Arkansas Little Rock Trojans,Total,,142.5,O,+135,https://sportsbook.draftkings.com/event/little-rock-%40-se-missouri-state/33504075?outcomes=0OU83095054O14250_1
2026-01-22 21:19:03,2026-01-23 02:19:03.257103+00:00,initial_state,NCAAB,draftkings,"Southeast Missouri State Redhawks vs Arkansas Little Rock Trojans, 2026-01-22, 08",Southeast Missouri State Redhawks,Arkansas Little Rock Trojans,Total,,142.5,U,-180,https://sportsbook.draftkings.com/event/little-rock-%40-se-missouri-state/33504075?outcomes=0OU83095054U14250_3
2026-01-22 21:19:03,2026-01-23 02:19:03.257103+00:00,initial_state,NCAAB,draftkings,"Southeast Missouri State Redhawks vs Arkansas Little Rock Trojans, 2026-01-22, 08",Southeast Missouri State Redhawks,Arkansas Little Rock Trojans,Total,,143.5,O,+155,https://sportsbook.draftkings.com/event/little-rock-%40-se-missouri-state/33504075?outcomes=0OU83095054O14350_1
2026-01-22 21:19:03,2026-01-23 02:19:03.257103+00:00,initial_state,NCAAB,draftkings,"Southeast Missouri State Redhawks vs Arkansas Little Rock Trojans, 2026-01-22, 08",Southeast Missouri State Redhawks,Arkansas Little Rock Trojans,Total,,136.5,O,-165,https://sportsbook.draftkings.com/event/little-rock-%40-se-missouri-state/33504075?outcomes=0OU83095054O13650_1
2026-01-22 21:19:03,2026-01-23 02:19:03.257103+00:00,initial_state,NCAAB,draftkings,"Southeast Missouri State Redhawks vs Arkansas Little Rock Trojans, 2026-01-22, 08",Southeast Missouri State Redhawks,Arkansas Little Rock Trojans,Total,,143.5,U,-210,https://sportsbook.draftkings.com/event/little-rock-%40-se-missouri-state/33504075?outcomes=0OU83095054U14350_3
2026-01-22 21:19:03,2026-01-23 02:19:03.257103+00:00,initial_state,NCAAB,draftkings,"Southeast Missouri State Redhawks vs Arkansas Little Rock Trojans, 2026-01-22, 08",Southeast Missouri State Redhawks,Arkansas Little Rock Trojans,Total,,136.5,U,+120,https://sportsbook.draftkings.com/event/little-rock-%40-se-missouri-state/33504075?outcomes=0OU83095054U13650_3
2026-01-22 21:19:03,2026-01-23 02:19:03.257103+00:00,initial_state,NCAAB,draftkings,"Southeast Missouri State Redhawks vs Arkansas Little Rock Trojans, 2026-01-22, 08",Southeast Missouri State Redhawks,Arkansas Little Rock Trojans,Spread,Southeast Missouri State Redhawks,-10.5,,+210,https://sportsbook.draftkings.com/event/little-rock-%40-se-missouri-state/33504075?outcomes=0HC83095054N1050_1
2026-01-22 21:19:03,2026-01-23 02:19:03.257103+00:00,initial_state,NCAAB,draftkings,"Southeast Missouri State Redhawks vs Arkansas Little Rock Trojans, 2026-01-22, 08",Southeast Missouri State Redhawks,Arkansas Little Rock Trojans,Spread,Southeast Missouri State Redhawks,-12.5,,+310,https://sportsbook.draftkings.com/event/little-rock-%40-se-missouri-state/33504075?outcomes=0HC83095054N1250_1
2026-01-22 21:19:03,2026-01-23 02:19:03.257103+00:00,initial_state,NCAAB,draftkings,"Southeast Missouri State Redhawks vs Arkansas Little Rock Trojans, 2026-01-22, 08",Southeast Missouri State Redhawks,Arkansas Little Rock Trojans,Spread,Southeast Missouri State Redhawks,-2.5,,-210,https://sportsbook.draftkings.com/event/little-rock-%40-se-missouri-state/33504075?outcomes=0HC83095054N250_1
2026-01-22 21:19:03,2026-01-23 02:19:03.257103+00:00,initial_state,NCAAB,draftkings,"Southeast Missouri State Redhawks vs Arkansas Little Rock Trojans, 2026-01-22, 08",Southeast Missouri State Redhawks,Arkansas Little Rock Trojans,Spread,Southeast Missouri State Redhawks,-4.5,,-145,https://sportsbook.draftkings.com/event/little-rock-%40-se-missouri-state/33504075?outcomes=0HC83095054N450_1
2026-01-22 21:19:03,2026-01-23 02:19:03.257103+00:00,initial_state,NCAAB,draftkings,"Southeast Missouri State Redhawks vs Arkansas Little Rock Trojans, 2026-01-22, 08",Southeast Missouri State Redhawks,Arkansas Little Rock Trojans,Spread,Arkansas Little Rock Trojans,10.5,,-285,https://sportsbook.draftkings.com/event/little-rock-%40-se-missouri-state/33504075?outcomes=0HC83095054P1050_3
2026-01-22 21:19:03,2026-01-23 02:19:03.257103+00:00,initial_state,NCAAB,draftkings,"Southeast Missouri State Redhawks vs Arkansas Little Rock Trojans, 2026-01-22, 08",Southeast Missouri State Redhawks,Arkansas Little Rock Trojans,Spread,Arkansas Little Rock Trojans,12.5,,-450,https://sportsbook.draftkings.com/event/little-rock-%40-se-missouri-state/33504075?outcomes=0HC83095054P1250_3
2026-01-22 21:19:03,2026-01-23 02:19:03.257103+00:00,initial_state,NCAAB,draftkings,"Southeast Missouri State Redhawks vs Arkansas Little Rock Trojans, 2026-01-22, 08",Southeast Missouri State Redhawks,Arkansas Little Rock Trojans,Spread,Arkansas Little Rock Trojans,2.5,,+155,https://sportsbook.draftkings.com/event/little-rock-%40-se-missouri-state/33504075?outcomes=0HC83095054P250_3
2026-01-22 21:19:03,2026-01-23 02:19:03.257103+00:00,initial_state,NCAAB,draftkings,"Southeast Missouri State Redhawks vs Arkansas Little Rock Trojans, 2026-01-22, 08",Southeast Missouri State Redhawks,Arkansas Little Rock Trojans,Spread,Arkansas Little Rock Trojans,4.5,,+105,https://sportsbook.draftkings.com/event/little-rock-%40-se-missouri-state/33504075?outcomes=0HC83095054P450_3
2026-01-22 21:19:03,2026-01-23 02:19:03.257103+00:00,initial_state,NCAAB,draftkings,"Southeast Missouri State Redhawks vs Arkansas Little Rock Trojans, 2026-01-22, 08",Southeast Missouri State Redhawks,Arkansas Little Rock Trojans,Total,,140.5,O,+105,https://sportsbook.draftkings.com/event/little-rock-%40-se-missouri-state/33504075?outcomes=0OU83095054O14050_1
2026-01-22 21:19:03,2026-01-23 02:19:03.257103+00:00,initial_state,NCAAB,draftkings,"Southeast Missouri State Redhawks vs Arkansas Little Rock Trojans, 2026-01-22, 08",Southeast Missouri State Redhawks,Arkansas Little Rock Trojans,Total,,133.5,O,-255,https://sportsbook.draftkings.com/event/little-rock-%40-se-missouri-state/33504075?outcomes=0OU83095054O13350_1
2026-01-22 21:19:03,2026-01-23 02:19:03.257103+00:00,initial_state,NCAAB,draftkings,"Southeast Missouri State Redhawks vs Arkansas Little Rock Trojans, 2026-01-22, 08",Southeast Missouri State Redhawks,Arkansas Little Rock Trojans,Total,,140.5,U,-140,https://sportsbook.draftkings.com/event/little-rock-%40-se-missouri-state/33504075?outcomes=0OU83095054U14050_3
2026-01-22 21:19:03,2026-01-23 02:19:03.257103+00:00,initial_state,NCAAB,draftkings,"Southeast Missouri State Redhawks vs Arkansas Little Rock Trojans, 2026-01-22, 08",Southeast Missouri State Redhawks,Arkansas Little Rock Trojans,Total,,133.5,U,+185,https://sportsbook.draftkings.com/event/little-rock-%40-se-missouri-state/33504075?outcomes=0OU83095054U13350_3
2026-01-22 21:19:03,2026-01-23 02:19:03.257103+00:00,initial_state,NCAAB,draftkings,"Southeast Missouri State Redhawks vs Arkansas Little Rock Trojans, 2026-01-22, 08",Southeast Missouri State Redhawks,Arkansas Little Rock Trojans,Spread,Southeast Missouri State Redhawks,-7.5,,+110,https://sportsbook.draftkings.com/event/little-rock-%40-se-missouri-state/33504075?outcomes=0HC83095054N750_1
2026-01-22 21:19:03,2026-01-23 02:19:03.257103+00:00,initial_state,NCAAB,draftkings,"Southeast Missouri State Redhawks vs Arkansas Little Rock Trojans, 2026-01-22, 08",Southeast Missouri State Redhawks,Arkansas Little Rock Trojans,Spread,Arkansas Little Rock Trojans,7.5,,-150,https://sportsbook.draftkings.com/event/little-rock-%40-se-missouri-state/33504075?outcomes=0HC83095054P750_3
2026-01-22 21:19:03,2026-01-23 02:19:03.257103+00:00,initial_state,NCAAB,draftkings,"Southeast Missouri State Redhawks vs Arkansas Little Rock Trojans, 2026-01-22, 08",Southeast Missouri State Redhawks,Arkansas Little Rock Trojans,Spread,Southeast Missouri State Redhawks,1.5,,-400,https://sportsbook.draftkings.com/event/little-rock-%40-se-missouri-state/33504075?outcomes=0HC83095054P150_1
2026-01-22 21:19:03,2026-01-23 02:19:03.257103+00:00,initial_state,NCAAB,draftkings,"Southeast Missouri State Redhawks vs Arkansas Little Rock Trojans, 2026-01-22, 08",Southeast Missouri State Redhawks,Arkansas Little Rock Trojans,Spread,Arkansas Little Rock Trojans,-1.5,,+280,https://sportsbook.draftkings.com/event/little-rock-%40-se-missouri-state/33504075?outcomes=0HC83095054N150_3
2026-01-22 21:19:03,2026-01-23 02:19:03.257103+00:00,initial_state,NCAAB,draftkings,"Southeast Missouri State Redhawks vs Arkansas Little Rock Trojans, 2026-01-22, 08",Southeast Missouri State Redhawks,Arkansas Little Rock Trojans,Total,,138.5,O,-130,https://sportsbook.draftkings.com/event/little-rock-%40-se-missouri-state/33504075?outcomes=0OU83095054O13850_1
2026-01-22 21:19:03,2026-01-23 02:19:03.257103+00:00,initial_state,NCAAB,draftkings,"Southeast Missouri State Redhawks vs Arkansas Little Rock Trojans, 2026-01-22, 08",Southeast Missouri State Redhawks,Arkansas Little Rock Trojans,Total,,138.5,U,-105,https://sportsbook.draftkings.com/event/little-rock-%40-se-missouri-state/33504075?outcomes=0OU83095054U13850_3
2026-01-22 21:19:03,2026-01-23 02:19:03.257103+00:00,initial_state,NCAAB,draftkings,"Southeast Missouri State Redhawks vs Arkansas Little Rock Trojans, 2026-01-22, 08",Southeast Missouri State Redhawks,Arkansas Little Rock Trojans,Spread,Southeast Missouri State Redhawks,-6.5,,-105,https://sportsbook.draftkings.com/event/little-rock-%40-se-missouri-state/33504075?outcomes=0HC83095054N650_1
2026-01-22 21:19:03,2026-01-23 02:19:03.257103+00:00,initial_state,NCAAB,draftkings,"Southeast Missouri State Redhawks vs Arkansas Little Rock Trojans, 2026-01-22, 08",Southeast Missouri State Redhawks,Arkansas Little Rock Trojans,Spread,Arkansas Little Rock Trojans,6.5,,-130,https://sportsbook.draftkings.com/event/little-rock-%40-se-missouri-state/33504075?outcomes=0HC83095054P650_3
2026-01-22 21:19:03,2026-01-23 02:19:03.257103+00:00,initial_state,NCAAB,draftkings,"Southeast Missouri State Redhawks vs Arkansas Little Rock Trojans, 2026-01-22, 08",Southeast Missouri State Redhawks,Arkansas Little Rock Trojans,Spread,Southeast Missouri State Redhawks,-5.5,,-120,https://sportsbook.draftkings.com/event/little-rock-%40-se-missouri-state/33504075?outcomes=0HC83094636N550_1
2026-01-22 21:19:03,2026-01-23 02:19:03.257103+00:00,initial_state,NCAAB,draftkings,"Southeast Missouri State Redhawks vs Arkansas Little Rock Trojans, 2026-01-22, 08",Southeast Missouri State Redhawks,Arkansas Little Rock Trojans,Spread,Arkansas Little Rock Trojans,5.5,,-110,https://sportsbook.draftkings.com/event/little-rock-%40-se-missouri-state/33504075?outcomes=0HC83094636P550_3
2026-01-22 21:19:03,2026-01-23 02:19:03.257292+00:00,initial_state,NCAAB,draftkings,"Idaho Vandals vs Sacramento State Hornets, 2026-01-22, 09",Idaho Vandals,Sacramento State Hornets,Total,,164.5,O,-190,https://sportsbook.draftkings.com/event/sacramento-state-%40-idaho/33504086?outcomes=0OU83102834O16450_1
2026-01-22 21:19:03,2026-01-23 02:19:03.257292+00:00,initial_state,NCAAB,draftkings,"Idaho Vandals vs Sacramento State Hornets, 2026-01-22, 09",Idaho Vandals,Sacramento State Hornets,Total,,164.5,U,+140,https://sportsbook.draftkings.com/event/sacramento-state-%40-idaho/33504086?outcomes=0OU83102834U16450_3
2026-01-22 21:19:03,2026-01-23 02:19:03.257292+00:00,initial_state,NCAAB,draftkings,"Idaho Vandals vs Sacramento State Hornets, 2026-01-22, 09",Idaho Vandals,Sacramento State Hornets,Total,,165.5,O,-175,https://sportsbook.draftkings.com/event/sacramento-state-%40-idaho/33504086?outcomes=0OU83102834O16550_1
2026-01-22 21:19:03,2026-01-23 02:19:03.257292+00:00,initial_state,NCAAB,draftkings,"Idaho Vandals vs Sacramento State Hornets, 2026-01-22, 09",Idaho Vandals,Sacramento State Hornets,Total,,165.5,U,+125,https://sportsbook.draftkings.com/event/sacramento-state-%40-idaho/33504086?outcomes=0OU83102834U16550_3
2026-01-22 21:19:03,2026-01-23 02:19:03.257292+00:00,initial_state,NCAAB,draftkings,"Idaho Vandals vs Sacramento State Hornets, 2026-01-22, 09",Idaho Vandals,Sacramento State Hornets,Total,,166.5,O,-155,https://sportsbook.draftkings.com/event/sacramento-state-%40-idaho/33504086?outcomes=0OU83102834O16650_1
2026-01-22 21:19:03,2026-01-23 02:19:03.257292+00:00,initial_state,NCAAB,draftkings,"Idaho Vandals vs Sacramento State Hornets, 2026-01-22, 09",Idaho Vandals,Sacramento State Hornets,Total,,166.5,U,+115,https://sportsbook.draftkings.com/event/sacramento-state-%40-idaho/33504086?outcomes=0OU83102834U16650_3
2026-01-22 21:19:03,2026-01-23 02:19:03.257292+00:00,initial_state,NCAAB,draftkings,"Idaho Vandals vs Sacramento State Hornets, 2026-01-22, 09",Idaho Vandals,Sacramento State Hornets,Total,,170.5,O,+100,https://sportsbook.draftkings.com/event/sacramento-state-%40-idaho/33504086?outcomes=0OU83102834O17050_1
2026-01-22 21:19:03,2026-01-23 02:19:03.257292+00:00,initial_state,NCAAB,draftkings,"Idaho Vandals vs Sacramento State Hornets, 2026-01-22, 09",Idaho Vandals,Sacramento State Hornets,Total,,170.5,U,-140,https://sportsbook.draftkings.com/event/sacramento-state-%40-idaho/33504086?outcomes=0OU83102834U17050_3
2026-01-22 21:19:03,2026-01-23 02:19:03.257292+00:00,initial_state,NCAAB,draftkings,"Idaho Vandals vs Sacramento State Hornets, 2026-01-22, 09",Idaho Vandals,Sacramento State Hornets,Total,,171.5,O,+115,https://sportsbook.draftkings.com/event/sacramento-state-%40-idaho/33504086?outcomes=0OU83102834O17150_1
2026-01-22 21:19:03,2026-01-23 02:19:03.257292+00:00,initial_state,NCAAB,draftkings,"Idaho Vandals vs Sacramento State Hornets, 2026-01-22, 09",Idaho Vandals,Sacramento State Hornets,Total,,171.5,U,-155,https://sportsbook.draftkings.com/event/sacramento-state-%40-idaho/33504086?outcomes=0OU83102834U17150_3
2026-01-22 21:19:03,2026-01-23 02:19:03.257292+00:00,initial_state,NCAAB,draftkings,"Idaho Vandals vs Sacramento State Hornets, 2026-01-22, 09",Idaho Vandals,Sacramento State Hornets,Total,,172.5,O,+130,https://sportsbook.draftkings.com/event/sacramento-state-%40-idaho/33504086?outcomes=0OU83102834O17250_1
2026-01-22 21:19:03,2026-01-23 02:19:03.257292+00:00,initial_state,NCAAB,draftkings,"Idaho Vandals vs Sacramento State Hornets, 2026-01-22, 09",Idaho Vandals,Sacramento State Hornets,Total,,172.5,U,-175,https://sportsbook.draftkings.com/event/sacramento-state-%40-idaho/33504086?outcomes=0OU83102834U17250_3
2026-01-22 21:19:03,2026-01-23 02:19:03.257292+00:00,initial_state,NCAAB,draftkings,"Idaho Vandals vs Sacramento State Hornets, 2026-01-22, 09",Idaho Vandals,Sacramento State Hornets,Total,,173.5,O,+145,https://sportsbook.draftkings.com/event/sacramento-state-%40-idaho/33504086?outcomes=0OU83102834O17350_1
2026-01-22 21:19:03,2026-01-23 02:19:03.257292+00:00,initial_state,NCAAB,draftkings,"Idaho Vandals vs Sacramento State Hornets, 2026-01-22, 09",Idaho Vandals,Sacramento State Hornets,Total,,173.5,U,-195,https://sportsbook.draftkings.com/event/sacramento-state-%40-idaho/33504086?outcomes=0OU83102834U17350_3
2026-01-22 21:19:03,2026-01-23 02:19:03.257292+00:00,initial_state,NCAAB,draftkings,"Idaho Vandals vs Sacramento State Hornets, 2026-01-22, 09",Idaho Vandals,Sacramento State Hornets,Spread,Sacramento State Hornets,5.5,,+180,https://sportsbook.draftkings.com/event/sacramento-state-%40-idaho/33504086?outcomes=0HC83102834P550_3
2026-01-22 21:19:03,2026-01-23 02:19:03.257292+00:00,initial_state,NCAAB,draftkings,"Idaho Vandals vs Sacramento State Hornets, 2026-01-22, 09",Idaho Vandals,Sacramento State Hornets,Spread,Idaho Vandals,-5.5,,-245,https://sportsbook.draftkings.com/event/sacramento-state-%40-idaho/33504086?outcomes=0HC83102834N550_1
2026-01-22 21:19:03,2026-01-23 02:19:03.257292+00:00,initial_state,NCAAB,draftkings,"Idaho Vandals vs Sacramento State Hornets, 2026-01-22, 09",Idaho Vandals,Sacramento State Hornets,Spread,Sacramento State Hornets,6.5,,+160,https://sportsbook.draftkings.com/event/sacramento-state-%40-idaho/33504086?outcomes=0HC83102834P650_3
2026-01-22 21:19:03,2026-01-23 02:19:03.257292+00:00,initial_state,NCAAB,draftkings,"Idaho Vandals vs Sacramento State Hornets, 2026-01-22, 09",Idaho Vandals,Sacramento State Hornets,Spread,Idaho Vandals,-6.5,,-215,https://sportsbook.draftkings.com/event/sacramento-state-%40-idaho/33504086?outcomes=0HC83102834N650_1
2026-01-22 21:19:03,2026-01-23 02:19:03.257292+00:00,initial_state,NCAAB,draftkings,"Idaho Vandals vs Sacramento State Hornets, 2026-01-22, 09",Idaho Vandals,Sacramento State Hornets,Spread,Sacramento State Hornets,7.5,,+140,https://sportsbook.draftkings.com/event/sacramento-state-%40-idaho/33504086?outcomes=0HC83102834P750_3
2026-01-22 21:19:03,2026-01-23 02:19:03.257292+00:00,initial_state,NCAAB,draftkings,"Idaho Vandals vs Sacramento State Hornets, 2026-01-22, 09",Idaho Vandals,Sacramento State Hornets,Spread,Idaho Vandals,-7.5,,-185,https://sportsbook.draftkings.com/event/sacramento-state-%40-idaho/33504086?outcomes=0HC83102834N750_1
2026-01-22 21:19:03,2026-01-23 02:19:03.257292+00:00,initial_state,NCAAB,draftkings,"Idaho Vandals vs Sacramento State Hornets, 2026-01-22, 09",Idaho Vandals,Sacramento State Hornets,Spread,Sacramento State Hornets,8.5,,+115,https://sportsbook.draftkings.com/event/sacramento-state-%40-idaho/33504086?outcomes=0HC83102834P850_3
2026-01-22 21:19:03,2026-01-23 02:19:03.257292+00:00,initial_state,NCAAB,draftkings,"Idaho Vandals vs Sacramento State Hornets, 2026-01-22, 09",Idaho Vandals,Sacramento State Hornets,Spread,Idaho Vandals,-8.5,,-160,https://sportsbook.draftkings.com/event/sacramento-state-%40-idaho/33504086?outcomes=0HC83102834N850_1
2026-01-22 21:19:03,2026-01-23 02:19:03.257292+00:00,initial_state,NCAAB,draftkings,"Idaho Vandals vs Sacramento State Hornets, 2026-01-22, 09",Idaho Vandals,Sacramento State Hornets,Spread,Sacramento State Hornets,9.5,,-105,https://sportsbook.draftkings.com/event/sacramento-state-%40-idaho/33504086?outcomes=0HC83102834P950_3
2026-01-22 21:19:03,2026-01-23 02:19:03.257292+00:00,initial_state,NCAAB,draftkings,"Idaho Vandals vs Sacramento State Hornets, 2026-01-22, 09",Idaho Vandals,Sacramento State Hornets,Spread,Idaho Vandals,-9.5,,-130,https://sportsbook.draftkings.com/event/sacramento-state-%40-idaho/33504086?outcomes=0HC83102834N950_1
2026-01-22 21:19:03,2026-01-23 02:19:03.257292+00:00,initial_state,NCAAB,draftkings,"Idaho Vandals vs Sacramento State Hornets, 2026-01-22, 09",Idaho Vandals,Sacramento State Hornets,Spread,Sacramento State Hornets,12.5,,-170,https://sportsbook.draftkings.com/event/sacramento-state-%40-idaho/33504086?outcomes=0HC83102834P1250_3
2026-01-22 21:19:03,2026-01-23 02:19:03.257292+00:00,initial_state,NCAAB,draftkings,"Idaho Vandals vs Sacramento State Hornets, 2026-01-22, 09",Idaho Vandals,Sacramento State Hornets,Spread,Idaho Vandals,-12.5,,+125,https://sportsbook.draftkings.com/event/sacramento-state-%40-idaho/33504086?outcomes=0HC83102834N1250_1
2026-01-22 21:19:03,2026-01-23 02:19:03.257292+00:00,initial_state,NCAAB,draftkings,"Idaho Vandals vs Sacramento State Hornets, 2026-01-22, 09",Idaho Vandals,Sacramento State Hornets,Spread,Sacramento State Hornets,13.5,,-200,https://sportsbook.draftkings.com/event/sacramento-state-%40-idaho/33504086?outcomes=0HC83102834P1350_3
2026-01-22 21:19:03,2026-01-23 02:19:03.257292+00:00,initial_state,NCAAB,draftkings,"Idaho Vandals vs Sacramento State Hornets, 2026-01-22, 09",Idaho Vandals,Sacramento State Hornets,Spread,Idaho Vandals,-13.5,,+145,https://sportsbook.draftkings.com/event/sacramento-state-%40-idaho/33504086?outcomes=0HC83102834N1350_1
2026-01-22 21:19:03,2026-01-23 02:19:03.257292+00:00,initial_state,NCAAB,draftkings,"Idaho Vandals vs Sacramento State Hornets, 2026-01-22, 09",Idaho Vandals,Sacramento State Hornets,Spread,Sacramento State Hornets,14.5,,-245,https://sportsbook.draftkings.com/event/sacramento-state-%40-idaho/33504086?outcomes=0HC83102834P1450_3
2026-01-22 21:19:03,2026-01-23 02:19:03.257292+00:00,initial_state,NCAAB,draftkings,"Idaho Vandals vs Sacramento State Hornets, 2026-01-22, 09",Idaho Vandals,Sacramento State Hornets,Spread,Idaho Vandals,-14.5,,+180,https://sportsbook.draftkings.com/event/sacramento-state-%40-idaho/33504086?outcomes=0HC83102834N1450_1
2026-01-22 21:19:03,2026-01-23 02:19:03.257292+00:00,initial_state,NCAAB,draftkings,"Idaho Vandals vs Sacramento State Hornets, 2026-01-22, 09",Idaho Vandals,Sacramento State Hornets,Spread,Sacramento State Hornets,15.5,,-295,https://sportsbook.draftkings.com/event/sacramento-state-%40-idaho/33504086?outcomes=0HC83102834P1550_3
2026-01-22 21:19:03,2026-01-23 02:19:03.257292+00:00,initial_state,NCAAB,draftkings,"Idaho Vandals vs Sacramento State Hornets, 2026-01-22, 09",Idaho Vandals,Sacramento State Hornets,Spread,Idaho Vandals,-15.5,,+215,https://sportsbook.draftkings.com/event/sacramento-state-%40-idaho/33504086?outcomes=0HC83102834N1550_1
2026-01-22 21:19:03,2026-01-23 02:19:03.257292+00:00,initial_state,NCAAB,draftkings,"Idaho Vandals vs Sacramento State Hornets, 2026-01-22, 09",Idaho Vandals,Sacramento State Hornets,Total,,163.5,O,-215,https://sportsbook.draftkings.com/event/sacramento-state-%40-idaho/33504086?outcomes=0OU83102834O16350_1
2026-01-22 21:19:03,2026-01-23 02:19:03.257292+00:00,initial_state,NCAAB,draftkings,"Idaho Vandals vs Sacramento State Hornets, 2026-01-22, 09",Idaho Vandals,Sacramento State Hornets,Total,,163.5,U,+160,https://sportsbook.draftkings.com/event/sacramento-state-%40-idaho/33504086?outcomes=0OU83102834U16350_3
2026-01-22 21:19:03,2026-01-23 02:19:03.257292+00:00,initial_state,NCAAB,draftkings,"Idaho Vandals vs Sacramento State Hornets, 2026-01-22, 09",Idaho Vandals,Sacramento State Hornets,Total,,162.5,O,-240,https://sportsbook.draftkings.com/event/sacramento-state-%40-idaho/33504086?outcomes=0OU83102834O16250_1
2026-01-22 21:19:03,2026-01-23 02:19:03.257292+00:00,initial_state,NCAAB,draftkings,"Idaho Vandals vs Sacramento State Hornets, 2026-01-22, 09",Idaho Vandals,Sacramento State Hornets,Total,,169.5,O,-110,https://sportsbook.draftkings.com/event/sacramento-state-%40-idaho/33504086?outcomes=0OU83102834O16950_1
2026-01-22 21:19:03,2026-01-23 02:19:03.257292+00:00,initial_state,NCAAB,draftkings,"Idaho Vandals vs Sacramento State Hornets, 2026-01-22, 09",Idaho Vandals,Sacramento State Hornets,Total,,162.5,U,+175,https://sportsbook.draftkings.com/event/sacramento-state-%40-idaho/33504086?outcomes=0OU83102834U16250_3
2026-01-22 21:19:03,2026-01-23 02:19:03.257292+00:00,initial_state,NCAAB,draftkings,"Idaho Vandals vs Sacramento State Hornets, 2026-01-22, 09",Idaho Vandals,Sacramento State Hornets,Total,,169.5,U,-125,https://sportsbook.draftkings.com/event/sacramento-state-%40-idaho/33504086?outcomes=0OU83102834U16950_3
2026-01-22 21:19:03,2026-01-23 02:19:03.257441+00:00,initial_state,NCAAB,draftkings,"Montana State Bobcats vs Idaho State Bengals, 2026-01-22, 09",Montana State Bobcats,Idaho State Bengals,Spread,Idaho State Bengals,1.5,,+215,https://sportsbook.draftkings.com/event/idaho-state-%40-montana-state/33504072?outcomes=0HC83095099P150_3
2026-01-22 21:19:03,2026-01-23 02:19:03.257441+00:00,initial_state,NCAAB,draftkings,"Montana State Bobcats vs Idaho State Bengals, 2026-01-22, 09",Montana State Bobcats,Idaho State Bengals,Spread,Montana State Bobcats,-1.5,,-300,https://sportsbook.draftkings.com/event/idaho-state-%40-montana-state/33504072?outcomes=0HC83095099N150_1
2026-01-22 21:19:03,2026-01-23 02:19:03.257441+00:00,initial_state,NCAAB,draftkings,"Montana State Bobcats vs Idaho State Bengals, 2026-01-22, 09",Montana State Bobcats,Idaho State Bengals,Spread,Idaho State Bengals,3.5,,+205,https://sportsbook.draftkings.com/event/idaho-state-%40-montana-state/33504072?outcomes=0HC83095099P350_3
2026-01-22 21:19:03,2026-01-23 02:19:03.257441+00:00,initial_state,NCAAB,draftkings,"Montana State Bobcats vs Idaho State Bengals, 2026-01-22, 09",Montana State Bobcats,Idaho State Bengals,Spread,Montana State Bobcats,-3.5,,-285,https://sportsbook.draftkings.com/event/idaho-state-%40-montana-state/33504072?outcomes=0HC83095099N350_1
2026-01-22 21:19:03,2026-01-23 02:19:03.257441+00:00,initial_state,NCAAB,draftkings,"Montana State Bobcats vs Idaho State Bengals, 2026-01-22, 09",Montana State Bobcats,Idaho State Bengals,Spread,Idaho State Bengals,4.5,,+180,https://sportsbook.draftkings.com/event/idaho-state-%40-montana-state/33504072?outcomes=0HC83095099P450_3
2026-01-22 21:19:03,2026-01-23 02:19:03.257441+00:00,initial_state,NCAAB,draftkings,"Montana State Bobcats vs Idaho State Bengals, 2026-01-22, 09",Montana State Bobcats,Idaho State Bengals,Spread,Montana State Bobcats,-4.5,,-245,https://sportsbook.draftkings.com/event/idaho-state-%40-montana-state/33504072?outcomes=0HC83095099N450_1
2026-01-22 21:19:03,2026-01-23 02:19:03.257441+00:00,initial_state,NCAAB,draftkings,"Montana State Bobcats vs Idaho State Bengals, 2026-01-22, 09",Montana State Bobcats,Idaho State Bengals,Spread,Idaho State Bengals,5.5,,+155,https://sportsbook.draftkings.com/event/idaho-state-%40-montana-state/33504072?outcomes=0HC83095099P550_3
2026-01-22 21:19:03,2026-01-23 02:19:03.257441+00:00,initial_state,NCAAB,draftkings,"Montana State Bobcats vs Idaho State Bengals, 2026-01-22, 09",Montana State Bobcats,Idaho State Bengals,Spread,Montana State Bobcats,-5.5,,-215,https://sportsbook.draftkings.com/event/idaho-state-%40-montana-state/33504072?outcomes=0HC83095099N550_1
2026-01-22 21:19:03,2026-01-23 02:19:03.257441+00:00,initial_state,NCAAB,draftkings,"Montana State Bobcats vs Idaho State Bengals, 2026-01-22, 09",Montana State Bobcats,Idaho State Bengals,Spread,Idaho State Bengals,6.5,,+135,https://sportsbook.draftkings.com/event/idaho-state-%40-montana-state/33504072?outcomes=0HC83095099P650_3
2026-01-22 21:19:03,2026-01-23 02:19:03.257441+00:00,initial_state,NCAAB,draftkings,"Montana State Bobcats vs Idaho State Bengals, 2026-01-22, 09",Montana State Bobcats,Idaho State Bengals,Spread,Montana State Bobcats,-6.5,,-185,https://sportsbook.draftkings.com/event/idaho-state-%40-montana-state/33504072?outcomes=0HC83095099N650_1
2026-01-22 21:19:03,2026-01-23 02:19:03.257441+00:00,initial_state,NCAAB,draftkings,"Montana State Bobcats vs Idaho State Bengals, 2026-01-22, 09",Montana State Bobcats,Idaho State Bengals,Spread,Idaho State Bengals,10.5,,-140,https://sportsbook.draftkings.com/event/idaho-state-%40-montana-state/33504072?outcomes=0HC83095099P1050_3
2026-01-22 21:19:03,2026-01-23 02:19:03.257441+00:00,initial_state,NCAAB,draftkings,"Montana State Bobcats vs Idaho State Bengals, 2026-01-22, 09",Montana State Bobcats,Idaho State Bengals,Spread,Montana State Bobcats,-10.5,,+105,https://sportsbook.draftkings.com/event/idaho-state-%40-montana-state/33504072?outcomes=0HC83095099N1050_1
2026-01-22 21:19:03,2026-01-23 02:19:03.257441+00:00,initial_state,NCAAB,draftkings,"Montana State Bobcats vs Idaho State Bengals, 2026-01-22, 09",Montana State Bobcats,Idaho State Bengals,Spread,Idaho State Bengals,11.5,,-165,https://sportsbook.draftkings.com/event/idaho-state-%40-montana-state/33504072?outcomes=0HC83095099P1150_3
2026-01-22 21:19:03,2026-01-23 02:19:03.257441+00:00,initial_state,NCAAB,draftkings,"Montana State Bobcats vs Idaho State Bengals, 2026-01-22, 09",Montana State Bobcats,Idaho State Bengals,Spread,Montana State Bobcats,-11.5,,+125,https://sportsbook.draftkings.com/event/idaho-state-%40-montana-state/33504072?outcomes=0HC83095099N1150_1
2026-01-22 21:19:03,2026-01-23 02:19:03.257441+00:00,initial_state,NCAAB,draftkings,"Montana State Bobcats vs Idaho State Bengals, 2026-01-22, 09",Montana State Bobcats,Idaho State Bengals,Spread,Idaho State Bengals,12.5,,-195,https://sportsbook.draftkings.com/event/idaho-state-%40-montana-state/33504072?outcomes=0HC83095099P1250_3
2026-01-22 21:19:03,2026-01-23 02:19:03.257441+00:00,initial_state,NCAAB,draftkings,"Montana State Bobcats vs Idaho State Bengals, 2026-01-22, 09",Montana State Bobcats,Idaho State Bengals,Spread,Montana State Bobcats,-12.5,,+140,https://sportsbook.draftkings.com/event/idaho-state-%40-montana-state/33504072?outcomes=0HC83095099N1250_1
2026-01-22 21:19:03,2026-01-23 02:19:03.257441+00:00,initial_state,NCAAB,draftkings,"Montana State Bobcats vs Idaho State Bengals, 2026-01-22, 09",Montana State Bobcats,Idaho State Bengals,Spread,Idaho State Bengals,13.5,,-225,https://sportsbook.draftkings.com/event/idaho-state-%40-montana-state/33504072?outcomes=0HC83095099P1350_3
2026-01-22 21:19:03,2026-01-23 02:19:03.257441+00:00,initial_state,NCAAB,draftkings,"Montana State Bobcats vs Idaho State Bengals, 2026-01-22, 09",Montana State Bobcats,Idaho State Bengals,Spread,Montana State Bobcats,-13.5,,+165,https://sportsbook.draftkings.com/event/idaho-state-%40-montana-state/33504072?outcomes=0HC83095099N1350_1
2026-01-22 21:19:03,2026-01-23 02:19:03.257441+00:00,initial_state,NCAAB,draftkings,"Montana State Bobcats vs Idaho State Bengals, 2026-01-22, 09",Montana State Bobcats,Idaho State Bengals,Total,,134.5,O,-185,https://sportsbook.draftkings.com/event/idaho-state-%40-montana-state/33504072?outcomes=0OU83095099O13450_1
2026-01-22 21:19:03,2026-01-23 02:19:03.257441+00:00,initial_state,NCAAB,draftkings,"Montana State Bobcats vs Idaho State Bengals, 2026-01-22, 09",Montana State Bobcats,Idaho State Bengals,Total,,134.5,U,+140,https://sportsbook.draftkings.com/event/idaho-state-%40-montana-state/33504072?outcomes=0OU83095099U13450_3
2026-01-22 21:19:03,2026-01-23 02:19:03.257441+00:00,initial_state,NCAAB,draftkings,"Montana State Bobcats vs Idaho State Bengals, 2026-01-22, 09",Montana State Bobcats,Idaho State Bengals,Total,,144.5,O,+180,https://sportsbook.draftkings.com/event/idaho-state-%40-montana-state/33504072?outcomes=0OU83095099O14450_1
2026-01-22 21:19:03,2026-01-23 02:19:03.257441+00:00,initial_state,NCAAB,draftkings,"Montana State Bobcats vs Idaho State Bengals, 2026-01-22, 09",Montana State Bobcats,Idaho State Bengals,Total,,137.5,O,-130,https://sportsbook.draftkings.com/event/idaho-state-%40-montana-state/33504072?outcomes=0OU83095099O13750_1
2026-01-22 21:19:03,2026-01-23 02:19:03.257441+00:00,initial_state,NCAAB,draftkings,"Montana State Bobcats vs Idaho State Bengals, 2026-01-22, 09",Montana State Bobcats,Idaho State Bengals,Total,,144.5,U,-245,https://sportsbook.draftkings.com/event/idaho-state-%40-montana-state/33504072?outcomes=0OU83095099U14450_3
2026-01-22 21:19:03,2026-01-23 02:19:03.257441+00:00,initial_state,NCAAB,draftkings,"Montana State Bobcats vs Idaho State Bengals, 2026-01-22, 09",Montana State Bobcats,Idaho State Bengals,Total,,137.5,U,-105,https://sportsbook.draftkings.com/event/idaho-state-%40-montana-state/33504072?outcomes=0OU83095099U13750_3
2026-01-22 21:19:03,2026-01-23 02:19:03.257441+00:00,initial_state,NCAAB,draftkings,"Montana State Bobcats vs Idaho State Bengals, 2026-01-22, 09",Montana State Bobcats,Idaho State Bengals,Total,,143.5,O,+160,https://sportsbook.draftkings.com/event/idaho-state-%40-montana-state/33504072?outcomes=0OU83095099O14350_1
2026-01-22 21:19:03,2026-01-23 02:19:03.257441+00:00,initial_state,NCAAB,draftkings,"Montana State Bobcats vs Idaho State Bengals, 2026-01-22, 09",Montana State Bobcats,Idaho State Bengals,Total,,136.5,O,-145,https://sportsbook.draftkings.com/event/idaho-state-%40-montana-state/33504072?outcomes=0OU83095099O13650_1
2026-01-22 21:19:03,2026-01-23 02:19:03.257441+00:00,initial_state,NCAAB,draftkings,"Montana State Bobcats vs Idaho State Bengals, 2026-01-22, 09",Montana State Bobcats,Idaho State Bengals,Total,,143.5,U,-215,https://sportsbook.draftkings.com/event/idaho-state-%40-montana-state/33504072?outcomes=0OU83095099U14350_3
2026-01-22 21:19:03,2026-01-23 02:19:03.257441+00:00,initial_state,NCAAB,draftkings,"Montana State Bobcats vs Idaho State Bengals, 2026-01-22, 09",Montana State Bobcats,Idaho State Bengals,Total,,136.5,U,+110,https://sportsbook.draftkings.com/event/idaho-state-%40-montana-state/33504072?outcomes=0OU83095099U13650_3
2026-01-22 21:19:03,2026-01-23 02:19:03.257441+00:00,initial_state,NCAAB,draftkings,"Montana State Bobcats vs Idaho State Bengals, 2026-01-22, 09",Montana State Bobcats,Idaho State Bengals,Total,,135.5,O,-165,https://sportsbook.draftkings.com/event/idaho-state-%40-montana-state/33504072?outcomes=0OU83095099O13550_1
2026-01-22 21:19:03,2026-01-23 02:19:03.257441+00:00,initial_state,NCAAB,draftkings,"Montana State Bobcats vs Idaho State Bengals, 2026-01-22, 09",Montana State Bobcats,Idaho State Bengals,Total,,142.5,O,+140,https://sportsbook.draftkings.com/event/idaho-state-%40-montana-state/33504072?outcomes=0OU83095099O14250_1
2026-01-22 21:19:03,2026-01-23 02:19:03.257441+00:00,initial_state,NCAAB,draftkings,"Montana State Bobcats vs Idaho State Bengals, 2026-01-22, 09",Montana State Bobcats,Idaho State Bengals,Total,,135.5,U,+120,https://sportsbook.draftkings.com/event/idaho-state-%40-montana-state/33504072?outcomes=0OU83095099U13550_3
2026-01-22 21:19:03,2026-01-23 02:19:03.257441+00:00,initial_state,NCAAB,draftkings,"Montana State Bobcats vs Idaho State Bengals, 2026-01-22, 09",Montana State Bobcats,Idaho State Bengals,Total,,142.5,U,-190,https://sportsbook.draftkings.com/event/idaho-state-%40-montana-state/33504072?outcomes=0OU83095099U14250_3
2026-01-22 21:19:03,2026-01-23 02:19:03.257441+00:00,initial_state,NCAAB,draftkings,"Montana State Bobcats vs Idaho State Bengals, 2026-01-22, 09",Montana State Bobcats,Idaho State Bengals,Total,,141.5,O,+125,https://sportsbook.draftkings.com/event/idaho-state-%40-montana-state/33504072?outcomes=0OU83095099O14150_1
2026-01-22 21:19:03,2026-01-23 02:19:03.257441+00:00,initial_state,NCAAB,draftkings,"Montana State Bobcats vs Idaho State Bengals, 2026-01-22, 09",Montana State Bobcats,Idaho State Bengals,Total,,141.5,U,-170,https://sportsbook.draftkings.com/event/idaho-state-%40-montana-state/33504072?outcomes=0OU83095099U14150_3
2026-01-22 21:19:03,2026-01-23 02:19:03.257441+00:00,initial_state,NCAAB,draftkings,"Montana State Bobcats vs Idaho State Bengals, 2026-01-22, 09",Montana State Bobcats,Idaho State Bengals,Total,,139.5,O,+100,https://sportsbook.draftkings.com/event/idaho-state-%40-montana-state/33504072?outcomes=0OU83095099O13950_1
2026-01-22 21:19:03,2026-01-23 02:19:03.257441+00:00,initial_state,NCAAB,draftkings,"Montana State Bobcats vs Idaho State Bengals, 2026-01-22, 09",Montana State Bobcats,Idaho State Bengals,Total,,139.5,U,-135,https://sportsbook.draftkings.com/event/idaho-state-%40-montana-state/33504072?outcomes=0OU83095099U13950_3
2026-01-22 21:19:03,2026-01-23 02:19:03.257441+00:00,initial_state,NCAAB,draftkings,"Montana State Bobcats vs Idaho State Bengals, 2026-01-22, 09",Montana State Bobcats,Idaho State Bengals,Spread,Montana State Bobcats,-8.5,,-135,https://sportsbook.draftkings.com/event/idaho-state-%40-montana-state/33504072?outcomes=0HC83095099N850_1
2026-01-22 21:19:03,2026-01-23 02:19:03.257441+00:00,initial_state,NCAAB,draftkings,"Montana State Bobcats vs Idaho State Bengals, 2026-01-22, 09",Montana State Bobcats,Idaho State Bengals,Spread,Idaho State Bengals,8.5,,+100,https://sportsbook.draftkings.com/event/idaho-state-%40-montana-state/33504072?outcomes=0HC83095099P850_3
2026-01-22 21:19:03,2026-01-23 02:19:03.257579+00:00,initial_state,NCAAB,draftkings,"California Gauchos vs California Polytechnic Mustangs, 2026-01-22, 09",California Gauchos,California Polytechnic Mustangs,Spread,California Polytechnic Mustangs,12.5,,+190,https://sportsbook.draftkings.com/event/cal-poly-%40-uc-santa-barbara/33504079?outcomes=0HC83094929P1250_3
2026-01-22 21:19:03,2026-01-23 02:19:03.257579+00:00,initial_state,NCAAB,draftkings,"California Gauchos vs California Polytechnic Mustangs, 2026-01-22, 09",California Gauchos,California Polytechnic Mustangs,Spread,California Gauchos,-12.5,,-260,https://sportsbook.draftkings.com/event/cal-poly-%40-uc-santa-barbara/33504079?outcomes=0HC83094929N1250_1
2026-01-22 21:19:03,2026-01-23 02:19:03.257579+00:00,initial_state,NCAAB,draftkings,"California Gauchos vs California Polytechnic Mustangs, 2026-01-22, 09",California Gauchos,California Polytechnic Mustangs,Spread,California Polytechnic Mustangs,13.5,,+165,https://sportsbook.draftkings.com/event/cal-poly-%40-uc-santa-barbara/33504079?outcomes=0HC83094929P1350_3
2026-01-22 21:19:03,2026-01-23 02:19:03.257579+00:00,initial_state,NCAAB,draftkings,"California Gauchos vs California Polytechnic Mustangs, 2026-01-22, 09",California Gauchos,California Polytechnic Mustangs,Spread,California Gauchos,-13.5,,-220,https://sportsbook.draftkings.com/event/cal-poly-%40-uc-santa-barbara/33504079?outcomes=0HC83094929N1350_1
2026-01-22 21:19:03,2026-01-23 02:19:03.257579+00:00,initial_state,NCAAB,draftkings,"California Gauchos vs California Polytechnic Mustangs, 2026-01-22, 09",California Gauchos,California Polytechnic Mustangs,Spread,California Polytechnic Mustangs,14.5,,+135,https://sportsbook.draftkings.com/event/cal-poly-%40-uc-santa-barbara/33504079?outcomes=0HC83094929P1450_3
2026-01-22 21:19:03,2026-01-23 02:19:03.257579+00:00,initial_state,NCAAB,draftkings,"California Gauchos vs California Polytechnic Mustangs, 2026-01-22, 09",California Gauchos,California Polytechnic Mustangs,Spread,California Gauchos,-14.5,,-185,https://sportsbook.draftkings.com/event/cal-poly-%40-uc-santa-barbara/33504079?outcomes=0HC83094929N1450_1
2026-01-22 21:19:03,2026-01-23 02:19:03.257579+00:00,initial_state,NCAAB,draftkings,"California Gauchos vs California Polytechnic Mustangs, 2026-01-22, 09",California Gauchos,California Polytechnic Mustangs,Spread,California Polytechnic Mustangs,19.5,,-155,https://sportsbook.draftkings.com/event/cal-poly-%40-uc-santa-barbara/33504079?outcomes=0HC83094929P1950_3
2026-01-22 21:19:03,2026-01-23 02:19:03.257579+00:00,initial_state,NCAAB,draftkings,"California Gauchos vs California Polytechnic Mustangs, 2026-01-22, 09",California Gauchos,California Polytechnic Mustangs,Spread,California Gauchos,-19.5,,+115,https://sportsbook.draftkings.com/event/cal-poly-%40-uc-santa-barbara/33504079?outcomes=0HC83094929N1950_1
2026-01-22 21:19:03,2026-01-23 02:19:03.257579+00:00,initial_state,NCAAB,draftkings,"California Gauchos vs California Polytechnic Mustangs, 2026-01-22, 09",California Gauchos,California Polytechnic Mustangs,Spread,California Polytechnic Mustangs,20.5,,-185,https://sportsbook.draftkings.com/event/cal-poly-%40-uc-santa-barbara/33504079?outcomes=0HC83094929P2050_3
2026-01-22 21:19:03,2026-01-23 02:19:03.257579+00:00,initial_state,NCAAB,draftkings,"California Gauchos vs California Polytechnic Mustangs, 2026-01-22, 09",California Gauchos,California Polytechnic Mustangs,Spread,California Gauchos,-20.5,,+135,https://sportsbook.draftkings.com/event/cal-poly-%40-uc-santa-barbara/33504079?outcomes=0HC83094929N2050_1
2026-01-22 21:19:03,2026-01-23 02:19:03.257579+00:00,initial_state,NCAAB,draftkings,"California Gauchos vs California Polytechnic Mustangs, 2026-01-22, 09",California Gauchos,California Polytechnic Mustangs,Spread,California Polytechnic Mustangs,21.5,,-215,https://sportsbook.draftkings.com/event/cal-poly-%40-uc-santa-barbara/33504079?outcomes=0HC83094929P2150_3
2026-01-22 21:19:03,2026-01-23 02:19:03.257579+00:00,initial_state,NCAAB,draftkings,"California Gauchos vs California Polytechnic Mustangs, 2026-01-22, 09",California Gauchos,California Polytechnic Mustangs,Spread,California Gauchos,-21.5,,+160,https://sportsbook.draftkings.com/event/cal-poly-%40-uc-santa-barbara/33504079?outcomes=0HC83094929N2150_1
2026-01-22 21:19:03,2026-01-23 02:19:03.257579+00:00,initial_state,NCAAB,draftkings,"California Gauchos vs California Polytechnic Mustangs, 2026-01-22, 09",California Gauchos,California Polytechnic Mustangs,Total,,158.5,O,-140,https://sportsbook.draftkings.com/event/cal-poly-%40-uc-santa-barbara/33504079?outcomes=0OU83094929O15850_1
2026-01-22 21:19:03,2026-01-23 02:19:03.257579+00:00,initial_state,NCAAB,draftkings,"California Gauchos vs California Polytechnic Mustangs, 2026-01-22, 09",California Gauchos,California Polytechnic Mustangs,Total,,158.5,U,+105,https://sportsbook.draftkings.com/event/cal-poly-%40-uc-santa-barbara/33504079?outcomes=0OU83094929U15850_3
2026-01-22 21:19:03,2026-01-23 02:19:03.257579+00:00,initial_state,NCAAB,draftkings,"California Gauchos vs California Polytechnic Mustangs, 2026-01-22, 09",California Gauchos,California Polytechnic Mustangs,Total,,164.5,O,+140,https://sportsbook.draftkings.com/event/cal-poly-%40-uc-santa-barbara/33504079?outcomes=0OU83094929O16450_1
2026-01-22 21:19:03,2026-01-23 02:19:03.257579+00:00,initial_state,NCAAB,draftkings,"California Gauchos vs California Polytechnic Mustangs, 2026-01-22, 09",California Gauchos,California Polytechnic Mustangs,Total,,164.5,U,-190,https://sportsbook.draftkings.com/event/cal-poly-%40-uc-santa-barbara/33504079?outcomes=0OU83094929U16450_3
2026-01-22 21:19:03,2026-01-23 02:19:03.257579+00:00,initial_state,NCAAB,draftkings,"California Gauchos vs California Polytechnic Mustangs, 2026-01-22, 09",California Gauchos,California Polytechnic Mustangs,Total,,165.5,O,+155,https://sportsbook.draftkings.com/event/cal-poly-%40-uc-santa-barbara/33504079?outcomes=0OU83094929O16550_1
2026-01-22 21:19:03,2026-01-23 02:19:03.257579+00:00,initial_state,NCAAB,draftkings,"California Gauchos vs California Polytechnic Mustangs, 2026-01-22, 09",California Gauchos,California Polytechnic Mustangs,Total,,165.5,U,-210,https://sportsbook.draftkings.com/event/cal-poly-%40-uc-santa-barbara/33504079?outcomes=0OU83094929U16550_3
2026-01-22 21:19:03,2026-01-23 02:19:03.257579+00:00,initial_state,NCAAB,draftkings,"California Gauchos vs California Polytechnic Mustangs, 2026-01-22, 09",California Gauchos,California Polytechnic Mustangs,Spread,California Gauchos,-11.5,,-310,https://sportsbook.draftkings.com/event/cal-poly-%40-uc-santa-barbara/33504079?outcomes=0HC83094929N1150_1
2026-01-22 21:19:03,2026-01-23 02:19:03.257579+00:00,initial_state,NCAAB,draftkings,"California Gauchos vs California Polytechnic Mustangs, 2026-01-22, 09",California Gauchos,California Polytechnic Mustangs,Spread,California Gauchos,-18.5,,+100,https://sportsbook.draftkings.com/event/cal-poly-%40-uc-santa-barbara/33504079?outcomes=0HC83094929N1850_1
2026-01-22 21:19:03,2026-01-23 02:19:03.257579+00:00,initial_state,NCAAB,draftkings,"California Gauchos vs California Polytechnic Mustangs, 2026-01-22, 09",California Gauchos,California Polytechnic Mustangs,Spread,California Polytechnic Mustangs,11.5,,+220,https://sportsbook.draftkings.com/event/cal-poly-%40-uc-santa-barbara/33504079?outcomes=0HC83094929P1150_3
2026-01-22 21:19:03,2026-01-23 02:19:03.257579+00:00,initial_state,NCAAB,draftkings,"California Gauchos vs California Polytechnic Mustangs, 2026-01-22, 09",California Gauchos,California Polytechnic Mustangs,Spread,California Polytechnic Mustangs,18.5,,-135,https://sportsbook.draftkings.com/event/cal-poly-%40-uc-santa-barbara/33504079?outcomes=0HC83094929P1850_3
2026-01-22 21:19:03,2026-01-23 02:19:03.257579+00:00,initial_state,NCAAB,draftkings,"California Gauchos vs California Polytechnic Mustangs, 2026-01-22, 09",California Gauchos,California Polytechnic Mustangs,Total,,159.5,O,-125,https://sportsbook.draftkings.com/event/cal-poly-%40-uc-santa-barbara/33504079?outcomes=0OU83094929O15950_1
2026-01-22 21:19:03,2026-01-23 02:19:03.257579+00:00,initial_state,NCAAB,draftkings,"California Gauchos vs California Polytechnic Mustangs, 2026-01-22, 09",California Gauchos,California Polytechnic Mustangs,Total,,166.5,O,+175,https://sportsbook.draftkings.com/event/cal-poly-%40-uc-santa-barbara/33504079?outcomes=0OU83094929O16650_1
2026-01-22 21:19:03,2026-01-23 02:19:03.257579+00:00,initial_state,NCAAB,draftkings,"California Gauchos vs California Polytechnic Mustangs, 2026-01-22, 09",California Gauchos,California Polytechnic Mustangs,Total,,159.5,U,-110,https://sportsbook.draftkings.com/event/cal-poly-%40-uc-santa-barbara/33504079?outcomes=0OU83094929U15950_3
2026-01-22 21:19:03,2026-01-23 02:19:03.257579+00:00,initial_state,NCAAB,draftkings,"California Gauchos vs California Polytechnic Mustangs, 2026-01-22, 09",California Gauchos,California Polytechnic Mustangs,Total,,166.5,U,-240,https://sportsbook.draftkings.com/event/cal-poly-%40-uc-santa-barbara/33504079?outcomes=0OU83094929U16650_3
2026-01-22 21:19:03,2026-01-23 02:19:03.257579+00:00,initial_state,NCAAB,draftkings,"California Gauchos vs California Polytechnic Mustangs, 2026-01-22, 09",California Gauchos,California Polytechnic Mustangs,Spread,California Gauchos,-16.5,,-130,https://sportsbook.draftkings.com/event/cal-poly-%40-uc-santa-barbara/33504079?outcomes=0HC83094929N1650_1
2026-01-22 21:19:03,2026-01-23 02:19:03.257579+00:00,initial_state,NCAAB,draftkings,"California Gauchos vs California Polytechnic Mustangs, 2026-01-22, 09",California Gauchos,California Polytechnic Mustangs,Spread,California Polytechnic Mustangs,16.5,,-105,https://sportsbook.draftkings.com/event/cal-poly-%40-uc-santa-barbara/33504079?outcomes=0HC83094929P1650_3
2026-01-22 21:19:03,2026-01-23 02:19:03.257579+00:00,initial_state,NCAAB,draftkings,"California Gauchos vs California Polytechnic Mustangs, 2026-01-22, 09",California Gauchos,California Polytechnic Mustangs,Total,,163.5,O,+125,https://sportsbook.draftkings.com/event/cal-poly-%40-uc-santa-barbara/33504079?outcomes=0OU83094929O16350_1
2026-01-22 21:19:03,2026-01-23 02:19:03.257579+00:00,initial_state,NCAAB,draftkings,"California Gauchos vs California Polytechnic Mustangs, 2026-01-22, 09",California Gauchos,California Polytechnic Mustangs,Total,,156.5,O,-175,https://sportsbook.draftkings.com/event/cal-poly-%40-uc-santa-barbara/33504079?outcomes=0OU83094929O15650_1
2026-01-22 21:19:03,2026-01-23 02:19:03.257579+00:00,initial_state,NCAAB,draftkings,"California Gauchos vs California Polytechnic Mustangs, 2026-01-22, 09",California Gauchos,California Polytechnic Mustangs,Total,,163.5,U,-170,https://sportsbook.draftkings.com/event/cal-poly-%40-uc-santa-barbara/33504079?outcomes=0OU83094929U16350_3
2026-01-22 21:19:03,2026-01-23 02:19:03.257579+00:00,initial_state,NCAAB,draftkings,"California Gauchos vs California Polytechnic Mustangs, 2026-01-22, 09",California Gauchos,California Polytechnic Mustangs,Total,,157.5,U,+115,https://sportsbook.draftkings.com/event/cal-poly-%40-uc-santa-barbara/33504079?outcomes=0OU83094929U15750_3
2026-01-22 21:19:03,2026-01-23 02:19:03.257579+00:00,initial_state,NCAAB,draftkings,"California Gauchos vs California Polytechnic Mustangs, 2026-01-22, 09",California Gauchos,California Polytechnic Mustangs,Total,,157.5,O,-160,https://sportsbook.draftkings.com/event/cal-poly-%40-uc-santa-barbara/33504079?outcomes=0OU83094929O15750_1
2026-01-22 21:19:03,2026-01-23 02:19:03.257579+00:00,initial_state,NCAAB,draftkings,"California Gauchos vs California Polytechnic Mustangs, 2026-01-22, 09",California Gauchos,California Polytechnic Mustangs,Total,,156.5,U,+130,https://sportsbook.draftkings.com/event/cal-poly-%40-uc-santa-barbara/33504079?outcomes=0OU83094929U15650_3
2026-01-22 21:19:03,2026-01-23 02:19:03.257579+00:00,initial_state,NCAAB,draftkings,"California Gauchos vs California Polytechnic Mustangs, 2026-01-22, 09",California Gauchos,California Polytechnic Mustangs,Total,,155.5,O,-195,https://sportsbook.draftkings.com/event/cal-poly-%40-uc-santa-barbara/33504079?outcomes=0OU83094929O15550_1
2026-01-22 21:19:03,2026-01-23 02:19:03.257579+00:00,initial_state,NCAAB,draftkings,"California Gauchos vs California Polytechnic Mustangs, 2026-01-22, 09",California Gauchos,California Polytechnic Mustangs,Total,,162.5,O,+110,https://sportsbook.draftkings.com/event/cal-poly-%40-uc-santa-barbara/33504079?outcomes=0OU83094929O16250_1
2026-01-22 21:19:03,2026-01-23 02:19:03.257579+00:00,initial_state,NCAAB,draftkings,"California Gauchos vs California Polytechnic Mustangs, 2026-01-22, 09",California Gauchos,California Polytechnic Mustangs,Total,,155.5,U,+145,https://sportsbook.draftkings.com/event/cal-poly-%40-uc-santa-barbara/33504079?outcomes=0OU83094929U15550_3
2026-01-22 21:19:03,2026-01-23 02:19:03.257579+00:00,initial_state,NCAAB,draftkings,"California Gauchos vs California Polytechnic Mustangs, 2026-01-22, 09",California Gauchos,California Polytechnic Mustangs,Total,,162.5,U,-150,https://sportsbook.draftkings.com/event/cal-poly-%40-uc-santa-barbara/33504079?outcomes=0OU83094929U16250_3
2026-01-22 21:19:03,2026-01-23 02:19:03.257730+00:00,initial_state,NCAAB,draftkings,"Texas El Paso Miners vs Florida International Panthers, 2026-01-22, 09",Texas El Paso Miners,Florida International Panthers,Total,,152.5,O,-170,https://sportsbook.draftkings.com/event/fiu-%40-utep/33504080?outcomes=0OU83094901O15250_1
2026-01-22 21:19:03,2026-01-23 02:19:03.257730+00:00,initial_state,NCAAB,draftkings,"Texas El Paso Miners vs Florida International Panthers, 2026-01-22, 09",Texas El Paso Miners,Florida International Panthers,Total,,152.5,U,+125,https://sportsbook.draftkings.com/event/fiu-%40-utep/33504080?outcomes=0OU83094901U15250_3
2026-01-22 21:19:03,2026-01-23 02:19:03.257730+00:00,initial_state,NCAAB,draftkings,"Texas El Paso Miners vs Florida International Panthers, 2026-01-22, 09",Texas El Paso Miners,Florida International Panthers,Total,,159.5,O,+130,https://sportsbook.draftkings.com/event/fiu-%40-utep/33504080?outcomes=0OU83094901O15950_1
2026-01-22 21:19:03,2026-01-23 02:19:03.257730+00:00,initial_state,NCAAB,draftkings,"Texas El Paso Miners vs Florida International Panthers, 2026-01-22, 09",Texas El Paso Miners,Florida International Panthers,Total,,159.5,U,-180,https://sportsbook.draftkings.com/event/fiu-%40-utep/33504080?outcomes=0OU83094901U15950_3
2026-01-22 21:19:03,2026-01-23 02:19:03.257730+00:00,initial_state,NCAAB,draftkings,"Texas El Paso Miners vs Florida International Panthers, 2026-01-22, 09",Texas El Paso Miners,Florida International Panthers,Total,,160.5,O,+145,https://sportsbook.draftkings.com/event/fiu-%40-utep/33504080?outcomes=0OU83094901O16050_1
2026-01-22 21:19:03,2026-01-23 02:19:03.257730+00:00,initial_state,NCAAB,draftkings,"Texas El Paso Miners vs Florida International Panthers, 2026-01-22, 09",Texas El Paso Miners,Florida International Panthers,Total,,153.5,O,-150,https://sportsbook.draftkings.com/event/fiu-%40-utep/33504080?outcomes=0OU83094901O15350_1
2026-01-22 21:19:03,2026-01-23 02:19:03.257730+00:00,initial_state,NCAAB,draftkings,"Texas El Paso Miners vs Florida International Panthers, 2026-01-22, 09",Texas El Paso Miners,Florida International Panthers,Total,,160.5,U,-195,https://sportsbook.draftkings.com/event/fiu-%40-utep/33504080?outcomes=0OU83094901U16050_3
2026-01-22 21:19:03,2026-01-23 02:19:03.257730+00:00,initial_state,NCAAB,draftkings,"Texas El Paso Miners vs Florida International Panthers, 2026-01-22, 09",Texas El Paso Miners,Florida International Panthers,Total,,153.5,U,+110,https://sportsbook.draftkings.com/event/fiu-%40-utep/33504080?outcomes=0OU83094901U15350_3
2026-01-22 21:19:03,2026-01-23 02:19:03.257730+00:00,initial_state,NCAAB,draftkings,"Texas El Paso Miners vs Florida International Panthers, 2026-01-22, 09",Texas El Paso Miners,Florida International Panthers,Spread,Texas El Paso Miners,-6.5,,+220,https://sportsbook.draftkings.com/event/fiu-%40-utep/33504080?outcomes=0HC83094901N650_1
2026-01-22 21:19:03,2026-01-23 02:19:03.257730+00:00,initial_state,NCAAB,draftkings,"Texas El Paso Miners vs Florida International Panthers, 2026-01-22, 09",Texas El Paso Miners,Florida International Panthers,Spread,Florida International Panthers,6.5,,-310,https://sportsbook.draftkings.com/event/fiu-%40-utep/33504080?outcomes=0HC83094901P650_3
2026-01-22 21:19:03,2026-01-23 02:19:03.257730+00:00,initial_state,NCAAB,draftkings,"Texas El Paso Miners vs Florida International Panthers, 2026-01-22, 09",Texas El Paso Miners,Florida International Panthers,Spread,Florida International Panthers,-2.5,,+115,https://sportsbook.draftkings.com/event/fiu-%40-utep/33504080?outcomes=0HC83094901N250_3
2026-01-22 21:19:03,2026-01-23 02:19:03.257730+00:00,initial_state,NCAAB,draftkings,"Texas El Paso Miners vs Florida International Panthers, 2026-01-22, 09",Texas El Paso Miners,Florida International Panthers,Spread,Texas El Paso Miners,-5.5,,+195,https://sportsbook.draftkings.com/event/fiu-%40-utep/33504080?outcomes=0HC83094901N550_1
2026-01-22 21:19:03,2026-01-23 02:19:03.257730+00:00,initial_state,NCAAB,draftkings,"Texas El Paso Miners vs Florida International Panthers, 2026-01-22, 09",Texas El Paso Miners,Florida International Panthers,Spread,Texas El Paso Miners,2.5,,-155,https://sportsbook.draftkings.com/event/fiu-%40-utep/33504080?outcomes=0HC83094901P250_1
2026-01-22 21:19:03,2026-01-23 02:19:03.257730+00:00,initial_state,NCAAB,draftkings,"Texas El Paso Miners vs Florida International Panthers, 2026-01-22, 09",Texas El Paso Miners,Florida International Panthers,Spread,Florida International Panthers,5.5,,-265,https://sportsbook.draftkings.com/event/fiu-%40-utep/33504080?outcomes=0HC83094901P550_3
2026-01-22 21:19:03,2026-01-23 02:19:03.257730+00:00,initial_state,NCAAB,draftkings,"Texas El Paso Miners vs Florida International Panthers, 2026-01-22, 09",Texas El Paso Miners,Florida International Panthers,Spread,Texas El Paso Miners,3.5,,-185,https://sportsbook.draftkings.com/event/fiu-%40-utep/33504080?outcomes=0HC83094901P350_1
2026-01-22 21:19:03,2026-01-23 02:19:03.257730+00:00,initial_state,NCAAB,draftkings,"Texas El Paso Miners vs Florida International Panthers, 2026-01-22, 09",Texas El Paso Miners,Florida International Panthers,Spread,Texas El Paso Miners,-4.5,,+170,https://sportsbook.draftkings.com/event/fiu-%40-utep/33504080?outcomes=0HC83094901N450_1
2026-01-22 21:19:03,2026-01-23 02:19:03.257730+00:00,initial_state,NCAAB,draftkings,"Texas El Paso Miners vs Florida International Panthers, 2026-01-22, 09",Texas El Paso Miners,Florida International Panthers,Spread,Florida International Panthers,-3.5,,+135,https://sportsbook.draftkings.com/event/fiu-%40-utep/33504080?outcomes=0HC83094901N350_3
2026-01-22 21:19:03,2026-01-23 02:19:03.257730+00:00,initial_state,NCAAB,draftkings,"Texas El Paso Miners vs Florida International Panthers, 2026-01-22, 09",Texas El Paso Miners,Florida International Panthers,Spread,Florida International Panthers,4.5,,-235,https://sportsbook.draftkings.com/event/fiu-%40-utep/33504080?outcomes=0HC83094901P450_3
2026-01-22 21:19:03,2026-01-23 02:19:03.257730+00:00,initial_state,NCAAB,draftkings,"Texas El Paso Miners vs Florida International Panthers, 2026-01-22, 09",Texas El Paso Miners,Florida International Panthers,Spread,Florida International Panthers,-4.5,,+155,https://sportsbook.draftkings.com/event/fiu-%40-utep/33504080?outcomes=0HC83094901N450_3
2026-01-22 21:19:03,2026-01-23 02:19:03.257730+00:00,initial_state,NCAAB,draftkings,"Texas El Paso Miners vs Florida International Panthers, 2026-01-22, 09",Texas El Paso Miners,Florida International Panthers,Spread,Texas El Paso Miners,4.5,,-210,https://sportsbook.draftkings.com/event/fiu-%40-utep/33504080?outcomes=0HC83094901P450_1
2026-01-22 21:19:03,2026-01-23 02:19:03.257730+00:00,initial_state,NCAAB,draftkings,"Texas El Paso Miners vs Florida International Panthers, 2026-01-22, 09",Texas El Paso Miners,Florida International Panthers,Total,,151.5,O,-190,https://sportsbook.draftkings.com/event/fiu-%40-utep/33504080?outcomes=0OU83094901O15150_1
2026-01-22 21:19:03,2026-01-23 02:19:03.257730+00:00,initial_state,NCAAB,draftkings,"Texas El Paso Miners vs Florida International Panthers, 2026-01-22, 09",Texas El Paso Miners,Florida International Panthers,Total,,158.5,O,+115,https://sportsbook.draftkings.com/event/fiu-%40-utep/33504080?outcomes=0OU83094901O15850_1
2026-01-22 21:19:03,2026-01-23 02:19:03.257730+00:00,initial_state,NCAAB,draftkings,"Texas El Paso Miners vs Florida International Panthers, 2026-01-22, 09",Texas El Paso Miners,Florida International Panthers,Total,,151.5,U,+140,https://sportsbook.draftkings.com/event/fiu-%40-utep/33504080?outcomes=0OU83094901U15150_3
2026-01-22 21:19:03,2026-01-23 02:19:03.257730+00:00,initial_state,NCAAB,draftkings,"Texas El Paso Miners vs Florida International Panthers, 2026-01-22, 09",Texas El Paso Miners,Florida International Panthers,Total,,158.5,U,-160,https://sportsbook.draftkings.com/event/fiu-%40-utep/33504080?outcomes=0OU83094901U15850_3
2026-01-22 21:19:03,2026-01-23 02:19:03.257730+00:00,initial_state,NCAAB,draftkings,"Texas El Paso Miners vs Florida International Panthers, 2026-01-22, 09",Texas El Paso Miners,Florida International Panthers,Spread,Texas El Paso Miners,-2.5,,+125,https://sportsbook.draftkings.com/event/fiu-%40-utep/33504080?outcomes=0HC83094901N250_1
2026-01-22 21:19:03,2026-01-23 02:19:03.257730+00:00,initial_state,NCAAB,draftkings,"Texas El Paso Miners vs Florida International Panthers, 2026-01-22, 09",Texas El Paso Miners,Florida International Panthers,Spread,Florida International Panthers,2.5,,-170,https://sportsbook.draftkings.com/event/fiu-%40-utep/33504080?outcomes=0HC83094901P250_3
2026-01-22 21:19:03,2026-01-23 02:19:03.257730+00:00,initial_state,NCAAB,draftkings,"Texas El Paso Miners vs Florida International Panthers, 2026-01-22, 09",Texas El Paso Miners,Florida International Panthers,Total,,150.5,O,-210,https://sportsbook.draftkings.com/event/fiu-%40-utep/33504080?outcomes=0OU83094901O15050_1
2026-01-22 21:19:03,2026-01-23 02:19:03.257730+00:00,initial_state,NCAAB,draftkings,"Texas El Paso Miners vs Florida International Panthers, 2026-01-22, 09",Texas El Paso Miners,Florida International Panthers,Total,,157.5,O,+105,https://sportsbook.draftkings.com/event/fiu-%40-utep/33504080?outcomes=0OU83094901O15750_1
2026-01-22 21:19:03,2026-01-23 02:19:03.257730+00:00,initial_state,NCAAB,draftkings,"Texas El Paso Miners vs Florida International Panthers, 2026-01-22, 09",Texas El Paso Miners,Florida International Panthers,Total,,150.5,U,+155,https://sportsbook.draftkings.com/event/fiu-%40-utep/33504080?outcomes=0OU83094901U15050_3
2026-01-22 21:19:03,2026-01-23 02:19:03.257730+00:00,initial_state,NCAAB,draftkings,"Texas El Paso Miners vs Florida International Panthers, 2026-01-22, 09",Texas El Paso Miners,Florida International Panthers,Total,,157.5,U,-145,https://sportsbook.draftkings.com/event/fiu-%40-utep/33504080?outcomes=0OU83094901U15750_3
2026-01-22 21:19:03,2026-01-23 02:19:03.257730+00:00,initial_state,NCAAB,draftkings,"Texas El Paso Miners vs Florida International Panthers, 2026-01-22, 09",Texas El Paso Miners,Florida International Panthers,Spread,Texas El Paso Miners,-1.5,,+105,https://sportsbook.draftkings.com/event/fiu-%40-utep/33504080?outcomes=0HC83094901N150_1
2026-01-22 21:19:03,2026-01-23 02:19:03.257730+00:00,initial_state,NCAAB,draftkings,"Texas El Paso Miners vs Florida International Panthers, 2026-01-22, 09",Texas El Paso Miners,Florida International Panthers,Spread,Florida International Panthers,1.5,,-145,https://sportsbook.draftkings.com/event/fiu-%40-utep/33504080?outcomes=0HC83094901P150_3
2026-01-22 21:19:03,2026-01-23 02:19:03.257730+00:00,initial_state,NCAAB,draftkings,"Texas El Paso Miners vs Florida International Panthers, 2026-01-22, 09",Texas El Paso Miners,Florida International Panthers,Total,,156.5,O,-105,https://sportsbook.draftkings.com/event/fiu-%40-utep/33504080?outcomes=0OU83094901O15650_1
2026-01-22 21:19:03,2026-01-23 02:19:03.257730+00:00,initial_state,NCAAB,draftkings,"Texas El Paso Miners vs Florida International Panthers, 2026-01-22, 09",Texas El Paso Miners,Florida International Panthers,Total,,149.5,O,-235,https://sportsbook.draftkings.com/event/fiu-%40-utep/33504080?outcomes=0OU83094901O14950_1
2026-01-22 21:19:03,2026-01-23 02:19:03.257730+00:00,initial_state,NCAAB,draftkings,"Texas El Paso Miners vs Florida International Panthers, 2026-01-22, 09",Texas El Paso Miners,Florida International Panthers,Total,,156.5,U,-125,https://sportsbook.draftkings.com/event/fiu-%40-utep/33504080?outcomes=0OU83094901U15650_3
2026-01-22 21:19:03,2026-01-23 02:19:03.257730+00:00,initial_state,NCAAB,draftkings,"Texas El Paso Miners vs Florida International Panthers, 2026-01-22, 09",Texas El Paso Miners,Florida International Panthers,Total,,149.5,U,+175,https://sportsbook.draftkings.com/event/fiu-%40-utep/33504080?outcomes=0OU83094901U14950_3
2026-01-22 21:19:03,2026-01-23 02:19:03.257846+00:00,initial_state,NCAAB,draftkings,"Cal Davis Aggies vs UC San Diego Tritons, 2026-01-22, 09",Cal Davis Aggies,UC San Diego Tritons,Spread,UC San Diego Tritons,-9.5,,+200,https://sportsbook.draftkings.com/event/uc-san-diego-%40-uc-davis/33503920?outcomes=0HC83094912N950_3
2026-01-22 21:19:03,2026-01-23 02:19:03.257846+00:00,initial_state,NCAAB,draftkings,"Cal Davis Aggies vs UC San Diego Tritons, 2026-01-22, 09",Cal Davis Aggies,UC San Diego Tritons,Spread,Cal Davis Aggies,9.5,,-280,https://sportsbook.draftkings.com/event/uc-san-diego-%40-uc-davis/33503920?outcomes=0HC83094912P950_1
2026-01-22 21:19:03,2026-01-23 02:19:03.257846+00:00,initial_state,NCAAB,draftkings,"Cal Davis Aggies vs UC San Diego Tritons, 2026-01-22, 09",Cal Davis Aggies,UC San Diego Tritons,Spread,UC San Diego Tritons,-8.5,,+170,https://sportsbook.draftkings.com/event/uc-san-diego-%40-uc-davis/33503920?outcomes=0HC83094912N850_3
2026-01-22 21:19:03,2026-01-23 02:19:03.257846+00:00,initial_state,NCAAB,draftkings,"Cal Davis Aggies vs UC San Diego Tritons, 2026-01-22, 09",Cal Davis Aggies,UC San Diego Tritons,Spread,Cal Davis Aggies,8.5,,-230,https://sportsbook.draftkings.com/event/uc-san-diego-%40-uc-davis/33503920?outcomes=0HC83094912P850_1
2026-01-22 21:19:03,2026-01-23 02:19:03.257846+00:00,initial_state,NCAAB,draftkings,"Cal Davis Aggies vs UC San Diego Tritons, 2026-01-22, 09",Cal Davis Aggies,UC San Diego Tritons,Spread,UC San Diego Tritons,-7.5,,+145,https://sportsbook.draftkings.com/event/uc-san-diego-%40-uc-davis/33503920?outcomes=0HC83094912N750_3
2026-01-22 21:19:03,2026-01-23 02:19:03.257846+00:00,initial_state,NCAAB,draftkings,"Cal Davis Aggies vs UC San Diego Tritons, 2026-01-22, 09",Cal Davis Aggies,UC San Diego Tritons,Spread,Cal Davis Aggies,7.5,,-200,https://sportsbook.draftkings.com/event/uc-san-diego-%40-uc-davis/33503920?outcomes=0HC83094912P750_1
2026-01-22 21:19:03,2026-01-23 02:19:03.257846+00:00,initial_state,NCAAB,draftkings,"Cal Davis Aggies vs UC San Diego Tritons, 2026-01-22, 09",Cal Davis Aggies,UC San Diego Tritons,Spread,UC San Diego Tritons,-6.5,,+130,https://sportsbook.draftkings.com/event/uc-san-diego-%40-uc-davis/33503920?outcomes=0HC83094912N650_3
2026-01-22 21:19:03,2026-01-23 02:19:03.257846+00:00,initial_state,NCAAB,draftkings,"Cal Davis Aggies vs UC San Diego Tritons, 2026-01-22, 09",Cal Davis Aggies,UC San Diego Tritons,Spread,Cal Davis Aggies,6.5,,-175,https://sportsbook.draftkings.com/event/uc-san-diego-%40-uc-davis/33503920?outcomes=0HC83094912P650_1
2026-01-22 21:19:03,2026-01-23 02:19:03.257846+00:00,initial_state,NCAAB,draftkings,"Cal Davis Aggies vs UC San Diego Tritons, 2026-01-22, 09",Cal Davis Aggies,UC San Diego Tritons,Spread,UC San Diego Tritons,-5.5,,+115,https://sportsbook.draftkings.com/event/uc-san-diego-%40-uc-davis/33503920?outcomes=0HC83094912N550_3
2026-01-22 21:19:03,2026-01-23 02:19:03.257846+00:00,initial_state,NCAAB,draftkings,"Cal Davis Aggies vs UC San Diego Tritons, 2026-01-22, 09",Cal Davis Aggies,UC San Diego Tritons,Spread,Cal Davis Aggies,5.5,,-155,https://sportsbook.draftkings.com/event/uc-san-diego-%40-uc-davis/33503920?outcomes=0HC83094912P550_1
2026-01-22 21:19:03,2026-01-23 02:19:03.257846+00:00,initial_state,NCAAB,draftkings,"Cal Davis Aggies vs UC San Diego Tritons, 2026-01-22, 09",Cal Davis Aggies,UC San Diego Tritons,Spread,UC San Diego Tritons,-2.5,,-135,https://sportsbook.draftkings.com/event/uc-san-diego-%40-uc-davis/33503920?outcomes=0HC83094912N250_3
2026-01-22 21:19:03,2026-01-23 02:19:03.257846+00:00,initial_state,NCAAB,draftkings,"Cal Davis Aggies vs UC San Diego Tritons, 2026-01-22, 09",Cal Davis Aggies,UC San Diego Tritons,Spread,Cal Davis Aggies,2.5,,+100,https://sportsbook.draftkings.com/event/uc-san-diego-%40-uc-davis/33503920?outcomes=0HC83094912P250_1
2026-01-22 21:19:03,2026-01-23 02:19:03.257846+00:00,initial_state,NCAAB,draftkings,"Cal Davis Aggies vs UC San Diego Tritons, 2026-01-22, 09",Cal Davis Aggies,UC San Diego Tritons,Spread,UC San Diego Tritons,-1.5,,-155,https://sportsbook.draftkings.com/event/uc-san-diego-%40-uc-davis/33503920?outcomes=0HC83094912N150_3
2026-01-22 21:19:03,2026-01-23 02:19:03.257846+00:00,initial_state,NCAAB,draftkings,"Cal Davis Aggies vs UC San Diego Tritons, 2026-01-22, 09",Cal Davis Aggies,UC San Diego Tritons,Spread,Cal Davis Aggies,1.5,,+115,https://sportsbook.draftkings.com/event/uc-san-diego-%40-uc-davis/33503920?outcomes=0HC83094912P150_1
2026-01-22 21:19:03,2026-01-23 02:19:03.257846+00:00,initial_state,NCAAB,draftkings,"Cal Davis Aggies vs UC San Diego Tritons, 2026-01-22, 09",Cal Davis Aggies,UC San Diego Tritons,Spread,UC San Diego Tritons,1.5,,-210,https://sportsbook.draftkings.com/event/uc-san-diego-%40-uc-davis/33503920?outcomes=0HC83094912P150_3
2026-01-22 21:19:03,2026-01-23 02:19:03.257846+00:00,initial_state,NCAAB,draftkings,"Cal Davis Aggies vs UC San Diego Tritons, 2026-01-22, 09",Cal Davis Aggies,UC San Diego Tritons,Spread,Cal Davis Aggies,-1.5,,+155,https://sportsbook.draftkings.com/event/uc-san-diego-%40-uc-davis/33503920?outcomes=0HC83094912N150_1
2026-01-22 21:19:03,2026-01-23 02:19:03.257846+00:00,initial_state,NCAAB,draftkings,"Cal Davis Aggies vs UC San Diego Tritons, 2026-01-22, 09",Cal Davis Aggies,UC San Diego Tritons,Spread,UC San Diego Tritons,2.5,,-250,https://sportsbook.draftkings.com/event/uc-san-diego-%40-uc-davis/33503920?outcomes=0HC83094912P250_3
2026-01-22 21:19:03,2026-01-23 02:19:03.257846+00:00,initial_state,NCAAB,draftkings,"Cal Davis Aggies vs UC San Diego Tritons, 2026-01-22, 09",Cal Davis Aggies,UC San Diego Tritons,Spread,Cal Davis Aggies,-2.5,,+180,https://sportsbook.draftkings.com/event/uc-san-diego-%40-uc-davis/33503920?outcomes=0HC83094912N250_1
2026-01-22 21:19:03,2026-01-23 02:19:03.257846+00:00,initial_state,NCAAB,draftkings,"Cal Davis Aggies vs UC San Diego Tritons, 2026-01-22, 09",Cal Davis Aggies,UC San Diego Tritons,Spread,Cal Davis Aggies,-3.5,,+215,https://sportsbook.draftkings.com/event/uc-san-diego-%40-uc-davis/33503920?outcomes=0HC83094912N350_1
2026-01-22 21:19:03,2026-01-23 02:19:03.257846+00:00,initial_state,NCAAB,draftkings,"Cal Davis Aggies vs UC San Diego Tritons, 2026-01-22, 09",Cal Davis Aggies,UC San Diego Tritons,Spread,UC San Diego Tritons,-4.5,,+100,https://sportsbook.draftkings.com/event/uc-san-diego-%40-uc-davis/33503920?outcomes=0HC83094912N450_3
2026-01-22 21:19:03,2026-01-23 02:19:03.257846+00:00,initial_state,NCAAB,draftkings,"Cal Davis Aggies vs UC San Diego Tritons, 2026-01-22, 09",Cal Davis Aggies,UC San Diego Tritons,Spread,UC San Diego Tritons,3.5,,-300,https://sportsbook.draftkings.com/event/uc-san-diego-%40-uc-davis/33503920?outcomes=0HC83094912P350_3
2026-01-22 21:19:03,2026-01-23 02:19:03.257846+00:00,initial_state,NCAAB,draftkings,"Cal Davis Aggies vs UC San Diego Tritons, 2026-01-22, 09",Cal Davis Aggies,UC San Diego Tritons,Spread,Cal Davis Aggies,4.5,,-135,https://sportsbook.draftkings.com/event/uc-san-diego-%40-uc-davis/33503920?outcomes=0HC83094912P450_1
2026-01-22 21:19:03,2026-01-23 02:19:03.257846+00:00,initial_state,NCAAB,draftkings,"Cal Davis Aggies vs UC San Diego Tritons, 2026-01-22, 09",Cal Davis Aggies,UC San Diego Tritons,Spread,UC San Diego Tritons,-3.5,,-115,https://sportsbook.draftkings.com/event/uc-san-diego-%40-uc-davis/33503920?outcomes=0HC83094660N350_3
2026-01-22 21:19:03,2026-01-23 02:19:03.257846+00:00,initial_state,NCAAB,draftkings,"Cal Davis Aggies vs UC San Diego Tritons, 2026-01-22, 09",Cal Davis Aggies,UC San Diego Tritons,Spread,Cal Davis Aggies,3.5,,-115,https://sportsbook.draftkings.com/event/uc-san-diego-%40-uc-davis/33503920?outcomes=0HC83094660P350_1
2026-01-22 21:19:03,2026-01-23 02:19:03.257846+00:00,initial_state,NCAAB,draftkings,"Cal Davis Aggies vs UC San Diego Tritons, 2026-01-22, 09",Cal Davis Aggies,UC San Diego Tritons,Total,,149.5,O,+165,https://sportsbook.draftkings.com/event/uc-san-diego-%40-uc-davis/33503920?outcomes=0OU83094912O14950_1
2026-01-22 21:19:03,2026-01-23 02:19:03.257846+00:00,initial_state,NCAAB,draftkings,"Cal Davis Aggies vs UC San Diego Tritons, 2026-01-22, 09",Cal Davis Aggies,UC San Diego Tritons,Total,,149.5,U,-225,https://sportsbook.draftkings.com/event/uc-san-diego-%40-uc-davis/33503920?outcomes=0OU83094912U14950_3
2026-01-22 21:19:03,2026-01-23 02:19:03.257846+00:00,initial_state,NCAAB,draftkings,"Cal Davis Aggies vs UC San Diego Tritons, 2026-01-22, 09",Cal Davis Aggies,UC San Diego Tritons,Spread,UC San Diego Tritons,-10.5,,+240,https://sportsbook.draftkings.com/event/uc-san-diego-%40-uc-davis/33503920?outcomes=0HC83094912N1050_3
2026-01-22 21:19:03,2026-01-23 02:19:03.257846+00:00,initial_state,NCAAB,draftkings,"Cal Davis Aggies vs UC San Diego Tritons, 2026-01-22, 09",Cal Davis Aggies,UC San Diego Tritons,Spread,Cal Davis Aggies,10.5,,-330,https://sportsbook.draftkings.com/event/uc-san-diego-%40-uc-davis/33503920?outcomes=0HC83094912P1050_1
2026-01-22 21:19:03,2026-01-23 02:19:03.258000+00:00,initial_state,NCAAB,draftkings,"Montana Grizzlies vs Weber State Wildcats, 2026-01-22, 09",Montana Grizzlies,Weber State Wildcats,Spread,Weber State Wildcats,-2.5,,+190,https://sportsbook.draftkings.com/event/weber-state-%40-montana/33504076?outcomes=0HC83095090N250_3
2026-01-22 21:19:03,2026-01-23 02:19:03.258000+00:00,initial_state,NCAAB,draftkings,"Montana Grizzlies vs Weber State Wildcats, 2026-01-22, 09",Montana Grizzlies,Weber State Wildcats,Spread,Montana Grizzlies,2.5,,-260,https://sportsbook.draftkings.com/event/weber-state-%40-montana/33504076?outcomes=0HC83095090P250_1
2026-01-22 21:19:03,2026-01-23 02:19:03.258000+00:00,initial_state,NCAAB,draftkings,"Montana Grizzlies vs Weber State Wildcats, 2026-01-22, 09",Montana Grizzlies,Weber State Wildcats,Spread,Weber State Wildcats,-1.5,,+160,https://sportsbook.draftkings.com/event/weber-state-%40-montana/33504076?outcomes=0HC83095090N150_3
2026-01-22 21:19:03,2026-01-23 02:19:03.258000+00:00,initial_state,NCAAB,draftkings,"Montana Grizzlies vs Weber State Wildcats, 2026-01-22, 09",Montana Grizzlies,Weber State Wildcats,Spread,Montana Grizzlies,1.5,,-220,https://sportsbook.draftkings.com/event/weber-state-%40-montana/33504076?outcomes=0HC83095090P150_1
2026-01-22 21:19:03,2026-01-23 02:19:03.258000+00:00,initial_state,NCAAB,draftkings,"Montana Grizzlies vs Weber State Wildcats, 2026-01-22, 09",Montana Grizzlies,Weber State Wildcats,Spread,Weber State Wildcats,6.5,,-180,https://sportsbook.draftkings.com/event/weber-state-%40-montana/33504076?outcomes=0HC83095090P650_3
2026-01-22 21:19:03,2026-01-23 02:19:03.258000+00:00,initial_state,NCAAB,draftkings,"Montana Grizzlies vs Weber State Wildcats, 2026-01-22, 09",Montana Grizzlies,Weber State Wildcats,Spread,Montana Grizzlies,-6.5,,+135,https://sportsbook.draftkings.com/event/weber-state-%40-montana/33504076?outcomes=0HC83095090N650_1
2026-01-22 21:19:03,2026-01-23 02:19:03.258000+00:00,initial_state,NCAAB,draftkings,"Montana Grizzlies vs Weber State Wildcats, 2026-01-22, 09",Montana Grizzlies,Weber State Wildcats,Spread,Weber State Wildcats,7.5,,-210,https://sportsbook.draftkings.com/event/weber-state-%40-montana/33504076?outcomes=0HC83095090P750_3
2026-01-22 21:19:03,2026-01-23 02:19:03.258000+00:00,initial_state,NCAAB,draftkings,"Montana Grizzlies vs Weber State Wildcats, 2026-01-22, 09",Montana Grizzlies,Weber State Wildcats,Spread,Montana Grizzlies,-7.5,,+155,https://sportsbook.draftkings.com/event/weber-state-%40-montana/33504076?outcomes=0HC83095090N750_1
2026-01-22 21:19:03,2026-01-23 02:19:03.258000+00:00,initial_state,NCAAB,draftkings,"Montana Grizzlies vs Weber State Wildcats, 2026-01-22, 09",Montana Grizzlies,Weber State Wildcats,Total,,167.5,O,+125,https://sportsbook.draftkings.com/event/weber-state-%40-montana/33504076?outcomes=0OU83095090O16750_1
2026-01-22 21:19:03,2026-01-23 02:19:03.258000+00:00,initial_state,NCAAB,draftkings,"Montana Grizzlies vs Weber State Wildcats, 2026-01-22, 09",Montana Grizzlies,Weber State Wildcats,Total,,167.5,U,-170,https://sportsbook.draftkings.com/event/weber-state-%40-montana/33504076?outcomes=0OU83095090U16750_3
2026-01-22 21:19:03,2026-01-23 02:19:03.258000+00:00,initial_state,NCAAB,draftkings,"Montana Grizzlies vs Weber State Wildcats, 2026-01-22, 09",Montana Grizzlies,Weber State Wildcats,Total,,160.5,O,-180,https://sportsbook.draftkings.com/event/weber-state-%40-montana/33504076?outcomes=0OU83095090O16050_1
2026-01-22 21:19:03,2026-01-23 02:19:03.258000+00:00,initial_state,NCAAB,draftkings,"Montana Grizzlies vs Weber State Wildcats, 2026-01-22, 09",Montana Grizzlies,Weber State Wildcats,Total,,160.5,U,+135,https://sportsbook.draftkings.com/event/weber-state-%40-montana/33504076?outcomes=0OU83095090U16050_3
2026-01-22 21:19:03,2026-01-23 02:19:03.258000+00:00,initial_state,NCAAB,draftkings,"Montana Grizzlies vs Weber State Wildcats, 2026-01-22, 09",Montana Grizzlies,Weber State Wildcats,Spread,Weber State Wildcats,1.5,,+120,https://sportsbook.draftkings.com/event/weber-state-%40-montana/33504076?outcomes=0HC83095090P150_3
2026-01-22 21:19:03,2026-01-23 02:19:03.258000+00:00,initial_state,NCAAB,draftkings,"Montana Grizzlies vs Weber State Wildcats, 2026-01-22, 09",Montana Grizzlies,Weber State Wildcats,Spread,Weber State Wildcats,9.5,,-300,https://sportsbook.draftkings.com/event/weber-state-%40-montana/33504076?outcomes=0HC83095090P950_3
2026-01-22 21:19:03,2026-01-23 02:19:03.258000+00:00,initial_state,NCAAB,draftkings,"Montana Grizzlies vs Weber State Wildcats, 2026-01-22, 09",Montana Grizzlies,Weber State Wildcats,Spread,Montana Grizzlies,-8.5,,+180,https://sportsbook.draftkings.com/event/weber-state-%40-montana/33504076?outcomes=0HC83095090N850_1
2026-01-22 21:19:03,2026-01-23 02:19:03.258000+00:00,initial_state,NCAAB,draftkings,"Montana Grizzlies vs Weber State Wildcats, 2026-01-22, 09",Montana Grizzlies,Weber State Wildcats,Spread,Montana Grizzlies,-1.5,,-160,https://sportsbook.draftkings.com/event/weber-state-%40-montana/33504076?outcomes=0HC83095090N150_1
2026-01-22 21:19:03,2026-01-23 02:19:03.258000+00:00,initial_state,NCAAB,draftkings,"Montana Grizzlies vs Weber State Wildcats, 2026-01-22, 09",Montana Grizzlies,Weber State Wildcats,Spread,Montana Grizzlies,-9.5,,+220,https://sportsbook.draftkings.com/event/weber-state-%40-montana/33504076?outcomes=0HC83095090N950_1
2026-01-22 21:19:03,2026-01-23 02:19:03.258000+00:00,initial_state,NCAAB,draftkings,"Montana Grizzlies vs Weber State Wildcats, 2026-01-22, 09",Montana Grizzlies,Weber State Wildcats,Spread,Weber State Wildcats,8.5,,-250,https://sportsbook.draftkings.com/event/weber-state-%40-montana/33504076?outcomes=0HC83095090P850_3
2026-01-22 21:19:03,2026-01-23 02:19:03.258000+00:00,initial_state,NCAAB,draftkings,"Montana Grizzlies vs Weber State Wildcats, 2026-01-22, 09",Montana Grizzlies,Weber State Wildcats,Total,,165.5,O,+100,https://sportsbook.draftkings.com/event/weber-state-%40-montana/33504076?outcomes=0OU83095090O16550_1
2026-01-22 21:19:03,2026-01-23 02:19:03.258000+00:00,initial_state,NCAAB,draftkings,"Montana Grizzlies vs Weber State Wildcats, 2026-01-22, 09",Montana Grizzlies,Weber State Wildcats,Total,,165.5,U,-135,https://sportsbook.draftkings.com/event/weber-state-%40-montana/33504076?outcomes=0OU83095090U16550_3
2026-01-22 21:19:03,2026-01-23 02:19:03.258000+00:00,initial_state,NCAAB,draftkings,"Montana Grizzlies vs Weber State Wildcats, 2026-01-22, 09",Montana Grizzlies,Weber State Wildcats,Total,,168.5,O,+140,https://sportsbook.draftkings.com/event/weber-state-%40-montana/33504076?outcomes=0OU83095090O16850_1
2026-01-22 21:19:03,2026-01-23 02:19:03.258000+00:00,initial_state,NCAAB,draftkings,"Montana Grizzlies vs Weber State Wildcats, 2026-01-22, 09",Montana Grizzlies,Weber State Wildcats,Total,,161.5,O,-160,https://sportsbook.draftkings.com/event/weber-state-%40-montana/33504076?outcomes=0OU83095090O16150_1
2026-01-22 21:19:03,2026-01-23 02:19:03.258000+00:00,initial_state,NCAAB,draftkings,"Montana Grizzlies vs Weber State Wildcats, 2026-01-22, 09",Montana Grizzlies,Weber State Wildcats,Total,,168.5,U,-190,https://sportsbook.draftkings.com/event/weber-state-%40-montana/33504076?outcomes=0OU83095090U16850_3
2026-01-22 21:19:03,2026-01-23 02:19:03.258000+00:00,initial_state,NCAAB,draftkings,"Montana Grizzlies vs Weber State Wildcats, 2026-01-22, 09",Montana Grizzlies,Weber State Wildcats,Total,,161.5,U,+115,https://sportsbook.draftkings.com/event/weber-state-%40-montana/33504076?outcomes=0OU83095090U16150_3
2026-01-22 21:19:03,2026-01-23 02:19:03.258000+00:00,initial_state,NCAAB,draftkings,"Montana Grizzlies vs Weber State Wildcats, 2026-01-22, 09",Montana Grizzlies,Weber State Wildcats,Total,,162.5,O,-145,https://sportsbook.draftkings.com/event/weber-state-%40-montana/33504076?outcomes=0OU83095090O16250_1
2026-01-22 21:19:03,2026-01-23 02:19:03.258000+00:00,initial_state,NCAAB,draftkings,"Montana Grizzlies vs Weber State Wildcats, 2026-01-22, 09",Montana Grizzlies,Weber State Wildcats,Total,,169.5,O,+155,https://sportsbook.draftkings.com/event/weber-state-%40-montana/33504076?outcomes=0OU83095090O16950_1
2026-01-22 21:19:03,2026-01-23 02:19:03.258000+00:00,initial_state,NCAAB,draftkings,"Montana Grizzlies vs Weber State Wildcats, 2026-01-22, 09",Montana Grizzlies,Weber State Wildcats,Total,,162.5,U,+105,https://sportsbook.draftkings.com/event/weber-state-%40-montana/33504076?outcomes=0OU83095090U16250_3
2026-01-22 21:19:03,2026-01-23 02:19:03.258000+00:00,initial_state,NCAAB,draftkings,"Montana Grizzlies vs Weber State Wildcats, 2026-01-22, 09",Montana Grizzlies,Weber State Wildcats,Total,,169.5,U,-210,https://sportsbook.draftkings.com/event/weber-state-%40-montana/33504076?outcomes=0OU83095090U16950_3
2026-01-22 21:19:03,2026-01-23 02:19:03.258000+00:00,initial_state,NCAAB,draftkings,"Montana Grizzlies vs Weber State Wildcats, 2026-01-22, 09",Montana Grizzlies,Weber State Wildcats,Spread,Montana Grizzlies,-4.5,,+100,https://sportsbook.draftkings.com/event/weber-state-%40-montana/33504076?outcomes=0HC83095090N450_1
2026-01-22 21:19:03,2026-01-23 02:19:03.258000+00:00,initial_state,NCAAB,draftkings,"Montana Grizzlies vs Weber State Wildcats, 2026-01-22, 09",Montana Grizzlies,Weber State Wildcats,Spread,Weber State Wildcats,4.5,,-135,https://sportsbook.draftkings.com/event/weber-state-%40-montana/33504076?outcomes=0HC83095090P450_3
2026-01-22 21:19:03,2026-01-23 02:19:03.258000+00:00,initial_state,NCAAB,draftkings,"Montana Grizzlies vs Weber State Wildcats, 2026-01-22, 09",Montana Grizzlies,Weber State Wildcats,Total,,163.5,O,-125,https://sportsbook.draftkings.com/event/weber-state-%40-montana/33504076?outcomes=0OU83095090O16350_1
2026-01-22 21:19:03,2026-01-23 02:19:03.258000+00:00,initial_state,NCAAB,draftkings,"Montana Grizzlies vs Weber State Wildcats, 2026-01-22, 09",Montana Grizzlies,Weber State Wildcats,Total,,170.5,O,+170,https://sportsbook.draftkings.com/event/weber-state-%40-montana/33504076?outcomes=0OU83095090O17050_1
2026-01-22 21:19:03,2026-01-23 02:19:03.258000+00:00,initial_state,NCAAB,draftkings,"Montana Grizzlies vs Weber State Wildcats, 2026-01-22, 09",Montana Grizzlies,Weber State Wildcats,Total,,163.5,U,-105,https://sportsbook.draftkings.com/event/weber-state-%40-montana/33504076?outcomes=0OU83095090U16350_3
2026-01-22 21:19:03,2026-01-23 02:19:03.258000+00:00,initial_state,NCAAB,draftkings,"Montana Grizzlies vs Weber State Wildcats, 2026-01-22, 09",Montana Grizzlies,Weber State Wildcats,Total,,170.5,U,-235,https://sportsbook.draftkings.com/event/weber-state-%40-montana/33504076?outcomes=0OU83095090U17050_3
2026-01-22 21:19:03,2026-01-23 02:19:03.258000+00:00,initial_state,NCAAB,draftkings,"Montana Grizzlies vs Weber State Wildcats, 2026-01-22, 09",Montana Grizzlies,Weber State Wildcats,Total,,166.5,O,+110,https://sportsbook.draftkings.com/event/weber-state-%40-montana/33504076?outcomes=0OU83095090O16650_1
2026-01-22 21:19:03,2026-01-23 02:19:03.258000+00:00,initial_state,NCAAB,draftkings,"Montana Grizzlies vs Weber State Wildcats, 2026-01-22, 09",Montana Grizzlies,Weber State Wildcats,Total,,159.5,O,-205,https://sportsbook.draftkings.com/event/weber-state-%40-montana/33504076?outcomes=0OU83095090O15950_1
2026-01-22 21:19:03,2026-01-23 02:19:03.258000+00:00,initial_state,NCAAB,draftkings,"Montana Grizzlies vs Weber State Wildcats, 2026-01-22, 09",Montana Grizzlies,Weber State Wildcats,Total,,166.5,U,-150,https://sportsbook.draftkings.com/event/weber-state-%40-montana/33504076?outcomes=0OU83095090U16650_3
2026-01-22 21:19:03,2026-01-23 02:19:03.258000+00:00,initial_state,NCAAB,draftkings,"Montana Grizzlies vs Weber State Wildcats, 2026-01-22, 09",Montana Grizzlies,Weber State Wildcats,Total,,159.5,U,+150,https://sportsbook.draftkings.com/event/weber-state-%40-montana/33504076?outcomes=0OU83095090U15950_3
2026-01-22 21:19:03,2026-01-23 02:19:03.258000+00:00,initial_state,NCAAB,draftkings,"Montana Grizzlies vs Weber State Wildcats, 2026-01-22, 09",Montana Grizzlies,Weber State Wildcats,Total,,164.5,O,-110,https://sportsbook.draftkings.com/event/weber-state-%40-montana/33504076?outcomes=0OU83094654O16450_1
2026-01-22 21:19:03,2026-01-23 02:19:03.258000+00:00,initial_state,NCAAB,draftkings,"Montana Grizzlies vs Weber State Wildcats, 2026-01-22, 09",Montana Grizzlies,Weber State Wildcats,Total,,164.5,U,-120,https://sportsbook.draftkings.com/event/weber-state-%40-montana/33504076?outcomes=0OU83094654U16450_3
2026-01-22 21:19:03,2026-01-23 02:19:03.258000+00:00,initial_state,NCAAB,draftkings,"Montana Grizzlies vs Weber State Wildcats, 2026-01-22, 09",Montana Grizzlies,Weber State Wildcats,Spread,Montana Grizzlies,-2.5,,-135,https://sportsbook.draftkings.com/event/weber-state-%40-montana/33504076?outcomes=0HC83095090N250_1
2026-01-22 21:19:03,2026-01-23 02:19:03.258000+00:00,initial_state,NCAAB,draftkings,"Montana Grizzlies vs Weber State Wildcats, 2026-01-22, 09",Montana Grizzlies,Weber State Wildcats,Spread,Weber State Wildcats,2.5,,+100,https://sportsbook.draftkings.com/event/weber-state-%40-montana/33504076?outcomes=0HC83095090P250_3
2026-01-22 21:19:03,2026-01-23 02:19:03.258128+00:00,initial_state,NCAAB,draftkings,"Southern Illinois Cougars vs Tennessee Blue Raiders, 2026-01-22, 09",Southern Illinois Cougars,Tennessee Blue Raiders,Total,,146.5,O,-210,https://sportsbook.draftkings.com/event/tennessee-state-%40-siu-edwardsville/33504083?outcomes=0OU83094865O14650_1
2026-01-22 21:19:03,2026-01-23 02:19:03.258128+00:00,initial_state,NCAAB,draftkings,"Southern Illinois Cougars vs Tennessee Blue Raiders, 2026-01-22, 09",Southern Illinois Cougars,Tennessee Blue Raiders,Total,,146.5,U,+155,https://sportsbook.draftkings.com/event/tennessee-state-%40-siu-edwardsville/33504083?outcomes=0OU83094865U14650_3
2026-01-22 21:19:03,2026-01-23 02:19:03.258128+00:00,initial_state,NCAAB,draftkings,"Southern Illinois Cougars vs Tennessee Blue Raiders, 2026-01-22, 09",Southern Illinois Cougars,Tennessee Blue Raiders,Total,,148.5,O,-170,https://sportsbook.draftkings.com/event/tennessee-state-%40-siu-edwardsville/33504083?outcomes=0OU83094865O14850_1
2026-01-22 21:19:03,2026-01-23 02:19:03.258128+00:00,initial_state,NCAAB,draftkings,"Southern Illinois Cougars vs Tennessee Blue Raiders, 2026-01-22, 09",Southern Illinois Cougars,Tennessee Blue Raiders,Total,,148.5,U,+125,https://sportsbook.draftkings.com/event/tennessee-state-%40-siu-edwardsville/33504083?outcomes=0OU83094865U14850_3
2026-01-22 21:19:03,2026-01-23 02:19:03.258128+00:00,initial_state,NCAAB,draftkings,"Southern Illinois Cougars vs Tennessee Blue Raiders, 2026-01-22, 09",Southern Illinois Cougars,Tennessee Blue Raiders,Total,,153.5,O,+105,https://sportsbook.draftkings.com/event/tennessee-state-%40-siu-edwardsville/33504083?outcomes=0OU83094865O15350_1
2026-01-22 21:19:03,2026-01-23 02:19:03.258128+00:00,initial_state,NCAAB,draftkings,"Southern Illinois Cougars vs Tennessee Blue Raiders, 2026-01-22, 09",Southern Illinois Cougars,Tennessee Blue Raiders,Total,,153.5,U,-140,https://sportsbook.draftkings.com/event/tennessee-state-%40-siu-edwardsville/33504083?outcomes=0OU83094865U15350_3
2026-01-22 21:19:03,2026-01-23 02:19:03.258128+00:00,initial_state,NCAAB,draftkings,"Southern Illinois Cougars vs Tennessee Blue Raiders, 2026-01-22, 09",Southern Illinois Cougars,Tennessee Blue Raiders,Spread,Tennessee Blue Raiders,-6.5,,+210,https://sportsbook.draftkings.com/event/tennessee-state-%40-siu-edwardsville/33504083?outcomes=0HC83094865N650_3
2026-01-22 21:19:03,2026-01-23 02:19:03.258128+00:00,initial_state,NCAAB,draftkings,"Southern Illinois Cougars vs Tennessee Blue Raiders, 2026-01-22, 09",Southern Illinois Cougars,Tennessee Blue Raiders,Spread,Southern Illinois Cougars,6.5,,-290,https://sportsbook.draftkings.com/event/tennessee-state-%40-siu-edwardsville/33504083?outcomes=0HC83094865P650_1
2026-01-22 21:19:03,2026-01-23 02:19:03.258128+00:00,initial_state,NCAAB,draftkings,"Southern Illinois Cougars vs Tennessee Blue Raiders, 2026-01-22, 09",Southern Illinois Cougars,Tennessee Blue Raiders,Spread,Tennessee Blue Raiders,-5.5,,+185,https://sportsbook.draftkings.com/event/tennessee-state-%40-siu-edwardsville/33504083?outcomes=0HC83094865N550_3
2026-01-22 21:19:03,2026-01-23 02:19:03.258128+00:00,initial_state,NCAAB,draftkings,"Southern Illinois Cougars vs Tennessee Blue Raiders, 2026-01-22, 09",Southern Illinois Cougars,Tennessee Blue Raiders,Spread,Southern Illinois Cougars,5.5,,-255,https://sportsbook.draftkings.com/event/tennessee-state-%40-siu-edwardsville/33504083?outcomes=0HC83094865P550_1
2026-01-22 21:19:03,2026-01-23 02:19:03.258128+00:00,initial_state,NCAAB,draftkings,"Southern Illinois Cougars vs Tennessee Blue Raiders, 2026-01-22, 09",Southern Illinois Cougars,Tennessee Blue Raiders,Spread,Tennessee Blue Raiders,-3.5,,+140,https://sportsbook.draftkings.com/event/tennessee-state-%40-siu-edwardsville/33504083?outcomes=0HC83094865N350_3
2026-01-22 21:19:03,2026-01-23 02:19:03.258128+00:00,initial_state,NCAAB,draftkings,"Southern Illinois Cougars vs Tennessee Blue Raiders, 2026-01-22, 09",Southern Illinois Cougars,Tennessee Blue Raiders,Spread,Southern Illinois Cougars,3.5,,-190,https://sportsbook.draftkings.com/event/tennessee-state-%40-siu-edwardsville/33504083?outcomes=0HC83094865P350_1
2026-01-22 21:19:03,2026-01-23 02:19:03.258128+00:00,initial_state,NCAAB,draftkings,"Southern Illinois Cougars vs Tennessee Blue Raiders, 2026-01-22, 09",Southern Illinois Cougars,Tennessee Blue Raiders,Spread,Tennessee Blue Raiders,2.5,,-160,https://sportsbook.draftkings.com/event/tennessee-state-%40-siu-edwardsville/33504083?outcomes=0HC83094865P250_3
2026-01-22 21:19:03,2026-01-23 02:19:03.258128+00:00,initial_state,NCAAB,draftkings,"Southern Illinois Cougars vs Tennessee Blue Raiders, 2026-01-22, 09",Southern Illinois Cougars,Tennessee Blue Raiders,Spread,Southern Illinois Cougars,-2.5,,+120,https://sportsbook.draftkings.com/event/tennessee-state-%40-siu-edwardsville/33504083?outcomes=0HC83094865N250_1
2026-01-22 21:19:03,2026-01-23 02:19:03.258128+00:00,initial_state,NCAAB,draftkings,"Southern Illinois Cougars vs Tennessee Blue Raiders, 2026-01-22, 09",Southern Illinois Cougars,Tennessee Blue Raiders,Spread,Tennessee Blue Raiders,-2.5,,+120,https://sportsbook.draftkings.com/event/tennessee-state-%40-siu-edwardsville/33504083?outcomes=0HC83094865N250_3
2026-01-22 21:19:03,2026-01-23 02:19:03.258128+00:00,initial_state,NCAAB,draftkings,"Southern Illinois Cougars vs Tennessee Blue Raiders, 2026-01-22, 09",Southern Illinois Cougars,Tennessee Blue Raiders,Spread,Southern Illinois Cougars,2.5,,-160,https://sportsbook.draftkings.com/event/tennessee-state-%40-siu-edwardsville/33504083?outcomes=0HC83094865P250_1
2026-01-22 21:19:03,2026-01-23 02:19:03.258128+00:00,initial_state,NCAAB,draftkings,"Southern Illinois Cougars vs Tennessee Blue Raiders, 2026-01-22, 09",Southern Illinois Cougars,Tennessee Blue Raiders,Total,,145.5,O,-235,https://sportsbook.draftkings.com/event/tennessee-state-%40-siu-edwardsville/33504083?outcomes=0OU83094865O14550_1
2026-01-22 21:19:03,2026-01-23 02:19:03.258128+00:00,initial_state,NCAAB,draftkings,"Southern Illinois Cougars vs Tennessee Blue Raiders, 2026-01-22, 09",Southern Illinois Cougars,Tennessee Blue Raiders,Total,,145.5,U,+175,https://sportsbook.draftkings.com/event/tennessee-state-%40-siu-edwardsville/33504083?outcomes=0OU83094865U14550_3
2026-01-22 21:19:03,2026-01-23 02:19:03.258128+00:00,initial_state,NCAAB,draftkings,"Southern Illinois Cougars vs Tennessee Blue Raiders, 2026-01-22, 09",Southern Illinois Cougars,Tennessee Blue Raiders,Total,,152.5,O,-110,https://sportsbook.draftkings.com/event/tennessee-state-%40-siu-edwardsville/33504083?outcomes=0OU83094865O15250_1
2026-01-22 21:19:03,2026-01-23 02:19:03.258128+00:00,initial_state,NCAAB,draftkings,"Southern Illinois Cougars vs Tennessee Blue Raiders, 2026-01-22, 09",Southern Illinois Cougars,Tennessee Blue Raiders,Total,,152.5,U,-125,https://sportsbook.draftkings.com/event/tennessee-state-%40-siu-edwardsville/33504083?outcomes=0OU83094865U15250_3
2026-01-22 21:19:03,2026-01-23 02:19:03.258128+00:00,initial_state,NCAAB,draftkings,"Southern Illinois Cougars vs Tennessee Blue Raiders, 2026-01-22, 09",Southern Illinois Cougars,Tennessee Blue Raiders,Total,,150.5,O,-135,https://sportsbook.draftkings.com/event/tennessee-state-%40-siu-edwardsville/33504083?outcomes=0OU83094865O15050_1
2026-01-22 21:19:03,2026-01-23 02:19:03.258128+00:00,initial_state,NCAAB,draftkings,"Southern Illinois Cougars vs Tennessee Blue Raiders, 2026-01-22, 09",Southern Illinois Cougars,Tennessee Blue Raiders,Total,,150.5,U,+100,https://sportsbook.draftkings.com/event/tennessee-state-%40-siu-edwardsville/33504083?outcomes=0OU83094865U15050_3
2026-01-22 21:19:03,2026-01-23 02:19:03.258128+00:00,initial_state,NCAAB,draftkings,"Southern Illinois Cougars vs Tennessee Blue Raiders, 2026-01-22, 09",Southern Illinois Cougars,Tennessee Blue Raiders,Total,,149.5,O,-150,https://sportsbook.draftkings.com/event/tennessee-state-%40-siu-edwardsville/33504083?outcomes=0OU83094865O14950_1
2026-01-22 21:19:03,2026-01-23 02:19:03.258128+00:00,initial_state,NCAAB,draftkings,"Southern Illinois Cougars vs Tennessee Blue Raiders, 2026-01-22, 09",Southern Illinois Cougars,Tennessee Blue Raiders,Spread,Tennessee Blue Raiders,-1.5,,+100,https://sportsbook.draftkings.com/event/tennessee-state-%40-siu-edwardsville/33504083?outcomes=0HC83094865N150_3
2026-01-22 21:19:03,2026-01-23 02:19:03.258128+00:00,initial_state,NCAAB,draftkings,"Southern Illinois Cougars vs Tennessee Blue Raiders, 2026-01-22, 09",Southern Illinois Cougars,Tennessee Blue Raiders,Spread,Southern Illinois Cougars,1.5,,-135,https://sportsbook.draftkings.com/event/tennessee-state-%40-siu-edwardsville/33504083?outcomes=0HC83094865P150_1
2026-01-22 21:19:03,2026-01-23 02:19:03.258128+00:00,initial_state,NCAAB,draftkings,"Southern Illinois Cougars vs Tennessee Blue Raiders, 2026-01-22, 09",Southern Illinois Cougars,Tennessee Blue Raiders,Total,,149.5,U,+110,https://sportsbook.draftkings.com/event/tennessee-state-%40-siu-edwardsville/33504083?outcomes=0OU83094865U14950_3
2026-01-22 21:19:03,2026-01-23 02:19:03.258279+00:00,initial_state,NCAAB,draftkings,"Eastern Washington vs Portland State Vikings, 2026-01-22, 09",Eastern Washington,Portland State Vikings,Spread,Portland State Vikings,-8.5,,+140,https://sportsbook.draftkings.com/event/portland-state-%40-eastern-washington/33504077?outcomes=0HC83094820N850_3
2026-01-22 21:19:03,2026-01-23 02:19:03.258279+00:00,initial_state,NCAAB,draftkings,"Eastern Washington vs Portland State Vikings, 2026-01-22, 09",Eastern Washington,Portland State Vikings,Spread,Eastern Washington,8.5,,-190,https://sportsbook.draftkings.com/event/portland-state-%40-eastern-washington/33504077?outcomes=0HC83094820P850_1
2026-01-22 21:19:03,2026-01-23 02:19:03.258279+00:00,initial_state,NCAAB,draftkings,"Eastern Washington vs Portland State Vikings, 2026-01-22, 09",Eastern Washington,Portland State Vikings,Spread,Portland State Vikings,-7.5,,+125,https://sportsbook.draftkings.com/event/portland-state-%40-eastern-washington/33504077?outcomes=0HC83094820N750_3
2026-01-22 21:19:03,2026-01-23 02:19:03.258279+00:00,initial_state,NCAAB,draftkings,"Eastern Washington vs Portland State Vikings, 2026-01-22, 09",Eastern Washington,Portland State Vikings,Spread,Eastern Washington,7.5,,-165,https://sportsbook.draftkings.com/event/portland-state-%40-eastern-washington/33504077?outcomes=0HC83094820P750_1
2026-01-22 21:19:03,2026-01-23 02:19:03.258279+00:00,initial_state,NCAAB,draftkings,"Eastern Washington vs Portland State Vikings, 2026-01-22, 09",Eastern Washington,Portland State Vikings,Spread,Portland State Vikings,-6.5,,+110,https://sportsbook.draftkings.com/event/portland-state-%40-eastern-washington/33504077?outcomes=0HC83094820N650_3
2026-01-22 21:19:03,2026-01-23 02:19:03.258279+00:00,initial_state,NCAAB,draftkings,"Eastern Washington vs Portland State Vikings, 2026-01-22, 09",Eastern Washington,Portland State Vikings,Spread,Eastern Washington,6.5,,-150,https://sportsbook.draftkings.com/event/portland-state-%40-eastern-washington/33504077?outcomes=0HC83094820P650_1
2026-01-22 21:19:03,2026-01-23 02:19:03.258279+00:00,initial_state,NCAAB,draftkings,"Eastern Washington vs Portland State Vikings, 2026-01-22, 09",Eastern Washington,Portland State Vikings,Spread,Portland State Vikings,-5.5,,-105,https://sportsbook.draftkings.com/event/portland-state-%40-eastern-washington/33504077?outcomes=0HC83094820N550_3
2026-01-22 21:19:03,2026-01-23 02:19:03.258279+00:00,initial_state,NCAAB,draftkings,"Eastern Washington vs Portland State Vikings, 2026-01-22, 09",Eastern Washington,Portland State Vikings,Spread,Eastern Washington,5.5,,-130,https://sportsbook.draftkings.com/event/portland-state-%40-eastern-washington/33504077?outcomes=0HC83094820P550_1
2026-01-22 21:19:03,2026-01-23 02:19:03.258279+00:00,initial_state,NCAAB,draftkings,"Eastern Washington vs Portland State Vikings, 2026-01-22, 09",Eastern Washington,Portland State Vikings,Spread,Portland State Vikings,1.5,,-265,https://sportsbook.draftkings.com/event/portland-state-%40-eastern-washington/33504077?outcomes=0HC83094820P150_3
2026-01-22 21:19:03,2026-01-23 02:19:03.258279+00:00,initial_state,NCAAB,draftkings,"Eastern Washington vs Portland State Vikings, 2026-01-22, 09",Eastern Washington,Portland State Vikings,Spread,Eastern Washington,-1.5,,+195,https://sportsbook.draftkings.com/event/portland-state-%40-eastern-washington/33504077?outcomes=0HC83094820N150_1
2026-01-22 21:19:03,2026-01-23 02:19:03.258279+00:00,initial_state,NCAAB,draftkings,"Eastern Washington vs Portland State Vikings, 2026-01-22, 09",Eastern Washington,Portland State Vikings,Spread,Portland State Vikings,2.5,,-320,https://sportsbook.draftkings.com/event/portland-state-%40-eastern-washington/33504077?outcomes=0HC83094820P250_3
2026-01-22 21:19:03,2026-01-23 02:19:03.258279+00:00,initial_state,NCAAB,draftkings,"Eastern Washington vs Portland State Vikings, 2026-01-22, 09",Eastern Washington,Portland State Vikings,Spread,Eastern Washington,-2.5,,+230,https://sportsbook.draftkings.com/event/portland-state-%40-eastern-washington/33504077?outcomes=0HC83094820N250_1
2026-01-22 21:19:03,2026-01-23 02:19:03.258279+00:00,initial_state,NCAAB,draftkings,"Eastern Washington vs Portland State Vikings, 2026-01-22, 09",Eastern Washington,Portland State Vikings,Total,,140.5,O,-210,https://sportsbook.draftkings.com/event/portland-state-%40-eastern-washington/33504077?outcomes=0OU83094820O14050_1
2026-01-22 21:19:03,2026-01-23 02:19:03.258279+00:00,initial_state,NCAAB,draftkings,"Eastern Washington vs Portland State Vikings, 2026-01-22, 09",Eastern Washington,Portland State Vikings,Total,,140.5,U,+155,https://sportsbook.draftkings.com/event/portland-state-%40-eastern-washington/33504077?outcomes=0OU83094820U14050_3
2026-01-22 21:19:03,2026-01-23 02:19:03.258279+00:00,initial_state,NCAAB,draftkings,"Eastern Washington vs Portland State Vikings, 2026-01-22, 09",Eastern Washington,Portland State Vikings,Total,,141.5,O,-185,https://sportsbook.draftkings.com/event/portland-state-%40-eastern-washington/33504077?outcomes=0OU83094820O14150_1
2026-01-22 21:19:03,2026-01-23 02:19:03.258279+00:00,initial_state,NCAAB,draftkings,"Eastern Washington vs Portland State Vikings, 2026-01-22, 09",Eastern Washington,Portland State Vikings,Total,,141.5,U,+135,https://sportsbook.draftkings.com/event/portland-state-%40-eastern-washington/33504077?outcomes=0OU83094820U14150_3
2026-01-22 21:19:03,2026-01-23 02:19:03.258279+00:00,initial_state,NCAAB,draftkings,"Eastern Washington vs Portland State Vikings, 2026-01-22, 09",Eastern Washington,Portland State Vikings,Total,,147.5,O,+105,https://sportsbook.draftkings.com/event/portland-state-%40-eastern-washington/33504077?outcomes=0OU83094820O14750_1
2026-01-22 21:19:03,2026-01-23 02:19:03.258279+00:00,initial_state,NCAAB,draftkings,"Eastern Washington vs Portland State Vikings, 2026-01-22, 09",Eastern Washington,Portland State Vikings,Total,,147.5,U,-140,https://sportsbook.draftkings.com/event/portland-state-%40-eastern-washington/33504077?outcomes=0OU83094820U14750_3
2026-01-22 21:19:03,2026-01-23 02:19:03.258279+00:00,initial_state,NCAAB,draftkings,"Eastern Washington vs Portland State Vikings, 2026-01-22, 09",Eastern Washington,Portland State Vikings,Total,,148.5,O,+115,https://sportsbook.draftkings.com/event/portland-state-%40-eastern-washington/33504077?outcomes=0OU83094820O14850_1
2026-01-22 21:19:03,2026-01-23 02:19:03.258279+00:00,initial_state,NCAAB,draftkings,"Eastern Washington vs Portland State Vikings, 2026-01-22, 09",Eastern Washington,Portland State Vikings,Total,,148.5,U,-160,https://sportsbook.draftkings.com/event/portland-state-%40-eastern-washington/33504077?outcomes=0OU83094820U14850_3
2026-01-22 21:19:03,2026-01-23 02:19:03.258279+00:00,initial_state,NCAAB,draftkings,"Eastern Washington vs Portland State Vikings, 2026-01-22, 09",Eastern Washington,Portland State Vikings,Total,,139.5,O,-235,https://sportsbook.draftkings.com/event/portland-state-%40-eastern-washington/33504077?outcomes=0OU83094820O13950_1
2026-01-22 21:19:03,2026-01-23 02:19:03.258279+00:00,initial_state,NCAAB,draftkings,"Eastern Washington vs Portland State Vikings, 2026-01-22, 09",Eastern Washington,Portland State Vikings,Total,,146.5,O,-105,https://sportsbook.draftkings.com/event/portland-state-%40-eastern-washington/33504077?outcomes=0OU83094820O14650_1
2026-01-22 21:19:03,2026-01-23 02:19:03.258279+00:00,initial_state,NCAAB,draftkings,"Eastern Washington vs Portland State Vikings, 2026-01-22, 09",Eastern Washington,Portland State Vikings,Total,,139.5,U,+175,https://sportsbook.draftkings.com/event/portland-state-%40-eastern-washington/33504077?outcomes=0OU83094820U13950_3
2026-01-22 21:19:03,2026-01-23 02:19:03.258279+00:00,initial_state,NCAAB,draftkings,"Eastern Washington vs Portland State Vikings, 2026-01-22, 09",Eastern Washington,Portland State Vikings,Total,,146.5,U,-125,https://sportsbook.draftkings.com/event/portland-state-%40-eastern-washington/33504077?outcomes=0OU83094820U14650_3
2026-01-22 21:19:03,2026-01-23 02:19:03.258279+00:00,initial_state,NCAAB,draftkings,"Eastern Washington vs Portland State Vikings, 2026-01-22, 09",Eastern Washington,Portland State Vikings,Spread,Portland State Vikings,-1.5,,-190,https://sportsbook.draftkings.com/event/portland-state-%40-eastern-washington/33504077?outcomes=0HC83094820N150_3
2026-01-22 21:19:03,2026-01-23 02:19:03.258279+00:00,initial_state,NCAAB,draftkings,"Eastern Washington vs Portland State Vikings, 2026-01-22, 09",Eastern Washington,Portland State Vikings,Spread,Eastern Washington,1.5,,+140,https://sportsbook.draftkings.com/event/portland-state-%40-eastern-washington/33504077?outcomes=0HC83094820P150_1
2026-01-22 21:19:03,2026-01-23 02:19:03.258279+00:00,initial_state,NCAAB,draftkings,"Eastern Washington vs Portland State Vikings, 2026-01-22, 09",Eastern Washington,Portland State Vikings,Spread,Portland State Vikings,-9.5,,+160,https://sportsbook.draftkings.com/event/portland-state-%40-eastern-washington/33504077?outcomes=0HC83094820N950_3
2026-01-22 21:19:03,2026-01-23 02:19:03.258279+00:00,initial_state,NCAAB,draftkings,"Eastern Washington vs Portland State Vikings, 2026-01-22, 09",Eastern Washington,Portland State Vikings,Spread,Eastern Washington,9.5,,-220,https://sportsbook.draftkings.com/event/portland-state-%40-eastern-washington/33504077?outcomes=0HC83094820P950_1
2026-01-22 21:19:03,2026-01-23 02:19:03.258279+00:00,initial_state,NCAAB,draftkings,"Eastern Washington vs Portland State Vikings, 2026-01-22, 09",Eastern Washington,Portland State Vikings,Spread,Portland State Vikings,-10.5,,+190,https://sportsbook.draftkings.com/event/portland-state-%40-eastern-washington/33504077?outcomes=0HC83094820N1050_3
2026-01-22 21:19:03,2026-01-23 02:19:03.258279+00:00,initial_state,NCAAB,draftkings,"Eastern Washington vs Portland State Vikings, 2026-01-22, 09",Eastern Washington,Portland State Vikings,Spread,Portland State Vikings,-2.5,,-160,https://sportsbook.draftkings.com/event/portland-state-%40-eastern-washington/33504077?outcomes=0HC83094820N250_3
2026-01-22 21:19:03,2026-01-23 02:19:03.258279+00:00,initial_state,NCAAB,draftkings,"Eastern Washington vs Portland State Vikings, 2026-01-22, 09",Eastern Washington,Portland State Vikings,Spread,Eastern Washington,10.5,,-260,https://sportsbook.draftkings.com/event/portland-state-%40-eastern-washington/33504077?outcomes=0HC83094820P1050_1
2026-01-22 21:19:03,2026-01-23 02:19:03.258279+00:00,initial_state,NCAAB,draftkings,"Eastern Washington vs Portland State Vikings, 2026-01-22, 09",Eastern Washington,Portland State Vikings,Spread,Eastern Washington,2.5,,+115,https://sportsbook.draftkings.com/event/portland-state-%40-eastern-washington/33504077?outcomes=0HC83094820P250_1
2026-01-22 21:19:03,2026-01-23 02:19:03.258279+00:00,initial_state,NCAAB,draftkings,"Eastern Washington vs Portland State Vikings, 2026-01-22, 09",Eastern Washington,Portland State Vikings,Total,,142.5,O,-165,https://sportsbook.draftkings.com/event/portland-state-%40-eastern-washington/33504077?outcomes=0OU83094820O14250_1
2026-01-22 21:19:03,2026-01-23 02:19:03.258279+00:00,initial_state,NCAAB,draftkings,"Eastern Washington vs Portland State Vikings, 2026-01-22, 09",Eastern Washington,Portland State Vikings,Total,,149.5,O,+130,https://sportsbook.draftkings.com/event/portland-state-%40-eastern-washington/33504077?outcomes=0OU83094820O14950_1
2026-01-22 21:19:03,2026-01-23 02:19:03.258279+00:00,initial_state,NCAAB,draftkings,"Eastern Washington vs Portland State Vikings, 2026-01-22, 09",Eastern Washington,Portland State Vikings,Total,,142.5,U,+120,https://sportsbook.draftkings.com/event/portland-state-%40-eastern-washington/33504077?outcomes=0OU83094820U14250_3
2026-01-22 21:19:03,2026-01-23 02:19:03.258279+00:00,initial_state,NCAAB,draftkings,"Eastern Washington vs Portland State Vikings, 2026-01-22, 09",Eastern Washington,Portland State Vikings,Total,,149.5,U,-180,https://sportsbook.draftkings.com/event/portland-state-%40-eastern-washington/33504077?outcomes=0OU83094820U14950_3
2026-01-22 21:19:03,2026-01-23 02:19:03.258279+00:00,initial_state,NCAAB,draftkings,"Eastern Washington vs Portland State Vikings, 2026-01-22, 09",Eastern Washington,Portland State Vikings,Total,,144.5,O,-130,https://sportsbook.draftkings.com/event/portland-state-%40-eastern-washington/33504077?outcomes=0OU83094820O14450_1
2026-01-22 21:19:03,2026-01-23 02:19:03.258279+00:00,initial_state,NCAAB,draftkings,"Eastern Washington vs Portland State Vikings, 2026-01-22, 09",Eastern Washington,Portland State Vikings,Total,,144.5,U,+100,https://sportsbook.draftkings.com/event/portland-state-%40-eastern-washington/33504077?outcomes=0OU83094820U14450_3
2026-01-22 21:19:03,2026-01-23 02:19:03.258439+00:00,initial_state,NCAAB,draftkings,"Denver Pioneers vs North Dakota State Bison, 2026-01-22, 09",Denver Pioneers,North Dakota State Bison,Spread,North Dakota State Bison,-12.5,,+185,https://sportsbook.draftkings.com/event/north-dakota-state-%40-denver/33504087?outcomes=0HC83094712N1250_3
2026-01-22 21:19:03,2026-01-23 02:19:03.258439+00:00,initial_state,NCAAB,draftkings,"Denver Pioneers vs North Dakota State Bison, 2026-01-22, 09",Denver Pioneers,North Dakota State Bison,Spread,Denver Pioneers,12.5,,-250,https://sportsbook.draftkings.com/event/north-dakota-state-%40-denver/33504087?outcomes=0HC83094712P1250_1
2026-01-22 21:19:03,2026-01-23 02:19:03.258439+00:00,initial_state,NCAAB,draftkings,"Denver Pioneers vs North Dakota State Bison, 2026-01-22, 09",Denver Pioneers,North Dakota State Bison,Spread,North Dakota State Bison,-11.5,,+160,https://sportsbook.draftkings.com/event/north-dakota-state-%40-denver/33504087?outcomes=0HC83094712N1150_3
2026-01-22 21:19:03,2026-01-23 02:19:03.258439+00:00,initial_state,NCAAB,draftkings,"Denver Pioneers vs North Dakota State Bison, 2026-01-22, 09",Denver Pioneers,North Dakota State Bison,Spread,Denver Pioneers,11.5,,-215,https://sportsbook.draftkings.com/event/north-dakota-state-%40-denver/33504087?outcomes=0HC83094712P1150_1
2026-01-22 21:19:03,2026-01-23 02:19:03.258439+00:00,initial_state,NCAAB,draftkings,"Denver Pioneers vs North Dakota State Bison, 2026-01-22, 09",Denver Pioneers,North Dakota State Bison,Spread,North Dakota State Bison,-10.5,,+135,https://sportsbook.draftkings.com/event/north-dakota-state-%40-denver/33504087?outcomes=0HC83094712N1050_3
2026-01-22 21:19:03,2026-01-23 02:19:03.258439+00:00,initial_state,NCAAB,draftkings,"Denver Pioneers vs North Dakota State Bison, 2026-01-22, 09",Denver Pioneers,North Dakota State Bison,Spread,Denver Pioneers,10.5,,-180,https://sportsbook.draftkings.com/event/north-dakota-state-%40-denver/33504087?outcomes=0HC83094712P1050_1
2026-01-22 21:19:03,2026-01-23 02:19:03.258439+00:00,initial_state,NCAAB,draftkings,"Denver Pioneers vs North Dakota State Bison, 2026-01-22, 09",Denver Pioneers,North Dakota State Bison,Spread,North Dakota State Bison,-4.5,,-185,https://sportsbook.draftkings.com/event/north-dakota-state-%40-denver/33504087?outcomes=0HC83094712N450_3
2026-01-22 21:19:03,2026-01-23 02:19:03.258439+00:00,initial_state,NCAAB,draftkings,"Denver Pioneers vs North Dakota State Bison, 2026-01-22, 09",Denver Pioneers,North Dakota State Bison,Spread,Denver Pioneers,4.5,,+135,https://sportsbook.draftkings.com/event/north-dakota-state-%40-denver/33504087?outcomes=0HC83094712P450_1
2026-01-22 21:19:03,2026-01-23 02:19:03.258439+00:00,initial_state,NCAAB,draftkings,"Denver Pioneers vs North Dakota State Bison, 2026-01-22, 09",Denver Pioneers,North Dakota State Bison,Spread,North Dakota State Bison,-3.5,,-215,https://sportsbook.draftkings.com/event/north-dakota-state-%40-denver/33504087?outcomes=0HC83094712N350_3
2026-01-22 21:19:03,2026-01-23 02:19:03.258439+00:00,initial_state,NCAAB,draftkings,"Denver Pioneers vs North Dakota State Bison, 2026-01-22, 09",Denver Pioneers,North Dakota State Bison,Spread,Denver Pioneers,3.5,,+155,https://sportsbook.draftkings.com/event/north-dakota-state-%40-denver/33504087?outcomes=0HC83094712P350_1
2026-01-22 21:19:03,2026-01-23 02:19:03.258439+00:00,initial_state,NCAAB,draftkings,"Denver Pioneers vs North Dakota State Bison, 2026-01-22, 09",Denver Pioneers,North Dakota State Bison,Total,,167.5,O,-145,https://sportsbook.draftkings.com/event/north-dakota-state-%40-denver/33504087?outcomes=0OU83094712O16750_1
2026-01-22 21:19:03,2026-01-23 02:19:03.258439+00:00,initial_state,NCAAB,draftkings,"Denver Pioneers vs North Dakota State Bison, 2026-01-22, 09",Denver Pioneers,North Dakota State Bison,Total,,167.5,U,+105,https://sportsbook.draftkings.com/event/north-dakota-state-%40-denver/33504087?outcomes=0OU83094712U16750_3
2026-01-22 21:19:03,2026-01-23 02:19:03.258439+00:00,initial_state,NCAAB,draftkings,"Denver Pioneers vs North Dakota State Bison, 2026-01-22, 09",Denver Pioneers,North Dakota State Bison,Total,,172.5,O,+120,https://sportsbook.draftkings.com/event/north-dakota-state-%40-denver/33504087?outcomes=0OU83094712O17250_1
2026-01-22 21:19:03,2026-01-23 02:19:03.258439+00:00,initial_state,NCAAB,draftkings,"Denver Pioneers vs North Dakota State Bison, 2026-01-22, 09",Denver Pioneers,North Dakota State Bison,Total,,171.5,O,+110,https://sportsbook.draftkings.com/event/north-dakota-state-%40-denver/33504087?outcomes=0OU83094712O17150_1
2026-01-22 21:19:03,2026-01-23 02:19:03.258439+00:00,initial_state,NCAAB,draftkings,"Denver Pioneers vs North Dakota State Bison, 2026-01-22, 09",Denver Pioneers,North Dakota State Bison,Total,,164.5,O,-205,https://sportsbook.draftkings.com/event/north-dakota-state-%40-denver/33504087?outcomes=0OU83094712O16450_1
2026-01-22 21:19:03,2026-01-23 02:19:03.258439+00:00,initial_state,NCAAB,draftkings,"Denver Pioneers vs North Dakota State Bison, 2026-01-22, 09",Denver Pioneers,North Dakota State Bison,Total,,172.5,U,-165,https://sportsbook.draftkings.com/event/north-dakota-state-%40-denver/33504087?outcomes=0OU83094712U17250_3
2026-01-22 21:19:03,2026-01-23 02:19:03.258439+00:00,initial_state,NCAAB,draftkings,"Denver Pioneers vs North Dakota State Bison, 2026-01-22, 09",Denver Pioneers,North Dakota State Bison,Total,,171.5,U,-145,https://sportsbook.draftkings.com/event/north-dakota-state-%40-denver/33504087?outcomes=0OU83094712U17150_3
2026-01-22 21:19:03,2026-01-23 02:19:03.258439+00:00,initial_state,NCAAB,draftkings,"Denver Pioneers vs North Dakota State Bison, 2026-01-22, 09",Denver Pioneers,North Dakota State Bison,Total,,164.5,U,+150,https://sportsbook.draftkings.com/event/north-dakota-state-%40-denver/33504087?outcomes=0OU83094712U16450_3
2026-01-22 21:19:03,2026-01-23 02:19:03.258439+00:00,initial_state,NCAAB,draftkings,"Denver Pioneers vs North Dakota State Bison, 2026-01-22, 09",Denver Pioneers,North Dakota State Bison,Total,,165.5,O,-180,https://sportsbook.draftkings.com/event/north-dakota-state-%40-denver/33504087?outcomes=0OU83094712O16550_1
2026-01-22 21:19:03,2026-01-23 02:19:03.258439+00:00,initial_state,NCAAB,draftkings,"Denver Pioneers vs North Dakota State Bison, 2026-01-22, 09",Denver Pioneers,North Dakota State Bison,Total,,165.5,U,+135,https://sportsbook.draftkings.com/event/north-dakota-state-%40-denver/33504087?outcomes=0OU83094712U16550_3
2026-01-22 21:19:03,2026-01-23 02:19:03.258439+00:00,initial_state,NCAAB,draftkings,"Denver Pioneers vs North Dakota State Bison, 2026-01-22, 09",Denver Pioneers,North Dakota State Bison,Spread,North Dakota State Bison,-6.5,,-140,https://sportsbook.draftkings.com/event/north-dakota-state-%40-denver/33504087?outcomes=0HC83094712N650_3
2026-01-22 21:19:03,2026-01-23 02:19:03.258439+00:00,initial_state,NCAAB,draftkings,"Denver Pioneers vs North Dakota State Bison, 2026-01-22, 09",Denver Pioneers,North Dakota State Bison,Spread,Denver Pioneers,6.5,,+105,https://sportsbook.draftkings.com/event/north-dakota-state-%40-denver/33504087?outcomes=0HC83094712P650_1
2026-01-22 21:19:03,2026-01-23 02:19:03.258439+00:00,initial_state,NCAAB,draftkings,"Denver Pioneers vs North Dakota State Bison, 2026-01-22, 09",Denver Pioneers,North Dakota State Bison,Total,,166.5,O,-160,https://sportsbook.draftkings.com/event/north-dakota-state-%40-denver/33504087?outcomes=0OU83094712O16650_1
2026-01-22 21:19:03,2026-01-23 02:19:03.258439+00:00,initial_state,NCAAB,draftkings,"Denver Pioneers vs North Dakota State Bison, 2026-01-22, 09",Denver Pioneers,North Dakota State Bison,Total,,173.5,O,+135,https://sportsbook.draftkings.com/event/north-dakota-state-%40-denver/33504087?outcomes=0OU83094712O17350_1
2026-01-22 21:19:03,2026-01-23 02:19:03.258439+00:00,initial_state,NCAAB,draftkings,"Denver Pioneers vs North Dakota State Bison, 2026-01-22, 09",Denver Pioneers,North Dakota State Bison,Total,,174.5,O,+150,https://sportsbook.draftkings.com/event/north-dakota-state-%40-denver/33504087?outcomes=0OU83094712O17450_1
2026-01-22 21:19:03,2026-01-23 02:19:03.258439+00:00,initial_state,NCAAB,draftkings,"Denver Pioneers vs North Dakota State Bison, 2026-01-22, 09",Denver Pioneers,North Dakota State Bison,Total,,166.5,U,+120,https://sportsbook.draftkings.com/event/north-dakota-state-%40-denver/33504087?outcomes=0OU83094712U16650_3
2026-01-22 21:19:03,2026-01-23 02:19:03.258439+00:00,initial_state,NCAAB,draftkings,"Denver Pioneers vs North Dakota State Bison, 2026-01-22, 09",Denver Pioneers,North Dakota State Bison,Total,,173.5,U,-185,https://sportsbook.draftkings.com/event/north-dakota-state-%40-denver/33504087?outcomes=0OU83094712U17350_3
2026-01-22 21:19:03,2026-01-23 02:19:03.258439+00:00,initial_state,NCAAB,draftkings,"Denver Pioneers vs North Dakota State Bison, 2026-01-22, 09",Denver Pioneers,North Dakota State Bison,Total,,174.5,U,-205,https://sportsbook.draftkings.com/event/north-dakota-state-%40-denver/33504087?outcomes=0OU83094712U17450_3
2026-01-22 21:19:03,2026-01-23 02:19:03.258439+00:00,initial_state,NCAAB,draftkings,"Denver Pioneers vs North Dakota State Bison, 2026-01-22, 09",Denver Pioneers,North Dakota State Bison,Total,,168.5,O,-130,https://sportsbook.draftkings.com/event/north-dakota-state-%40-denver/33504087?outcomes=0OU83094712O16850_1
2026-01-22 21:19:03,2026-01-23 02:19:03.258439+00:00,initial_state,NCAAB,draftkings,"Denver Pioneers vs North Dakota State Bison, 2026-01-22, 09",Denver Pioneers,North Dakota State Bison,Total,,175.5,O,+170,https://sportsbook.draftkings.com/event/north-dakota-state-%40-denver/33504087?outcomes=0OU83094712O17550_1
2026-01-22 21:19:03,2026-01-23 02:19:03.258439+00:00,initial_state,NCAAB,draftkings,"Denver Pioneers vs North Dakota State Bison, 2026-01-22, 09",Denver Pioneers,North Dakota State Bison,Total,,168.5,U,-105,https://sportsbook.draftkings.com/event/north-dakota-state-%40-denver/33504087?outcomes=0OU83094712U16850_3
2026-01-22 21:19:03,2026-01-23 02:19:03.258439+00:00,initial_state,NCAAB,draftkings,"Denver Pioneers vs North Dakota State Bison, 2026-01-22, 09",Denver Pioneers,North Dakota State Bison,Total,,175.5,U,-230,https://sportsbook.draftkings.com/event/north-dakota-state-%40-denver/33504087?outcomes=0OU83094712U17550_3
2026-01-22 21:19:03,2026-01-23 02:19:03.258439+00:00,initial_state,NCAAB,draftkings,"Denver Pioneers vs North Dakota State Bison, 2026-01-22, 09",Denver Pioneers,North Dakota State Bison,Spread,North Dakota State Bison,-2.5,,-250,https://sportsbook.draftkings.com/event/north-dakota-state-%40-denver/33504087?outcomes=0HC83094712N250_3
2026-01-22 21:19:03,2026-01-23 02:19:03.258439+00:00,initial_state,NCAAB,draftkings,"Denver Pioneers vs North Dakota State Bison, 2026-01-22, 09",Denver Pioneers,North Dakota State Bison,Spread,North Dakota State Bison,-9.5,,+115,https://sportsbook.draftkings.com/event/north-dakota-state-%40-denver/33504087?outcomes=0HC83094712N950_3
2026-01-22 21:19:03,2026-01-23 02:19:03.258439+00:00,initial_state,NCAAB,draftkings,"Denver Pioneers vs North Dakota State Bison, 2026-01-22, 09",Denver Pioneers,North Dakota State Bison,Spread,Denver Pioneers,2.5,,+185,https://sportsbook.draftkings.com/event/north-dakota-state-%40-denver/33504087?outcomes=0HC83094712P250_1
2026-01-22 21:19:03,2026-01-23 02:19:03.258439+00:00,initial_state,NCAAB,draftkings,"Denver Pioneers vs North Dakota State Bison, 2026-01-22, 09",Denver Pioneers,North Dakota State Bison,Spread,Denver Pioneers,9.5,,-155,https://sportsbook.draftkings.com/event/north-dakota-state-%40-denver/33504087?outcomes=0HC83094712P950_1
2026-01-22 21:19:03,2026-01-23 02:19:03.258439+00:00,initial_state,NCAAB,draftkings,"Denver Pioneers vs North Dakota State Bison, 2026-01-22, 09",Denver Pioneers,North Dakota State Bison,Total,,170.5,O,-105,https://sportsbook.draftkings.com/event/north-dakota-state-%40-denver/33504087?outcomes=0OU83094712O17050_1
2026-01-22 21:19:03,2026-01-23 02:19:03.258439+00:00,initial_state,NCAAB,draftkings,"Denver Pioneers vs North Dakota State Bison, 2026-01-22, 09",Denver Pioneers,North Dakota State Bison,Total,,163.5,O,-230,https://sportsbook.draftkings.com/event/north-dakota-state-%40-denver/33504087?outcomes=0OU83094712O16350_1
2026-01-22 21:19:03,2026-01-23 02:19:03.258439+00:00,initial_state,NCAAB,draftkings,"Denver Pioneers vs North Dakota State Bison, 2026-01-22, 09",Denver Pioneers,North Dakota State Bison,Total,,170.5,U,-130,https://sportsbook.draftkings.com/event/north-dakota-state-%40-denver/33504087?outcomes=0OU83094712U17050_3
2026-01-22 21:19:03,2026-01-23 02:19:03.258439+00:00,initial_state,NCAAB,draftkings,"Denver Pioneers vs North Dakota State Bison, 2026-01-22, 09",Denver Pioneers,North Dakota State Bison,Total,,163.5,U,+170,https://sportsbook.draftkings.com/event/north-dakota-state-%40-denver/33504087?outcomes=0OU83094712U16350_3
2026-01-22 21:19:03,2026-01-23 02:19:03.258439+00:00,initial_state,NCAAB,draftkings,"Denver Pioneers vs North Dakota State Bison, 2026-01-22, 09",Denver Pioneers,North Dakota State Bison,Spread,North Dakota State Bison,-1.5,,-310,https://sportsbook.draftkings.com/event/north-dakota-state-%40-denver/33504087?outcomes=0HC83094712N150_3
2026-01-22 21:19:03,2026-01-23 02:19:03.258439+00:00,initial_state,NCAAB,draftkings,"Denver Pioneers vs North Dakota State Bison, 2026-01-22, 09",Denver Pioneers,North Dakota State Bison,Spread,North Dakota State Bison,-8.5,,-105,https://sportsbook.draftkings.com/event/north-dakota-state-%40-denver/33504087?outcomes=0HC83094712N850_3
2026-01-22 21:19:03,2026-01-23 02:19:03.258439+00:00,initial_state,NCAAB,draftkings,"Denver Pioneers vs North Dakota State Bison, 2026-01-22, 09",Denver Pioneers,North Dakota State Bison,Spread,Denver Pioneers,1.5,,+220,https://sportsbook.draftkings.com/event/north-dakota-state-%40-denver/33504087?outcomes=0HC83094712P150_1
2026-01-22 21:19:03,2026-01-23 02:19:03.258439+00:00,initial_state,NCAAB,draftkings,"Denver Pioneers vs North Dakota State Bison, 2026-01-22, 09",Denver Pioneers,North Dakota State Bison,Spread,Denver Pioneers,8.5,,-130,https://sportsbook.draftkings.com/event/north-dakota-state-%40-denver/33504087?outcomes=0HC83094712P850_1
2026-01-22 21:19:03,2026-01-23 02:19:03.258439+00:00,initial_state,NCAAB,draftkings,"Denver Pioneers vs North Dakota State Bison, 2026-01-22, 09",Denver Pioneers,North Dakota State Bison,Total,,169.5,O,-115,https://sportsbook.draftkings.com/event/north-dakota-state-%40-denver/33504087?outcomes=0OU83094655O16950_1
2026-01-22 21:19:03,2026-01-23 02:19:03.258439+00:00,initial_state,NCAAB,draftkings,"Denver Pioneers vs North Dakota State Bison, 2026-01-22, 09",Denver Pioneers,North Dakota State Bison,Total,,169.5,U,-115,https://sportsbook.draftkings.com/event/north-dakota-state-%40-denver/33504087?outcomes=0OU83094655U16950_3
2026-01-22 21:19:03,2026-01-23 02:19:03.258566+00:00,initial_state,NCAAB,draftkings,"St Thomas Tommies vs South Dakota Jackrabbits, 2026-01-22, 09",St Thomas Tommies,South Dakota Jackrabbits,Total,,148.5,O,-145,https://sportsbook.draftkings.com/event/south-dakota-state-%40-saint-thomas-mn/33504081?outcomes=0OU83094793O14850_1
2026-01-22 21:19:03,2026-01-23 02:19:03.258566+00:00,initial_state,NCAAB,draftkings,"St Thomas Tommies vs South Dakota Jackrabbits, 2026-01-22, 09",St Thomas Tommies,South Dakota Jackrabbits,Total,,148.5,U,+110,https://sportsbook.draftkings.com/event/south-dakota-state-%40-saint-thomas-mn/33504081?outcomes=0OU83094793U14850_3
2026-01-22 21:19:03,2026-01-23 02:19:03.258566+00:00,initial_state,NCAAB,draftkings,"St Thomas Tommies vs South Dakota Jackrabbits, 2026-01-22, 09",St Thomas Tommies,South Dakota Jackrabbits,Total,,149.5,O,-135,https://sportsbook.draftkings.com/event/south-dakota-state-%40-saint-thomas-mn/33504081?outcomes=0OU83094793O14950_1
2026-01-22 21:19:03,2026-01-23 02:19:03.258566+00:00,initial_state,NCAAB,draftkings,"St Thomas Tommies vs South Dakota Jackrabbits, 2026-01-22, 09",St Thomas Tommies,South Dakota Jackrabbits,Total,,149.5,U,+100,https://sportsbook.draftkings.com/event/south-dakota-state-%40-saint-thomas-mn/33504081?outcomes=0OU83094793U14950_3
2026-01-22 21:19:03,2026-01-23 02:19:03.258566+00:00,initial_state,NCAAB,draftkings,"St Thomas Tommies vs South Dakota Jackrabbits, 2026-01-22, 09",St Thomas Tommies,South Dakota Jackrabbits,Total,,155.5,O,+145,https://sportsbook.draftkings.com/event/south-dakota-state-%40-saint-thomas-mn/33504081?outcomes=0OU83094793O15550_1
2026-01-22 21:19:03,2026-01-23 02:19:03.258566+00:00,initial_state,NCAAB,draftkings,"St Thomas Tommies vs South Dakota Jackrabbits, 2026-01-22, 09",St Thomas Tommies,South Dakota Jackrabbits,Total,,155.5,U,-195,https://sportsbook.draftkings.com/event/south-dakota-state-%40-saint-thomas-mn/33504081?outcomes=0OU83094793U15550_3
2026-01-22 21:19:03,2026-01-23 02:19:03.258566+00:00,initial_state,NCAAB,draftkings,"St Thomas Tommies vs South Dakota Jackrabbits, 2026-01-22, 09",St Thomas Tommies,South Dakota Jackrabbits,Total,,156.5,O,+160,https://sportsbook.draftkings.com/event/south-dakota-state-%40-saint-thomas-mn/33504081?outcomes=0OU83094793O15650_1
2026-01-22 21:19:03,2026-01-23 02:19:03.258566+00:00,initial_state,NCAAB,draftkings,"St Thomas Tommies vs South Dakota Jackrabbits, 2026-01-22, 09",St Thomas Tommies,South Dakota Jackrabbits,Total,,156.5,U,-220,https://sportsbook.draftkings.com/event/south-dakota-state-%40-saint-thomas-mn/33504081?outcomes=0OU83094793U15650_3
2026-01-22 21:19:03,2026-01-23 02:19:03.258566+00:00,initial_state,NCAAB,draftkings,"St Thomas Tommies vs South Dakota Jackrabbits, 2026-01-22, 09",St Thomas Tommies,South Dakota Jackrabbits,Total,,154.5,O,+130,https://sportsbook.draftkings.com/event/south-dakota-state-%40-saint-thomas-mn/33504081?outcomes=0OU83094793O15450_1
2026-01-22 21:19:03,2026-01-23 02:19:03.258566+00:00,initial_state,NCAAB,draftkings,"St Thomas Tommies vs South Dakota Jackrabbits, 2026-01-22, 09",St Thomas Tommies,South Dakota Jackrabbits,Total,,147.5,O,-165,https://sportsbook.draftkings.com/event/south-dakota-state-%40-saint-thomas-mn/33504081?outcomes=0OU83094793O14750_1
2026-01-22 21:19:03,2026-01-23 02:19:03.258566+00:00,initial_state,NCAAB,draftkings,"St Thomas Tommies vs South Dakota Jackrabbits, 2026-01-22, 09",St Thomas Tommies,South Dakota Jackrabbits,Total,,154.5,U,-175,https://sportsbook.draftkings.com/event/south-dakota-state-%40-saint-thomas-mn/33504081?outcomes=0OU83094793U15450_3
2026-01-22 21:19:03,2026-01-23 02:19:03.258566+00:00,initial_state,NCAAB,draftkings,"St Thomas Tommies vs South Dakota Jackrabbits, 2026-01-22, 09",St Thomas Tommies,South Dakota Jackrabbits,Total,,147.5,U,+120,https://sportsbook.draftkings.com/event/south-dakota-state-%40-saint-thomas-mn/33504081?outcomes=0OU83094793U14750_3
2026-01-22 21:19:03,2026-01-23 02:19:03.258566+00:00,initial_state,NCAAB,draftkings,"St Thomas Tommies vs South Dakota Jackrabbits, 2026-01-22, 09",St Thomas Tommies,South Dakota Jackrabbits,Spread,St Thomas Tommies,-7.5,,+215,https://sportsbook.draftkings.com/event/south-dakota-state-%40-saint-thomas-mn/33504081?outcomes=0HC83094793N750_1
2026-01-22 21:19:03,2026-01-23 02:19:03.258566+00:00,initial_state,NCAAB,draftkings,"St Thomas Tommies vs South Dakota Jackrabbits, 2026-01-22, 09",St Thomas Tommies,South Dakota Jackrabbits,Spread,South Dakota Jackrabbits,7.5,,-300,https://sportsbook.draftkings.com/event/south-dakota-state-%40-saint-thomas-mn/33504081?outcomes=0HC83094793P750_3
2026-01-22 21:19:03,2026-01-23 02:19:03.258566+00:00,initial_state,NCAAB,draftkings,"St Thomas Tommies vs South Dakota Jackrabbits, 2026-01-22, 09",St Thomas Tommies,South Dakota Jackrabbits,Spread,St Thomas Tommies,-5.5,,+165,https://sportsbook.draftkings.com/event/south-dakota-state-%40-saint-thomas-mn/33504081?outcomes=0HC83094793N550_1
2026-01-22 21:19:03,2026-01-23 02:19:03.258566+00:00,initial_state,NCAAB,draftkings,"St Thomas Tommies vs South Dakota Jackrabbits, 2026-01-22, 09",St Thomas Tommies,South Dakota Jackrabbits,Spread,South Dakota Jackrabbits,5.5,,-225,https://sportsbook.draftkings.com/event/south-dakota-state-%40-saint-thomas-mn/33504081?outcomes=0HC83094793P550_3
2026-01-22 21:19:03,2026-01-23 02:19:03.258566+00:00,initial_state,NCAAB,draftkings,"St Thomas Tommies vs South Dakota Jackrabbits, 2026-01-22, 09",St Thomas Tommies,South Dakota Jackrabbits,Spread,St Thomas Tommies,-6.5,,+190,https://sportsbook.draftkings.com/event/south-dakota-state-%40-saint-thomas-mn/33504081?outcomes=0HC83094793N650_1
2026-01-22 21:19:03,2026-01-23 02:19:03.258566+00:00,initial_state,NCAAB,draftkings,"St Thomas Tommies vs South Dakota Jackrabbits, 2026-01-22, 09",St Thomas Tommies,South Dakota Jackrabbits,Spread,South Dakota Jackrabbits,6.5,,-260,https://sportsbook.draftkings.com/event/south-dakota-state-%40-saint-thomas-mn/33504081?outcomes=0HC83094793P650_3
2026-01-22 21:19:03,2026-01-23 02:19:03.258566+00:00,initial_state,NCAAB,draftkings,"St Thomas Tommies vs South Dakota Jackrabbits, 2026-01-22, 09",St Thomas Tommies,South Dakota Jackrabbits,Spread,St Thomas Tommies,-4.5,,+145,https://sportsbook.draftkings.com/event/south-dakota-state-%40-saint-thomas-mn/33504081?outcomes=0HC83094793N450_1
2026-01-22 21:19:03,2026-01-23 02:19:03.258566+00:00,initial_state,NCAAB,draftkings,"St Thomas Tommies vs South Dakota Jackrabbits, 2026-01-22, 09",St Thomas Tommies,South Dakota Jackrabbits,Spread,South Dakota Jackrabbits,4.5,,-195,https://sportsbook.draftkings.com/event/south-dakota-state-%40-saint-thomas-mn/33504081?outcomes=0HC83094793P450_3
2026-01-22 21:19:03,2026-01-23 02:19:03.258566+00:00,initial_state,NCAAB,draftkings,"St Thomas Tommies vs South Dakota Jackrabbits, 2026-01-22, 09",St Thomas Tommies,South Dakota Jackrabbits,Total,,151.5,O,-110,https://sportsbook.draftkings.com/event/south-dakota-state-%40-saint-thomas-mn/33504081?outcomes=0OU83094793O15150_1
2026-01-22 21:19:03,2026-01-23 02:19:03.258566+00:00,initial_state,NCAAB,draftkings,"St Thomas Tommies vs South Dakota Jackrabbits, 2026-01-22, 09",St Thomas Tommies,South Dakota Jackrabbits,Total,,151.5,U,-125,https://sportsbook.draftkings.com/event/south-dakota-state-%40-saint-thomas-mn/33504081?outcomes=0OU83094793U15150_3
2026-01-22 21:19:03,2026-01-23 02:19:03.258566+00:00,initial_state,NCAAB,draftkings,"St Thomas Tommies vs South Dakota Jackrabbits, 2026-01-22, 09",St Thomas Tommies,South Dakota Jackrabbits,Spread,St Thomas Tommies,-3.5,,+120,https://sportsbook.draftkings.com/event/south-dakota-state-%40-saint-thomas-mn/33504081?outcomes=0HC83094793N350_1
2026-01-22 21:19:03,2026-01-23 02:19:03.258566+00:00,initial_state,NCAAB,draftkings,"St Thomas Tommies vs South Dakota Jackrabbits, 2026-01-22, 09",St Thomas Tommies,South Dakota Jackrabbits,Spread,South Dakota Jackrabbits,3.5,,-165,https://sportsbook.draftkings.com/event/south-dakota-state-%40-saint-thomas-mn/33504081?outcomes=0HC83094793P350_3
2026-01-22 21:19:03,2026-01-23 02:19:03.258566+00:00,initial_state,NCAAB,draftkings,"St Thomas Tommies vs South Dakota Jackrabbits, 2026-01-22, 09",St Thomas Tommies,South Dakota Jackrabbits,Spread,St Thomas Tommies,-2.5,,+105,https://sportsbook.draftkings.com/event/south-dakota-state-%40-saint-thomas-mn/33504081?outcomes=0HC83094793N250_1
2026-01-22 21:19:03,2026-01-23 02:19:03.258566+00:00,initial_state,NCAAB,draftkings,"St Thomas Tommies vs South Dakota Jackrabbits, 2026-01-22, 09",St Thomas Tommies,South Dakota Jackrabbits,Spread,South Dakota Jackrabbits,2.5,,-145,https://sportsbook.draftkings.com/event/south-dakota-state-%40-saint-thomas-mn/33504081?outcomes=0HC83094793P250_3
2026-01-22 21:19:03,2026-01-23 02:19:03.258566+00:00,initial_state,NCAAB,draftkings,"St Thomas Tommies vs South Dakota Jackrabbits, 2026-01-22, 09",St Thomas Tommies,South Dakota Jackrabbits,Total,,152.5,O,+105,https://sportsbook.draftkings.com/event/south-dakota-state-%40-saint-thomas-mn/33504081?outcomes=0OU83094793O15250_1
2026-01-22 21:19:03,2026-01-23 02:19:03.258566+00:00,initial_state,NCAAB,draftkings,"St Thomas Tommies vs South Dakota Jackrabbits, 2026-01-22, 09",St Thomas Tommies,South Dakota Jackrabbits,Total,,152.5,U,-140,https://sportsbook.draftkings.com/event/south-dakota-state-%40-saint-thomas-mn/33504081?outcomes=0OU83094793U15250_3
2026-01-22 21:19:03,2026-01-23 02:19:03.258707+00:00,initial_state,NCAAB,draftkings,"New Mexico State Aggies vs Missouri State Bears, 2026-01-22, 09",New Mexico State Aggies,Missouri State Bears,Total,,136.5,O,-225,https://sportsbook.draftkings.com/event/missouri-state-%40-new-mexico-state/33504082?outcomes=0OU83094991O13650_1
2026-01-22 21:19:03,2026-01-23 02:19:03.258707+00:00,initial_state,NCAAB,draftkings,"New Mexico State Aggies vs Missouri State Bears, 2026-01-22, 09",New Mexico State Aggies,Missouri State Bears,Total,,136.5,U,+165,https://sportsbook.draftkings.com/event/missouri-state-%40-new-mexico-state/33504082?outcomes=0OU83094991U13650_3
2026-01-22 21:19:03,2026-01-23 02:19:03.258707+00:00,initial_state,NCAAB,draftkings,"New Mexico State Aggies vs Missouri State Bears, 2026-01-22, 09",New Mexico State Aggies,Missouri State Bears,Total,,137.5,O,-195,https://sportsbook.draftkings.com/event/missouri-state-%40-new-mexico-state/33504082?outcomes=0OU83094991O13750_1
2026-01-22 21:19:03,2026-01-23 02:19:03.258707+00:00,initial_state,NCAAB,draftkings,"New Mexico State Aggies vs Missouri State Bears, 2026-01-22, 09",New Mexico State Aggies,Missouri State Bears,Total,,137.5,U,+145,https://sportsbook.draftkings.com/event/missouri-state-%40-new-mexico-state/33504082?outcomes=0OU83094991U13750_3
2026-01-22 21:19:03,2026-01-23 02:19:03.258707+00:00,initial_state,NCAAB,draftkings,"New Mexico State Aggies vs Missouri State Bears, 2026-01-22, 09",New Mexico State Aggies,Missouri State Bears,Total,,138.5,O,-175,https://sportsbook.draftkings.com/event/missouri-state-%40-new-mexico-state/33504082?outcomes=0OU83094991O13850_1
2026-01-22 21:19:03,2026-01-23 02:19:03.258707+00:00,initial_state,NCAAB,draftkings,"New Mexico State Aggies vs Missouri State Bears, 2026-01-22, 09",New Mexico State Aggies,Missouri State Bears,Total,,138.5,U,+130,https://sportsbook.draftkings.com/event/missouri-state-%40-new-mexico-state/33504082?outcomes=0OU83094991U13850_3
2026-01-22 21:19:03,2026-01-23 02:19:03.258707+00:00,initial_state,NCAAB,draftkings,"New Mexico State Aggies vs Missouri State Bears, 2026-01-22, 09",New Mexico State Aggies,Missouri State Bears,Total,,142.5,O,-110,https://sportsbook.draftkings.com/event/missouri-state-%40-new-mexico-state/33504082?outcomes=0OU83094991O14250_1
2026-01-22 21:19:03,2026-01-23 02:19:03.258707+00:00,initial_state,NCAAB,draftkings,"New Mexico State Aggies vs Missouri State Bears, 2026-01-22, 09",New Mexico State Aggies,Missouri State Bears,Total,,142.5,U,-125,https://sportsbook.draftkings.com/event/missouri-state-%40-new-mexico-state/33504082?outcomes=0OU83094991U14250_3
2026-01-22 21:19:03,2026-01-23 02:19:03.258707+00:00,initial_state,NCAAB,draftkings,"New Mexico State Aggies vs Missouri State Bears, 2026-01-22, 09",New Mexico State Aggies,Missouri State Bears,Total,,143.5,O,+100,https://sportsbook.draftkings.com/event/missouri-state-%40-new-mexico-state/33504082?outcomes=0OU83094991O14350_1
2026-01-22 21:19:03,2026-01-23 02:19:03.258707+00:00,initial_state,NCAAB,draftkings,"New Mexico State Aggies vs Missouri State Bears, 2026-01-22, 09",New Mexico State Aggies,Missouri State Bears,Total,,143.5,U,-140,https://sportsbook.draftkings.com/event/missouri-state-%40-new-mexico-state/33504082?outcomes=0OU83094991U14350_3
2026-01-22 21:19:03,2026-01-23 02:19:03.258707+00:00,initial_state,NCAAB,draftkings,"New Mexico State Aggies vs Missouri State Bears, 2026-01-22, 09",New Mexico State Aggies,Missouri State Bears,Total,,144.5,O,+115,https://sportsbook.draftkings.com/event/missouri-state-%40-new-mexico-state/33504082?outcomes=0OU83094991O14450_1
2026-01-22 21:19:03,2026-01-23 02:19:03.258707+00:00,initial_state,NCAAB,draftkings,"New Mexico State Aggies vs Missouri State Bears, 2026-01-22, 09",New Mexico State Aggies,Missouri State Bears,Total,,144.5,U,-155,https://sportsbook.draftkings.com/event/missouri-state-%40-new-mexico-state/33504082?outcomes=0OU83094991U14450_3
2026-01-22 21:19:03,2026-01-23 02:19:03.258707+00:00,initial_state,NCAAB,draftkings,"New Mexico State Aggies vs Missouri State Bears, 2026-01-22, 09",New Mexico State Aggies,Missouri State Bears,Total,,145.5,O,+130,https://sportsbook.draftkings.com/event/missouri-state-%40-new-mexico-state/33504082?outcomes=0OU83094991O14550_1
2026-01-22 21:19:03,2026-01-23 02:19:03.258707+00:00,initial_state,NCAAB,draftkings,"New Mexico State Aggies vs Missouri State Bears, 2026-01-22, 09",New Mexico State Aggies,Missouri State Bears,Total,,145.5,U,-175,https://sportsbook.draftkings.com/event/missouri-state-%40-new-mexico-state/33504082?outcomes=0OU83094991U14550_3
2026-01-22 21:19:03,2026-01-23 02:19:03.258707+00:00,initial_state,NCAAB,draftkings,"New Mexico State Aggies vs Missouri State Bears, 2026-01-22, 09",New Mexico State Aggies,Missouri State Bears,Spread,New Mexico State Aggies,-6.5,,+170,https://sportsbook.draftkings.com/event/missouri-state-%40-new-mexico-state/33504082?outcomes=0HC83094991N650_1
2026-01-22 21:19:03,2026-01-23 02:19:03.258707+00:00,initial_state,NCAAB,draftkings,"New Mexico State Aggies vs Missouri State Bears, 2026-01-22, 09",New Mexico State Aggies,Missouri State Bears,Spread,Missouri State Bears,6.5,,-235,https://sportsbook.draftkings.com/event/missouri-state-%40-new-mexico-state/33504082?outcomes=0HC83094991P650_3
2026-01-22 21:19:03,2026-01-23 02:19:03.258707+00:00,initial_state,NCAAB,draftkings,"New Mexico State Aggies vs Missouri State Bears, 2026-01-22, 09",New Mexico State Aggies,Missouri State Bears,Spread,New Mexico State Aggies,-5.5,,+150,https://sportsbook.draftkings.com/event/missouri-state-%40-new-mexico-state/33504082?outcomes=0HC83094991N550_1
2026-01-22 21:19:03,2026-01-23 02:19:03.258707+00:00,initial_state,NCAAB,draftkings,"New Mexico State Aggies vs Missouri State Bears, 2026-01-22, 09",New Mexico State Aggies,Missouri State Bears,Spread,Missouri State Bears,5.5,,-205,https://sportsbook.draftkings.com/event/missouri-state-%40-new-mexico-state/33504082?outcomes=0HC83094991P550_3
2026-01-22 21:19:03,2026-01-23 02:19:03.258707+00:00,initial_state,NCAAB,draftkings,"New Mexico State Aggies vs Missouri State Bears, 2026-01-22, 09",New Mexico State Aggies,Missouri State Bears,Spread,New Mexico State Aggies,-4.5,,+130,https://sportsbook.draftkings.com/event/missouri-state-%40-new-mexico-state/33504082?outcomes=0HC83094991N450_1
2026-01-22 21:19:03,2026-01-23 02:19:03.258707+00:00,initial_state,NCAAB,draftkings,"New Mexico State Aggies vs Missouri State Bears, 2026-01-22, 09",New Mexico State Aggies,Missouri State Bears,Spread,Missouri State Bears,4.5,,-180,https://sportsbook.draftkings.com/event/missouri-state-%40-new-mexico-state/33504082?outcomes=0HC83094991P450_3
2026-01-22 21:19:03,2026-01-23 02:19:03.258707+00:00,initial_state,NCAAB,draftkings,"New Mexico State Aggies vs Missouri State Bears, 2026-01-22, 09",New Mexico State Aggies,Missouri State Bears,Total,,146.5,O,+145,https://sportsbook.draftkings.com/event/missouri-state-%40-new-mexico-state/33504082?outcomes=0OU83094991O14650_1
2026-01-22 21:19:03,2026-01-23 02:19:03.258707+00:00,initial_state,NCAAB,draftkings,"New Mexico State Aggies vs Missouri State Bears, 2026-01-22, 09",New Mexico State Aggies,Missouri State Bears,Total,,146.5,U,-195,https://sportsbook.draftkings.com/event/missouri-state-%40-new-mexico-state/33504082?outcomes=0OU83094991U14650_3
2026-01-22 21:19:03,2026-01-23 02:19:03.258707+00:00,initial_state,NCAAB,draftkings,"New Mexico State Aggies vs Missouri State Bears, 2026-01-22, 09",New Mexico State Aggies,Missouri State Bears,Spread,New Mexico State Aggies,-3.5,,+115,https://sportsbook.draftkings.com/event/missouri-state-%40-new-mexico-state/33504082?outcomes=0HC83094991N350_1
2026-01-22 21:19:03,2026-01-23 02:19:03.258707+00:00,initial_state,NCAAB,draftkings,"New Mexico State Aggies vs Missouri State Bears, 2026-01-22, 09",New Mexico State Aggies,Missouri State Bears,Spread,Missouri State Bears,3.5,,-155,https://sportsbook.draftkings.com/event/missouri-state-%40-new-mexico-state/33504082?outcomes=0HC83094991P350_3
2026-01-22 21:19:03,2026-01-23 02:19:03.258707+00:00,initial_state,NCAAB,draftkings,"New Mexico State Aggies vs Missouri State Bears, 2026-01-22, 09",New Mexico State Aggies,Missouri State Bears,Spread,New Mexico State Aggies,-2.5,,-105,https://sportsbook.draftkings.com/event/missouri-state-%40-new-mexico-state/33504082?outcomes=0HC83094991N250_1
2026-01-22 21:19:03,2026-01-23 02:19:03.258707+00:00,initial_state,NCAAB,draftkings,"New Mexico State Aggies vs Missouri State Bears, 2026-01-22, 09",New Mexico State Aggies,Missouri State Bears,Spread,Missouri State Bears,2.5,,-130,https://sportsbook.draftkings.com/event/missouri-state-%40-new-mexico-state/33504082?outcomes=0HC83094991P250_3
2026-01-22 21:19:03,2026-01-23 02:19:03.258707+00:00,initial_state,NCAAB,draftkings,"New Mexico State Aggies vs Missouri State Bears, 2026-01-22, 09",New Mexico State Aggies,Missouri State Bears,Total,,140.5,O,-140,https://sportsbook.draftkings.com/event/missouri-state-%40-new-mexico-state/33504082?outcomes=0OU83094991O14050_1
2026-01-22 21:19:03,2026-01-23 02:19:03.258707+00:00,initial_state,NCAAB,draftkings,"New Mexico State Aggies vs Missouri State Bears, 2026-01-22, 09",New Mexico State Aggies,Missouri State Bears,Total,,140.5,U,+100,https://sportsbook.draftkings.com/event/missouri-state-%40-new-mexico-state/33504082?outcomes=0OU83094991U14050_3
2026-01-22 21:19:03,2026-01-23 02:19:03.258707+00:00,initial_state,NCAAB,draftkings,"New Mexico State Aggies vs Missouri State Bears, 2026-01-22, 09",New Mexico State Aggies,Missouri State Bears,Total,,139.5,O,-155,https://sportsbook.draftkings.com/event/missouri-state-%40-new-mexico-state/33504082?outcomes=0OU83094991O13950_1
2026-01-22 21:19:03,2026-01-23 02:19:03.258707+00:00,initial_state,NCAAB,draftkings,"New Mexico State Aggies vs Missouri State Bears, 2026-01-22, 09",New Mexico State Aggies,Missouri State Bears,Total,,147.5,O,+160,https://sportsbook.draftkings.com/event/missouri-state-%40-new-mexico-state/33504082?outcomes=0OU83094991O14750_1
2026-01-22 21:19:03,2026-01-23 02:19:03.258707+00:00,initial_state,NCAAB,draftkings,"New Mexico State Aggies vs Missouri State Bears, 2026-01-22, 09",New Mexico State Aggies,Missouri State Bears,Total,,139.5,U,+115,https://sportsbook.draftkings.com/event/missouri-state-%40-new-mexico-state/33504082?outcomes=0OU83094991U13950_3
2026-01-22 21:19:03,2026-01-23 02:19:03.258707+00:00,initial_state,NCAAB,draftkings,"New Mexico State Aggies vs Missouri State Bears, 2026-01-22, 09",New Mexico State Aggies,Missouri State Bears,Total,,147.5,U,-220,https://sportsbook.draftkings.com/event/missouri-state-%40-new-mexico-state/33504082?outcomes=0OU83094991U14750_3
2026-01-22 21:19:03,2026-01-23 02:19:03.258707+00:00,initial_state,NCAAB,draftkings,"New Mexico State Aggies vs Missouri State Bears, 2026-01-22, 09",New Mexico State Aggies,Missouri State Bears,Total,,141.5,O,-120,https://sportsbook.draftkings.com/event/missouri-state-%40-new-mexico-state/33504082?outcomes=0OU83094653O14150_1
2026-01-22 21:19:03,2026-01-23 02:19:03.258707+00:00,initial_state,NCAAB,draftkings,"New Mexico State Aggies vs Missouri State Bears, 2026-01-22, 09",New Mexico State Aggies,Missouri State Bears,Total,,141.5,U,-110,https://sportsbook.draftkings.com/event/missouri-state-%40-new-mexico-state/33504082?outcomes=0OU83094653U14150_3
2026-01-22 21:19:03,2026-01-23 02:19:03.258707+00:00,initial_state,NCAAB,draftkings,"New Mexico State Aggies vs Missouri State Bears, 2026-01-22, 09",New Mexico State Aggies,Missouri State Bears,Spread,Missouri State Bears,8.5,,-330,https://sportsbook.draftkings.com/event/missouri-state-%40-new-mexico-state/33504082?outcomes=0HC83094991P850_3
2026-01-22 21:19:03,2026-01-23 02:19:03.258707+00:00,initial_state,NCAAB,draftkings,"New Mexico State Aggies vs Missouri State Bears, 2026-01-22, 09",New Mexico State Aggies,Missouri State Bears,Spread,New Mexico State Aggies,-8.5,,+235,https://sportsbook.draftkings.com/event/missouri-state-%40-new-mexico-state/33504082?outcomes=0HC83094991N850_1
2026-01-22 21:19:03,2026-01-23 02:19:03.258823+00:00,initial_state,NCAAB,draftkings,"Cal State Fullerton Titans vs Long Beach State 49ers, 2026-01-22, 10",Cal State Fullerton Titans,Long Beach State 49ers,Spread,Long Beach State 49ers,3.5,,-112,https://sportsbook.draftkings.com/event/long-beach-state-%40-cal-state-fullerton/33504088?outcomes=0HC83087257P350_3
2026-01-22 21:19:03,2026-01-23 02:19:03.258823+00:00,initial_state,NCAAB,draftkings,"Cal State Fullerton Titans vs Long Beach State 49ers, 2026-01-22, 10",Cal State Fullerton Titans,Long Beach State 49ers,Spread,Cal State Fullerton Titans,-3.5,,-108,https://sportsbook.draftkings.com/event/long-beach-state-%40-cal-state-fullerton/33504088?outcomes=0HC83087257N350_1
2026-01-22 21:19:03,2026-01-23 02:19:03.258823+00:00,initial_state,NCAAB,draftkings,"Cal State Fullerton Titans vs Long Beach State 49ers, 2026-01-22, 10",Cal State Fullerton Titans,Long Beach State 49ers,Spread,Long Beach State 49ers,-10.5,,+470,https://sportsbook.draftkings.com/event/long-beach-state-%40-cal-state-fullerton/33504088?outcomes=0HC83091380N1050_3
2026-01-22 21:19:03,2026-01-23 02:19:03.258823+00:00,initial_state,NCAAB,draftkings,"Cal State Fullerton Titans vs Long Beach State 49ers, 2026-01-22, 10",Cal State Fullerton Titans,Long Beach State 49ers,Spread,Cal State Fullerton Titans,10.5,,-900,https://sportsbook.draftkings.com/event/long-beach-state-%40-cal-state-fullerton/33504088?outcomes=0HC83091380P1050_1
2026-01-22 21:19:03,2026-01-23 02:19:03.258823+00:00,initial_state,NCAAB,draftkings,"Cal State Fullerton Titans vs Long Beach State 49ers, 2026-01-22, 10",Cal State Fullerton Titans,Long Beach State 49ers,Spread,Long Beach State 49ers,-9.5,,+412,https://sportsbook.draftkings.com/event/long-beach-state-%40-cal-state-fullerton/33504088?outcomes=0HC83091380N950_3
2026-01-22 21:19:03,2026-01-23 02:19:03.258823+00:00,initial_state,NCAAB,draftkings,"Cal State Fullerton Titans vs Long Beach State 49ers, 2026-01-22, 10",Cal State Fullerton Titans,Long Beach State 49ers,Spread,Cal State Fullerton Titans,9.5,,-740,https://sportsbook.draftkings.com/event/long-beach-state-%40-cal-state-fullerton/33504088?outcomes=0HC83091380P950_1
2026-01-22 21:19:03,2026-01-23 02:19:03.258823+00:00,initial_state,NCAAB,draftkings,"Cal State Fullerton Titans vs Long Beach State 49ers, 2026-01-22, 10",Cal State Fullerton Titans,Long Beach State 49ers,Spread,Long Beach State 49ers,-8.5,,+360,https://sportsbook.draftkings.com/event/long-beach-state-%40-cal-state-fullerton/33504088?outcomes=0HC83091380N850_3
2026-01-22 21:19:03,2026-01-23 02:19:03.258823+00:00,initial_state,NCAAB,draftkings,"Cal State Fullerton Titans vs Long Beach State 49ers, 2026-01-22, 10",Cal State Fullerton Titans,Long Beach State 49ers,Spread,Cal State Fullerton Titans,8.5,,-610,https://sportsbook.draftkings.com/event/long-beach-state-%40-cal-state-fullerton/33504088?outcomes=0HC83091380P850_1
2026-01-22 21:19:03,2026-01-23 02:19:03.258823+00:00,initial_state,NCAAB,draftkings,"Cal State Fullerton Titans vs Long Beach State 49ers, 2026-01-22, 10",Cal State Fullerton Titans,Long Beach State 49ers,Spread,Long Beach State 49ers,-7.5,,+318,https://sportsbook.draftkings.com/event/long-beach-state-%40-cal-state-fullerton/33504088?outcomes=0HC83091380N750_3
2026-01-22 21:19:03,2026-01-23 02:19:03.258823+00:00,initial_state,NCAAB,draftkings,"Cal State Fullerton Titans vs Long Beach State 49ers, 2026-01-22, 10",Cal State Fullerton Titans,Long Beach State 49ers,Spread,Cal State Fullerton Titans,7.5,,-510,https://sportsbook.draftkings.com/event/long-beach-state-%40-cal-state-fullerton/33504088?outcomes=0HC83091380P750_1
2026-01-22 21:19:03,2026-01-23 02:19:03.258823+00:00,initial_state,NCAAB,draftkings,"Cal State Fullerton Titans vs Long Beach State 49ers, 2026-01-22, 10",Cal State Fullerton Titans,Long Beach State 49ers,Spread,Long Beach State 49ers,-6.5,,+284,https://sportsbook.draftkings.com/event/long-beach-state-%40-cal-state-fullerton/33504088?outcomes=0HC83091380N650_3
2026-01-22 21:19:03,2026-01-23 02:19:03.258823+00:00,initial_state,NCAAB,draftkings,"Cal State Fullerton Titans vs Long Beach State 49ers, 2026-01-22, 10",Cal State Fullerton Titans,Long Beach State 49ers,Spread,Cal State Fullerton Titans,6.5,,-442,https://sportsbook.draftkings.com/event/long-beach-state-%40-cal-state-fullerton/33504088?outcomes=0HC83091380P650_1
2026-01-22 21:19:03,2026-01-23 02:19:03.258823+00:00,initial_state,NCAAB,draftkings,"Cal State Fullerton Titans vs Long Beach State 49ers, 2026-01-22, 10",Cal State Fullerton Titans,Long Beach State 49ers,Spread,Long Beach State 49ers,-5.5,,+255,https://sportsbook.draftkings.com/event/long-beach-state-%40-cal-state-fullerton/33504088?outcomes=0HC83091380N550_3
2026-01-22 21:19:03,2026-01-23 02:19:03.258823+00:00,initial_state,NCAAB,draftkings,"Cal State Fullerton Titans vs Long Beach State 49ers, 2026-01-22, 10",Cal State Fullerton Titans,Long Beach State 49ers,Spread,Cal State Fullerton Titans,5.5,,-385,https://sportsbook.draftkings.com/event/long-beach-state-%40-cal-state-fullerton/33504088?outcomes=0HC83091380P550_1
2026-01-22 21:19:03,2026-01-23 02:19:03.258823+00:00,initial_state,NCAAB,draftkings,"Cal State Fullerton Titans vs Long Beach State 49ers, 2026-01-22, 10",Cal State Fullerton Titans,Long Beach State 49ers,Spread,Long Beach State 49ers,-4.5,,+226,https://sportsbook.draftkings.com/event/long-beach-state-%40-cal-state-fullerton/33504088?outcomes=0HC83091380N450_3
2026-01-22 21:19:03,2026-01-23 02:19:03.258823+00:00,initial_state,NCAAB,draftkings,"Cal State Fullerton Titans vs Long Beach State 49ers, 2026-01-22, 10",Cal State Fullerton Titans,Long Beach State 49ers,Spread,Cal State Fullerton Titans,4.5,,-333,https://sportsbook.draftkings.com/event/long-beach-state-%40-cal-state-fullerton/33504088?outcomes=0HC83091380P450_1
2026-01-22 21:19:03,2026-01-23 02:19:03.258823+00:00,initial_state,NCAAB,draftkings,"Cal State Fullerton Titans vs Long Beach State 49ers, 2026-01-22, 10",Cal State Fullerton Titans,Long Beach State 49ers,Spread,Long Beach State 49ers,-3.5,,+199,https://sportsbook.draftkings.com/event/long-beach-state-%40-cal-state-fullerton/33504088?outcomes=0HC83091380N350_3
2026-01-22 21:19:03,2026-01-23 02:19:03.258823+00:00,initial_state,NCAAB,draftkings,"Cal State Fullerton Titans vs Long Beach State 49ers, 2026-01-22, 10",Cal State Fullerton Titans,Long Beach State 49ers,Spread,Cal State Fullerton Titans,3.5,,-287,https://sportsbook.draftkings.com/event/long-beach-state-%40-cal-state-fullerton/33504088?outcomes=0HC83091380P350_1
2026-01-22 21:19:03,2026-01-23 02:19:03.258823+00:00,initial_state,NCAAB,draftkings,"Cal State Fullerton Titans vs Long Beach State 49ers, 2026-01-22, 10",Cal State Fullerton Titans,Long Beach State 49ers,Spread,Long Beach State 49ers,-2.5,,+171,https://sportsbook.draftkings.com/event/long-beach-state-%40-cal-state-fullerton/33504088?outcomes=0HC83091380N250_3
2026-01-22 21:19:03,2026-01-23 02:19:03.258823+00:00,initial_state,NCAAB,draftkings,"Cal State Fullerton Titans vs Long Beach State 49ers, 2026-01-22, 10",Cal State Fullerton Titans,Long Beach State 49ers,Spread,Cal State Fullerton Titans,2.5,,-241,https://sportsbook.draftkings.com/event/long-beach-state-%40-cal-state-fullerton/33504088?outcomes=0HC83091380P250_1
2026-01-22 21:19:03,2026-01-23 02:19:03.258823+00:00,initial_state,NCAAB,draftkings,"Cal State Fullerton Titans vs Long Beach State 49ers, 2026-01-22, 10",Cal State Fullerton Titans,Long Beach State 49ers,Spread,Long Beach State 49ers,-1.5,,+149,https://sportsbook.draftkings.com/event/long-beach-state-%40-cal-state-fullerton/33504088?outcomes=0HC83091380N150_3
2026-01-22 21:19:03,2026-01-23 02:19:03.258823+00:00,initial_state,NCAAB,draftkings,"Cal State Fullerton Titans vs Long Beach State 49ers, 2026-01-22, 10",Cal State Fullerton Titans,Long Beach State 49ers,Spread,Cal State Fullerton Titans,1.5,,-207,https://sportsbook.draftkings.com/event/long-beach-state-%40-cal-state-fullerton/33504088?outcomes=0HC83091380P150_1
2026-01-22 21:19:03,2026-01-23 02:19:03.258823+00:00,initial_state,NCAAB,draftkings,"Cal State Fullerton Titans vs Long Beach State 49ers, 2026-01-22, 10",Cal State Fullerton Titans,Long Beach State 49ers,Spread,Long Beach State 49ers,1.5,,+113,https://sportsbook.draftkings.com/event/long-beach-state-%40-cal-state-fullerton/33504088?outcomes=0HC83091380P150_3
2026-01-22 21:19:03,2026-01-23 02:19:03.258823+00:00,initial_state,NCAAB,draftkings,"Cal State Fullerton Titans vs Long Beach State 49ers, 2026-01-22, 10",Cal State Fullerton Titans,Long Beach State 49ers,Spread,Cal State Fullerton Titans,-1.5,,-154,https://sportsbook.draftkings.com/event/long-beach-state-%40-cal-state-fullerton/33504088?outcomes=0HC83091380N150_1
2026-01-22 21:19:03,2026-01-23 02:19:03.258823+00:00,initial_state,NCAAB,draftkings,"Cal State Fullerton Titans vs Long Beach State 49ers, 2026-01-22, 10",Cal State Fullerton Titans,Long Beach State 49ers,Spread,Long Beach State 49ers,2.5,,-103,https://sportsbook.draftkings.com/event/long-beach-state-%40-cal-state-fullerton/33504088?outcomes=0HC83091380P250_3
2026-01-22 21:19:03,2026-01-23 02:19:03.258823+00:00,initial_state,NCAAB,draftkings,"Cal State Fullerton Titans vs Long Beach State 49ers, 2026-01-22, 10",Cal State Fullerton Titans,Long Beach State 49ers,Spread,Cal State Fullerton Titans,-2.5,,-132,https://sportsbook.draftkings.com/event/long-beach-state-%40-cal-state-fullerton/33504088?outcomes=0HC83091380N250_1
2026-01-22 21:19:03,2026-01-23 02:19:03.258823+00:00,initial_state,NCAAB,draftkings,"Cal State Fullerton Titans vs Long Beach State 49ers, 2026-01-22, 10",Cal State Fullerton Titans,Long Beach State 49ers,Spread,Long Beach State 49ers,4.5,,-133,https://sportsbook.draftkings.com/event/long-beach-state-%40-cal-state-fullerton/33504088?outcomes=0HC83091380P450_3
2026-01-22 21:19:03,2026-01-23 02:19:03.258823+00:00,initial_state,NCAAB,draftkings,"Cal State Fullerton Titans vs Long Beach State 49ers, 2026-01-22, 10",Cal State Fullerton Titans,Long Beach State 49ers,Spread,Cal State Fullerton Titans,-4.5,,-102,https://sportsbook.draftkings.com/event/long-beach-state-%40-cal-state-fullerton/33504088?outcomes=0HC83091380N450_1
2026-01-22 21:19:03,2026-01-23 02:19:03.258823+00:00,initial_state,NCAAB,draftkings,"Cal State Fullerton Titans vs Long Beach State 49ers, 2026-01-22, 10",Cal State Fullerton Titans,Long Beach State 49ers,Spread,Long Beach State 49ers,5.5,,-151,https://sportsbook.draftkings.com/event/long-beach-state-%40-cal-state-fullerton/33504088?outcomes=0HC83091380P550_3
2026-01-22 21:19:03,2026-01-23 02:19:03.258823+00:00,initial_state,NCAAB,draftkings,"Cal State Fullerton Titans vs Long Beach State 49ers, 2026-01-22, 10",Cal State Fullerton Titans,Long Beach State 49ers,Spread,Cal State Fullerton Titans,-5.5,,+110,https://sportsbook.draftkings.com/event/long-beach-state-%40-cal-state-fullerton/33504088?outcomes=0HC83091380N550_1
2026-01-22 21:19:03,2026-01-23 02:19:03.258823+00:00,initial_state,NCAAB,draftkings,"Cal State Fullerton Titans vs Long Beach State 49ers, 2026-01-22, 10",Cal State Fullerton Titans,Long Beach State 49ers,Spread,Long Beach State 49ers,6.5,,-169,https://sportsbook.draftkings.com/event/long-beach-state-%40-cal-state-fullerton/33504088?outcomes=0HC83091380P650_3
2026-01-22 21:19:03,2026-01-23 02:19:03.258823+00:00,initial_state,NCAAB,draftkings,"Cal State Fullerton Titans vs Long Beach State 49ers, 2026-01-22, 10",Cal State Fullerton Titans,Long Beach State 49ers,Spread,Cal State Fullerton Titans,-6.5,,+123,https://sportsbook.draftkings.com/event/long-beach-state-%40-cal-state-fullerton/33504088?outcomes=0HC83091380N650_1
2026-01-22 21:19:03,2026-01-23 02:19:03.258823+00:00,initial_state,NCAAB,draftkings,"Cal State Fullerton Titans vs Long Beach State 49ers, 2026-01-22, 10",Cal State Fullerton Titans,Long Beach State 49ers,Spread,Long Beach State 49ers,7.5,,-197,https://sportsbook.draftkings.com/event/long-beach-state-%40-cal-state-fullerton/33504088?outcomes=0HC83091380P750_3
2026-01-22 21:19:03,2026-01-23 02:19:03.258823+00:00,initial_state,NCAAB,draftkings,"Cal State Fullerton Titans vs Long Beach State 49ers, 2026-01-22, 10",Cal State Fullerton Titans,Long Beach State 49ers,Spread,Cal State Fullerton Titans,-7.5,,+142,https://sportsbook.draftkings.com/event/long-beach-state-%40-cal-state-fullerton/33504088?outcomes=0HC83091380N750_1
2026-01-22 21:19:03,2026-01-23 02:19:03.258823+00:00,initial_state,NCAAB,draftkings,"Cal State Fullerton Titans vs Long Beach State 49ers, 2026-01-22, 10",Cal State Fullerton Titans,Long Beach State 49ers,Spread,Long Beach State 49ers,8.5,,-231,https://sportsbook.draftkings.com/event/long-beach-state-%40-cal-state-fullerton/33504088?outcomes=0HC83091380P850_3
2026-01-22 21:19:03,2026-01-23 02:19:03.258823+00:00,initial_state,NCAAB,draftkings,"Cal State Fullerton Titans vs Long Beach State 49ers, 2026-01-22, 10",Cal State Fullerton Titans,Long Beach State 49ers,Spread,Cal State Fullerton Titans,-8.5,,+164,https://sportsbook.draftkings.com/event/long-beach-state-%40-cal-state-fullerton/33504088?outcomes=0HC83091380N850_1
2026-01-22 21:19:03,2026-01-23 02:19:03.258823+00:00,initial_state,NCAAB,draftkings,"Cal State Fullerton Titans vs Long Beach State 49ers, 2026-01-22, 10",Cal State Fullerton Titans,Long Beach State 49ers,Spread,Long Beach State 49ers,9.5,,-265,https://sportsbook.draftkings.com/event/long-beach-state-%40-cal-state-fullerton/33504088?outcomes=0HC83091380P950_3
2026-01-22 21:19:03,2026-01-23 02:19:03.258823+00:00,initial_state,NCAAB,draftkings,"Cal State Fullerton Titans vs Long Beach State 49ers, 2026-01-22, 10",Cal State Fullerton Titans,Long Beach State 49ers,Spread,Cal State Fullerton Titans,-9.5,,+186,https://sportsbook.draftkings.com/event/long-beach-state-%40-cal-state-fullerton/33504088?outcomes=0HC83091380N950_1
2026-01-22 21:19:03,2026-01-23 02:19:03.258823+00:00,initial_state,NCAAB,draftkings,"Cal State Fullerton Titans vs Long Beach State 49ers, 2026-01-22, 10",Cal State Fullerton Titans,Long Beach State 49ers,Spread,Long Beach State 49ers,10.5,,-319,https://sportsbook.draftkings.com/event/long-beach-state-%40-cal-state-fullerton/33504088?outcomes=0HC83091380P1050_3
2026-01-22 21:19:03,2026-01-23 02:19:03.258823+00:00,initial_state,NCAAB,draftkings,"Cal State Fullerton Titans vs Long Beach State 49ers, 2026-01-22, 10",Cal State Fullerton Titans,Long Beach State 49ers,Spread,Cal State Fullerton Titans,-10.5,,+218,https://sportsbook.draftkings.com/event/long-beach-state-%40-cal-state-fullerton/33504088?outcomes=0HC83091380N1050_1
2026-01-22 21:19:03,2026-01-23 02:19:03.258823+00:00,initial_state,NCAAB,draftkings,"Cal State Fullerton Titans vs Long Beach State 49ers, 2026-01-22, 10",Cal State Fullerton Titans,Long Beach State 49ers,Spread,Long Beach State 49ers,11.5,,-381,https://sportsbook.draftkings.com/event/long-beach-state-%40-cal-state-fullerton/33504088?outcomes=0HC83091380P1150_3
2026-01-22 21:19:03,2026-01-23 02:19:03.258823+00:00,initial_state,NCAAB,draftkings,"Cal State Fullerton Titans vs Long Beach State 49ers, 2026-01-22, 10",Cal State Fullerton Titans,Long Beach State 49ers,Spread,Cal State Fullerton Titans,-11.5,,+253,https://sportsbook.draftkings.com/event/long-beach-state-%40-cal-state-fullerton/33504088?outcomes=0HC83091380N1150_1
2026-01-22 21:19:03,2026-01-23 02:19:03.258823+00:00,initial_state,NCAAB,draftkings,"Cal State Fullerton Titans vs Long Beach State 49ers, 2026-01-22, 10",Cal State Fullerton Titans,Long Beach State 49ers,Spread,Long Beach State 49ers,12.5,,-445,https://sportsbook.draftkings.com/event/long-beach-state-%40-cal-state-fullerton/33504088?outcomes=0HC83091380P1250_3
2026-01-22 21:19:03,2026-01-23 02:19:03.258823+00:00,initial_state,NCAAB,draftkings,"Cal State Fullerton Titans vs Long Beach State 49ers, 2026-01-22, 10",Cal State Fullerton Titans,Long Beach State 49ers,Spread,Cal State Fullerton Titans,-12.5,,+286,https://sportsbook.draftkings.com/event/long-beach-state-%40-cal-state-fullerton/33504088?outcomes=0HC83091380N1250_1
2026-01-22 21:19:03,2026-01-23 02:19:03.258823+00:00,initial_state,NCAAB,draftkings,"Cal State Fullerton Titans vs Long Beach State 49ers, 2026-01-22, 10",Cal State Fullerton Titans,Long Beach State 49ers,Spread,Long Beach State 49ers,13.5,,-527,https://sportsbook.draftkings.com/event/long-beach-state-%40-cal-state-fullerton/33504088?outcomes=0HC83091380P1350_3
2026-01-22 21:19:03,2026-01-23 02:19:03.258823+00:00,initial_state,NCAAB,draftkings,"Cal State Fullerton Titans vs Long Beach State 49ers, 2026-01-22, 10",Cal State Fullerton Titans,Long Beach State 49ers,Spread,Cal State Fullerton Titans,-13.5,,+325,https://sportsbook.draftkings.com/event/long-beach-state-%40-cal-state-fullerton/33504088?outcomes=0HC83091380N1350_1
2026-01-22 21:19:03,2026-01-23 02:19:03.258823+00:00,initial_state,NCAAB,draftkings,"Cal State Fullerton Titans vs Long Beach State 49ers, 2026-01-22, 10",Cal State Fullerton Titans,Long Beach State 49ers,Spread,Long Beach State 49ers,14.5,,-650,https://sportsbook.draftkings.com/event/long-beach-state-%40-cal-state-fullerton/33504088?outcomes=0HC83091380P1450_3
2026-01-22 21:19:03,2026-01-23 02:19:03.258823+00:00,initial_state,NCAAB,draftkings,"Cal State Fullerton Titans vs Long Beach State 49ers, 2026-01-22, 10",Cal State Fullerton Titans,Long Beach State 49ers,Spread,Cal State Fullerton Titans,-14.5,,+379,https://sportsbook.draftkings.com/event/long-beach-state-%40-cal-state-fullerton/33504088?outcomes=0HC83091380N1450_1
2026-01-22 21:19:03,2026-01-23 02:19:03.258823+00:00,initial_state,NCAAB,draftkings,"Cal State Fullerton Titans vs Long Beach State 49ers, 2026-01-22, 10",Cal State Fullerton Titans,Long Beach State 49ers,Spread,Long Beach State 49ers,15.5,,-830,https://sportsbook.draftkings.com/event/long-beach-state-%40-cal-state-fullerton/33504088?outcomes=0HC83091380P1550_3
2026-01-22 21:19:03,2026-01-23 02:19:03.258823+00:00,initial_state,NCAAB,draftkings,"Cal State Fullerton Titans vs Long Beach State 49ers, 2026-01-22, 10",Cal State Fullerton Titans,Long Beach State 49ers,Spread,Cal State Fullerton Titans,-15.5,,+444,https://sportsbook.draftkings.com/event/long-beach-state-%40-cal-state-fullerton/33504088?outcomes=0HC83091380N1550_1
2026-01-22 21:19:03,2026-01-23 02:19:03.258823+00:00,initial_state,NCAAB,draftkings,"Cal State Fullerton Titans vs Long Beach State 49ers, 2026-01-22, 10",Cal State Fullerton Titans,Long Beach State 49ers,Total,,160.5,O,-110,https://sportsbook.draftkings.com/event/long-beach-state-%40-cal-state-fullerton/33504088?outcomes=0OU83087257O16050_1
2026-01-22 21:19:03,2026-01-23 02:19:03.258823+00:00,initial_state,NCAAB,draftkings,"Cal State Fullerton Titans vs Long Beach State 49ers, 2026-01-22, 10",Cal State Fullerton Titans,Long Beach State 49ers,Total,,160.5,U,-110,https://sportsbook.draftkings.com/event/long-beach-state-%40-cal-state-fullerton/33504088?outcomes=0OU83087257U16050_3
2026-01-22 21:19:03,2026-01-23 02:19:03.258823+00:00,initial_state,NCAAB,draftkings,"Cal State Fullerton Titans vs Long Beach State 49ers, 2026-01-22, 10",Cal State Fullerton Titans,Long Beach State 49ers,Total,,148.5,O,-410,https://sportsbook.draftkings.com/event/long-beach-state-%40-cal-state-fullerton/33504088?outcomes=0OU83091380O14850_1
2026-01-22 21:19:03,2026-01-23 02:19:03.258823+00:00,initial_state,NCAAB,draftkings,"Cal State Fullerton Titans vs Long Beach State 49ers, 2026-01-22, 10",Cal State Fullerton Titans,Long Beach State 49ers,Total,,148.5,U,+290,https://sportsbook.draftkings.com/event/long-beach-state-%40-cal-state-fullerton/33504088?outcomes=0OU83091380U14850_3
2026-01-22 21:19:03,2026-01-23 02:19:03.258823+00:00,initial_state,NCAAB,draftkings,"Cal State Fullerton Titans vs Long Beach State 49ers, 2026-01-22, 10",Cal State Fullerton Titans,Long Beach State 49ers,Total,,149.5,O,-345,https://sportsbook.draftkings.com/event/long-beach-state-%40-cal-state-fullerton/33504088?outcomes=0OU83091380O14950_1
2026-01-22 21:19:03,2026-01-23 02:19:03.258823+00:00,initial_state,NCAAB,draftkings,"Cal State Fullerton Titans vs Long Beach State 49ers, 2026-01-22, 10",Cal State Fullerton Titans,Long Beach State 49ers,Total,,149.5,U,+250,https://sportsbook.draftkings.com/event/long-beach-state-%40-cal-state-fullerton/33504088?outcomes=0OU83091380U14950_3
2026-01-22 21:19:03,2026-01-23 02:19:03.258823+00:00,initial_state,NCAAB,draftkings,"Cal State Fullerton Titans vs Long Beach State 49ers, 2026-01-22, 10",Cal State Fullerton Titans,Long Beach State 49ers,Total,,150.5,O,-330,https://sportsbook.draftkings.com/event/long-beach-state-%40-cal-state-fullerton/33504088?outcomes=0OU83091380O15050_1
2026-01-22 21:19:03,2026-01-23 02:19:03.258823+00:00,initial_state,NCAAB,draftkings,"Cal State Fullerton Titans vs Long Beach State 49ers, 2026-01-22, 10",Cal State Fullerton Titans,Long Beach State 49ers,Total,,150.5,U,+240,https://sportsbook.draftkings.com/event/long-beach-state-%40-cal-state-fullerton/33504088?outcomes=0OU83091380U15050_3
2026-01-22 21:19:03,2026-01-23 02:19:03.258823+00:00,initial_state,NCAAB,draftkings,"Cal State Fullerton Titans vs Long Beach State 49ers, 2026-01-22, 10",Cal State Fullerton Titans,Long Beach State 49ers,Total,,151.5,O,-280,https://sportsbook.draftkings.com/event/long-beach-state-%40-cal-state-fullerton/33504088?outcomes=0OU83091380O15150_1
2026-01-22 21:19:03,2026-01-23 02:19:03.258823+00:00,initial_state,NCAAB,draftkings,"Cal State Fullerton Titans vs Long Beach State 49ers, 2026-01-22, 10",Cal State Fullerton Titans,Long Beach State 49ers,Total,,151.5,U,+210,https://sportsbook.draftkings.com/event/long-beach-state-%40-cal-state-fullerton/33504088?outcomes=0OU83091380U15150_3
2026-01-22 21:19:03,2026-01-23 02:19:03.258823+00:00,initial_state,NCAAB,draftkings,"Cal State Fullerton Titans vs Long Beach State 49ers, 2026-01-22, 10",Cal State Fullerton Titans,Long Beach State 49ers,Total,,152.5,O,-260,https://sportsbook.draftkings.com/event/long-beach-state-%40-cal-state-fullerton/33504088?outcomes=0OU83091380O15250_1
2026-01-22 21:19:03,2026-01-23 02:19:03.258823+00:00,initial_state,NCAAB,draftkings,"Cal State Fullerton Titans vs Long Beach State 49ers, 2026-01-22, 10",Cal State Fullerton Titans,Long Beach State 49ers,Total,,152.5,U,+195,https://sportsbook.draftkings.com/event/long-beach-state-%40-cal-state-fullerton/33504088?outcomes=0OU83091380U15250_3
2026-01-22 21:19:03,2026-01-23 02:19:03.258823+00:00,initial_state,NCAAB,draftkings,"Cal State Fullerton Titans vs Long Beach State 49ers, 2026-01-22, 10",Cal State Fullerton Titans,Long Beach State 49ers,Total,,153.5,O,-230,https://sportsbook.draftkings.com/event/long-beach-state-%40-cal-state-fullerton/33504088?outcomes=0OU83091380O15350_1
2026-01-22 21:19:03,2026-01-23 02:19:03.258823+00:00,initial_state,NCAAB,draftkings,"Cal State Fullerton Titans vs Long Beach State 49ers, 2026-01-22, 10",Cal State Fullerton Titans,Long Beach State 49ers,Total,,153.5,U,+175,https://sportsbook.draftkings.com/event/long-beach-state-%40-cal-state-fullerton/33504088?outcomes=0OU83091380U15350_3
2026-01-22 21:19:03,2026-01-23 02:19:03.258823+00:00,initial_state,NCAAB,draftkings,"Cal State Fullerton Titans vs Long Beach State 49ers, 2026-01-22, 10",Cal State Fullerton Titans,Long Beach State 49ers,Total,,154.5,O,-210,https://sportsbook.draftkings.com/event/long-beach-state-%40-cal-state-fullerton/33504088?outcomes=0OU83091380O15450_1
2026-01-22 21:19:03,2026-01-23 02:19:03.258823+00:00,initial_state,NCAAB,draftkings,"Cal State Fullerton Titans vs Long Beach State 49ers, 2026-01-22, 10",Cal State Fullerton Titans,Long Beach State 49ers,Total,,154.5,U,+160,https://sportsbook.draftkings.com/event/long-beach-state-%40-cal-state-fullerton/33504088?outcomes=0OU83091380U15450_3
2026-01-22 21:19:03,2026-01-23 02:19:03.258823+00:00,initial_state,NCAAB,draftkings,"Cal State Fullerton Titans vs Long Beach State 49ers, 2026-01-22, 10",Cal State Fullerton Titans,Long Beach State 49ers,Total,,155.5,O,-188,https://sportsbook.draftkings.com/event/long-beach-state-%40-cal-state-fullerton/33504088?outcomes=0OU83091380O15550_1
2026-01-22 21:19:03,2026-01-23 02:19:03.258823+00:00,initial_state,NCAAB,draftkings,"Cal State Fullerton Titans vs Long Beach State 49ers, 2026-01-22, 10",Cal State Fullerton Titans,Long Beach State 49ers,Total,,155.5,U,+145,https://sportsbook.draftkings.com/event/long-beach-state-%40-cal-state-fullerton/33504088?outcomes=0OU83091380U15550_3
2026-01-22 21:19:03,2026-01-23 02:19:03.258823+00:00,initial_state,NCAAB,draftkings,"Cal State Fullerton Titans vs Long Beach State 49ers, 2026-01-22, 10",Cal State Fullerton Titans,Long Beach State 49ers,Total,,156.5,O,-166,https://sportsbook.draftkings.com/event/long-beach-state-%40-cal-state-fullerton/33504088?outcomes=0OU83091380O15650_1
2026-01-22 21:19:03,2026-01-23 02:19:03.258823+00:00,initial_state,NCAAB,draftkings,"Cal State Fullerton Titans vs Long Beach State 49ers, 2026-01-22, 10",Cal State Fullerton Titans,Long Beach State 49ers,Total,,156.5,U,+130,https://sportsbook.draftkings.com/event/long-beach-state-%40-cal-state-fullerton/33504088?outcomes=0OU83091380U15650_3
2026-01-22 21:19:03,2026-01-23 02:19:03.258823+00:00,initial_state,NCAAB,draftkings,"Cal State Fullerton Titans vs Long Beach State 49ers, 2026-01-22, 10",Cal State Fullerton Titans,Long Beach State 49ers,Total,,157.5,O,-154,https://sportsbook.draftkings.com/event/long-beach-state-%40-cal-state-fullerton/33504088?outcomes=0OU83091380O15750_1
2026-01-22 21:19:03,2026-01-23 02:19:03.258823+00:00,initial_state,NCAAB,draftkings,"Cal State Fullerton Titans vs Long Beach State 49ers, 2026-01-22, 10",Cal State Fullerton Titans,Long Beach State 49ers,Total,,157.5,U,+120,https://sportsbook.draftkings.com/event/long-beach-state-%40-cal-state-fullerton/33504088?outcomes=0OU83091380U15750_3
2026-01-22 21:19:03,2026-01-23 02:19:03.258823+00:00,initial_state,NCAAB,draftkings,"Cal State Fullerton Titans vs Long Beach State 49ers, 2026-01-22, 10",Cal State Fullerton Titans,Long Beach State 49ers,Total,,158.5,O,-140,https://sportsbook.draftkings.com/event/long-beach-state-%40-cal-state-fullerton/33504088?outcomes=0OU83091380O15850_1
2026-01-22 21:19:03,2026-01-23 02:19:03.258823+00:00,initial_state,NCAAB,draftkings,"Cal State Fullerton Titans vs Long Beach State 49ers, 2026-01-22, 10",Cal State Fullerton Titans,Long Beach State 49ers,Total,,158.5,U,+110,https://sportsbook.draftkings.com/event/long-beach-state-%40-cal-state-fullerton/33504088?outcomes=0OU83091380U15850_3
2026-01-22 21:19:03,2026-01-23 02:19:03.258823+00:00,initial_state,NCAAB,draftkings,"Cal State Fullerton Titans vs Long Beach State 49ers, 2026-01-22, 10",Cal State Fullerton Titans,Long Beach State 49ers,Total,,159.5,O,-130,https://sportsbook.draftkings.com/event/long-beach-state-%40-cal-state-fullerton/33504088?outcomes=0OU83091380O15950_1
2026-01-22 21:19:03,2026-01-23 02:19:03.258823+00:00,initial_state,NCAAB,draftkings,"Cal State Fullerton Titans vs Long Beach State 49ers, 2026-01-22, 10",Cal State Fullerton Titans,Long Beach State 49ers,Total,,159.5,U,+100,https://sportsbook.draftkings.com/event/long-beach-state-%40-cal-state-fullerton/33504088?outcomes=0OU83091380U15950_3
2026-01-22 21:19:03,2026-01-23 02:19:03.258823+00:00,initial_state,NCAAB,draftkings,"Cal State Fullerton Titans vs Long Beach State 49ers, 2026-01-22, 10",Cal State Fullerton Titans,Long Beach State 49ers,Total,,161.5,O,-105,https://sportsbook.draftkings.com/event/long-beach-state-%40-cal-state-fullerton/33504088?outcomes=0OU83091380O16150_1
2026-01-22 21:19:03,2026-01-23 02:19:03.258823+00:00,initial_state,NCAAB,draftkings,"Cal State Fullerton Titans vs Long Beach State 49ers, 2026-01-22, 10",Cal State Fullerton Titans,Long Beach State 49ers,Total,,161.5,U,-125,https://sportsbook.draftkings.com/event/long-beach-state-%40-cal-state-fullerton/33504088?outcomes=0OU83091380U16150_3
2026-01-22 21:19:03,2026-01-23 02:19:03.258823+00:00,initial_state,NCAAB,draftkings,"Cal State Fullerton Titans vs Long Beach State 49ers, 2026-01-22, 10",Cal State Fullerton Titans,Long Beach State 49ers,Total,,162.5,O,+105,https://sportsbook.draftkings.com/event/long-beach-state-%40-cal-state-fullerton/33504088?outcomes=0OU83091380O16250_1
2026-01-22 21:19:03,2026-01-23 02:19:03.258823+00:00,initial_state,NCAAB,draftkings,"Cal State Fullerton Titans vs Long Beach State 49ers, 2026-01-22, 10",Cal State Fullerton Titans,Long Beach State 49ers,Total,,162.5,U,-135,https://sportsbook.draftkings.com/event/long-beach-state-%40-cal-state-fullerton/33504088?outcomes=0OU83091380U16250_3
2026-01-22 21:19:03,2026-01-23 02:19:03.258823+00:00,initial_state,NCAAB,draftkings,"Cal State Fullerton Titans vs Long Beach State 49ers, 2026-01-22, 10",Cal State Fullerton Titans,Long Beach State 49ers,Total,,163.5,O,+120,https://sportsbook.draftkings.com/event/long-beach-state-%40-cal-state-fullerton/33504088?outcomes=0OU83091380O16350_1
2026-01-22 21:19:03,2026-01-23 02:19:03.258823+00:00,initial_state,NCAAB,draftkings,"Cal State Fullerton Titans vs Long Beach State 49ers, 2026-01-22, 10",Cal State Fullerton Titans,Long Beach State 49ers,Total,,163.5,U,-154,https://sportsbook.draftkings.com/event/long-beach-state-%40-cal-state-fullerton/33504088?outcomes=0OU83091380U16350_3
2026-01-22 21:19:03,2026-01-23 02:19:03.258823+00:00,initial_state,NCAAB,draftkings,"Cal State Fullerton Titans vs Long Beach State 49ers, 2026-01-22, 10",Cal State Fullerton Titans,Long Beach State 49ers,Total,,164.5,O,+130,https://sportsbook.draftkings.com/event/long-beach-state-%40-cal-state-fullerton/33504088?outcomes=0OU83091380O16450_1
2026-01-22 21:19:03,2026-01-23 02:19:03.258823+00:00,initial_state,NCAAB,draftkings,"Cal State Fullerton Titans vs Long Beach State 49ers, 2026-01-22, 10",Cal State Fullerton Titans,Long Beach State 49ers,Total,,164.5,U,-166,https://sportsbook.draftkings.com/event/long-beach-state-%40-cal-state-fullerton/33504088?outcomes=0OU83091380U16450_3
2026-01-22 21:19:03,2026-01-23 02:19:03.258823+00:00,initial_state,NCAAB,draftkings,"Cal State Fullerton Titans vs Long Beach State 49ers, 2026-01-22, 10",Cal State Fullerton Titans,Long Beach State 49ers,Total,,165.5,O,+145,https://sportsbook.draftkings.com/event/long-beach-state-%40-cal-state-fullerton/33504088?outcomes=0OU83091380O16550_1
2026-01-22 21:19:03,2026-01-23 02:19:03.258823+00:00,initial_state,NCAAB,draftkings,"Cal State Fullerton Titans vs Long Beach State 49ers, 2026-01-22, 10",Cal State Fullerton Titans,Long Beach State 49ers,Total,,165.5,U,-188,https://sportsbook.draftkings.com/event/long-beach-state-%40-cal-state-fullerton/33504088?outcomes=0OU83091380U16550_3
2026-01-22 21:19:03,2026-01-23 02:19:03.258823+00:00,initial_state,NCAAB,draftkings,"Cal State Fullerton Titans vs Long Beach State 49ers, 2026-01-22, 10",Cal State Fullerton Titans,Long Beach State 49ers,Total,,166.5,O,+154,https://sportsbook.draftkings.com/event/long-beach-state-%40-cal-state-fullerton/33504088?outcomes=0OU83091380O16650_1
2026-01-22 21:19:03,2026-01-23 02:19:03.258823+00:00,initial_state,NCAAB,draftkings,"Cal State Fullerton Titans vs Long Beach State 49ers, 2026-01-22, 10",Cal State Fullerton Titans,Long Beach State 49ers,Total,,166.5,U,-200,https://sportsbook.draftkings.com/event/long-beach-state-%40-cal-state-fullerton/33504088?outcomes=0OU83091380U16650_3
2026-01-22 21:19:03,2026-01-23 02:19:03.258823+00:00,initial_state,NCAAB,draftkings,"Cal State Fullerton Titans vs Long Beach State 49ers, 2026-01-22, 10",Cal State Fullerton Titans,Long Beach State 49ers,Total,,167.5,O,+170,https://sportsbook.draftkings.com/event/long-beach-state-%40-cal-state-fullerton/33504088?outcomes=0OU83091380O16750_1
2026-01-22 21:19:03,2026-01-23 02:19:03.258823+00:00,initial_state,NCAAB,draftkings,"Cal State Fullerton Titans vs Long Beach State 49ers, 2026-01-22, 10",Cal State Fullerton Titans,Long Beach State 49ers,Total,,167.5,U,-220,https://sportsbook.draftkings.com/event/long-beach-state-%40-cal-state-fullerton/33504088?outcomes=0OU83091380U16750_3
2026-01-22 21:19:03,2026-01-23 02:19:03.258823+00:00,initial_state,NCAAB,draftkings,"Cal State Fullerton Titans vs Long Beach State 49ers, 2026-01-22, 10",Cal State Fullerton Titans,Long Beach State 49ers,Total,,168.5,O,+185,https://sportsbook.draftkings.com/event/long-beach-state-%40-cal-state-fullerton/33504088?outcomes=0OU83091380O16850_1
2026-01-22 21:19:03,2026-01-23 02:19:03.258823+00:00,initial_state,NCAAB,draftkings,"Cal State Fullerton Titans vs Long Beach State 49ers, 2026-01-22, 10",Cal State Fullerton Titans,Long Beach State 49ers,Total,,168.5,U,-245,https://sportsbook.draftkings.com/event/long-beach-state-%40-cal-state-fullerton/33504088?outcomes=0OU83091380U16850_3
2026-01-22 21:19:03,2026-01-23 02:19:03.258823+00:00,initial_state,NCAAB,draftkings,"Cal State Fullerton Titans vs Long Beach State 49ers, 2026-01-22, 10",Cal State Fullerton Titans,Long Beach State 49ers,Total,,169.5,O,+200,https://sportsbook.draftkings.com/event/long-beach-state-%40-cal-state-fullerton/33504088?outcomes=0OU83091380O16950_1
2026-01-22 21:19:03,2026-01-23 02:19:03.258823+00:00,initial_state,NCAAB,draftkings,"Cal State Fullerton Titans vs Long Beach State 49ers, 2026-01-22, 10",Cal State Fullerton Titans,Long Beach State 49ers,Total,,169.5,U,-270,https://sportsbook.draftkings.com/event/long-beach-state-%40-cal-state-fullerton/33504088?outcomes=0OU83091380U16950_3
2026-01-22 21:19:03,2026-01-23 02:19:03.258823+00:00,initial_state,NCAAB,draftkings,"Cal State Fullerton Titans vs Long Beach State 49ers, 2026-01-22, 10",Cal State Fullerton Titans,Long Beach State 49ers,Total,,170.5,O,+220,https://sportsbook.draftkings.com/event/long-beach-state-%40-cal-state-fullerton/33504088?outcomes=0OU83091380O17050_1
2026-01-22 21:19:03,2026-01-23 02:19:03.258823+00:00,initial_state,NCAAB,draftkings,"Cal State Fullerton Titans vs Long Beach State 49ers, 2026-01-22, 10",Cal State Fullerton Titans,Long Beach State 49ers,Total,,170.5,U,-298,https://sportsbook.draftkings.com/event/long-beach-state-%40-cal-state-fullerton/33504088?outcomes=0OU83091380U17050_3
2026-01-22 21:19:03,2026-01-23 02:19:03.258823+00:00,initial_state,NCAAB,draftkings,"Cal State Fullerton Titans vs Long Beach State 49ers, 2026-01-22, 10",Cal State Fullerton Titans,Long Beach State 49ers,Total,,171.5,O,+250,https://sportsbook.draftkings.com/event/long-beach-state-%40-cal-state-fullerton/33504088?outcomes=0OU83091380O17150_1
2026-01-22 21:19:03,2026-01-23 02:19:03.258823+00:00,initial_state,NCAAB,draftkings,"Cal State Fullerton Titans vs Long Beach State 49ers, 2026-01-22, 10",Cal State Fullerton Titans,Long Beach State 49ers,Total,,171.5,U,-345,https://sportsbook.draftkings.com/event/long-beach-state-%40-cal-state-fullerton/33504088?outcomes=0OU83091380U17150_3
2026-01-22 21:19:03,2026-01-23 02:19:03.258823+00:00,initial_state,NCAAB,draftkings,"Cal State Fullerton Titans vs Long Beach State 49ers, 2026-01-22, 10",Cal State Fullerton Titans,Long Beach State 49ers,Total,,172.5,O,+270,https://sportsbook.draftkings.com/event/long-beach-state-%40-cal-state-fullerton/33504088?outcomes=0OU83091380O17250_1
2026-01-22 21:19:03,2026-01-23 02:19:03.258823+00:00,initial_state,NCAAB,draftkings,"Cal State Fullerton Titans vs Long Beach State 49ers, 2026-01-22, 10",Cal State Fullerton Titans,Long Beach State 49ers,Total,,172.5,U,-375,https://sportsbook.draftkings.com/event/long-beach-state-%40-cal-state-fullerton/33504088?outcomes=0OU83091380U17250_3
2026-01-22 21:19:03,2026-01-23 02:19:03.258947+00:00,initial_state,NCAAB,draftkings,"California Highlanders vs California Anteaters, 2026-01-22, 10",California Highlanders,California Anteaters,Spread,California Anteaters,-8.5,,-108,https://sportsbook.draftkings.com/event/uc-irvine-%40-uc-riverside/33504085?outcomes=0HC83087253N850_3
2026-01-22 21:19:03,2026-01-23 02:19:03.258947+00:00,initial_state,NCAAB,draftkings,"California Highlanders vs California Anteaters, 2026-01-22, 10",California Highlanders,California Anteaters,Spread,California Highlanders,8.5,,-112,https://sportsbook.draftkings.com/event/uc-irvine-%40-uc-riverside/33504085?outcomes=0HC83087253P850_1
2026-01-22 21:19:03,2026-01-23 02:19:03.258947+00:00,initial_state,NCAAB,draftkings,"California Highlanders vs California Anteaters, 2026-01-22, 10",California Highlanders,California Anteaters,Spread,California Anteaters,-20.5,,+506,https://sportsbook.draftkings.com/event/uc-irvine-%40-uc-riverside/33504085?outcomes=0HC83091328N2050_3
2026-01-22 21:19:03,2026-01-23 02:19:03.258947+00:00,initial_state,NCAAB,draftkings,"California Highlanders vs California Anteaters, 2026-01-22, 10",California Highlanders,California Anteaters,Spread,California Highlanders,20.5,,-1020,https://sportsbook.draftkings.com/event/uc-irvine-%40-uc-riverside/33504085?outcomes=0HC83091328P2050_1
2026-01-22 21:19:03,2026-01-23 02:19:03.258947+00:00,initial_state,NCAAB,draftkings,"California Highlanders vs California Anteaters, 2026-01-22, 10",California Highlanders,California Anteaters,Spread,California Anteaters,-19.5,,+445,https://sportsbook.draftkings.com/event/uc-irvine-%40-uc-riverside/33504085?outcomes=0HC83091328N1950_3
2026-01-22 21:19:03,2026-01-23 02:19:03.258947+00:00,initial_state,NCAAB,draftkings,"California Highlanders vs California Anteaters, 2026-01-22, 10",California Highlanders,California Anteaters,Spread,California Highlanders,19.5,,-830,https://sportsbook.draftkings.com/event/uc-irvine-%40-uc-riverside/33504085?outcomes=0HC83091328P1950_1
2026-01-22 21:19:03,2026-01-23 02:19:03.258947+00:00,initial_state,NCAAB,draftkings,"California Highlanders vs California Anteaters, 2026-01-22, 10",California Highlanders,California Anteaters,Spread,California Anteaters,-18.5,,+383,https://sportsbook.draftkings.com/event/uc-irvine-%40-uc-riverside/33504085?outcomes=0HC83091328N1850_3
2026-01-22 21:19:03,2026-01-23 02:19:03.258947+00:00,initial_state,NCAAB,draftkings,"California Highlanders vs California Anteaters, 2026-01-22, 10",California Highlanders,California Anteaters,Spread,California Highlanders,18.5,,-660,https://sportsbook.draftkings.com/event/uc-irvine-%40-uc-riverside/33504085?outcomes=0HC83091328P1850_1
2026-01-22 21:19:03,2026-01-23 02:19:03.258947+00:00,initial_state,NCAAB,draftkings,"California Highlanders vs California Anteaters, 2026-01-22, 10",California Highlanders,California Anteaters,Spread,California Anteaters,-17.5,,+337,https://sportsbook.draftkings.com/event/uc-irvine-%40-uc-riverside/33504085?outcomes=0HC83091328N1750_3
2026-01-22 21:19:03,2026-01-23 02:19:03.258947+00:00,initial_state,NCAAB,draftkings,"California Highlanders vs California Anteaters, 2026-01-22, 10",California Highlanders,California Anteaters,Spread,California Highlanders,17.5,,-552,https://sportsbook.draftkings.com/event/uc-irvine-%40-uc-riverside/33504085?outcomes=0HC83091328P1750_1
2026-01-22 21:19:03,2026-01-23 02:19:03.258947+00:00,initial_state,NCAAB,draftkings,"California Highlanders vs California Anteaters, 2026-01-22, 10",California Highlanders,California Anteaters,Spread,California Anteaters,-16.5,,+292,https://sportsbook.draftkings.com/event/uc-irvine-%40-uc-riverside/33504085?outcomes=0HC83091328N1650_3
2026-01-22 21:19:03,2026-01-23 02:19:03.258947+00:00,initial_state,NCAAB,draftkings,"California Highlanders vs California Anteaters, 2026-01-22, 10",California Highlanders,California Anteaters,Spread,California Highlanders,16.5,,-458,https://sportsbook.draftkings.com/event/uc-irvine-%40-uc-riverside/33504085?outcomes=0HC83091328P1650_1
2026-01-22 21:19:03,2026-01-23 02:19:03.258947+00:00,initial_state,NCAAB,draftkings,"California Highlanders vs California Anteaters, 2026-01-22, 10",California Highlanders,California Anteaters,Spread,California Anteaters,-15.5,,+254,https://sportsbook.draftkings.com/event/uc-irvine-%40-uc-riverside/33504085?outcomes=0HC83091328N1550_3
2026-01-22 21:19:03,2026-01-23 02:19:03.258947+00:00,initial_state,NCAAB,draftkings,"California Highlanders vs California Anteaters, 2026-01-22, 10",California Highlanders,California Anteaters,Spread,California Highlanders,15.5,,-384,https://sportsbook.draftkings.com/event/uc-irvine-%40-uc-riverside/33504085?outcomes=0HC83091328P1550_1
2026-01-22 21:19:03,2026-01-23 02:19:03.258947+00:00,initial_state,NCAAB,draftkings,"California Highlanders vs California Anteaters, 2026-01-22, 10",California Highlanders,California Anteaters,Spread,California Anteaters,-14.5,,+217,https://sportsbook.draftkings.com/event/uc-irvine-%40-uc-riverside/33504085?outcomes=0HC83091328N1450_3
2026-01-22 21:19:03,2026-01-23 02:19:03.258947+00:00,initial_state,NCAAB,draftkings,"California Highlanders vs California Anteaters, 2026-01-22, 10",California Highlanders,California Anteaters,Spread,California Highlanders,14.5,,-317,https://sportsbook.draftkings.com/event/uc-irvine-%40-uc-riverside/33504085?outcomes=0HC83091328P1450_1
2026-01-22 21:19:03,2026-01-23 02:19:03.258947+00:00,initial_state,NCAAB,draftkings,"California Highlanders vs California Anteaters, 2026-01-22, 10",California Highlanders,California Anteaters,Spread,California Anteaters,-13.5,,+184,https://sportsbook.draftkings.com/event/uc-irvine-%40-uc-riverside/33504085?outcomes=0HC83091328N1350_3
2026-01-22 21:19:03,2026-01-23 02:19:03.258947+00:00,initial_state,NCAAB,draftkings,"California Highlanders vs California Anteaters, 2026-01-22, 10",California Highlanders,California Anteaters,Spread,California Highlanders,13.5,,-262,https://sportsbook.draftkings.com/event/uc-irvine-%40-uc-riverside/33504085?outcomes=0HC83091328P1350_1
2026-01-22 21:19:03,2026-01-23 02:19:03.258947+00:00,initial_state,NCAAB,draftkings,"California Highlanders vs California Anteaters, 2026-01-22, 10",California Highlanders,California Anteaters,Spread,California Anteaters,-12.5,,+160,https://sportsbook.draftkings.com/event/uc-irvine-%40-uc-riverside/33504085?outcomes=0HC83091328N1250_3
2026-01-22 21:19:03,2026-01-23 02:19:03.258947+00:00,initial_state,NCAAB,draftkings,"California Highlanders vs California Anteaters, 2026-01-22, 10",California Highlanders,California Anteaters,Spread,California Highlanders,12.5,,-224,https://sportsbook.draftkings.com/event/uc-irvine-%40-uc-riverside/33504085?outcomes=0HC83091328P1250_1
2026-01-22 21:19:03,2026-01-23 02:19:03.258947+00:00,initial_state,NCAAB,draftkings,"California Highlanders vs California Anteaters, 2026-01-22, 10",California Highlanders,California Anteaters,Spread,California Anteaters,-11.5,,+140,https://sportsbook.draftkings.com/event/uc-irvine-%40-uc-riverside/33504085?outcomes=0HC83091328N1150_3
2026-01-22 21:19:03,2026-01-23 02:19:03.258947+00:00,initial_state,NCAAB,draftkings,"California Highlanders vs California Anteaters, 2026-01-22, 10",California Highlanders,California Anteaters,Spread,California Highlanders,11.5,,-193,https://sportsbook.draftkings.com/event/uc-irvine-%40-uc-riverside/33504085?outcomes=0HC83091328P1150_1
2026-01-22 21:19:03,2026-01-23 02:19:03.258947+00:00,initial_state,NCAAB,draftkings,"California Highlanders vs California Anteaters, 2026-01-22, 10",California Highlanders,California Anteaters,Spread,California Anteaters,-10.5,,+120,https://sportsbook.draftkings.com/event/uc-irvine-%40-uc-riverside/33504085?outcomes=0HC83091328N1050_3
2026-01-22 21:19:03,2026-01-23 02:19:03.258947+00:00,initial_state,NCAAB,draftkings,"California Highlanders vs California Anteaters, 2026-01-22, 10",California Highlanders,California Anteaters,Spread,California Highlanders,10.5,,-165,https://sportsbook.draftkings.com/event/uc-irvine-%40-uc-riverside/33504085?outcomes=0HC83091328P1050_1
2026-01-22 21:19:03,2026-01-23 02:19:03.258947+00:00,initial_state,NCAAB,draftkings,"California Highlanders vs California Anteaters, 2026-01-22, 10",California Highlanders,California Anteaters,Spread,California Anteaters,-9.5,,+103,https://sportsbook.draftkings.com/event/uc-irvine-%40-uc-riverside/33504085?outcomes=0HC83091328N950_3
2026-01-22 21:19:03,2026-01-23 02:19:03.258947+00:00,initial_state,NCAAB,draftkings,"California Highlanders vs California Anteaters, 2026-01-22, 10",California Highlanders,California Anteaters,Spread,California Highlanders,9.5,,-140,https://sportsbook.draftkings.com/event/uc-irvine-%40-uc-riverside/33504085?outcomes=0HC83091328P950_1
2026-01-22 21:19:03,2026-01-23 02:19:03.258947+00:00,initial_state,NCAAB,draftkings,"California Highlanders vs California Anteaters, 2026-01-22, 10",California Highlanders,California Anteaters,Spread,California Anteaters,-7.5,,-129,https://sportsbook.draftkings.com/event/uc-irvine-%40-uc-riverside/33504085?outcomes=0HC83091328N750_3
2026-01-22 21:19:03,2026-01-23 02:19:03.258947+00:00,initial_state,NCAAB,draftkings,"California Highlanders vs California Anteaters, 2026-01-22, 10",California Highlanders,California Anteaters,Spread,California Highlanders,7.5,,-105,https://sportsbook.draftkings.com/event/uc-irvine-%40-uc-riverside/33504085?outcomes=0HC83091328P750_1
2026-01-22 21:19:03,2026-01-23 02:19:03.258947+00:00,initial_state,NCAAB,draftkings,"California Highlanders vs California Anteaters, 2026-01-22, 10",California Highlanders,California Anteaters,Spread,California Anteaters,-6.5,,-150,https://sportsbook.draftkings.com/event/uc-irvine-%40-uc-riverside/33504085?outcomes=0HC83091328N650_3
2026-01-22 21:19:03,2026-01-23 02:19:03.258947+00:00,initial_state,NCAAB,draftkings,"California Highlanders vs California Anteaters, 2026-01-22, 10",California Highlanders,California Anteaters,Spread,California Highlanders,6.5,,+110,https://sportsbook.draftkings.com/event/uc-irvine-%40-uc-riverside/33504085?outcomes=0HC83091328P650_1
2026-01-22 21:19:03,2026-01-23 02:19:03.258947+00:00,initial_state,NCAAB,draftkings,"California Highlanders vs California Anteaters, 2026-01-22, 10",California Highlanders,California Anteaters,Spread,California Anteaters,-5.5,,-172,https://sportsbook.draftkings.com/event/uc-irvine-%40-uc-riverside/33504085?outcomes=0HC83091328N550_3
2026-01-22 21:19:03,2026-01-23 02:19:03.258947+00:00,initial_state,NCAAB,draftkings,"California Highlanders vs California Anteaters, 2026-01-22, 10",California Highlanders,California Anteaters,Spread,California Highlanders,5.5,,+125,https://sportsbook.draftkings.com/event/uc-irvine-%40-uc-riverside/33504085?outcomes=0HC83091328P550_1
2026-01-22 21:19:03,2026-01-23 02:19:03.258947+00:00,initial_state,NCAAB,draftkings,"California Highlanders vs California Anteaters, 2026-01-22, 10",California Highlanders,California Anteaters,Spread,California Anteaters,-4.5,,-199,https://sportsbook.draftkings.com/event/uc-irvine-%40-uc-riverside/33504085?outcomes=0HC83091328N450_3
2026-01-22 21:19:03,2026-01-23 02:19:03.258947+00:00,initial_state,NCAAB,draftkings,"California Highlanders vs California Anteaters, 2026-01-22, 10",California Highlanders,California Anteaters,Spread,California Highlanders,4.5,,+144,https://sportsbook.draftkings.com/event/uc-irvine-%40-uc-riverside/33504085?outcomes=0HC83091328P450_1
2026-01-22 21:19:03,2026-01-23 02:19:03.258947+00:00,initial_state,NCAAB,draftkings,"California Highlanders vs California Anteaters, 2026-01-22, 10",California Highlanders,California Anteaters,Spread,California Anteaters,-3.5,,-226,https://sportsbook.draftkings.com/event/uc-irvine-%40-uc-riverside/33504085?outcomes=0HC83091328N350_3
2026-01-22 21:19:03,2026-01-23 02:19:03.258947+00:00,initial_state,NCAAB,draftkings,"California Highlanders vs California Anteaters, 2026-01-22, 10",California Highlanders,California Anteaters,Spread,California Highlanders,3.5,,+162,https://sportsbook.draftkings.com/event/uc-irvine-%40-uc-riverside/33504085?outcomes=0HC83091328P350_1
2026-01-22 21:19:03,2026-01-23 02:19:03.258947+00:00,initial_state,NCAAB,draftkings,"California Highlanders vs California Anteaters, 2026-01-22, 10",California Highlanders,California Anteaters,Spread,California Anteaters,-2.5,,-280,https://sportsbook.draftkings.com/event/uc-irvine-%40-uc-riverside/33504085?outcomes=0HC83091328N250_3
2026-01-22 21:19:03,2026-01-23 02:19:03.258947+00:00,initial_state,NCAAB,draftkings,"California Highlanders vs California Anteaters, 2026-01-22, 10",California Highlanders,California Anteaters,Spread,California Highlanders,2.5,,+195,https://sportsbook.draftkings.com/event/uc-irvine-%40-uc-riverside/33504085?outcomes=0HC83091328P250_1
2026-01-22 21:19:03,2026-01-23 02:19:03.258947+00:00,initial_state,NCAAB,draftkings,"California Highlanders vs California Anteaters, 2026-01-22, 10",California Highlanders,California Anteaters,Spread,California Anteaters,-1.5,,-351,https://sportsbook.draftkings.com/event/uc-irvine-%40-uc-riverside/33504085?outcomes=0HC83091328N150_3
2026-01-22 21:19:03,2026-01-23 02:19:03.258947+00:00,initial_state,NCAAB,draftkings,"California Highlanders vs California Anteaters, 2026-01-22, 10",California Highlanders,California Anteaters,Spread,California Highlanders,1.5,,+236,https://sportsbook.draftkings.com/event/uc-irvine-%40-uc-riverside/33504085?outcomes=0HC83091328P150_1
2026-01-22 21:19:03,2026-01-23 02:19:03.258947+00:00,initial_state,NCAAB,draftkings,"California Highlanders vs California Anteaters, 2026-01-22, 10",California Highlanders,California Anteaters,Spread,California Anteaters,1.5,,-513,https://sportsbook.draftkings.com/event/uc-irvine-%40-uc-riverside/33504085?outcomes=0HC83091328P150_3
2026-01-22 21:19:03,2026-01-23 02:19:03.258947+00:00,initial_state,NCAAB,draftkings,"California Highlanders vs California Anteaters, 2026-01-22, 10",California Highlanders,California Anteaters,Spread,California Highlanders,-1.5,,+319,https://sportsbook.draftkings.com/event/uc-irvine-%40-uc-riverside/33504085?outcomes=0HC83091328N150_1
2026-01-22 21:19:03,2026-01-23 02:19:03.258947+00:00,initial_state,NCAAB,draftkings,"California Highlanders vs California Anteaters, 2026-01-22, 10",California Highlanders,California Anteaters,Spread,California Anteaters,2.5,,-610,https://sportsbook.draftkings.com/event/uc-irvine-%40-uc-riverside/33504085?outcomes=0HC83091328P250_3
2026-01-22 21:19:03,2026-01-23 02:19:03.258947+00:00,initial_state,NCAAB,draftkings,"California Highlanders vs California Anteaters, 2026-01-22, 10",California Highlanders,California Anteaters,Spread,California Highlanders,-2.5,,+362,https://sportsbook.draftkings.com/event/uc-irvine-%40-uc-riverside/33504085?outcomes=0HC83091328N250_1
2026-01-22 21:19:03,2026-01-23 02:19:03.258947+00:00,initial_state,NCAAB,draftkings,"California Highlanders vs California Anteaters, 2026-01-22, 10",California Highlanders,California Anteaters,Spread,California Anteaters,3.5,,-750,https://sportsbook.draftkings.com/event/uc-irvine-%40-uc-riverside/33504085?outcomes=0HC83091328P350_3
2026-01-22 21:19:03,2026-01-23 02:19:03.258947+00:00,initial_state,NCAAB,draftkings,"California Highlanders vs California Anteaters, 2026-01-22, 10",California Highlanders,California Anteaters,Spread,California Highlanders,-3.5,,+415,https://sportsbook.draftkings.com/event/uc-irvine-%40-uc-riverside/33504085?outcomes=0HC83091328N350_1
2026-01-22 21:19:03,2026-01-23 02:19:03.258947+00:00,initial_state,NCAAB,draftkings,"California Highlanders vs California Anteaters, 2026-01-22, 10",California Highlanders,California Anteaters,Spread,California Anteaters,4.5,,-870,https://sportsbook.draftkings.com/event/uc-irvine-%40-uc-riverside/33504085?outcomes=0HC83091328P450_3
2026-01-22 21:19:03,2026-01-23 02:19:03.258947+00:00,initial_state,NCAAB,draftkings,"California Highlanders vs California Anteaters, 2026-01-22, 10",California Highlanders,California Anteaters,Spread,California Highlanders,-4.5,,+459,https://sportsbook.draftkings.com/event/uc-irvine-%40-uc-riverside/33504085?outcomes=0HC83091328N450_1
2026-01-22 21:19:03,2026-01-23 02:19:03.258947+00:00,initial_state,NCAAB,draftkings,"California Highlanders vs California Anteaters, 2026-01-22, 10",California Highlanders,California Anteaters,Spread,California Anteaters,5.5,,-1020,https://sportsbook.draftkings.com/event/uc-irvine-%40-uc-riverside/33504085?outcomes=0HC83091328P550_3
2026-01-22 21:19:03,2026-01-23 02:19:03.258947+00:00,initial_state,NCAAB,draftkings,"California Highlanders vs California Anteaters, 2026-01-22, 10",California Highlanders,California Anteaters,Spread,California Highlanders,-5.5,,+506,https://sportsbook.draftkings.com/event/uc-irvine-%40-uc-riverside/33504085?outcomes=0HC83091328N550_1
2026-01-22 21:19:03,2026-01-23 02:19:03.258947+00:00,initial_state,NCAAB,draftkings,"California Highlanders vs California Anteaters, 2026-01-22, 10",California Highlanders,California Anteaters,Total,,142.5,O,-105,https://sportsbook.draftkings.com/event/uc-irvine-%40-uc-riverside/33504085?outcomes=0OU83087253O14250_1
2026-01-22 21:19:03,2026-01-23 02:19:03.258947+00:00,initial_state,NCAAB,draftkings,"California Highlanders vs California Anteaters, 2026-01-22, 10",California Highlanders,California Anteaters,Total,,142.5,U,-115,https://sportsbook.draftkings.com/event/uc-irvine-%40-uc-riverside/33504085?outcomes=0OU83087253U14250_3
2026-01-22 21:19:03,2026-01-23 02:19:03.258947+00:00,initial_state,NCAAB,draftkings,"California Highlanders vs California Anteaters, 2026-01-22, 10",California Highlanders,California Anteaters,Total,,130.5,O,-425,https://sportsbook.draftkings.com/event/uc-irvine-%40-uc-riverside/33504085?outcomes=0OU83091328O13050_1
2026-01-22 21:19:03,2026-01-23 02:19:03.258947+00:00,initial_state,NCAAB,draftkings,"California Highlanders vs California Anteaters, 2026-01-22, 10",California Highlanders,California Anteaters,Total,,130.5,U,+300,https://sportsbook.draftkings.com/event/uc-irvine-%40-uc-riverside/33504085?outcomes=0OU83091328U13050_3
2026-01-22 21:19:03,2026-01-23 02:19:03.258947+00:00,initial_state,NCAAB,draftkings,"California Highlanders vs California Anteaters, 2026-01-22, 10",California Highlanders,California Anteaters,Total,,131.5,O,-360,https://sportsbook.draftkings.com/event/uc-irvine-%40-uc-riverside/33504085?outcomes=0OU83091328O13150_1
2026-01-22 21:19:03,2026-01-23 02:19:03.258947+00:00,initial_state,NCAAB,draftkings,"California Highlanders vs California Anteaters, 2026-01-22, 10",California Highlanders,California Anteaters,Total,,131.5,U,+260,https://sportsbook.draftkings.com/event/uc-irvine-%40-uc-riverside/33504085?outcomes=0OU83091328U13150_3
2026-01-22 21:19:03,2026-01-23 02:19:03.258947+00:00,initial_state,NCAAB,draftkings,"California Highlanders vs California Anteaters, 2026-01-22, 10",California Highlanders,California Anteaters,Total,,132.5,O,-315,https://sportsbook.draftkings.com/event/uc-irvine-%40-uc-riverside/33504085?outcomes=0OU83091328O13250_1
2026-01-22 21:19:03,2026-01-23 02:19:03.258947+00:00,initial_state,NCAAB,draftkings,"California Highlanders vs California Anteaters, 2026-01-22, 10",California Highlanders,California Anteaters,Total,,132.5,U,+230,https://sportsbook.draftkings.com/event/uc-irvine-%40-uc-riverside/33504085?outcomes=0OU83091328U13250_3
2026-01-22 21:19:03,2026-01-23 02:19:03.258947+00:00,initial_state,NCAAB,draftkings,"California Highlanders vs California Anteaters, 2026-01-22, 10",California Highlanders,California Anteaters,Total,,133.5,O,-280,https://sportsbook.draftkings.com/event/uc-irvine-%40-uc-riverside/33504085?outcomes=0OU83091328O13350_1
2026-01-22 21:19:03,2026-01-23 02:19:03.258947+00:00,initial_state,NCAAB,draftkings,"California Highlanders vs California Anteaters, 2026-01-22, 10",California Highlanders,California Anteaters,Total,,133.5,U,+210,https://sportsbook.draftkings.com/event/uc-irvine-%40-uc-riverside/33504085?outcomes=0OU83091328U13350_3
2026-01-22 21:19:03,2026-01-23 02:19:03.258947+00:00,initial_state,NCAAB,draftkings,"California Highlanders vs California Anteaters, 2026-01-22, 10",California Highlanders,California Anteaters,Total,,134.5,O,-250,https://sportsbook.draftkings.com/event/uc-irvine-%40-uc-riverside/33504085?outcomes=0OU83091328O13450_1
2026-01-22 21:19:03,2026-01-23 02:19:03.258947+00:00,initial_state,NCAAB,draftkings,"California Highlanders vs California Anteaters, 2026-01-22, 10",California Highlanders,California Anteaters,Total,,134.5,U,+190,https://sportsbook.draftkings.com/event/uc-irvine-%40-uc-riverside/33504085?outcomes=0OU83091328U13450_3
2026-01-22 21:19:03,2026-01-23 02:19:03.258947+00:00,initial_state,NCAAB,draftkings,"California Highlanders vs California Anteaters, 2026-01-22, 10",California Highlanders,California Anteaters,Total,,135.5,O,-230,https://sportsbook.draftkings.com/event/uc-irvine-%40-uc-riverside/33504085?outcomes=0OU83091328O13550_1
2026-01-22 21:19:03,2026-01-23 02:19:03.258947+00:00,initial_state,NCAAB,draftkings,"California Highlanders vs California Anteaters, 2026-01-22, 10",California Highlanders,California Anteaters,Total,,135.5,U,+175,https://sportsbook.draftkings.com/event/uc-irvine-%40-uc-riverside/33504085?outcomes=0OU83091328U13550_3
2026-01-22 21:19:03,2026-01-23 02:19:03.258947+00:00,initial_state,NCAAB,draftkings,"California Highlanders vs California Anteaters, 2026-01-22, 10",California Highlanders,California Anteaters,Total,,136.5,O,-200,https://sportsbook.draftkings.com/event/uc-irvine-%40-uc-riverside/33504085?outcomes=0OU83091328O13650_1
2026-01-22 21:19:03,2026-01-23 02:19:03.258947+00:00,initial_state,NCAAB,draftkings,"California Highlanders vs California Anteaters, 2026-01-22, 10",California Highlanders,California Anteaters,Total,,136.5,U,+154,https://sportsbook.draftkings.com/event/uc-irvine-%40-uc-riverside/33504085?outcomes=0OU83091328U13650_3
2026-01-22 21:19:03,2026-01-23 02:19:03.258947+00:00,initial_state,NCAAB,draftkings,"California Highlanders vs California Anteaters, 2026-01-22, 10",California Highlanders,California Anteaters,Total,,137.5,O,-180,https://sportsbook.draftkings.com/event/uc-irvine-%40-uc-riverside/33504085?outcomes=0OU83091328O13750_1
2026-01-22 21:19:03,2026-01-23 02:19:03.258947+00:00,initial_state,NCAAB,draftkings,"California Highlanders vs California Anteaters, 2026-01-22, 10",California Highlanders,California Anteaters,Total,,137.5,U,+140,https://sportsbook.draftkings.com/event/uc-irvine-%40-uc-riverside/33504085?outcomes=0OU83091328U13750_3
2026-01-22 21:19:03,2026-01-23 02:19:03.258947+00:00,initial_state,NCAAB,draftkings,"California Highlanders vs California Anteaters, 2026-01-22, 10",California Highlanders,California Anteaters,Total,,138.5,O,-166,https://sportsbook.draftkings.com/event/uc-irvine-%40-uc-riverside/33504085?outcomes=0OU83091328O13850_1
2026-01-22 21:19:03,2026-01-23 02:19:03.258947+00:00,initial_state,NCAAB,draftkings,"California Highlanders vs California Anteaters, 2026-01-22, 10",California Highlanders,California Anteaters,Total,,138.5,U,+130,https://sportsbook.draftkings.com/event/uc-irvine-%40-uc-riverside/33504085?outcomes=0OU83091328U13850_3
2026-01-22 21:19:03,2026-01-23 02:19:03.258947+00:00,initial_state,NCAAB,draftkings,"California Highlanders vs California Anteaters, 2026-01-22, 10",California Highlanders,California Anteaters,Total,,139.5,O,-145,https://sportsbook.draftkings.com/event/uc-irvine-%40-uc-riverside/33504085?outcomes=0OU83091328O13950_1
2026-01-22 21:19:03,2026-01-23 02:19:03.258947+00:00,initial_state,NCAAB,draftkings,"California Highlanders vs California Anteaters, 2026-01-22, 10",California Highlanders,California Anteaters,Total,,139.5,U,+114,https://sportsbook.draftkings.com/event/uc-irvine-%40-uc-riverside/33504085?outcomes=0OU83091328U13950_3
2026-01-22 21:19:03,2026-01-23 02:19:03.258947+00:00,initial_state,NCAAB,draftkings,"California Highlanders vs California Anteaters, 2026-01-22, 10",California Highlanders,California Anteaters,Total,,140.5,O,-135,https://sportsbook.draftkings.com/event/uc-irvine-%40-uc-riverside/33504085?outcomes=0OU83091328O14050_1
2026-01-22 21:19:03,2026-01-23 02:19:03.258947+00:00,initial_state,NCAAB,draftkings,"California Highlanders vs California Anteaters, 2026-01-22, 10",California Highlanders,California Anteaters,Total,,140.5,U,+105,https://sportsbook.draftkings.com/event/uc-irvine-%40-uc-riverside/33504085?outcomes=0OU83091328U14050_3
2026-01-22 21:19:03,2026-01-23 02:19:03.258947+00:00,initial_state,NCAAB,draftkings,"California Highlanders vs California Anteaters, 2026-01-22, 10",California Highlanders,California Anteaters,Total,,141.5,O,-120,https://sportsbook.draftkings.com/event/uc-irvine-%40-uc-riverside/33504085?outcomes=0OU83091328O14150_1
2026-01-22 21:19:03,2026-01-23 02:19:03.258947+00:00,initial_state,NCAAB,draftkings,"California Highlanders vs California Anteaters, 2026-01-22, 10",California Highlanders,California Anteaters,Total,,141.5,U,-110,https://sportsbook.draftkings.com/event/uc-irvine-%40-uc-riverside/33504085?outcomes=0OU83091328U14150_3
2026-01-22 21:19:03,2026-01-23 02:19:03.258947+00:00,initial_state,NCAAB,draftkings,"California Highlanders vs California Anteaters, 2026-01-22, 10",California Highlanders,California Anteaters,Total,,143.5,O,+100,https://sportsbook.draftkings.com/event/uc-irvine-%40-uc-riverside/33504085?outcomes=0OU83091328O14350_1
2026-01-22 21:19:03,2026-01-23 02:19:03.258947+00:00,initial_state,NCAAB,draftkings,"California Highlanders vs California Anteaters, 2026-01-22, 10",California Highlanders,California Anteaters,Total,,143.5,U,-130,https://sportsbook.draftkings.com/event/uc-irvine-%40-uc-riverside/33504085?outcomes=0OU83091328U14350_3
2026-01-22 21:19:03,2026-01-23 02:19:03.258947+00:00,initial_state,NCAAB,draftkings,"California Highlanders vs California Anteaters, 2026-01-22, 10",California Highlanders,California Anteaters,Total,,144.5,O,+114,https://sportsbook.draftkings.com/event/uc-irvine-%40-uc-riverside/33504085?outcomes=0OU83091328O14450_1
2026-01-22 21:19:03,2026-01-23 02:19:03.258947+00:00,initial_state,NCAAB,draftkings,"California Highlanders vs California Anteaters, 2026-01-22, 10",California Highlanders,California Anteaters,Total,,144.5,U,-145,https://sportsbook.draftkings.com/event/uc-irvine-%40-uc-riverside/33504085?outcomes=0OU83091328U14450_3
2026-01-22 21:19:03,2026-01-23 02:19:03.258947+00:00,initial_state,NCAAB,draftkings,"California Highlanders vs California Anteaters, 2026-01-22, 10",California Highlanders,California Anteaters,Total,,145.5,O,+124,https://sportsbook.draftkings.com/event/uc-irvine-%40-uc-riverside/33504085?outcomes=0OU83091328O14550_1
2026-01-22 21:19:03,2026-01-23 02:19:03.258947+00:00,initial_state,NCAAB,draftkings,"California Highlanders vs California Anteaters, 2026-01-22, 10",California Highlanders,California Anteaters,Total,,145.5,U,-160,https://sportsbook.draftkings.com/event/uc-irvine-%40-uc-riverside/33504085?outcomes=0OU83091328U14550_3
2026-01-22 21:19:03,2026-01-23 02:19:03.258947+00:00,initial_state,NCAAB,draftkings,"California Highlanders vs California Anteaters, 2026-01-22, 10",California Highlanders,California Anteaters,Total,,146.5,O,+140,https://sportsbook.draftkings.com/event/uc-irvine-%40-uc-riverside/33504085?outcomes=0OU83091328O14650_1
2026-01-22 21:19:03,2026-01-23 02:19:03.258947+00:00,initial_state,NCAAB,draftkings,"California Highlanders vs California Anteaters, 2026-01-22, 10",California Highlanders,California Anteaters,Total,,146.5,U,-180,https://sportsbook.draftkings.com/event/uc-irvine-%40-uc-riverside/33504085?outcomes=0OU83091328U14650_3
2026-01-22 21:19:03,2026-01-23 02:19:03.258947+00:00,initial_state,NCAAB,draftkings,"California Highlanders vs California Anteaters, 2026-01-22, 10",California Highlanders,California Anteaters,Total,,147.5,O,+154,https://sportsbook.draftkings.com/event/uc-irvine-%40-uc-riverside/33504085?outcomes=0OU83091328O14750_1
2026-01-22 21:19:03,2026-01-23 02:19:03.258947+00:00,initial_state,NCAAB,draftkings,"California Highlanders vs California Anteaters, 2026-01-22, 10",California Highlanders,California Anteaters,Total,,147.5,U,-200,https://sportsbook.draftkings.com/event/uc-irvine-%40-uc-riverside/33504085?outcomes=0OU83091328U14750_3
2026-01-22 21:19:03,2026-01-23 02:19:03.258947+00:00,initial_state,NCAAB,draftkings,"California Highlanders vs California Anteaters, 2026-01-22, 10",California Highlanders,California Anteaters,Total,,148.5,O,+170,https://sportsbook.draftkings.com/event/uc-irvine-%40-uc-riverside/33504085?outcomes=0OU83091328O14850_1
2026-01-22 21:19:03,2026-01-23 02:19:03.258947+00:00,initial_state,NCAAB,draftkings,"California Highlanders vs California Anteaters, 2026-01-22, 10",California Highlanders,California Anteaters,Total,,148.5,U,-220,https://sportsbook.draftkings.com/event/uc-irvine-%40-uc-riverside/33504085?outcomes=0OU83091328U14850_3
2026-01-22 21:19:03,2026-01-23 02:19:03.258947+00:00,initial_state,NCAAB,draftkings,"California Highlanders vs California Anteaters, 2026-01-22, 10",California Highlanders,California Anteaters,Total,,149.5,O,+185,https://sportsbook.draftkings.com/event/uc-irvine-%40-uc-riverside/33504085?outcomes=0OU83091328O14950_1
2026-01-22 21:19:03,2026-01-23 02:19:03.258947+00:00,initial_state,NCAAB,draftkings,"California Highlanders vs California Anteaters, 2026-01-22, 10",California Highlanders,California Anteaters,Total,,149.5,U,-245,https://sportsbook.draftkings.com/event/uc-irvine-%40-uc-riverside/33504085?outcomes=0OU83091328U14950_3
2026-01-22 21:19:03,2026-01-23 02:19:03.258947+00:00,initial_state,NCAAB,draftkings,"California Highlanders vs California Anteaters, 2026-01-22, 10",California Highlanders,California Anteaters,Total,,150.5,O,+210,https://sportsbook.draftkings.com/event/uc-irvine-%40-uc-riverside/33504085?outcomes=0OU83091328O15050_1
2026-01-22 21:19:03,2026-01-23 02:19:03.258947+00:00,initial_state,NCAAB,draftkings,"California Highlanders vs California Anteaters, 2026-01-22, 10",California Highlanders,California Anteaters,Total,,150.5,U,-280,https://sportsbook.draftkings.com/event/uc-irvine-%40-uc-riverside/33504085?outcomes=0OU83091328U15050_3
2026-01-22 21:19:03,2026-01-23 02:19:03.258947+00:00,initial_state,NCAAB,draftkings,"California Highlanders vs California Anteaters, 2026-01-22, 10",California Highlanders,California Anteaters,Total,,151.5,O,+230,https://sportsbook.draftkings.com/event/uc-irvine-%40-uc-riverside/33504085?outcomes=0OU83091328O15150_1
2026-01-22 21:19:03,2026-01-23 02:19:03.258947+00:00,initial_state,NCAAB,draftkings,"California Highlanders vs California Anteaters, 2026-01-22, 10",California Highlanders,California Anteaters,Total,,151.5,U,-315,https://sportsbook.draftkings.com/event/uc-irvine-%40-uc-riverside/33504085?outcomes=0OU83091328U15150_3
2026-01-22 21:19:03,2026-01-23 02:19:03.258947+00:00,initial_state,NCAAB,draftkings,"California Highlanders vs California Anteaters, 2026-01-22, 10",California Highlanders,California Anteaters,Total,,152.5,O,+250,https://sportsbook.draftkings.com/event/uc-irvine-%40-uc-riverside/33504085?outcomes=0OU83091328O15250_1
2026-01-22 21:19:03,2026-01-23 02:19:03.258947+00:00,initial_state,NCAAB,draftkings,"California Highlanders vs California Anteaters, 2026-01-22, 10",California Highlanders,California Anteaters,Total,,152.5,U,-345,https://sportsbook.draftkings.com/event/uc-irvine-%40-uc-riverside/33504085?outcomes=0OU83091328U15250_3
2026-01-22 21:19:03,2026-01-23 02:19:03.258947+00:00,initial_state,NCAAB,draftkings,"California Highlanders vs California Anteaters, 2026-01-22, 10",California Highlanders,California Anteaters,Total,,153.5,O,+280,https://sportsbook.draftkings.com/event/uc-irvine-%40-uc-riverside/33504085?outcomes=0OU83091328O15350_1
2026-01-22 21:19:03,2026-01-23 02:19:03.258947+00:00,initial_state,NCAAB,draftkings,"California Highlanders vs California Anteaters, 2026-01-22, 10",California Highlanders,California Anteaters,Total,,153.5,U,-395,https://sportsbook.draftkings.com/event/uc-irvine-%40-uc-riverside/33504085?outcomes=0OU83091328U15350_3
2026-01-22 21:19:03,2026-01-23 02:19:03.258947+00:00,initial_state,NCAAB,draftkings,"California Highlanders vs California Anteaters, 2026-01-22, 10",California Highlanders,California Anteaters,Total,,154.5,O,+300,https://sportsbook.draftkings.com/event/uc-irvine-%40-uc-riverside/33504085?outcomes=0OU83091328O15450_1
2026-01-22 21:19:03,2026-01-23 02:19:03.258947+00:00,initial_state,NCAAB,draftkings,"California Highlanders vs California Anteaters, 2026-01-22, 10",California Highlanders,California Anteaters,Total,,154.5,U,-425,https://sportsbook.draftkings.com/event/uc-irvine-%40-uc-riverside/33504085?outcomes=0OU83091328U15450_3
2026-01-22 21:19:03,2026-01-23 02:19:03.259111+00:00,initial_state,NCAAB,draftkings,"Hawaii Rainbow Warriors vs Cal State Bakersfield Roadrunners, 2026-01-23, 12",Hawaii Rainbow Warriors,Cal State Bakersfield Roadrunners,Spread,Cal State Bakersfield Roadrunners,16.5,,-112,https://sportsbook.draftkings.com/event/csu-bakersfield-%40-hawaii/33504084?outcomes=0HC83087252P1650_3
2026-01-22 21:19:03,2026-01-23 02:19:03.259111+00:00,initial_state,NCAAB,draftkings,"Hawaii Rainbow Warriors vs Cal State Bakersfield Roadrunners, 2026-01-23, 12",Hawaii Rainbow Warriors,Cal State Bakersfield Roadrunners,Spread,Hawaii Rainbow Warriors,-16.5,,-108,https://sportsbook.draftkings.com/event/csu-bakersfield-%40-hawaii/33504084?outcomes=0HC83087252N1650_1
2026-01-22 21:19:03,2026-01-23 02:19:03.259111+00:00,initial_state,NCAAB,draftkings,"Hawaii Rainbow Warriors vs Cal State Bakersfield Roadrunners, 2026-01-23, 12",Hawaii Rainbow Warriors,Cal State Bakersfield Roadrunners,Spread,Cal State Bakersfield Roadrunners,5.5,,+427,https://sportsbook.draftkings.com/event/csu-bakersfield-%40-hawaii/33504084?outcomes=0HC83091419P550_3
2026-01-22 21:19:03,2026-01-23 02:19:03.259111+00:00,initial_state,NCAAB,draftkings,"Hawaii Rainbow Warriors vs Cal State Bakersfield Roadrunners, 2026-01-23, 12",Hawaii Rainbow Warriors,Cal State Bakersfield Roadrunners,Spread,Hawaii Rainbow Warriors,-5.5,,-780,https://sportsbook.draftkings.com/event/csu-bakersfield-%40-hawaii/33504084?outcomes=0HC83091419N550_1
2026-01-22 21:19:03,2026-01-23 02:19:03.259111+00:00,initial_state,NCAAB,draftkings,"Hawaii Rainbow Warriors vs Cal State Bakersfield Roadrunners, 2026-01-23, 12",Hawaii Rainbow Warriors,Cal State Bakersfield Roadrunners,Spread,Cal State Bakersfield Roadrunners,6.5,,+382,https://sportsbook.draftkings.com/event/csu-bakersfield-%40-hawaii/33504084?outcomes=0HC83091419P650_3
2026-01-22 21:19:03,2026-01-23 02:19:03.259111+00:00,initial_state,NCAAB,draftkings,"Hawaii Rainbow Warriors vs Cal State Bakersfield Roadrunners, 2026-01-23, 12",Hawaii Rainbow Warriors,Cal State Bakersfield Roadrunners,Spread,Hawaii Rainbow Warriors,-6.5,,-660,https://sportsbook.draftkings.com/event/csu-bakersfield-%40-hawaii/33504084?outcomes=0HC83091419N650_1
2026-01-22 21:19:03,2026-01-23 02:19:03.259111+00:00,initial_state,NCAAB,draftkings,"Hawaii Rainbow Warriors vs Cal State Bakersfield Roadrunners, 2026-01-23, 12",Hawaii Rainbow Warriors,Cal State Bakersfield Roadrunners,Spread,Cal State Bakersfield Roadrunners,7.5,,+341,https://sportsbook.draftkings.com/event/csu-bakersfield-%40-hawaii/33504084?outcomes=0HC83091419P750_3
2026-01-22 21:19:03,2026-01-23 02:19:03.259111+00:00,initial_state,NCAAB,draftkings,"Hawaii Rainbow Warriors vs Cal State Bakersfield Roadrunners, 2026-01-23, 12",Hawaii Rainbow Warriors,Cal State Bakersfield Roadrunners,Spread,Hawaii Rainbow Warriors,-7.5,,-561,https://sportsbook.draftkings.com/event/csu-bakersfield-%40-hawaii/33504084?outcomes=0HC83091419N750_1
2026-01-22 21:19:03,2026-01-23 02:19:03.259111+00:00,initial_state,NCAAB,draftkings,"Hawaii Rainbow Warriors vs Cal State Bakersfield Roadrunners, 2026-01-23, 12",Hawaii Rainbow Warriors,Cal State Bakersfield Roadrunners,Spread,Cal State Bakersfield Roadrunners,8.5,,+297,https://sportsbook.draftkings.com/event/csu-bakersfield-%40-hawaii/33504084?outcomes=0HC83091419P850_3
2026-01-22 21:19:03,2026-01-23 02:19:03.259111+00:00,initial_state,NCAAB,draftkings,"Hawaii Rainbow Warriors vs Cal State Bakersfield Roadrunners, 2026-01-23, 12",Hawaii Rainbow Warriors,Cal State Bakersfield Roadrunners,Spread,Hawaii Rainbow Warriors,-8.5,,-467,https://sportsbook.draftkings.com/event/csu-bakersfield-%40-hawaii/33504084?outcomes=0HC83091419N850_1
2026-01-22 21:19:03,2026-01-23 02:19:03.259111+00:00,initial_state,NCAAB,draftkings,"Hawaii Rainbow Warriors vs Cal State Bakersfield Roadrunners, 2026-01-23, 12",Hawaii Rainbow Warriors,Cal State Bakersfield Roadrunners,Spread,Cal State Bakersfield Roadrunners,9.5,,+258,https://sportsbook.draftkings.com/event/csu-bakersfield-%40-hawaii/33504084?outcomes=0HC83091419P950_3
2026-01-22 21:19:03,2026-01-23 02:19:03.259111+00:00,initial_state,NCAAB,draftkings,"Hawaii Rainbow Warriors vs Cal State Bakersfield Roadrunners, 2026-01-23, 12",Hawaii Rainbow Warriors,Cal State Bakersfield Roadrunners,Spread,Hawaii Rainbow Warriors,-9.5,,-391,https://sportsbook.draftkings.com/event/csu-bakersfield-%40-hawaii/33504084?outcomes=0HC83091419N950_1
2026-01-22 21:19:03,2026-01-23 02:19:03.259111+00:00,initial_state,NCAAB,draftkings,"Hawaii Rainbow Warriors vs Cal State Bakersfield Roadrunners, 2026-01-23, 12",Hawaii Rainbow Warriors,Cal State Bakersfield Roadrunners,Spread,Cal State Bakersfield Roadrunners,10.5,,+210,https://sportsbook.draftkings.com/event/csu-bakersfield-%40-hawaii/33504084?outcomes=0HC83091419P1050_3
2026-01-22 21:19:03,2026-01-23 02:19:03.259111+00:00,initial_state,NCAAB,draftkings,"Hawaii Rainbow Warriors vs Cal State Bakersfield Roadrunners, 2026-01-23, 12",Hawaii Rainbow Warriors,Cal State Bakersfield Roadrunners,Spread,Hawaii Rainbow Warriors,-10.5,,-306,https://sportsbook.draftkings.com/event/csu-bakersfield-%40-hawaii/33504084?outcomes=0HC83091419N1050_1
2026-01-22 21:19:03,2026-01-23 02:19:03.259111+00:00,initial_state,NCAAB,draftkings,"Hawaii Rainbow Warriors vs Cal State Bakersfield Roadrunners, 2026-01-23, 12",Hawaii Rainbow Warriors,Cal State Bakersfield Roadrunners,Spread,Cal State Bakersfield Roadrunners,11.5,,+181,https://sportsbook.draftkings.com/event/csu-bakersfield-%40-hawaii/33504084?outcomes=0HC83091419P1150_3
2026-01-22 21:19:03,2026-01-23 02:19:03.259111+00:00,initial_state,NCAAB,draftkings,"Hawaii Rainbow Warriors vs Cal State Bakersfield Roadrunners, 2026-01-23, 12",Hawaii Rainbow Warriors,Cal State Bakersfield Roadrunners,Spread,Hawaii Rainbow Warriors,-11.5,,-258,https://sportsbook.draftkings.com/event/csu-bakersfield-%40-hawaii/33504084?outcomes=0HC83091419N1150_1
2026-01-22 21:19:03,2026-01-23 02:19:03.259111+00:00,initial_state,NCAAB,draftkings,"Hawaii Rainbow Warriors vs Cal State Bakersfield Roadrunners, 2026-01-23, 12",Hawaii Rainbow Warriors,Cal State Bakersfield Roadrunners,Spread,Cal State Bakersfield Roadrunners,12.5,,+159,https://sportsbook.draftkings.com/event/csu-bakersfield-%40-hawaii/33504084?outcomes=0HC83091419P1250_3
2026-01-22 21:19:03,2026-01-23 02:19:03.259111+00:00,initial_state,NCAAB,draftkings,"Hawaii Rainbow Warriors vs Cal State Bakersfield Roadrunners, 2026-01-23, 12",Hawaii Rainbow Warriors,Cal State Bakersfield Roadrunners,Spread,Hawaii Rainbow Warriors,-12.5,,-222,https://sportsbook.draftkings.com/event/csu-bakersfield-%40-hawaii/33504084?outcomes=0HC83091419N1250_1
2026-01-22 21:19:03,2026-01-23 02:19:03.259111+00:00,initial_state,NCAAB,draftkings,"Hawaii Rainbow Warriors vs Cal State Bakersfield Roadrunners, 2026-01-23, 12",Hawaii Rainbow Warriors,Cal State Bakersfield Roadrunners,Spread,Cal State Bakersfield Roadrunners,13.5,,+139,https://sportsbook.draftkings.com/event/csu-bakersfield-%40-hawaii/33504084?outcomes=0HC83091419P1350_3
2026-01-22 21:19:03,2026-01-23 02:19:03.259111+00:00,initial_state,NCAAB,draftkings,"Hawaii Rainbow Warriors vs Cal State Bakersfield Roadrunners, 2026-01-23, 12",Hawaii Rainbow Warriors,Cal State Bakersfield Roadrunners,Spread,Hawaii Rainbow Warriors,-13.5,,-193,https://sportsbook.draftkings.com/event/csu-bakersfield-%40-hawaii/33504084?outcomes=0HC83091419N1350_1
2026-01-22 21:19:03,2026-01-23 02:19:03.259111+00:00,initial_state,NCAAB,draftkings,"Hawaii Rainbow Warriors vs Cal State Bakersfield Roadrunners, 2026-01-23, 12",Hawaii Rainbow Warriors,Cal State Bakersfield Roadrunners,Spread,Cal State Bakersfield Roadrunners,14.5,,+116,https://sportsbook.draftkings.com/event/csu-bakersfield-%40-hawaii/33504084?outcomes=0HC83091419P1450_3
2026-01-22 21:19:03,2026-01-23 02:19:03.259111+00:00,initial_state,NCAAB,draftkings,"Hawaii Rainbow Warriors vs Cal State Bakersfield Roadrunners, 2026-01-23, 12",Hawaii Rainbow Warriors,Cal State Bakersfield Roadrunners,Spread,Hawaii Rainbow Warriors,-14.5,,-158,https://sportsbook.draftkings.com/event/csu-bakersfield-%40-hawaii/33504084?outcomes=0HC83091419N1450_1
2026-01-22 21:19:03,2026-01-23 02:19:03.259111+00:00,initial_state,NCAAB,draftkings,"Hawaii Rainbow Warriors vs Cal State Bakersfield Roadrunners, 2026-01-23, 12",Hawaii Rainbow Warriors,Cal State Bakersfield Roadrunners,Spread,Cal State Bakersfield Roadrunners,15.5,,-103,https://sportsbook.draftkings.com/event/csu-bakersfield-%40-hawaii/33504084?outcomes=0HC83091419P1550_3
2026-01-22 21:19:03,2026-01-23 02:19:03.259111+00:00,initial_state,NCAAB,draftkings,"Hawaii Rainbow Warriors vs Cal State Bakersfield Roadrunners, 2026-01-23, 12",Hawaii Rainbow Warriors,Cal State Bakersfield Roadrunners,Spread,Hawaii Rainbow Warriors,-15.5,,-132,https://sportsbook.draftkings.com/event/csu-bakersfield-%40-hawaii/33504084?outcomes=0HC83091419N1550_1
2026-01-22 21:19:03,2026-01-23 02:19:03.259111+00:00,initial_state,NCAAB,draftkings,"Hawaii Rainbow Warriors vs Cal State Bakersfield Roadrunners, 2026-01-23, 12",Hawaii Rainbow Warriors,Cal State Bakersfield Roadrunners,Spread,Cal State Bakersfield Roadrunners,17.5,,-136,https://sportsbook.draftkings.com/event/csu-bakersfield-%40-hawaii/33504084?outcomes=0HC83091419P1750_3
2026-01-22 21:19:03,2026-01-23 02:19:03.259111+00:00,initial_state,NCAAB,draftkings,"Hawaii Rainbow Warriors vs Cal State Bakersfield Roadrunners, 2026-01-23, 12",Hawaii Rainbow Warriors,Cal State Bakersfield Roadrunners,Spread,Hawaii Rainbow Warriors,-17.5,,+100,https://sportsbook.draftkings.com/event/csu-bakersfield-%40-hawaii/33504084?outcomes=0HC83091419N1750_1
2026-01-22 21:19:03,2026-01-23 02:19:03.259111+00:00,initial_state,NCAAB,draftkings,"Hawaii Rainbow Warriors vs Cal State Bakersfield Roadrunners, 2026-01-23, 12",Hawaii Rainbow Warriors,Cal State Bakersfield Roadrunners,Spread,Cal State Bakersfield Roadrunners,18.5,,-155,https://sportsbook.draftkings.com/event/csu-bakersfield-%40-hawaii/33504084?outcomes=0HC83091419P1850_3
2026-01-22 21:19:03,2026-01-23 02:19:03.259111+00:00,initial_state,NCAAB,draftkings,"Hawaii Rainbow Warriors vs Cal State Bakersfield Roadrunners, 2026-01-23, 12",Hawaii Rainbow Warriors,Cal State Bakersfield Roadrunners,Spread,Hawaii Rainbow Warriors,-18.5,,+113,https://sportsbook.draftkings.com/event/csu-bakersfield-%40-hawaii/33504084?outcomes=0HC83091419N1850_1
2026-01-22 21:19:03,2026-01-23 02:19:03.259111+00:00,initial_state,NCAAB,draftkings,"Hawaii Rainbow Warriors vs Cal State Bakersfield Roadrunners, 2026-01-23, 12",Hawaii Rainbow Warriors,Cal State Bakersfield Roadrunners,Spread,Cal State Bakersfield Roadrunners,19.5,,-182,https://sportsbook.draftkings.com/event/csu-bakersfield-%40-hawaii/33504084?outcomes=0HC83091419P1950_3
2026-01-22 21:19:03,2026-01-23 02:19:03.259111+00:00,initial_state,NCAAB,draftkings,"Hawaii Rainbow Warriors vs Cal State Bakersfield Roadrunners, 2026-01-23, 12",Hawaii Rainbow Warriors,Cal State Bakersfield Roadrunners,Spread,Hawaii Rainbow Warriors,-19.5,,+132,https://sportsbook.draftkings.com/event/csu-bakersfield-%40-hawaii/33504084?outcomes=0HC83091419N1950_1
2026-01-22 21:19:03,2026-01-23 02:19:03.259111+00:00,initial_state,NCAAB,draftkings,"Hawaii Rainbow Warriors vs Cal State Bakersfield Roadrunners, 2026-01-23, 12",Hawaii Rainbow Warriors,Cal State Bakersfield Roadrunners,Spread,Cal State Bakersfield Roadrunners,20.5,,-213,https://sportsbook.draftkings.com/event/csu-bakersfield-%40-hawaii/33504084?outcomes=0HC83091419P2050_3
2026-01-22 21:19:03,2026-01-23 02:19:03.259111+00:00,initial_state,NCAAB,draftkings,"Hawaii Rainbow Warriors vs Cal State Bakersfield Roadrunners, 2026-01-23, 12",Hawaii Rainbow Warriors,Cal State Bakersfield Roadrunners,Spread,Hawaii Rainbow Warriors,-20.5,,+153,https://sportsbook.draftkings.com/event/csu-bakersfield-%40-hawaii/33504084?outcomes=0HC83091419N2050_1
2026-01-22 21:19:03,2026-01-23 02:19:03.259111+00:00,initial_state,NCAAB,draftkings,"Hawaii Rainbow Warriors vs Cal State Bakersfield Roadrunners, 2026-01-23, 12",Hawaii Rainbow Warriors,Cal State Bakersfield Roadrunners,Spread,Cal State Bakersfield Roadrunners,21.5,,-248,https://sportsbook.draftkings.com/event/csu-bakersfield-%40-hawaii/33504084?outcomes=0HC83091419P2150_3
2026-01-22 21:19:03,2026-01-23 02:19:03.259111+00:00,initial_state,NCAAB,draftkings,"Hawaii Rainbow Warriors vs Cal State Bakersfield Roadrunners, 2026-01-23, 12",Hawaii Rainbow Warriors,Cal State Bakersfield Roadrunners,Spread,Hawaii Rainbow Warriors,-21.5,,+175,https://sportsbook.draftkings.com/event/csu-bakersfield-%40-hawaii/33504084?outcomes=0HC83091419N2150_1
2026-01-22 21:19:03,2026-01-23 02:19:03.259111+00:00,initial_state,NCAAB,draftkings,"Hawaii Rainbow Warriors vs Cal State Bakersfield Roadrunners, 2026-01-23, 12",Hawaii Rainbow Warriors,Cal State Bakersfield Roadrunners,Spread,Cal State Bakersfield Roadrunners,22.5,,-286,https://sportsbook.draftkings.com/event/csu-bakersfield-%40-hawaii/33504084?outcomes=0HC83091419P2250_3
2026-01-22 21:19:03,2026-01-23 02:19:03.259111+00:00,initial_state,NCAAB,draftkings,"Hawaii Rainbow Warriors vs Cal State Bakersfield Roadrunners, 2026-01-23, 12",Hawaii Rainbow Warriors,Cal State Bakersfield Roadrunners,Spread,Hawaii Rainbow Warriors,-22.5,,+199,https://sportsbook.draftkings.com/event/csu-bakersfield-%40-hawaii/33504084?outcomes=0HC83091419N2250_1
2026-01-22 21:19:03,2026-01-23 02:19:03.259111+00:00,initial_state,NCAAB,draftkings,"Hawaii Rainbow Warriors vs Cal State Bakersfield Roadrunners, 2026-01-23, 12",Hawaii Rainbow Warriors,Cal State Bakersfield Roadrunners,Spread,Cal State Bakersfield Roadrunners,23.5,,-328,https://sportsbook.draftkings.com/event/csu-bakersfield-%40-hawaii/33504084?outcomes=0HC83091419P2350_3
2026-01-22 21:19:03,2026-01-23 02:19:03.259111+00:00,initial_state,NCAAB,draftkings,"Hawaii Rainbow Warriors vs Cal State Bakersfield Roadrunners, 2026-01-23, 12",Hawaii Rainbow Warriors,Cal State Bakersfield Roadrunners,Spread,Hawaii Rainbow Warriors,-23.5,,+223,https://sportsbook.draftkings.com/event/csu-bakersfield-%40-hawaii/33504084?outcomes=0HC83091419N2350_1
2026-01-22 21:19:03,2026-01-23 02:19:03.259111+00:00,initial_state,NCAAB,draftkings,"Hawaii Rainbow Warriors vs Cal State Bakersfield Roadrunners, 2026-01-23, 12",Hawaii Rainbow Warriors,Cal State Bakersfield Roadrunners,Spread,Cal State Bakersfield Roadrunners,24.5,,-378,https://sportsbook.draftkings.com/event/csu-bakersfield-%40-hawaii/33504084?outcomes=0HC83091419P2450_3
2026-01-22 21:19:03,2026-01-23 02:19:03.259111+00:00,initial_state,NCAAB,draftkings,"Hawaii Rainbow Warriors vs Cal State Bakersfield Roadrunners, 2026-01-23, 12",Hawaii Rainbow Warriors,Cal State Bakersfield Roadrunners,Spread,Hawaii Rainbow Warriors,-24.5,,+251,https://sportsbook.draftkings.com/event/csu-bakersfield-%40-hawaii/33504084?outcomes=0HC83091419N2450_1
2026-01-22 21:19:03,2026-01-23 02:19:03.259111+00:00,initial_state,NCAAB,draftkings,"Hawaii Rainbow Warriors vs Cal State Bakersfield Roadrunners, 2026-01-23, 12",Hawaii Rainbow Warriors,Cal State Bakersfield Roadrunners,Spread,Cal State Bakersfield Roadrunners,25.5,,-434,https://sportsbook.draftkings.com/event/csu-bakersfield-%40-hawaii/33504084?outcomes=0HC83091419P2550_3
2026-01-22 21:19:03,2026-01-23 02:19:03.259111+00:00,initial_state,NCAAB,draftkings,"Hawaii Rainbow Warriors vs Cal State Bakersfield Roadrunners, 2026-01-23, 12",Hawaii Rainbow Warriors,Cal State Bakersfield Roadrunners,Spread,Hawaii Rainbow Warriors,-25.5,,+281,https://sportsbook.draftkings.com/event/csu-bakersfield-%40-hawaii/33504084?outcomes=0HC83091419N2550_1
2026-01-22 21:19:03,2026-01-23 02:19:03.259111+00:00,initial_state,NCAAB,draftkings,"Hawaii Rainbow Warriors vs Cal State Bakersfield Roadrunners, 2026-01-23, 12",Hawaii Rainbow Warriors,Cal State Bakersfield Roadrunners,Spread,Cal State Bakersfield Roadrunners,26.5,,-507,https://sportsbook.draftkings.com/event/csu-bakersfield-%40-hawaii/33504084?outcomes=0HC83091419P2650_3
2026-01-22 21:19:03,2026-01-23 02:19:03.259111+00:00,initial_state,NCAAB,draftkings,"Hawaii Rainbow Warriors vs Cal State Bakersfield Roadrunners, 2026-01-23, 12",Hawaii Rainbow Warriors,Cal State Bakersfield Roadrunners,Spread,Hawaii Rainbow Warriors,-26.5,,+316,https://sportsbook.draftkings.com/event/csu-bakersfield-%40-hawaii/33504084?outcomes=0HC83091419N2650_1
2026-01-22 21:19:03,2026-01-23 02:19:03.259111+00:00,initial_state,NCAAB,draftkings,"Hawaii Rainbow Warriors vs Cal State Bakersfield Roadrunners, 2026-01-23, 12",Hawaii Rainbow Warriors,Cal State Bakersfield Roadrunners,Spread,Cal State Bakersfield Roadrunners,27.5,,-598,https://sportsbook.draftkings.com/event/csu-bakersfield-%40-hawaii/33504084?outcomes=0HC83091419P2750_3
2026-01-22 21:19:03,2026-01-23 02:19:03.259111+00:00,initial_state,NCAAB,draftkings,"Hawaii Rainbow Warriors vs Cal State Bakersfield Roadrunners, 2026-01-23, 12",Hawaii Rainbow Warriors,Cal State Bakersfield Roadrunners,Spread,Hawaii Rainbow Warriors,-27.5,,+357,https://sportsbook.draftkings.com/event/csu-bakersfield-%40-hawaii/33504084?outcomes=0HC83091419N2750_1
2026-01-22 21:19:03,2026-01-23 02:19:03.259111+00:00,initial_state,NCAAB,draftkings,"Hawaii Rainbow Warriors vs Cal State Bakersfield Roadrunners, 2026-01-23, 12",Hawaii Rainbow Warriors,Cal State Bakersfield Roadrunners,Spread,Cal State Bakersfield Roadrunners,28.5,,-710,https://sportsbook.draftkings.com/event/csu-bakersfield-%40-hawaii/33504084?outcomes=0HC83091419P2850_3
2026-01-22 21:19:03,2026-01-23 02:19:03.259111+00:00,initial_state,NCAAB,draftkings,"Hawaii Rainbow Warriors vs Cal State Bakersfield Roadrunners, 2026-01-23, 12",Hawaii Rainbow Warriors,Cal State Bakersfield Roadrunners,Spread,Hawaii Rainbow Warriors,-28.5,,+403,https://sportsbook.draftkings.com/event/csu-bakersfield-%40-hawaii/33504084?outcomes=0HC83091419N2850_1
2026-01-22 21:19:03,2026-01-23 02:19:03.259111+00:00,initial_state,NCAAB,draftkings,"Hawaii Rainbow Warriors vs Cal State Bakersfield Roadrunners, 2026-01-23, 12",Hawaii Rainbow Warriors,Cal State Bakersfield Roadrunners,Spread,Cal State Bakersfield Roadrunners,29.5,,-850,https://sportsbook.draftkings.com/event/csu-bakersfield-%40-hawaii/33504084?outcomes=0HC83091419P2950_3
2026-01-22 21:19:03,2026-01-23 02:19:03.259111+00:00,initial_state,NCAAB,draftkings,"Hawaii Rainbow Warriors vs Cal State Bakersfield Roadrunners, 2026-01-23, 12",Hawaii Rainbow Warriors,Cal State Bakersfield Roadrunners,Spread,Hawaii Rainbow Warriors,-29.5,,+452,https://sportsbook.draftkings.com/event/csu-bakersfield-%40-hawaii/33504084?outcomes=0HC83091419N2950_1
2026-01-22 21:19:03,2026-01-23 02:19:03.259111+00:00,initial_state,NCAAB,draftkings,"Hawaii Rainbow Warriors vs Cal State Bakersfield Roadrunners, 2026-01-23, 12",Hawaii Rainbow Warriors,Cal State Bakersfield Roadrunners,Total,,144.5,O,-105,https://sportsbook.draftkings.com/event/csu-bakersfield-%40-hawaii/33504084?outcomes=0OU83087252O14450_1
2026-01-22 21:19:03,2026-01-23 02:19:03.259111+00:00,initial_state,NCAAB,draftkings,"Hawaii Rainbow Warriors vs Cal State Bakersfield Roadrunners, 2026-01-23, 12",Hawaii Rainbow Warriors,Cal State Bakersfield Roadrunners,Total,,144.5,U,-115,https://sportsbook.draftkings.com/event/csu-bakersfield-%40-hawaii/33504084?outcomes=0OU83087252U14450_3
2026-01-22 21:19:03,2026-01-23 02:19:03.259111+00:00,initial_state,NCAAB,draftkings,"Hawaii Rainbow Warriors vs Cal State Bakersfield Roadrunners, 2026-01-23, 12",Hawaii Rainbow Warriors,Cal State Bakersfield Roadrunners,Total,,132.5,O,-425,https://sportsbook.draftkings.com/event/csu-bakersfield-%40-hawaii/33504084?outcomes=0OU83091419O13250_1
2026-01-22 21:19:03,2026-01-23 02:19:03.259111+00:00,initial_state,NCAAB,draftkings,"Hawaii Rainbow Warriors vs Cal State Bakersfield Roadrunners, 2026-01-23, 12",Hawaii Rainbow Warriors,Cal State Bakersfield Roadrunners,Total,,132.5,U,+300,https://sportsbook.draftkings.com/event/csu-bakersfield-%40-hawaii/33504084?outcomes=0OU83091419U13250_3
2026-01-22 21:19:03,2026-01-23 02:19:03.259111+00:00,initial_state,NCAAB,draftkings,"Hawaii Rainbow Warriors vs Cal State Bakersfield Roadrunners, 2026-01-23, 12",Hawaii Rainbow Warriors,Cal State Bakersfield Roadrunners,Total,,133.5,O,-375,https://sportsbook.draftkings.com/event/csu-bakersfield-%40-hawaii/33504084?outcomes=0OU83091419O13350_1
2026-01-22 21:19:03,2026-01-23 02:19:03.259111+00:00,initial_state,NCAAB,draftkings,"Hawaii Rainbow Warriors vs Cal State Bakersfield Roadrunners, 2026-01-23, 12",Hawaii Rainbow Warriors,Cal State Bakersfield Roadrunners,Total,,133.5,U,+270,https://sportsbook.draftkings.com/event/csu-bakersfield-%40-hawaii/33504084?outcomes=0OU83091419U13350_3
2026-01-22 21:19:03,2026-01-23 02:19:03.259111+00:00,initial_state,NCAAB,draftkings,"Hawaii Rainbow Warriors vs Cal State Bakersfield Roadrunners, 2026-01-23, 12",Hawaii Rainbow Warriors,Cal State Bakersfield Roadrunners,Total,,134.5,O,-345,https://sportsbook.draftkings.com/event/csu-bakersfield-%40-hawaii/33504084?outcomes=0OU83091419O13450_1
2026-01-22 21:19:03,2026-01-23 02:19:03.259111+00:00,initial_state,NCAAB,draftkings,"Hawaii Rainbow Warriors vs Cal State Bakersfield Roadrunners, 2026-01-23, 12",Hawaii Rainbow Warriors,Cal State Bakersfield Roadrunners,Total,,134.5,U,+250,https://sportsbook.draftkings.com/event/csu-bakersfield-%40-hawaii/33504084?outcomes=0OU83091419U13450_3
2026-01-22 21:19:03,2026-01-23 02:19:03.259111+00:00,initial_state,NCAAB,draftkings,"Hawaii Rainbow Warriors vs Cal State Bakersfield Roadrunners, 2026-01-23, 12",Hawaii Rainbow Warriors,Cal State Bakersfield Roadrunners,Total,,135.5,O,-298,https://sportsbook.draftkings.com/event/csu-bakersfield-%40-hawaii/33504084?outcomes=0OU83091419O13550_1
2026-01-22 21:19:03,2026-01-23 02:19:03.259111+00:00,initial_state,NCAAB,draftkings,"Hawaii Rainbow Warriors vs Cal State Bakersfield Roadrunners, 2026-01-23, 12",Hawaii Rainbow Warriors,Cal State Bakersfield Roadrunners,Total,,135.5,U,+220,https://sportsbook.draftkings.com/event/csu-bakersfield-%40-hawaii/33504084?outcomes=0OU83091419U13550_3
2026-01-22 21:19:03,2026-01-23 02:19:03.259111+00:00,initial_state,NCAAB,draftkings,"Hawaii Rainbow Warriors vs Cal State Bakersfield Roadrunners, 2026-01-23, 12",Hawaii Rainbow Warriors,Cal State Bakersfield Roadrunners,Total,,136.5,O,-270,https://sportsbook.draftkings.com/event/csu-bakersfield-%40-hawaii/33504084?outcomes=0OU83091419O13650_1
2026-01-22 21:19:03,2026-01-23 02:19:03.259111+00:00,initial_state,NCAAB,draftkings,"Hawaii Rainbow Warriors vs Cal State Bakersfield Roadrunners, 2026-01-23, 12",Hawaii Rainbow Warriors,Cal State Bakersfield Roadrunners,Total,,136.5,U,+200,https://sportsbook.draftkings.com/event/csu-bakersfield-%40-hawaii/33504084?outcomes=0OU83091419U13650_3
2026-01-22 21:19:03,2026-01-23 02:19:03.259111+00:00,initial_state,NCAAB,draftkings,"Hawaii Rainbow Warriors vs Cal State Bakersfield Roadrunners, 2026-01-23, 12",Hawaii Rainbow Warriors,Cal State Bakersfield Roadrunners,Total,,137.5,O,-238,https://sportsbook.draftkings.com/event/csu-bakersfield-%40-hawaii/33504084?outcomes=0OU83091419O13750_1
2026-01-22 21:19:03,2026-01-23 02:19:03.259111+00:00,initial_state,NCAAB,draftkings,"Hawaii Rainbow Warriors vs Cal State Bakersfield Roadrunners, 2026-01-23, 12",Hawaii Rainbow Warriors,Cal State Bakersfield Roadrunners,Total,,137.5,U,+180,https://sportsbook.draftkings.com/event/csu-bakersfield-%40-hawaii/33504084?outcomes=0OU83091419U13750_3
2026-01-22 21:19:03,2026-01-23 02:19:03.259111+00:00,initial_state,NCAAB,draftkings,"Hawaii Rainbow Warriors vs Cal State Bakersfield Roadrunners, 2026-01-23, 12",Hawaii Rainbow Warriors,Cal State Bakersfield Roadrunners,Total,,138.5,O,-210,https://sportsbook.draftkings.com/event/csu-bakersfield-%40-hawaii/33504084?outcomes=0OU83091419O13850_1
2026-01-22 21:19:03,2026-01-23 02:19:03.259111+00:00,initial_state,NCAAB,draftkings,"Hawaii Rainbow Warriors vs Cal State Bakersfield Roadrunners, 2026-01-23, 12",Hawaii Rainbow Warriors,Cal State Bakersfield Roadrunners,Total,,138.5,U,+160,https://sportsbook.draftkings.com/event/csu-bakersfield-%40-hawaii/33504084?outcomes=0OU83091419U13850_3
2026-01-22 21:19:03,2026-01-23 02:19:03.259111+00:00,initial_state,NCAAB,draftkings,"Hawaii Rainbow Warriors vs Cal State Bakersfield Roadrunners, 2026-01-23, 12",Hawaii Rainbow Warriors,Cal State Bakersfield Roadrunners,Total,,139.5,O,-188,https://sportsbook.draftkings.com/event/csu-bakersfield-%40-hawaii/33504084?outcomes=0OU83091419O13950_1
2026-01-22 21:19:03,2026-01-23 02:19:03.259111+00:00,initial_state,NCAAB,draftkings,"Hawaii Rainbow Warriors vs Cal State Bakersfield Roadrunners, 2026-01-23, 12",Hawaii Rainbow Warriors,Cal State Bakersfield Roadrunners,Total,,139.5,U,+145,https://sportsbook.draftkings.com/event/csu-bakersfield-%40-hawaii/33504084?outcomes=0OU83091419U13950_3
2026-01-22 21:19:03,2026-01-23 02:19:03.259111+00:00,initial_state,NCAAB,draftkings,"Hawaii Rainbow Warriors vs Cal State Bakersfield Roadrunners, 2026-01-23, 12",Hawaii Rainbow Warriors,Cal State Bakersfield Roadrunners,Total,,140.5,O,-166,https://sportsbook.draftkings.com/event/csu-bakersfield-%40-hawaii/33504084?outcomes=0OU83091419O14050_1
2026-01-22 21:19:03,2026-01-23 02:19:03.259111+00:00,initial_state,NCAAB,draftkings,"Hawaii Rainbow Warriors vs Cal State Bakersfield Roadrunners, 2026-01-23, 12",Hawaii Rainbow Warriors,Cal State Bakersfield Roadrunners,Total,,140.5,U,+130,https://sportsbook.draftkings.com/event/csu-bakersfield-%40-hawaii/33504084?outcomes=0OU83091419U14050_3
2026-01-22 21:19:03,2026-01-23 02:19:03.259111+00:00,initial_state,NCAAB,draftkings,"Hawaii Rainbow Warriors vs Cal State Bakersfield Roadrunners, 2026-01-23, 12",Hawaii Rainbow Warriors,Cal State Bakersfield Roadrunners,Total,,141.5,O,-154,https://sportsbook.draftkings.com/event/csu-bakersfield-%40-hawaii/33504084?outcomes=0OU83091419O14150_1
2026-01-22 21:19:03,2026-01-23 02:19:03.259111+00:00,initial_state,NCAAB,draftkings,"Hawaii Rainbow Warriors vs Cal State Bakersfield Roadrunners, 2026-01-23, 12",Hawaii Rainbow Warriors,Cal State Bakersfield Roadrunners,Total,,141.5,U,+120,https://sportsbook.draftkings.com/event/csu-bakersfield-%40-hawaii/33504084?outcomes=0OU83091419U14150_3
2026-01-22 21:19:03,2026-01-23 02:19:03.259111+00:00,initial_state,NCAAB,draftkings,"Hawaii Rainbow Warriors vs Cal State Bakersfield Roadrunners, 2026-01-23, 12",Hawaii Rainbow Warriors,Cal State Bakersfield Roadrunners,Total,,142.5,O,-135,https://sportsbook.draftkings.com/event/csu-bakersfield-%40-hawaii/33504084?outcomes=0OU83091419O14250_1
2026-01-22 21:19:03,2026-01-23 02:19:03.259111+00:00,initial_state,NCAAB,draftkings,"Hawaii Rainbow Warriors vs Cal State Bakersfield Roadrunners, 2026-01-23, 12",Hawaii Rainbow Warriors,Cal State Bakersfield Roadrunners,Total,,142.5,U,+105,https://sportsbook.draftkings.com/event/csu-bakersfield-%40-hawaii/33504084?outcomes=0OU83091419U14250_3
2026-01-22 21:19:03,2026-01-23 02:19:03.259111+00:00,initial_state,NCAAB,draftkings,"Hawaii Rainbow Warriors vs Cal State Bakersfield Roadrunners, 2026-01-23, 12",Hawaii Rainbow Warriors,Cal State Bakersfield Roadrunners,Total,,143.5,O,-125,https://sportsbook.draftkings.com/event/csu-bakersfield-%40-hawaii/33504084?outcomes=0OU83091419O14350_1
2026-01-22 21:19:03,2026-01-23 02:19:03.259111+00:00,initial_state,NCAAB,draftkings,"Hawaii Rainbow Warriors vs Cal State Bakersfield Roadrunners, 2026-01-23, 12",Hawaii Rainbow Warriors,Cal State Bakersfield Roadrunners,Total,,143.5,U,-105,https://sportsbook.draftkings.com/event/csu-bakersfield-%40-hawaii/33504084?outcomes=0OU83091419U14350_3
2026-01-22 21:19:03,2026-01-23 02:19:03.259111+00:00,initial_state,NCAAB,draftkings,"Hawaii Rainbow Warriors vs Cal State Bakersfield Roadrunners, 2026-01-23, 12",Hawaii Rainbow Warriors,Cal State Bakersfield Roadrunners,Total,,145.5,O,+100,https://sportsbook.draftkings.com/event/csu-bakersfield-%40-hawaii/33504084?outcomes=0OU83091419O14550_1
2026-01-22 21:19:03,2026-01-23 02:19:03.259111+00:00,initial_state,NCAAB,draftkings,"Hawaii Rainbow Warriors vs Cal State Bakersfield Roadrunners, 2026-01-23, 12",Hawaii Rainbow Warriors,Cal State Bakersfield Roadrunners,Total,,145.5,U,-130,https://sportsbook.draftkings.com/event/csu-bakersfield-%40-hawaii/33504084?outcomes=0OU83091419U14550_3
2026-01-22 21:19:03,2026-01-23 02:19:03.259111+00:00,initial_state,NCAAB,draftkings,"Hawaii Rainbow Warriors vs Cal State Bakersfield Roadrunners, 2026-01-23, 12",Hawaii Rainbow Warriors,Cal State Bakersfield Roadrunners,Total,,146.5,O,+110,https://sportsbook.draftkings.com/event/csu-bakersfield-%40-hawaii/33504084?outcomes=0OU83091419O14650_1
2026-01-22 21:19:03,2026-01-23 02:19:03.259111+00:00,initial_state,NCAAB,draftkings,"Hawaii Rainbow Warriors vs Cal State Bakersfield Roadrunners, 2026-01-23, 12",Hawaii Rainbow Warriors,Cal State Bakersfield Roadrunners,Total,,146.5,U,-140,https://sportsbook.draftkings.com/event/csu-bakersfield-%40-hawaii/33504084?outcomes=0OU83091419U14650_3
2026-01-22 21:19:03,2026-01-23 02:19:03.259111+00:00,initial_state,NCAAB,draftkings,"Hawaii Rainbow Warriors vs Cal State Bakersfield Roadrunners, 2026-01-23, 12",Hawaii Rainbow Warriors,Cal State Bakersfield Roadrunners,Total,,147.5,O,+124,https://sportsbook.draftkings.com/event/csu-bakersfield-%40-hawaii/33504084?outcomes=0OU83091419O14750_1
2026-01-22 21:19:03,2026-01-23 02:19:03.259111+00:00,initial_state,NCAAB,draftkings,"Hawaii Rainbow Warriors vs Cal State Bakersfield Roadrunners, 2026-01-23, 12",Hawaii Rainbow Warriors,Cal State Bakersfield Roadrunners,Total,,147.5,U,-160,https://sportsbook.draftkings.com/event/csu-bakersfield-%40-hawaii/33504084?outcomes=0OU83091419U14750_3
2026-01-22 21:19:03,2026-01-23 02:19:03.259111+00:00,initial_state,NCAAB,draftkings,"Hawaii Rainbow Warriors vs Cal State Bakersfield Roadrunners, 2026-01-23, 12",Hawaii Rainbow Warriors,Cal State Bakersfield Roadrunners,Total,,148.5,O,+135,https://sportsbook.draftkings.com/event/csu-bakersfield-%40-hawaii/33504084?outcomes=0OU83091419O14850_1
2026-01-22 21:19:03,2026-01-23 02:19:03.259111+00:00,initial_state,NCAAB,draftkings,"Hawaii Rainbow Warriors vs Cal State Bakersfield Roadrunners, 2026-01-23, 12",Hawaii Rainbow Warriors,Cal State Bakersfield Roadrunners,Total,,148.5,U,-175,https://sportsbook.draftkings.com/event/csu-bakersfield-%40-hawaii/33504084?outcomes=0OU83091419U14850_3
2026-01-22 21:19:03,2026-01-23 02:19:03.259111+00:00,initial_state,NCAAB,draftkings,"Hawaii Rainbow Warriors vs Cal State Bakersfield Roadrunners, 2026-01-23, 12",Hawaii Rainbow Warriors,Cal State Bakersfield Roadrunners,Total,,149.5,O,+150,https://sportsbook.draftkings.com/event/csu-bakersfield-%40-hawaii/33504084?outcomes=0OU83091419O14950_1
2026-01-22 21:19:03,2026-01-23 02:19:03.259111+00:00,initial_state,NCAAB,draftkings,"Hawaii Rainbow Warriors vs Cal State Bakersfield Roadrunners, 2026-01-23, 12",Hawaii Rainbow Warriors,Cal State Bakersfield Roadrunners,Total,,149.5,U,-195,https://sportsbook.draftkings.com/event/csu-bakersfield-%40-hawaii/33504084?outcomes=0OU83091419U14950_3
2026-01-22 21:19:03,2026-01-23 02:19:03.259111+00:00,initial_state,NCAAB,draftkings,"Hawaii Rainbow Warriors vs Cal State Bakersfield Roadrunners, 2026-01-23, 12",Hawaii Rainbow Warriors,Cal State Bakersfield Roadrunners,Total,,150.5,O,+165,https://sportsbook.draftkings.com/event/csu-bakersfield-%40-hawaii/33504084?outcomes=0OU83091419O15050_1
2026-01-22 21:19:03,2026-01-23 02:19:03.259111+00:00,initial_state,NCAAB,draftkings,"Hawaii Rainbow Warriors vs Cal State Bakersfield Roadrunners, 2026-01-23, 12",Hawaii Rainbow Warriors,Cal State Bakersfield Roadrunners,Total,,150.5,U,-215,https://sportsbook.draftkings.com/event/csu-bakersfield-%40-hawaii/33504084?outcomes=0OU83091419U15050_3
2026-01-22 21:19:03,2026-01-23 02:19:03.259111+00:00,initial_state,NCAAB,draftkings,"Hawaii Rainbow Warriors vs Cal State Bakersfield Roadrunners, 2026-01-23, 12",Hawaii Rainbow Warriors,Cal State Bakersfield Roadrunners,Total,,151.5,O,+185,https://sportsbook.draftkings.com/event/csu-bakersfield-%40-hawaii/33504084?outcomes=0OU83091419O15150_1
2026-01-22 21:19:03,2026-01-23 02:19:03.259111+00:00,initial_state,NCAAB,draftkings,"Hawaii Rainbow Warriors vs Cal State Bakersfield Roadrunners, 2026-01-23, 12",Hawaii Rainbow Warriors,Cal State Bakersfield Roadrunners,Total,,151.5,U,-245,https://sportsbook.draftkings.com/event/csu-bakersfield-%40-hawaii/33504084?outcomes=0OU83091419U15150_3
2026-01-22 21:19:03,2026-01-23 02:19:03.259111+00:00,initial_state,NCAAB,draftkings,"Hawaii Rainbow Warriors vs Cal State Bakersfield Roadrunners, 2026-01-23, 12",Hawaii Rainbow Warriors,Cal State Bakersfield Roadrunners,Total,,152.5,O,+210,https://sportsbook.draftkings.com/event/csu-bakersfield-%40-hawaii/33504084?outcomes=0OU83091419O15250_1
2026-01-22 21:19:03,2026-01-23 02:19:03.259111+00:00,initial_state,NCAAB,draftkings,"Hawaii Rainbow Warriors vs Cal State Bakersfield Roadrunners, 2026-01-23, 12",Hawaii Rainbow Warriors,Cal State Bakersfield Roadrunners,Total,,152.5,U,-280,https://sportsbook.draftkings.com/event/csu-bakersfield-%40-hawaii/33504084?outcomes=0OU83091419U15250_3
2026-01-22 21:19:03,2026-01-23 02:19:03.259111+00:00,initial_state,NCAAB,draftkings,"Hawaii Rainbow Warriors vs Cal State Bakersfield Roadrunners, 2026-01-23, 12",Hawaii Rainbow Warriors,Cal State Bakersfield Roadrunners,Total,,153.5,O,+220,https://sportsbook.draftkings.com/event/csu-bakersfield-%40-hawaii/33504084?outcomes=0OU83091419O15350_1
2026-01-22 21:19:03,2026-01-23 02:19:03.259111+00:00,initial_state,NCAAB,draftkings,"Hawaii Rainbow Warriors vs Cal State Bakersfield Roadrunners, 2026-01-23, 12",Hawaii Rainbow Warriors,Cal State Bakersfield Roadrunners,Total,,153.5,U,-298,https://sportsbook.draftkings.com/event/csu-bakersfield-%40-hawaii/33504084?outcomes=0OU83091419U15350_3
2026-01-22 21:19:03,2026-01-23 02:19:03.259111+00:00,initial_state,NCAAB,draftkings,"Hawaii Rainbow Warriors vs Cal State Bakersfield Roadrunners, 2026-01-23, 12",Hawaii Rainbow Warriors,Cal State Bakersfield Roadrunners,Total,,154.5,O,+260,https://sportsbook.draftkings.com/event/csu-bakersfield-%40-hawaii/33504084?outcomes=0OU83091419O15450_1
2026-01-22 21:19:03,2026-01-23 02:19:03.259111+00:00,initial_state,NCAAB,draftkings,"Hawaii Rainbow Warriors vs Cal State Bakersfield Roadrunners, 2026-01-23, 12",Hawaii Rainbow Warriors,Cal State Bakersfield Roadrunners,Total,,154.5,U,-360,https://sportsbook.draftkings.com/event/csu-bakersfield-%40-hawaii/33504084?outcomes=0OU83091419U15450_3
2026-01-22 21:19:03,2026-01-23 02:19:03.259111+00:00,initial_state,NCAAB,draftkings,"Hawaii Rainbow Warriors vs Cal State Bakersfield Roadrunners, 2026-01-23, 12",Hawaii Rainbow Warriors,Cal State Bakersfield Roadrunners,Total,,155.5,O,+270,https://sportsbook.draftkings.com/event/csu-bakersfield-%40-hawaii/33504084?outcomes=0OU83091419O15550_1
2026-01-22 21:19:03,2026-01-23 02:19:03.259111+00:00,initial_state,NCAAB,draftkings,"Hawaii Rainbow Warriors vs Cal State Bakersfield Roadrunners, 2026-01-23, 12",Hawaii Rainbow Warriors,Cal State Bakersfield Roadrunners,Total,,155.5,U,-375,https://sportsbook.draftkings.com/event/csu-bakersfield-%40-hawaii/33504084?outcomes=0OU83091419U15550_3
2026-01-22 21:19:03,2026-01-23 02:19:03.259111+00:00,initial_state,NCAAB,draftkings,"Hawaii Rainbow Warriors vs Cal State Bakersfield Roadrunners, 2026-01-23, 12",Hawaii Rainbow Warriors,Cal State Bakersfield Roadrunners,Total,,156.5,O,+300,https://sportsbook.draftkings.com/event/csu-bakersfield-%40-hawaii/33504084?outcomes=0OU83091419O15650_1
2026-01-22 21:19:03,2026-01-23 02:19:03.259111+00:00,initial_state,NCAAB,draftkings,"Hawaii Rainbow Warriors vs Cal State Bakersfield Roadrunners, 2026-01-23, 12",Hawaii Rainbow Warriors,Cal State Bakersfield Roadrunners,Total,,156.5,U,-425,https://sportsbook.draftkings.com/event/csu-bakersfield-%40-hawaii/33504084?outcomes=0OU83091419U15650_3
2026-01-22 21:19:03,2026-01-23 02:19:03.259122+00:00,initial_state,NCAAB,draftkings,"North Texas Mean Green vs East Carolina Pirates, 2026-01-23, 01",North Texas Mean Green,East Carolina Pirates,Spread,East Carolina Pirates,10.5,,-112,https://sportsbook.draftkings.com/event/east-carolina-%40-north-texas/33510242?outcomes=0HC83102587P1050_3
2026-01-22 21:19:03,2026-01-23 02:19:03.259122+00:00,initial_state,NCAAB,draftkings,"North Texas Mean Green vs East Carolina Pirates, 2026-01-23, 01",North Texas Mean Green,East Carolina Pirates,Spread,North Texas Mean Green,-10.5,,-108,https://sportsbook.draftkings.com/event/east-carolina-%40-north-texas/33510242?outcomes=0HC83102587N1050_1
2026-01-22 21:19:03,2026-01-23 02:19:03.259122+00:00,initial_state,NCAAB,draftkings,"North Texas Mean Green vs East Carolina Pirates, 2026-01-23, 01",North Texas Mean Green,East Carolina Pirates,Total,,134.5,O,-105,https://sportsbook.draftkings.com/event/east-carolina-%40-north-texas/33510242?outcomes=0OU83102587O13450_1
2026-01-22 21:19:03,2026-01-23 02:19:03.259122+00:00,initial_state,NCAAB,draftkings,"North Texas Mean Green vs East Carolina Pirates, 2026-01-23, 01",North Texas Mean Green,East Carolina Pirates,Total,,134.5,U,-115,https://sportsbook.draftkings.com/event/east-carolina-%40-north-texas/33510242?outcomes=0OU83102587U13450_3
2026-01-22 21:19:03,2026-01-23 02:19:03.259131+00:00,initial_state,NCAAB,draftkings,"Louisiana Bulldogs vs Kennesaw State Owls, 2026-01-23, 02",Louisiana Bulldogs,Kennesaw State Owls,Spread,Kennesaw State Owls,-1.5,,+105,https://sportsbook.draftkings.com/event/kennesaw-state-%40-louisiana-tech/33510240?outcomes=0HC83102584N150_3
2026-01-22 21:19:03,2026-01-23 02:19:03.259131+00:00,initial_state,NCAAB,draftkings,"Louisiana Bulldogs vs Kennesaw State Owls, 2026-01-23, 02",Louisiana Bulldogs,Kennesaw State Owls,Spread,Louisiana Bulldogs,1.5,,-125,https://sportsbook.draftkings.com/event/kennesaw-state-%40-louisiana-tech/33510240?outcomes=0HC83102584P150_1
2026-01-22 21:19:03,2026-01-23 02:19:03.259131+00:00,initial_state,NCAAB,draftkings,"Louisiana Bulldogs vs Kennesaw State Owls, 2026-01-23, 02",Louisiana Bulldogs,Kennesaw State Owls,Total,,143.5,O,-115,https://sportsbook.draftkings.com/event/kennesaw-state-%40-louisiana-tech/33510240?outcomes=0OU83102584O14350_1
2026-01-22 21:19:03,2026-01-23 02:19:03.259131+00:00,initial_state,NCAAB,draftkings,"Louisiana Bulldogs vs Kennesaw State Owls, 2026-01-23, 02",Louisiana Bulldogs,Kennesaw State Owls,Total,,143.5,U,-105,https://sportsbook.draftkings.com/event/kennesaw-state-%40-louisiana-tech/33510240?outcomes=0OU83102584U14350_3
2026-01-22 21:19:03,2026-01-23 02:19:03.259139+00:00,initial_state,NCAAB,draftkings,"North Carolina Spartans vs Furman Paladins, 2026-01-23, 03",North Carolina Spartans,Furman Paladins,Total,,150.5,O,-115,https://sportsbook.draftkings.com/event/furman-%40-unc-greensboro/33510249?outcomes=0OU83102590O15050_1
2026-01-22 21:19:03,2026-01-23 02:19:03.259139+00:00,initial_state,NCAAB,draftkings,"North Carolina Spartans vs Furman Paladins, 2026-01-23, 03",North Carolina Spartans,Furman Paladins,Total,,150.5,U,-105,https://sportsbook.draftkings.com/event/furman-%40-unc-greensboro/33510249?outcomes=0OU83102590U15050_3
2026-01-22 21:19:03,2026-01-23 02:19:03.259149+00:00,initial_state,NCAAB,draftkings,"St. Bonaventure Bonnies vs Saint Louis Billikens, 2026-01-23, 05",St. Bonaventure Bonnies,Saint Louis Billikens,Spread,Saint Louis Billikens,-8.5,,-110,https://sportsbook.draftkings.com/event/saint-louis-%40-saint-bonaventure/33510243?outcomes=0HC83102586N850_3
2026-01-22 21:19:03,2026-01-23 02:19:03.259149+00:00,initial_state,NCAAB,draftkings,"St. Bonaventure Bonnies vs Saint Louis Billikens, 2026-01-23, 05",St. Bonaventure Bonnies,Saint Louis Billikens,Spread,St. Bonaventure Bonnies,8.5,,-110,https://sportsbook.draftkings.com/event/saint-louis-%40-saint-bonaventure/33510243?outcomes=0HC83102586P850_1
2026-01-22 21:19:03,2026-01-23 02:19:03.259149+00:00,initial_state,NCAAB,draftkings,"St. Bonaventure Bonnies vs Saint Louis Billikens, 2026-01-23, 05",St. Bonaventure Bonnies,Saint Louis Billikens,Total,,158.5,O,-105,https://sportsbook.draftkings.com/event/saint-louis-%40-saint-bonaventure/33510243?outcomes=0OU83102586O15850_1
2026-01-22 21:19:03,2026-01-23 02:19:03.259149+00:00,initial_state,NCAAB,draftkings,"St. Bonaventure Bonnies vs Saint Louis Billikens, 2026-01-23, 05",St. Bonaventure Bonnies,Saint Louis Billikens,Total,,158.5,U,-115,https://sportsbook.draftkings.com/event/saint-louis-%40-saint-bonaventure/33510243?outcomes=0OU83102586U15850_3
2026-01-22 21:19:03,2026-01-23 02:19:03.259157+00:00,initial_state,NCAAB,draftkings,"Rutgers Scarlet Knights vs Indiana Hoosiers, 2026-01-23, 06",Rutgers Scarlet Knights,Indiana Hoosiers,Spread,Indiana Hoosiers,-7.5,,-108,https://sportsbook.draftkings.com/event/indiana-%40-rutgers/33510244?outcomes=0HC83102589N750_3
2026-01-22 21:19:03,2026-01-23 02:19:03.259157+00:00,initial_state,NCAAB,draftkings,"Rutgers Scarlet Knights vs Indiana Hoosiers, 2026-01-23, 06",Rutgers Scarlet Knights,Indiana Hoosiers,Spread,Rutgers Scarlet Knights,7.5,,-112,https://sportsbook.draftkings.com/event/indiana-%40-rutgers/33510244?outcomes=0HC83102589P750_1
2026-01-22 21:19:03,2026-01-23 02:19:03.259157+00:00,initial_state,NCAAB,draftkings,"Rutgers Scarlet Knights vs Indiana Hoosiers, 2026-01-23, 06",Rutgers Scarlet Knights,Indiana Hoosiers,Total,,147.5,O,-115,https://sportsbook.draftkings.com/event/indiana-%40-rutgers/33510244?outcomes=0OU83102589O14750_1
2026-01-22 21:19:03,2026-01-23 02:19:03.259157+00:00,initial_state,NCAAB,draftkings,"Rutgers Scarlet Knights vs Indiana Hoosiers, 2026-01-23, 06",Rutgers Scarlet Knights,Indiana Hoosiers,Total,,147.5,U,-105,https://sportsbook.draftkings.com/event/indiana-%40-rutgers/33510244?outcomes=0OU83102589U14750_3
2026-01-22 21:19:03,2026-01-23 02:19:03.259166+00:00,initial_state,NCAAB,draftkings,"Buffalo Bulls vs Massachusetts Minutemen, 2026-01-23, 07",Buffalo Bulls,Massachusetts Minutemen,Spread,Massachusetts Minutemen,-1.5,,-112,https://sportsbook.draftkings.com/event/umass-%40-buffalo/33510245?outcomes=0HC83102592N150_3
2026-01-22 21:19:03,2026-01-23 02:19:03.259166+00:00,initial_state,NCAAB,draftkings,"Buffalo Bulls vs Massachusetts Minutemen, 2026-01-23, 07",Buffalo Bulls,Massachusetts Minutemen,Spread,Buffalo Bulls,1.5,,-108,https://sportsbook.draftkings.com/event/umass-%40-buffalo/33510245?outcomes=0HC83102592P150_1
2026-01-22 21:19:03,2026-01-23 02:19:03.259166+00:00,initial_state,NCAAB,draftkings,"Buffalo Bulls vs Massachusetts Minutemen, 2026-01-23, 07",Buffalo Bulls,Massachusetts Minutemen,Total,,159.5,O,-108,https://sportsbook.draftkings.com/event/umass-%40-buffalo/33510245?outcomes=0OU83102592O15950_1
2026-01-22 21:19:03,2026-01-23 02:19:03.259166+00:00,initial_state,NCAAB,draftkings,"Buffalo Bulls vs Massachusetts Minutemen, 2026-01-23, 07",Buffalo Bulls,Massachusetts Minutemen,Total,,159.5,U,-112,https://sportsbook.draftkings.com/event/umass-%40-buffalo/33510245?outcomes=0OU83102592U15950_3
2026-01-22 21:19:03,2026-01-23 02:19:03.259174+00:00,initial_state,NCAAB,draftkings,"Tennessee Buccaneers vs Citadel Bulldogs, 2026-01-23, 07",Tennessee Buccaneers,Citadel Bulldogs,Spread,Citadel Bulldogs,17.5,,-115,https://sportsbook.draftkings.com/event/the-citadel-%40-etsu/33510241?outcomes=0HC83102585P1750_3
2026-01-22 21:19:03,2026-01-23 02:19:03.259174+00:00,initial_state,NCAAB,draftkings,"Tennessee Buccaneers vs Citadel Bulldogs, 2026-01-23, 07",Tennessee Buccaneers,Citadel Bulldogs,Spread,Tennessee Buccaneers,-17.5,,-105,https://sportsbook.draftkings.com/event/the-citadel-%40-etsu/33510241?outcomes=0HC83102585N1750_1
2026-01-22 21:19:03,2026-01-23 02:19:03.259174+00:00,initial_state,NCAAB,draftkings,"Tennessee Buccaneers vs Citadel Bulldogs, 2026-01-23, 07",Tennessee Buccaneers,Citadel Bulldogs,Total,,140.5,O,-110,https://sportsbook.draftkings.com/event/the-citadel-%40-etsu/33510241?outcomes=0OU83102585O14050_1
2026-01-22 21:19:03,2026-01-23 02:19:03.259174+00:00,initial_state,NCAAB,draftkings,"Tennessee Buccaneers vs Citadel Bulldogs, 2026-01-23, 07",Tennessee Buccaneers,Citadel Bulldogs,Total,,140.5,U,-110,https://sportsbook.draftkings.com/event/the-citadel-%40-etsu/33510241?outcomes=0OU83102585U14050_3
2026-01-22 21:19:03,2026-01-23 02:19:03.259182+00:00,initial_state,NCAAB,draftkings,"North Carolina Charlotte 49ers vs Tulane Green Wave, 2026-01-23, 07",North Carolina Charlotte 49ers,Tulane Green Wave,Total,,143.5,O,-110,https://sportsbook.draftkings.com/event/tulane-%40-charlotte/33510239?outcomes=0OU83102583O14350_1
2026-01-22 21:19:03,2026-01-23 02:19:03.259182+00:00,initial_state,NCAAB,draftkings,"North Carolina Charlotte 49ers vs Tulane Green Wave, 2026-01-23, 07",North Carolina Charlotte 49ers,Tulane Green Wave,Total,,143.5,U,-110,https://sportsbook.draftkings.com/event/tulane-%40-charlotte/33510239?outcomes=0OU83102583U14350_3
2026-01-22 21:19:03,2026-01-23 02:19:03.259190+00:00,initial_state,NCAAB,draftkings,"Michigan Wolverines vs Ohio State Buckeyes, 2026-01-23, 08",Michigan Wolverines,Ohio State Buckeyes,Spread,Ohio State Buckeyes,15.5,,-112,https://sportsbook.draftkings.com/event/ohio-state-%40-michigan/33510248?outcomes=0HC83102594P1550_3
2026-01-22 21:19:03,2026-01-23 02:19:03.259190+00:00,initial_state,NCAAB,draftkings,"Michigan Wolverines vs Ohio State Buckeyes, 2026-01-23, 08",Michigan Wolverines,Ohio State Buckeyes,Spread,Michigan Wolverines,-15.5,,-108,https://sportsbook.draftkings.com/event/ohio-state-%40-michigan/33510248?outcomes=0HC83102594N1550_1
2026-01-22 21:19:03,2026-01-23 02:19:03.259190+00:00,initial_state,NCAAB,draftkings,"Michigan Wolverines vs Ohio State Buckeyes, 2026-01-23, 08",Michigan Wolverines,Ohio State Buckeyes,Total,,162.5,O,-110,https://sportsbook.draftkings.com/event/ohio-state-%40-michigan/33510248?outcomes=0OU83102594O16250_1
2026-01-22 21:19:03,2026-01-23 02:19:03.259190+00:00,initial_state,NCAAB,draftkings,"Michigan Wolverines vs Ohio State Buckeyes, 2026-01-23, 08",Michigan Wolverines,Ohio State Buckeyes,Total,,162.5,U,-110,https://sportsbook.draftkings.com/event/ohio-state-%40-michigan/33510248?outcomes=0OU83102594U16250_3
2026-01-22 21:19:03,2026-01-23 02:19:03.259199+00:00,initial_state,NCAAB,draftkings,"Butler Bulldogs vs Marquette Golden Eagles, 2026-01-23, 08",Butler Bulldogs,Marquette Golden Eagles,Spread,Marquette Golden Eagles,7.5,,-115,https://sportsbook.draftkings.com/event/marquette-%40-butler/33510246?outcomes=0HC83102588P750_3
2026-01-22 21:19:03,2026-01-23 02:19:03.259199+00:00,initial_state,NCAAB,draftkings,"Butler Bulldogs vs Marquette Golden Eagles, 2026-01-23, 08",Butler Bulldogs,Marquette Golden Eagles,Spread,Butler Bulldogs,-7.5,,-105,https://sportsbook.draftkings.com/event/marquette-%40-butler/33510246?outcomes=0HC83102588N750_1
2026-01-22 21:19:03,2026-01-23 02:19:03.259199+00:00,initial_state,NCAAB,draftkings,"Butler Bulldogs vs Marquette Golden Eagles, 2026-01-23, 08",Butler Bulldogs,Marquette Golden Eagles,Total,,160.5,O,-110,https://sportsbook.draftkings.com/event/marquette-%40-butler/33510246?outcomes=0OU83102588O16050_1
2026-01-22 21:19:03,2026-01-23 02:19:03.259199+00:00,initial_state,NCAAB,draftkings,"Butler Bulldogs vs Marquette Golden Eagles, 2026-01-23, 08",Butler Bulldogs,Marquette Golden Eagles,Total,,160.5,U,-110,https://sportsbook.draftkings.com/event/marquette-%40-butler/33510246?outcomes=0OU83102588U16050_3
2026-01-22 21:19:03,2026-01-23 02:19:03.259207+00:00,initial_state,NCAAB,draftkings,"Ohio Bobcats vs Akron Zips, 2026-01-23, 08",Ohio Bobcats,Akron Zips,Spread,Akron Zips,-9.5,,-102,https://sportsbook.draftkings.com/event/akron-%40-ohio/33510247?outcomes=0HC83102593N950_3
2026-01-22 21:19:03,2026-01-23 02:19:03.259207+00:00,initial_state,NCAAB,draftkings,"Ohio Bobcats vs Akron Zips, 2026-01-23, 08",Ohio Bobcats,Akron Zips,Spread,Ohio Bobcats,9.5,,-118,https://sportsbook.draftkings.com/event/akron-%40-ohio/33510247?outcomes=0HC83102593P950_1
2026-01-22 21:19:03,2026-01-23 02:19:03.259207+00:00,initial_state,NCAAB,draftkings,"Ohio Bobcats vs Akron Zips, 2026-01-23, 08",Ohio Bobcats,Akron Zips,Total,,168.5,O,-115,https://sportsbook.draftkings.com/event/akron-%40-ohio/33510247?outcomes=0OU83102593O16850_1
2026-01-22 21:19:03,2026-01-23 02:19:03.259207+00:00,initial_state,NCAAB,draftkings,"Ohio Bobcats vs Akron Zips, 2026-01-23, 08",Ohio Bobcats,Akron Zips,Total,,168.5,U,-105,https://sportsbook.draftkings.com/event/akron-%40-ohio/33510247?outcomes=0OU83102593U16850_3
2026-01-22 21:19:03,2026-01-23 02:19:03.259216+00:00,initial_state,NCAAB,draftkings,"Colorado State Rams vs Utah State Aggies, 2026-01-23, 10",Colorado State Rams,Utah State Aggies,Spread,Utah State Aggies,-3.5,,-115,https://sportsbook.draftkings.com/event/utah-state-%40-colorado-state/33510250?outcomes=0HC83102591N350_3
2026-01-22 21:19:03,2026-01-23 02:19:03.259216+00:00,initial_state,NCAAB,draftkings,"Colorado State Rams vs Utah State Aggies, 2026-01-23, 10",Colorado State Rams,Utah State Aggies,Spread,Colorado State Rams,3.5,,-105,https://sportsbook.draftkings.com/event/utah-state-%40-colorado-state/33510250?outcomes=0HC83102591P350_1
2026-01-22 21:19:03,2026-01-23 02:19:03.259216+00:00,initial_state,NCAAB,draftkings,"Colorado State Rams vs Utah State Aggies, 2026-01-23, 10",Colorado State Rams,Utah State Aggies,Total,,148.5,O,-110,https://sportsbook.draftkings.com/event/utah-state-%40-colorado-state/33510250?outcomes=0OU83102591O14850_1
2026-01-22 21:19:03,2026-01-23 02:19:03.259216+00:00,initial_state,NCAAB,draftkings,"Colorado State Rams vs Utah State Aggies, 2026-01-23, 10",Colorado State Rams,Utah State Aggies,Total,,148.5,U,-110,https://sportsbook.draftkings.com/event/utah-state-%40-colorado-state/33510250?outcomes=0OU83102591U14850_3
2026-01-22 21:19:03,2026-01-23 02:19:03.259306+00:00,initial_state,NCAAB,fanduel,"Hawaii Rainbow Warriors vs Cal State Bakersfield Roadrunners, 2026-01-22, 11",Hawaii Rainbow Warriors,Cal State Bakersfield Roadrunners,Total,,144.5,O,-105,https://sportsbook.fanduel.ca/addToBetslip?marketId=801.153975542&selectionId=7017823
2026-01-22 21:19:03,2026-01-23 02:19:03.259306+00:00,initial_state,NCAAB,fanduel,"Hawaii Rainbow Warriors vs Cal State Bakersfield Roadrunners, 2026-01-22, 11",Hawaii Rainbow Warriors,Cal State Bakersfield Roadrunners,Total,,144.5,U,-115,https://sportsbook.fanduel.ca/addToBetslip?marketId=801.153975542&selectionId=7017824
2026-01-22 21:19:03,2026-01-23 02:19:03.259306+00:00,initial_state,NCAAB,fanduel,"Hawaii Rainbow Warriors vs Cal State Bakersfield Roadrunners, 2026-01-22, 11",Hawaii Rainbow Warriors,Cal State Bakersfield Roadrunners,Spread,Cal State Bakersfield Roadrunners,10.5,,+200,https://sportsbook.fanduel.ca/addToBetslip?marketId=801.154057178&selectionId=4542340
2026-01-22 21:19:03,2026-01-23 02:19:03.259306+00:00,initial_state,NCAAB,fanduel,"Hawaii Rainbow Warriors vs Cal State Bakersfield Roadrunners, 2026-01-22, 11",Hawaii Rainbow Warriors,Cal State Bakersfield Roadrunners,Spread,Hawaii Rainbow Warriors,-10.5,,-265,https://sportsbook.fanduel.ca/addToBetslip?marketId=801.154057178&selectionId=42154131
2026-01-22 21:19:03,2026-01-23 02:19:03.259306+00:00,initial_state,NCAAB,fanduel,"Hawaii Rainbow Warriors vs Cal State Bakersfield Roadrunners, 2026-01-22, 11",Hawaii Rainbow Warriors,Cal State Bakersfield Roadrunners,Spread,Cal State Bakersfield Roadrunners,7.5,,+310,https://sportsbook.fanduel.ca/addToBetslip?marketId=801.154057177&selectionId=4542340
2026-01-22 21:19:03,2026-01-23 02:19:03.259306+00:00,initial_state,NCAAB,fanduel,"Hawaii Rainbow Warriors vs Cal State Bakersfield Roadrunners, 2026-01-22, 11",Hawaii Rainbow Warriors,Cal State Bakersfield Roadrunners,Spread,Hawaii Rainbow Warriors,-7.5,,-440,https://sportsbook.fanduel.ca/addToBetslip?marketId=801.154057177&selectionId=42154131
2026-01-22 21:19:03,2026-01-23 02:19:03.259306+00:00,initial_state,NCAAB,fanduel,"Hawaii Rainbow Warriors vs Cal State Bakersfield Roadrunners, 2026-01-22, 11",Hawaii Rainbow Warriors,Cal State Bakersfield Roadrunners,Spread,Cal State Bakersfield Roadrunners,13.5,,+128,https://sportsbook.fanduel.ca/addToBetslip?marketId=801.154057119&selectionId=4542340
2026-01-22 21:19:03,2026-01-23 02:19:03.259306+00:00,initial_state,NCAAB,fanduel,"Hawaii Rainbow Warriors vs Cal State Bakersfield Roadrunners, 2026-01-22, 11",Hawaii Rainbow Warriors,Cal State Bakersfield Roadrunners,Spread,Hawaii Rainbow Warriors,-13.5,,-166,https://sportsbook.fanduel.ca/addToBetslip?marketId=801.154057119&selectionId=42154131
2026-01-22 21:19:03,2026-01-23 02:19:03.259306+00:00,initial_state,NCAAB,fanduel,"Hawaii Rainbow Warriors vs Cal State Bakersfield Roadrunners, 2026-01-22, 11",Hawaii Rainbow Warriors,Cal State Bakersfield Roadrunners,Total,,137.5,O,-240,https://sportsbook.fanduel.ca/addToBetslip?marketId=801.154057170&selectionId=7017823
2026-01-22 21:19:03,2026-01-23 02:19:03.259306+00:00,initial_state,NCAAB,fanduel,"Hawaii Rainbow Warriors vs Cal State Bakersfield Roadrunners, 2026-01-22, 11",Hawaii Rainbow Warriors,Cal State Bakersfield Roadrunners,Total,,137.5,U,+178,https://sportsbook.fanduel.ca/addToBetslip?marketId=801.154057170&selectionId=7017824
2026-01-22 21:19:03,2026-01-23 02:19:03.259306+00:00,initial_state,NCAAB,fanduel,"Hawaii Rainbow Warriors vs Cal State Bakersfield Roadrunners, 2026-01-22, 11",Hawaii Rainbow Warriors,Cal State Bakersfield Roadrunners,Total,,149.5,O,+162,https://sportsbook.fanduel.ca/addToBetslip?marketId=801.154057110&selectionId=7017823
2026-01-22 21:19:03,2026-01-23 02:19:03.259306+00:00,initial_state,NCAAB,fanduel,"Hawaii Rainbow Warriors vs Cal State Bakersfield Roadrunners, 2026-01-22, 11",Hawaii Rainbow Warriors,Cal State Bakersfield Roadrunners,Total,,149.5,U,-215,https://sportsbook.fanduel.ca/addToBetslip?marketId=801.154057110&selectionId=7017824
2026-01-22 21:19:03,2026-01-23 02:19:03.259306+00:00,initial_state,NCAAB,fanduel,"Hawaii Rainbow Warriors vs Cal State Bakersfield Roadrunners, 2026-01-22, 11",Hawaii Rainbow Warriors,Cal State Bakersfield Roadrunners,Total,,134.5,O,-345,https://sportsbook.fanduel.ca/addToBetslip?marketId=801.154057134&selectionId=7017823
2026-01-22 21:19:03,2026-01-23 02:19:03.259306+00:00,initial_state,NCAAB,fanduel,"Hawaii Rainbow Warriors vs Cal State Bakersfield Roadrunners, 2026-01-22, 11",Hawaii Rainbow Warriors,Cal State Bakersfield Roadrunners,Total,,134.5,U,+245,https://sportsbook.fanduel.ca/addToBetslip?marketId=801.154057134&selectionId=7017824
2026-01-22 21:19:03,2026-01-23 02:19:03.259306+00:00,initial_state,NCAAB,fanduel,"Hawaii Rainbow Warriors vs Cal State Bakersfield Roadrunners, 2026-01-22, 11",Hawaii Rainbow Warriors,Cal State Bakersfield Roadrunners,Spread,Cal State Bakersfield Roadrunners,25.5,,-390,https://sportsbook.fanduel.ca/addToBetslip?marketId=801.154057174&selectionId=4542340
2026-01-22 21:19:03,2026-01-23 02:19:03.259306+00:00,initial_state,NCAAB,fanduel,"Hawaii Rainbow Warriors vs Cal State Bakersfield Roadrunners, 2026-01-22, 11",Hawaii Rainbow Warriors,Cal State Bakersfield Roadrunners,Spread,Hawaii Rainbow Warriors,-25.5,,+280,https://sportsbook.fanduel.ca/addToBetslip?marketId=801.154057174&selectionId=42154131
2026-01-22 21:19:03,2026-01-23 02:19:03.259306+00:00,initial_state,NCAAB,fanduel,"Hawaii Rainbow Warriors vs Cal State Bakersfield Roadrunners, 2026-01-22, 11",Hawaii Rainbow Warriors,Cal State Bakersfield Roadrunners,Spread,Cal State Bakersfield Roadrunners,22.5,,-250,https://sportsbook.fanduel.ca/addToBetslip?marketId=801.154057176&selectionId=4542340
2026-01-22 21:19:03,2026-01-23 02:19:03.259306+00:00,initial_state,NCAAB,fanduel,"Hawaii Rainbow Warriors vs Cal State Bakersfield Roadrunners, 2026-01-22, 11",Hawaii Rainbow Warriors,Cal State Bakersfield Roadrunners,Spread,Hawaii Rainbow Warriors,-22.5,,+190,https://sportsbook.fanduel.ca/addToBetslip?marketId=801.154057176&selectionId=42154131
2026-01-22 21:19:03,2026-01-23 02:19:03.259306+00:00,initial_state,NCAAB,fanduel,"Hawaii Rainbow Warriors vs Cal State Bakersfield Roadrunners, 2026-01-22, 11",Hawaii Rainbow Warriors,Cal State Bakersfield Roadrunners,Total,,140.5,O,-170,https://sportsbook.fanduel.ca/addToBetslip?marketId=801.154057132&selectionId=7017823
2026-01-22 21:19:03,2026-01-23 02:19:03.259306+00:00,initial_state,NCAAB,fanduel,"Hawaii Rainbow Warriors vs Cal State Bakersfield Roadrunners, 2026-01-22, 11",Hawaii Rainbow Warriors,Cal State Bakersfield Roadrunners,Total,,140.5,U,+130,https://sportsbook.fanduel.ca/addToBetslip?marketId=801.154057132&selectionId=7017824
2026-01-22 21:19:03,2026-01-23 02:19:03.259306+00:00,initial_state,NCAAB,fanduel,"Hawaii Rainbow Warriors vs Cal State Bakersfield Roadrunners, 2026-01-22, 11",Hawaii Rainbow Warriors,Cal State Bakersfield Roadrunners,Total,,146.5,O,+114,https://sportsbook.fanduel.ca/addToBetslip?marketId=801.154057140&selectionId=7017823
2026-01-22 21:19:03,2026-01-23 02:19:03.259306+00:00,initial_state,NCAAB,fanduel,"Hawaii Rainbow Warriors vs Cal State Bakersfield Roadrunners, 2026-01-22, 11",Hawaii Rainbow Warriors,Cal State Bakersfield Roadrunners,Total,,146.5,U,-148,https://sportsbook.fanduel.ca/addToBetslip?marketId=801.154057140&selectionId=7017824
2026-01-22 21:19:03,2026-01-23 02:19:03.259306+00:00,initial_state,NCAAB,fanduel,"Hawaii Rainbow Warriors vs Cal State Bakersfield Roadrunners, 2026-01-22, 11",Hawaii Rainbow Warriors,Cal State Bakersfield Roadrunners,Spread,Cal State Bakersfield Roadrunners,16.5,,-110,https://sportsbook.fanduel.ca/addToBetslip?marketId=801.153975541&selectionId=4542340
2026-01-22 21:19:03,2026-01-23 02:19:03.259306+00:00,initial_state,NCAAB,fanduel,"Hawaii Rainbow Warriors vs Cal State Bakersfield Roadrunners, 2026-01-22, 11",Hawaii Rainbow Warriors,Cal State Bakersfield Roadrunners,Spread,Hawaii Rainbow Warriors,-16.5,,-110,https://sportsbook.fanduel.ca/addToBetslip?marketId=801.153975541&selectionId=42154131
2026-01-22 21:19:03,2026-01-23 02:19:03.259306+00:00,initial_state,NCAAB,fanduel,"Hawaii Rainbow Warriors vs Cal State Bakersfield Roadrunners, 2026-01-22, 11",Hawaii Rainbow Warriors,Cal State Bakersfield Roadrunners,Total,,152.5,O,+215,https://sportsbook.fanduel.ca/addToBetslip?marketId=801.154057171&selectionId=7017823
2026-01-22 21:19:03,2026-01-23 02:19:03.259306+00:00,initial_state,NCAAB,fanduel,"Hawaii Rainbow Warriors vs Cal State Bakersfield Roadrunners, 2026-01-22, 11",Hawaii Rainbow Warriors,Cal State Bakersfield Roadrunners,Total,,152.5,U,-295,https://sportsbook.fanduel.ca/addToBetslip?marketId=801.154057171&selectionId=7017824
2026-01-22 21:19:03,2026-01-23 02:19:03.259306+00:00,initial_state,NCAAB,fanduel,"Hawaii Rainbow Warriors vs Cal State Bakersfield Roadrunners, 2026-01-22, 11",Hawaii Rainbow Warriors,Cal State Bakersfield Roadrunners,Spread,Cal State Bakersfield Roadrunners,19.5,,-172,https://sportsbook.fanduel.ca/addToBetslip?marketId=801.154057116&selectionId=4542340
2026-01-22 21:19:03,2026-01-23 02:19:03.259306+00:00,initial_state,NCAAB,fanduel,"Hawaii Rainbow Warriors vs Cal State Bakersfield Roadrunners, 2026-01-22, 11",Hawaii Rainbow Warriors,Cal State Bakersfield Roadrunners,Spread,Hawaii Rainbow Warriors,-19.5,,+134,https://sportsbook.fanduel.ca/addToBetslip?marketId=801.154057116&selectionId=42154131
2026-01-22 21:19:03,2026-01-23 02:19:03.259381+00:00,initial_state,NCAAB,fanduel,"Idaho Vandals vs Sacramento State Hornets, 2026-01-22, 09",Idaho Vandals,Sacramento State Hornets,Total,,164.5,O,-220,https://sportsbook.fanduel.ca/addToBetslip?marketId=801.154050302&selectionId=7017823
2026-01-22 21:19:03,2026-01-23 02:19:03.259381+00:00,initial_state,NCAAB,fanduel,"Idaho Vandals vs Sacramento State Hornets, 2026-01-22, 09",Idaho Vandals,Sacramento State Hornets,Total,,164.5,U,+155,https://sportsbook.fanduel.ca/addToBetslip?marketId=801.154050302&selectionId=7017824
2026-01-22 21:19:03,2026-01-23 02:19:03.259381+00:00,initial_state,NCAAB,fanduel,"Idaho Vandals vs Sacramento State Hornets, 2026-01-22, 09",Idaho Vandals,Sacramento State Hornets,Total,,179.5,O,+220,https://sportsbook.fanduel.ca/addToBetslip?marketId=801.154050319&selectionId=7017823
2026-01-22 21:19:03,2026-01-23 02:19:03.259381+00:00,initial_state,NCAAB,fanduel,"Idaho Vandals vs Sacramento State Hornets, 2026-01-22, 09",Idaho Vandals,Sacramento State Hornets,Total,,179.5,U,-340,https://sportsbook.fanduel.ca/addToBetslip?marketId=801.154050319&selectionId=7017824
2026-01-22 21:19:03,2026-01-23 02:19:03.259381+00:00,initial_state,NCAAB,fanduel,"Idaho Vandals vs Sacramento State Hornets, 2026-01-22, 09",Idaho Vandals,Sacramento State Hornets,Total,,176.5,O,+160,https://sportsbook.fanduel.ca/addToBetslip?marketId=801.154050365&selectionId=7017823
2026-01-22 21:19:03,2026-01-23 02:19:03.259381+00:00,initial_state,NCAAB,fanduel,"Idaho Vandals vs Sacramento State Hornets, 2026-01-22, 09",Idaho Vandals,Sacramento State Hornets,Total,,176.5,U,-230,https://sportsbook.fanduel.ca/addToBetslip?marketId=801.154050365&selectionId=7017824
2026-01-22 21:19:03,2026-01-23 02:19:03.259381+00:00,initial_state,NCAAB,fanduel,"Idaho Vandals vs Sacramento State Hornets, 2026-01-22, 09",Idaho Vandals,Sacramento State Hornets,Total,,173.5,O,+120,https://sportsbook.fanduel.ca/addToBetslip?marketId=801.154050311&selectionId=7017823
2026-01-22 21:19:03,2026-01-23 02:19:03.259381+00:00,initial_state,NCAAB,fanduel,"Idaho Vandals vs Sacramento State Hornets, 2026-01-22, 09",Idaho Vandals,Sacramento State Hornets,Total,,173.5,U,-165,https://sportsbook.fanduel.ca/addToBetslip?marketId=801.154050311&selectionId=7017824
2026-01-22 21:19:03,2026-01-23 02:19:03.259381+00:00,initial_state,NCAAB,fanduel,"Idaho Vandals vs Sacramento State Hornets, 2026-01-22, 09",Idaho Vandals,Sacramento State Hornets,Total,,170.5,O,-110,https://sportsbook.fanduel.ca/addToBetslip?marketId=801.153975201&selectionId=7017823
2026-01-22 21:19:03,2026-01-23 02:19:03.259381+00:00,initial_state,NCAAB,fanduel,"Idaho Vandals vs Sacramento State Hornets, 2026-01-22, 09",Idaho Vandals,Sacramento State Hornets,Total,,170.5,U,-120,https://sportsbook.fanduel.ca/addToBetslip?marketId=801.153975201&selectionId=7017824
2026-01-22 21:19:03,2026-01-23 02:19:03.259381+00:00,initial_state,NCAAB,fanduel,"Idaho Vandals vs Sacramento State Hornets, 2026-01-22, 09",Idaho Vandals,Sacramento State Hornets,Spread,Sacramento State Hornets,7.5,,+135,https://sportsbook.fanduel.ca/addToBetslip?marketId=801.154050290&selectionId=5145582
2026-01-22 21:19:03,2026-01-23 02:19:03.259381+00:00,initial_state,NCAAB,fanduel,"Idaho Vandals vs Sacramento State Hornets, 2026-01-22, 09",Idaho Vandals,Sacramento State Hornets,Spread,Idaho Vandals,-7.5,,-185,https://sportsbook.fanduel.ca/addToBetslip?marketId=801.154050290&selectionId=711059
2026-01-22 21:19:03,2026-01-23 02:19:03.259381+00:00,initial_state,NCAAB,fanduel,"Idaho Vandals vs Sacramento State Hornets, 2026-01-22, 09",Idaho Vandals,Sacramento State Hornets,Spread,Sacramento State Hornets,13.5,,-180,https://sportsbook.fanduel.ca/addToBetslip?marketId=801.154050357&selectionId=5145582
2026-01-22 21:19:03,2026-01-23 02:19:03.259381+00:00,initial_state,NCAAB,fanduel,"Idaho Vandals vs Sacramento State Hornets, 2026-01-22, 09",Idaho Vandals,Sacramento State Hornets,Spread,Idaho Vandals,-13.5,,+135,https://sportsbook.fanduel.ca/addToBetslip?marketId=801.154050357&selectionId=711059
2026-01-22 21:19:03,2026-01-23 02:19:03.259381+00:00,initial_state,NCAAB,fanduel,"Idaho Vandals vs Sacramento State Hornets, 2026-01-22, 09",Idaho Vandals,Sacramento State Hornets,Total,,161.5,O,-340,https://sportsbook.fanduel.ca/addToBetslip?marketId=801.154050314&selectionId=7017823
2026-01-22 21:19:03,2026-01-23 02:19:03.259381+00:00,initial_state,NCAAB,fanduel,"Idaho Vandals vs Sacramento State Hornets, 2026-01-22, 09",Idaho Vandals,Sacramento State Hornets,Total,,161.5,U,+220,https://sportsbook.fanduel.ca/addToBetslip?marketId=801.154050314&selectionId=7017824
2026-01-22 21:19:03,2026-01-23 02:19:03.259381+00:00,initial_state,NCAAB,fanduel,"Idaho Vandals vs Sacramento State Hornets, 2026-01-22, 09",Idaho Vandals,Sacramento State Hornets,Spread,Sacramento State Hornets,4.5,,+240,https://sportsbook.fanduel.ca/addToBetslip?marketId=801.154050335&selectionId=5145582
2026-01-22 21:19:03,2026-01-23 02:19:03.259381+00:00,initial_state,NCAAB,fanduel,"Idaho Vandals vs Sacramento State Hornets, 2026-01-22, 09",Idaho Vandals,Sacramento State Hornets,Spread,Idaho Vandals,-4.5,,-350,https://sportsbook.fanduel.ca/addToBetslip?marketId=801.154050335&selectionId=711059
2026-01-22 21:19:03,2026-01-23 02:19:03.259381+00:00,initial_state,NCAAB,fanduel,"Idaho Vandals vs Sacramento State Hornets, 2026-01-22, 09",Idaho Vandals,Sacramento State Hornets,Total,,167.5,O,-155,https://sportsbook.fanduel.ca/addToBetslip?marketId=801.154050317&selectionId=7017823
2026-01-22 21:19:03,2026-01-23 02:19:03.259381+00:00,initial_state,NCAAB,fanduel,"Idaho Vandals vs Sacramento State Hornets, 2026-01-22, 09",Idaho Vandals,Sacramento State Hornets,Total,,167.5,U,+110,https://sportsbook.fanduel.ca/addToBetslip?marketId=801.154050317&selectionId=7017824
2026-01-22 21:19:03,2026-01-23 02:19:03.259381+00:00,initial_state,NCAAB,fanduel,"Idaho Vandals vs Sacramento State Hornets, 2026-01-22, 09",Idaho Vandals,Sacramento State Hornets,Spread,Sacramento State Hornets,19.5,,-460,https://sportsbook.fanduel.ca/addToBetslip?marketId=801.154050292&selectionId=5145582
2026-01-22 21:19:03,2026-01-23 02:19:03.259381+00:00,initial_state,NCAAB,fanduel,"Idaho Vandals vs Sacramento State Hornets, 2026-01-22, 09",Idaho Vandals,Sacramento State Hornets,Spread,Idaho Vandals,-19.5,,+310,https://sportsbook.fanduel.ca/addToBetslip?marketId=801.154050292&selectionId=711059
2026-01-22 21:19:03,2026-01-23 02:19:03.259381+00:00,initial_state,NCAAB,fanduel,"Idaho Vandals vs Sacramento State Hornets, 2026-01-22, 09",Idaho Vandals,Sacramento State Hornets,Spread,Sacramento State Hornets,1.5,,+450,https://sportsbook.fanduel.ca/addToBetslip?marketId=801.154050285&selectionId=5145582
2026-01-22 21:19:03,2026-01-23 02:19:03.259381+00:00,initial_state,NCAAB,fanduel,"Idaho Vandals vs Sacramento State Hornets, 2026-01-22, 09",Idaho Vandals,Sacramento State Hornets,Spread,Idaho Vandals,-1.5,,-750,https://sportsbook.fanduel.ca/addToBetslip?marketId=801.154050285&selectionId=711059
2026-01-22 21:19:03,2026-01-23 02:19:03.259381+00:00,initial_state,NCAAB,fanduel,"Idaho Vandals vs Sacramento State Hornets, 2026-01-22, 09",Idaho Vandals,Sacramento State Hornets,Spread,Sacramento State Hornets,10.5,,-114,https://sportsbook.fanduel.ca/addToBetslip?marketId=801.153975200&selectionId=5145582
2026-01-22 21:19:03,2026-01-23 02:19:03.259381+00:00,initial_state,NCAAB,fanduel,"Idaho Vandals vs Sacramento State Hornets, 2026-01-22, 09",Idaho Vandals,Sacramento State Hornets,Spread,Idaho Vandals,-10.5,,-114,https://sportsbook.fanduel.ca/addToBetslip?marketId=801.153975200&selectionId=711059
2026-01-22 21:19:03,2026-01-23 02:19:03.259381+00:00,initial_state,NCAAB,fanduel,"Idaho Vandals vs Sacramento State Hornets, 2026-01-22, 09",Idaho Vandals,Sacramento State Hornets,Spread,Sacramento State Hornets,16.5,,-290,https://sportsbook.fanduel.ca/addToBetslip?marketId=801.154050313&selectionId=5145582
2026-01-22 21:19:03,2026-01-23 02:19:03.259381+00:00,initial_state,NCAAB,fanduel,"Idaho Vandals vs Sacramento State Hornets, 2026-01-22, 09",Idaho Vandals,Sacramento State Hornets,Spread,Idaho Vandals,-16.5,,+200,https://sportsbook.fanduel.ca/addToBetslip?marketId=801.154050313&selectionId=711059
2026-01-22 21:19:03,2026-01-23 02:19:03.259444+00:00,initial_state,NCAAB,fanduel,"California Highlanders vs California Anteaters, 2026-01-22, 10",California Highlanders,California Anteaters,Total,,142.5,O,-105,https://sportsbook.fanduel.ca/addToBetslip?marketId=801.153975278&selectionId=7017823
2026-01-22 21:19:03,2026-01-23 02:19:03.259444+00:00,initial_state,NCAAB,fanduel,"California Highlanders vs California Anteaters, 2026-01-22, 10",California Highlanders,California Anteaters,Total,,142.5,U,-115,https://sportsbook.fanduel.ca/addToBetslip?marketId=801.153975278&selectionId=7017824
2026-01-22 21:19:03,2026-01-23 02:19:03.259444+00:00,initial_state,NCAAB,fanduel,"California Highlanders vs California Anteaters, 2026-01-22, 10",California Highlanders,California Anteaters,Spread,California Anteaters,1.5,,-500,https://sportsbook.fanduel.ca/addToBetslip?marketId=801.154056618&selectionId=734340
2026-01-22 21:19:03,2026-01-23 02:19:03.259444+00:00,initial_state,NCAAB,fanduel,"California Highlanders vs California Anteaters, 2026-01-22, 10",California Highlanders,California Anteaters,Spread,California Highlanders,-1.5,,+340,https://sportsbook.fanduel.ca/addToBetslip?marketId=801.154056618&selectionId=727609
2026-01-22 21:19:03,2026-01-23 02:19:03.259444+00:00,initial_state,NCAAB,fanduel,"California Highlanders vs California Anteaters, 2026-01-22, 10",California Highlanders,California Anteaters,Spread,California Anteaters,-13.5,,+200,https://sportsbook.fanduel.ca/addToBetslip?marketId=801.154056613&selectionId=734340
2026-01-22 21:19:03,2026-01-23 02:19:03.259444+00:00,initial_state,NCAAB,fanduel,"California Highlanders vs California Anteaters, 2026-01-22, 10",California Highlanders,California Anteaters,Spread,California Highlanders,13.5,,-265,https://sportsbook.fanduel.ca/addToBetslip?marketId=801.154056613&selectionId=727609
2026-01-22 21:19:03,2026-01-23 02:19:03.259444+00:00,initial_state,NCAAB,fanduel,"California Highlanders vs California Anteaters, 2026-01-22, 10",California Highlanders,California Anteaters,Spread,California Anteaters,-16.5,,+300,https://sportsbook.fanduel.ca/addToBetslip?marketId=801.154056675&selectionId=734340
2026-01-22 21:19:03,2026-01-23 02:19:03.259444+00:00,initial_state,NCAAB,fanduel,"California Highlanders vs California Anteaters, 2026-01-22, 10",California Highlanders,California Anteaters,Spread,California Highlanders,16.5,,-430,https://sportsbook.fanduel.ca/addToBetslip?marketId=801.154056675&selectionId=727609
2026-01-22 21:19:03,2026-01-23 02:19:03.259444+00:00,initial_state,NCAAB,fanduel,"California Highlanders vs California Anteaters, 2026-01-22, 10",California Highlanders,California Anteaters,Spread,California Anteaters,-1.5,,-360,https://sportsbook.fanduel.ca/addToBetslip?marketId=801.154056611&selectionId=734340
2026-01-22 21:19:03,2026-01-23 02:19:03.259444+00:00,initial_state,NCAAB,fanduel,"California Highlanders vs California Anteaters, 2026-01-22, 10",California Highlanders,California Anteaters,Spread,California Highlanders,1.5,,+260,https://sportsbook.fanduel.ca/addToBetslip?marketId=801.154056611&selectionId=727609
2026-01-22 21:19:03,2026-01-23 02:19:03.259444+00:00,initial_state,NCAAB,fanduel,"California Highlanders vs California Anteaters, 2026-01-22, 10",California Highlanders,California Anteaters,Spread,California Anteaters,-4.5,,-200,https://sportsbook.fanduel.ca/addToBetslip?marketId=801.154056666&selectionId=734340
2026-01-22 21:19:03,2026-01-23 02:19:03.259444+00:00,initial_state,NCAAB,fanduel,"California Highlanders vs California Anteaters, 2026-01-22, 10",California Highlanders,California Anteaters,Spread,California Highlanders,4.5,,+154,https://sportsbook.fanduel.ca/addToBetslip?marketId=801.154056666&selectionId=727609
2026-01-22 21:19:03,2026-01-23 02:19:03.259444+00:00,initial_state,NCAAB,fanduel,"California Highlanders vs California Anteaters, 2026-01-22, 10",California Highlanders,California Anteaters,Spread,California Anteaters,-10.5,,+134,https://sportsbook.fanduel.ca/addToBetslip?marketId=801.154056624&selectionId=734340
2026-01-22 21:19:03,2026-01-23 02:19:03.259444+00:00,initial_state,NCAAB,fanduel,"California Highlanders vs California Anteaters, 2026-01-22, 10",California Highlanders,California Anteaters,Spread,California Highlanders,10.5,,-172,https://sportsbook.fanduel.ca/addToBetslip?marketId=801.154056624&selectionId=727609
2026-01-22 21:19:03,2026-01-23 02:19:03.259444+00:00,initial_state,NCAAB,fanduel,"California Highlanders vs California Anteaters, 2026-01-22, 10",California Highlanders,California Anteaters,Total,,150.5,O,+220,https://sportsbook.fanduel.ca/addToBetslip?marketId=801.154056638&selectionId=7017823
2026-01-22 21:19:03,2026-01-23 02:19:03.259444+00:00,initial_state,NCAAB,fanduel,"California Highlanders vs California Anteaters, 2026-01-22, 10",California Highlanders,California Anteaters,Total,,150.5,U,-305,https://sportsbook.fanduel.ca/addToBetslip?marketId=801.154056638&selectionId=7017824
2026-01-22 21:19:03,2026-01-23 02:19:03.259444+00:00,initial_state,NCAAB,fanduel,"California Highlanders vs California Anteaters, 2026-01-22, 10",California Highlanders,California Anteaters,Total,,132.5,O,-335,https://sportsbook.fanduel.ca/addToBetslip?marketId=801.154056625&selectionId=7017823
2026-01-22 21:19:03,2026-01-23 02:19:03.259444+00:00,initial_state,NCAAB,fanduel,"California Highlanders vs California Anteaters, 2026-01-22, 10",California Highlanders,California Anteaters,Total,,132.5,U,+240,https://sportsbook.fanduel.ca/addToBetslip?marketId=801.154056625&selectionId=7017824
2026-01-22 21:19:03,2026-01-23 02:19:03.259444+00:00,initial_state,NCAAB,fanduel,"California Highlanders vs California Anteaters, 2026-01-22, 10",California Highlanders,California Anteaters,Total,,147.5,O,+165,https://sportsbook.fanduel.ca/addToBetslip?marketId=801.154056645&selectionId=7017823
2026-01-22 21:19:03,2026-01-23 02:19:03.259444+00:00,initial_state,NCAAB,fanduel,"California Highlanders vs California Anteaters, 2026-01-22, 10",California Highlanders,California Anteaters,Total,,147.5,U,-220,https://sportsbook.fanduel.ca/addToBetslip?marketId=801.154056645&selectionId=7017824
2026-01-22 21:19:03,2026-01-23 02:19:03.259444+00:00,initial_state,NCAAB,fanduel,"California Highlanders vs California Anteaters, 2026-01-22, 10",California Highlanders,California Anteaters,Total,,144.5,O,+120,https://sportsbook.fanduel.ca/addToBetslip?marketId=801.154056628&selectionId=7017823
2026-01-22 21:19:03,2026-01-23 02:19:03.259444+00:00,initial_state,NCAAB,fanduel,"California Highlanders vs California Anteaters, 2026-01-22, 10",California Highlanders,California Anteaters,Total,,144.5,U,-156,https://sportsbook.fanduel.ca/addToBetslip?marketId=801.154056628&selectionId=7017824
2026-01-22 21:19:03,2026-01-23 02:19:03.259444+00:00,initial_state,NCAAB,fanduel,"California Highlanders vs California Anteaters, 2026-01-22, 10",California Highlanders,California Anteaters,Total,,135.5,O,-235,https://sportsbook.fanduel.ca/addToBetslip?marketId=801.154056687&selectionId=7017823
2026-01-22 21:19:03,2026-01-23 02:19:03.259444+00:00,initial_state,NCAAB,fanduel,"California Highlanders vs California Anteaters, 2026-01-22, 10",California Highlanders,California Anteaters,Total,,135.5,U,+175,https://sportsbook.fanduel.ca/addToBetslip?marketId=801.154056687&selectionId=7017824
2026-01-22 21:19:03,2026-01-23 02:19:03.259444+00:00,initial_state,NCAAB,fanduel,"California Highlanders vs California Anteaters, 2026-01-22, 10",California Highlanders,California Anteaters,Spread,California Anteaters,-8.5,,-102,https://sportsbook.fanduel.ca/addToBetslip?marketId=801.153975279&selectionId=734340
2026-01-22 21:19:03,2026-01-23 02:19:03.259444+00:00,initial_state,NCAAB,fanduel,"California Highlanders vs California Anteaters, 2026-01-22, 10",California Highlanders,California Anteaters,Spread,California Highlanders,8.5,,-120,https://sportsbook.fanduel.ca/addToBetslip?marketId=801.153975279&selectionId=727609
2026-01-22 21:19:03,2026-01-23 02:19:03.259444+00:00,initial_state,NCAAB,fanduel,"California Highlanders vs California Anteaters, 2026-01-22, 10",California Highlanders,California Anteaters,Total,,138.5,O,-164,https://sportsbook.fanduel.ca/addToBetslip?marketId=801.154056635&selectionId=7017823
2026-01-22 21:19:03,2026-01-23 02:19:03.259444+00:00,initial_state,NCAAB,fanduel,"California Highlanders vs California Anteaters, 2026-01-22, 10",California Highlanders,California Anteaters,Total,,138.5,U,+125,https://sportsbook.fanduel.ca/addToBetslip?marketId=801.154056635&selectionId=7017824
2026-01-22 21:19:03,2026-01-23 02:19:03.259505+00:00,initial_state,NCAAB,fanduel,"Cal State Fullerton Titans vs Long Beach State 49ers, 2026-01-22, 10",Cal State Fullerton Titans,Long Beach State 49ers,Spread,Long Beach State 49ers,-0.5,,+140,https://sportsbook.fanduel.ca/addToBetslip?marketId=801.154042229&selectionId=732126
2026-01-22 21:19:03,2026-01-23 02:19:03.259505+00:00,initial_state,NCAAB,fanduel,"Cal State Fullerton Titans vs Long Beach State 49ers, 2026-01-22, 10",Cal State Fullerton Titans,Long Beach State 49ers,Total,,157.5,O,-154,https://sportsbook.fanduel.ca/addToBetslip?marketId=801.154042239&selectionId=7017823
2026-01-22 21:19:03,2026-01-23 02:19:03.259505+00:00,initial_state,NCAAB,fanduel,"Cal State Fullerton Titans vs Long Beach State 49ers, 2026-01-22, 10",Cal State Fullerton Titans,Long Beach State 49ers,Total,,157.5,U,+118,https://sportsbook.fanduel.ca/addToBetslip?marketId=801.154042239&selectionId=7017824
2026-01-22 21:19:03,2026-01-23 02:19:03.259505+00:00,initial_state,NCAAB,fanduel,"Cal State Fullerton Titans vs Long Beach State 49ers, 2026-01-22, 10",Cal State Fullerton Titans,Long Beach State 49ers,Total,,163.5,O,+120,https://sportsbook.fanduel.ca/addToBetslip?marketId=801.154042181&selectionId=7017823
2026-01-22 21:19:03,2026-01-23 02:19:03.259505+00:00,initial_state,NCAAB,fanduel,"Cal State Fullerton Titans vs Long Beach State 49ers, 2026-01-22, 10",Cal State Fullerton Titans,Long Beach State 49ers,Total,,163.5,U,-156,https://sportsbook.fanduel.ca/addToBetslip?marketId=801.154042181&selectionId=7017824
2026-01-22 21:19:03,2026-01-23 02:19:03.259505+00:00,initial_state,NCAAB,fanduel,"Cal State Fullerton Titans vs Long Beach State 49ers, 2026-01-22, 10",Cal State Fullerton Titans,Long Beach State 49ers,Total,,160.5,O,-110,https://sportsbook.fanduel.ca/addToBetslip?marketId=801.153975357&selectionId=7017823
2026-01-22 21:19:03,2026-01-23 02:19:03.259505+00:00,initial_state,NCAAB,fanduel,"Cal State Fullerton Titans vs Long Beach State 49ers, 2026-01-22, 10",Cal State Fullerton Titans,Long Beach State 49ers,Total,,160.5,U,-110,https://sportsbook.fanduel.ca/addToBetslip?marketId=801.153975357&selectionId=7017824
2026-01-22 21:19:03,2026-01-23 02:19:03.259505+00:00,initial_state,NCAAB,fanduel,"Cal State Fullerton Titans vs Long Beach State 49ers, 2026-01-22, 10",Cal State Fullerton Titans,Long Beach State 49ers,Total,,169.5,O,+215,https://sportsbook.fanduel.ca/addToBetslip?marketId=801.154042173&selectionId=7017823
2026-01-22 21:19:03,2026-01-23 02:19:03.259505+00:00,initial_state,NCAAB,fanduel,"Cal State Fullerton Titans vs Long Beach State 49ers, 2026-01-22, 10",Cal State Fullerton Titans,Long Beach State 49ers,Total,,169.5,U,-295,https://sportsbook.fanduel.ca/addToBetslip?marketId=801.154042173&selectionId=7017824
2026-01-22 21:19:03,2026-01-23 02:19:03.259505+00:00,initial_state,NCAAB,fanduel,"Cal State Fullerton Titans vs Long Beach State 49ers, 2026-01-22, 10",Cal State Fullerton Titans,Long Beach State 49ers,Total,,154.5,O,-215,https://sportsbook.fanduel.ca/addToBetslip?marketId=801.154042240&selectionId=7017823
2026-01-22 21:19:03,2026-01-23 02:19:03.259505+00:00,initial_state,NCAAB,fanduel,"Cal State Fullerton Titans vs Long Beach State 49ers, 2026-01-22, 10",Cal State Fullerton Titans,Long Beach State 49ers,Total,,154.5,U,+162,https://sportsbook.fanduel.ca/addToBetslip?marketId=801.154042240&selectionId=7017824
2026-01-22 21:19:03,2026-01-23 02:19:03.259505+00:00,initial_state,NCAAB,fanduel,"Cal State Fullerton Titans vs Long Beach State 49ers, 2026-01-22, 10",Cal State Fullerton Titans,Long Beach State 49ers,Total,,166.5,O,+162,https://sportsbook.fanduel.ca/addToBetslip?marketId=801.154042170&selectionId=7017823
2026-01-22 21:19:03,2026-01-23 02:19:03.259505+00:00,initial_state,NCAAB,fanduel,"Cal State Fullerton Titans vs Long Beach State 49ers, 2026-01-22, 10",Cal State Fullerton Titans,Long Beach State 49ers,Total,,166.5,U,-215,https://sportsbook.fanduel.ca/addToBetslip?marketId=801.154042170&selectionId=7017824
2026-01-22 21:19:03,2026-01-23 02:19:03.259505+00:00,initial_state,NCAAB,fanduel,"Cal State Fullerton Titans vs Long Beach State 49ers, 2026-01-22, 10",Cal State Fullerton Titans,Long Beach State 49ers,Total,,151.5,O,-295,https://sportsbook.fanduel.ca/addToBetslip?marketId=801.154042167&selectionId=7017823
2026-01-22 21:19:03,2026-01-23 02:19:03.259505+00:00,initial_state,NCAAB,fanduel,"Cal State Fullerton Titans vs Long Beach State 49ers, 2026-01-22, 10",Cal State Fullerton Titans,Long Beach State 49ers,Total,,151.5,U,+215,https://sportsbook.fanduel.ca/addToBetslip?marketId=801.154042167&selectionId=7017824
2026-01-22 21:19:03,2026-01-23 02:19:03.259505+00:00,initial_state,NCAAB,fanduel,"Cal State Fullerton Titans vs Long Beach State 49ers, 2026-01-22, 10",Cal State Fullerton Titans,Long Beach State 49ers,Spread,Long Beach State 49ers,6.5,,-210,https://sportsbook.fanduel.ca/addToBetslip?marketId=801.154042150&selectionId=732126
2026-01-22 21:19:03,2026-01-23 02:19:03.259505+00:00,initial_state,NCAAB,fanduel,"Cal State Fullerton Titans vs Long Beach State 49ers, 2026-01-22, 10",Cal State Fullerton Titans,Long Beach State 49ers,Spread,Cal State Fullerton Titans,-6.5,,+162,https://sportsbook.fanduel.ca/addToBetslip?marketId=801.154042150&selectionId=2909534
2026-01-22 21:19:03,2026-01-23 02:19:03.259505+00:00,initial_state,NCAAB,fanduel,"Cal State Fullerton Titans vs Long Beach State 49ers, 2026-01-22, 10",Cal State Fullerton Titans,Long Beach State 49ers,Spread,Long Beach State 49ers,9.5,,-350,https://sportsbook.fanduel.ca/addToBetslip?marketId=801.154042233&selectionId=732126
2026-01-22 21:19:03,2026-01-23 02:19:03.259505+00:00,initial_state,NCAAB,fanduel,"Cal State Fullerton Titans vs Long Beach State 49ers, 2026-01-22, 10",Cal State Fullerton Titans,Long Beach State 49ers,Spread,Cal State Fullerton Titans,-9.5,,+255,https://sportsbook.fanduel.ca/addToBetslip?marketId=801.154042233&selectionId=2909534
2026-01-22 21:19:03,2026-01-23 02:19:03.259505+00:00,initial_state,NCAAB,fanduel,"Cal State Fullerton Titans vs Long Beach State 49ers, 2026-01-22, 10",Cal State Fullerton Titans,Long Beach State 49ers,Spread,Long Beach State 49ers,-2.5,,+190,https://sportsbook.fanduel.ca/addToBetslip?marketId=801.154042189&selectionId=732126
2026-01-22 21:19:03,2026-01-23 02:19:03.259505+00:00,initial_state,NCAAB,fanduel,"Cal State Fullerton Titans vs Long Beach State 49ers, 2026-01-22, 10",Cal State Fullerton Titans,Long Beach State 49ers,Spread,Cal State Fullerton Titans,2.5,,-250,https://sportsbook.fanduel.ca/addToBetslip?marketId=801.154042189&selectionId=2909534
2026-01-22 21:19:03,2026-01-23 02:19:03.259505+00:00,initial_state,NCAAB,fanduel,"Cal State Fullerton Titans vs Long Beach State 49ers, 2026-01-22, 10",Cal State Fullerton Titans,Long Beach State 49ers,Spread,Long Beach State 49ers,12.5,,-590,https://sportsbook.fanduel.ca/addToBetslip?marketId=801.154042198&selectionId=732126
2026-01-22 21:19:03,2026-01-23 02:19:03.259505+00:00,initial_state,NCAAB,fanduel,"Cal State Fullerton Titans vs Long Beach State 49ers, 2026-01-22, 10",Cal State Fullerton Titans,Long Beach State 49ers,Spread,Cal State Fullerton Titans,-12.5,,+390,https://sportsbook.fanduel.ca/addToBetslip?marketId=801.154042198&selectionId=2909534
2026-01-22 21:19:03,2026-01-23 02:19:03.259505+00:00,initial_state,NCAAB,fanduel,"Cal State Fullerton Titans vs Long Beach State 49ers, 2026-01-22, 10",Cal State Fullerton Titans,Long Beach State 49ers,Spread,Long Beach State 49ers,-5.5,,+310,https://sportsbook.fanduel.ca/addToBetslip?marketId=801.154042222&selectionId=732126
2026-01-22 21:19:03,2026-01-23 02:19:03.259505+00:00,initial_state,NCAAB,fanduel,"Cal State Fullerton Titans vs Long Beach State 49ers, 2026-01-22, 10",Cal State Fullerton Titans,Long Beach State 49ers,Spread,Cal State Fullerton Titans,5.5,,-440,https://sportsbook.fanduel.ca/addToBetslip?marketId=801.154042222&selectionId=2909534
2026-01-22 21:19:03,2026-01-23 02:19:03.259505+00:00,initial_state,NCAAB,fanduel,"Cal State Fullerton Titans vs Long Beach State 49ers, 2026-01-22, 10",Cal State Fullerton Titans,Long Beach State 49ers,Spread,Cal State Fullerton Titans,-0.5,,-180,https://sportsbook.fanduel.ca/addToBetslip?marketId=801.154042229&selectionId=2909534
2026-01-22 21:19:03,2026-01-23 02:19:03.259505+00:00,initial_state,NCAAB,fanduel,"Cal State Fullerton Titans vs Long Beach State 49ers, 2026-01-22, 10",Cal State Fullerton Titans,Long Beach State 49ers,Spread,Long Beach State 49ers,3.5,,-114,https://sportsbook.fanduel.ca/addToBetslip?marketId=801.153975358&selectionId=732126
2026-01-22 21:19:03,2026-01-23 02:19:03.259505+00:00,initial_state,NCAAB,fanduel,"Cal State Fullerton Titans vs Long Beach State 49ers, 2026-01-22, 10",Cal State Fullerton Titans,Long Beach State 49ers,Spread,Cal State Fullerton Titans,-3.5,,-106,https://sportsbook.fanduel.ca/addToBetslip?marketId=801.153975358&selectionId=2909534
2026-01-22 21:19:03,2026-01-23 02:19:03.259574+00:00,initial_state,NCAAB,fanduel,"Denver Pioneers vs North Dakota State Bison, 2026-01-22, 09",Denver Pioneers,North Dakota State Bison,Total,,165.5,O,-165,https://sportsbook.fanduel.ca/addToBetslip?marketId=801.154051359&selectionId=7017823
2026-01-22 21:19:03,2026-01-23 02:19:03.259574+00:00,initial_state,NCAAB,fanduel,"Denver Pioneers vs North Dakota State Bison, 2026-01-22, 09",Denver Pioneers,North Dakota State Bison,Total,,165.5,U,+120,https://sportsbook.fanduel.ca/addToBetslip?marketId=801.154051359&selectionId=7017824
2026-01-22 21:19:03,2026-01-23 02:19:03.259574+00:00,initial_state,NCAAB,fanduel,"Denver Pioneers vs North Dakota State Bison, 2026-01-22, 09",Denver Pioneers,North Dakota State Bison,Total,,177.5,O,+210,https://sportsbook.fanduel.ca/addToBetslip?marketId=801.154051384&selectionId=7017823
2026-01-22 21:19:03,2026-01-23 02:19:03.259574+00:00,initial_state,NCAAB,fanduel,"Denver Pioneers vs North Dakota State Bison, 2026-01-22, 09",Denver Pioneers,North Dakota State Bison,Total,,177.5,U,-320,https://sportsbook.fanduel.ca/addToBetslip?marketId=801.154051384&selectionId=7017824
2026-01-22 21:19:03,2026-01-23 02:19:03.259574+00:00,initial_state,NCAAB,fanduel,"Denver Pioneers vs North Dakota State Bison, 2026-01-22, 09",Denver Pioneers,North Dakota State Bison,Total,,174.5,O,+150,https://sportsbook.fanduel.ca/addToBetslip?marketId=801.154051374&selectionId=7017823
2026-01-22 21:19:03,2026-01-23 02:19:03.259574+00:00,initial_state,NCAAB,fanduel,"Denver Pioneers vs North Dakota State Bison, 2026-01-22, 09",Denver Pioneers,North Dakota State Bison,Total,,174.5,U,-220,https://sportsbook.fanduel.ca/addToBetslip?marketId=801.154051374&selectionId=7017824
2026-01-22 21:19:03,2026-01-23 02:19:03.259574+00:00,initial_state,NCAAB,fanduel,"Denver Pioneers vs North Dakota State Bison, 2026-01-22, 09",Denver Pioneers,North Dakota State Bison,Spread,North Dakota State Bison,0.5,,-600,https://sportsbook.fanduel.ca/addToBetslip?marketId=801.154051383&selectionId=3755902
2026-01-22 21:19:03,2026-01-23 02:19:03.259574+00:00,initial_state,NCAAB,fanduel,"Denver Pioneers vs North Dakota State Bison, 2026-01-22, 09",Denver Pioneers,North Dakota State Bison,Spread,Denver Pioneers,-0.5,,+370,https://sportsbook.fanduel.ca/addToBetslip?marketId=801.154051383&selectionId=13124
2026-01-22 21:19:03,2026-01-23 02:19:03.259574+00:00,initial_state,NCAAB,fanduel,"Denver Pioneers vs North Dakota State Bison, 2026-01-22, 09",Denver Pioneers,North Dakota State Bison,Spread,North Dakota State Bison,-17.5,,+310,https://sportsbook.fanduel.ca/addToBetslip?marketId=801.154051355&selectionId=3755902
2026-01-22 21:19:03,2026-01-23 02:19:03.259574+00:00,initial_state,NCAAB,fanduel,"Denver Pioneers vs North Dakota State Bison, 2026-01-22, 09",Denver Pioneers,North Dakota State Bison,Spread,Denver Pioneers,17.5,,-460,https://sportsbook.fanduel.ca/addToBetslip?marketId=801.154051355&selectionId=13124
2026-01-22 21:19:03,2026-01-23 02:19:03.259574+00:00,initial_state,NCAAB,fanduel,"Denver Pioneers vs North Dakota State Bison, 2026-01-22, 09",Denver Pioneers,North Dakota State Bison,Spread,North Dakota State Bison,-5.5,,-200,https://sportsbook.fanduel.ca/addToBetslip?marketId=801.154051397&selectionId=3755902
2026-01-22 21:19:03,2026-01-23 02:19:03.259574+00:00,initial_state,NCAAB,fanduel,"Denver Pioneers vs North Dakota State Bison, 2026-01-22, 09",Denver Pioneers,North Dakota State Bison,Spread,Denver Pioneers,5.5,,+145,https://sportsbook.fanduel.ca/addToBetslip?marketId=801.154051397&selectionId=13124
2026-01-22 21:19:03,2026-01-23 02:19:03.259574+00:00,initial_state,NCAAB,fanduel,"Denver Pioneers vs North Dakota State Bison, 2026-01-22, 09",Denver Pioneers,North Dakota State Bison,Spread,North Dakota State Bison,-14.5,,+200,https://sportsbook.fanduel.ca/addToBetslip?marketId=801.154051398&selectionId=3755902
2026-01-22 21:19:03,2026-01-23 02:19:03.259574+00:00,initial_state,NCAAB,fanduel,"Denver Pioneers vs North Dakota State Bison, 2026-01-22, 09",Denver Pioneers,North Dakota State Bison,Spread,Denver Pioneers,14.5,,-290,https://sportsbook.fanduel.ca/addToBetslip?marketId=801.154051398&selectionId=13124
2026-01-22 21:19:03,2026-01-23 02:19:03.259574+00:00,initial_state,NCAAB,fanduel,"Denver Pioneers vs North Dakota State Bison, 2026-01-22, 09",Denver Pioneers,North Dakota State Bison,Total,,171.5,O,+110,https://sportsbook.fanduel.ca/addToBetslip?marketId=801.154051373&selectionId=7017823
2026-01-22 21:19:03,2026-01-23 02:19:03.259574+00:00,initial_state,NCAAB,fanduel,"Denver Pioneers vs North Dakota State Bison, 2026-01-22, 09",Denver Pioneers,North Dakota State Bison,Total,,171.5,U,-155,https://sportsbook.fanduel.ca/addToBetslip?marketId=801.154051373&selectionId=7017824
2026-01-22 21:19:03,2026-01-23 02:19:03.259574+00:00,initial_state,NCAAB,fanduel,"Denver Pioneers vs North Dakota State Bison, 2026-01-22, 09",Denver Pioneers,North Dakota State Bison,Spread,North Dakota State Bison,-2.5,,-370,https://sportsbook.fanduel.ca/addToBetslip?marketId=801.154051348&selectionId=3755902
2026-01-22 21:19:03,2026-01-23 02:19:03.259574+00:00,initial_state,NCAAB,fanduel,"Denver Pioneers vs North Dakota State Bison, 2026-01-22, 09",Denver Pioneers,North Dakota State Bison,Spread,Denver Pioneers,2.5,,+250,https://sportsbook.fanduel.ca/addToBetslip?marketId=801.154051348&selectionId=13124
2026-01-22 21:19:03,2026-01-23 02:19:03.259574+00:00,initial_state,NCAAB,fanduel,"Denver Pioneers vs North Dakota State Bison, 2026-01-22, 09",Denver Pioneers,North Dakota State Bison,Spread,North Dakota State Bison,-8.5,,-122,https://sportsbook.fanduel.ca/addToBetslip?marketId=801.153982228&selectionId=3755902
2026-01-22 21:19:03,2026-01-23 02:19:03.259574+00:00,initial_state,NCAAB,fanduel,"Denver Pioneers vs North Dakota State Bison, 2026-01-22, 09",Denver Pioneers,North Dakota State Bison,Spread,Denver Pioneers,8.5,,-108,https://sportsbook.fanduel.ca/addToBetslip?marketId=801.153982228&selectionId=13124
2026-01-22 21:19:03,2026-01-23 02:19:03.259574+00:00,initial_state,NCAAB,fanduel,"Denver Pioneers vs North Dakota State Bison, 2026-01-22, 09",Denver Pioneers,North Dakota State Bison,Total,,168.5,O,-120,https://sportsbook.fanduel.ca/addToBetslip?marketId=801.153982229&selectionId=7017823
2026-01-22 21:19:03,2026-01-23 02:19:03.259574+00:00,initial_state,NCAAB,fanduel,"Denver Pioneers vs North Dakota State Bison, 2026-01-22, 09",Denver Pioneers,North Dakota State Bison,Total,,168.5,U,-110,https://sportsbook.fanduel.ca/addToBetslip?marketId=801.153982229&selectionId=7017824
2026-01-22 21:19:03,2026-01-23 02:19:03.259574+00:00,initial_state,NCAAB,fanduel,"Denver Pioneers vs North Dakota State Bison, 2026-01-22, 09",Denver Pioneers,North Dakota State Bison,Spread,North Dakota State Bison,-11.5,,+130,https://sportsbook.fanduel.ca/addToBetslip?marketId=801.154051366&selectionId=3755902
2026-01-22 21:19:03,2026-01-23 02:19:03.259574+00:00,initial_state,NCAAB,fanduel,"Denver Pioneers vs North Dakota State Bison, 2026-01-22, 09",Denver Pioneers,North Dakota State Bison,Spread,Denver Pioneers,11.5,,-175,https://sportsbook.fanduel.ca/addToBetslip?marketId=801.154051366&selectionId=13124
2026-01-22 21:19:03,2026-01-23 02:19:03.259574+00:00,initial_state,NCAAB,fanduel,"Denver Pioneers vs North Dakota State Bison, 2026-01-22, 09",Denver Pioneers,North Dakota State Bison,Total,,159.5,O,-350,https://sportsbook.fanduel.ca/addToBetslip?marketId=801.154051392&selectionId=7017823
2026-01-22 21:19:03,2026-01-23 02:19:03.259574+00:00,initial_state,NCAAB,fanduel,"Denver Pioneers vs North Dakota State Bison, 2026-01-22, 09",Denver Pioneers,North Dakota State Bison,Total,,159.5,U,+230,https://sportsbook.fanduel.ca/addToBetslip?marketId=801.154051392&selectionId=7017824
2026-01-22 21:19:03,2026-01-23 02:19:03.259574+00:00,initial_state,NCAAB,fanduel,"Denver Pioneers vs North Dakota State Bison, 2026-01-22, 09",Denver Pioneers,North Dakota State Bison,Total,,162.5,O,-230,https://sportsbook.fanduel.ca/addToBetslip?marketId=801.154051339&selectionId=7017823
2026-01-22 21:19:03,2026-01-23 02:19:03.259574+00:00,initial_state,NCAAB,fanduel,"Denver Pioneers vs North Dakota State Bison, 2026-01-22, 09",Denver Pioneers,North Dakota State Bison,Total,,162.5,U,+160,https://sportsbook.fanduel.ca/addToBetslip?marketId=801.154051339&selectionId=7017824
2026-01-22 21:19:03,2026-01-23 02:19:03.259641+00:00,initial_state,NCAAB,fanduel,"Montana Grizzlies vs Weber State Wildcats, 2026-01-22, 09",Montana Grizzlies,Weber State Wildcats,Spread,Montana Grizzlies,-0.5,,-210,https://sportsbook.fanduel.ca/addToBetslip?marketId=801.154054152&selectionId=1095272
2026-01-22 21:19:03,2026-01-23 02:19:03.259641+00:00,initial_state,NCAAB,fanduel,"Montana Grizzlies vs Weber State Wildcats, 2026-01-22, 09",Montana Grizzlies,Weber State Wildcats,Total,,173.5,O,+220,https://sportsbook.fanduel.ca/addToBetslip?marketId=801.154054146&selectionId=7017823
2026-01-22 21:19:03,2026-01-23 02:19:03.259641+00:00,initial_state,NCAAB,fanduel,"Montana Grizzlies vs Weber State Wildcats, 2026-01-22, 09",Montana Grizzlies,Weber State Wildcats,Total,,173.5,U,-340,https://sportsbook.fanduel.ca/addToBetslip?marketId=801.154054146&selectionId=7017824
2026-01-22 21:19:03,2026-01-23 02:19:03.259641+00:00,initial_state,NCAAB,fanduel,"Montana Grizzlies vs Weber State Wildcats, 2026-01-22, 09",Montana Grizzlies,Weber State Wildcats,Spread,Weber State Wildcats,-0.5,,+155,https://sportsbook.fanduel.ca/addToBetslip?marketId=801.154054152&selectionId=2330534
2026-01-22 21:19:03,2026-01-23 02:19:03.259641+00:00,initial_state,NCAAB,fanduel,"Montana Grizzlies vs Weber State Wildcats, 2026-01-22, 09",Montana Grizzlies,Weber State Wildcats,Total,,170.5,O,+155,https://sportsbook.fanduel.ca/addToBetslip?marketId=801.154054139&selectionId=7017823
2026-01-22 21:19:03,2026-01-23 02:19:03.259641+00:00,initial_state,NCAAB,fanduel,"Montana Grizzlies vs Weber State Wildcats, 2026-01-22, 09",Montana Grizzlies,Weber State Wildcats,Total,,170.5,U,-230,https://sportsbook.fanduel.ca/addToBetslip?marketId=801.154054139&selectionId=7017824
2026-01-22 21:19:03,2026-01-23 02:19:03.259641+00:00,initial_state,NCAAB,fanduel,"Montana Grizzlies vs Weber State Wildcats, 2026-01-22, 09",Montana Grizzlies,Weber State Wildcats,Total,,155.5,O,-370,https://sportsbook.fanduel.ca/addToBetslip?marketId=801.154054127&selectionId=7017823
2026-01-22 21:19:03,2026-01-23 02:19:03.259641+00:00,initial_state,NCAAB,fanduel,"Montana Grizzlies vs Weber State Wildcats, 2026-01-22, 09",Montana Grizzlies,Weber State Wildcats,Total,,155.5,U,+240,https://sportsbook.fanduel.ca/addToBetslip?marketId=801.154054127&selectionId=7017824
2026-01-22 21:19:03,2026-01-23 02:19:03.259641+00:00,initial_state,NCAAB,fanduel,"Montana Grizzlies vs Weber State Wildcats, 2026-01-22, 09",Montana Grizzlies,Weber State Wildcats,Total,,164.5,O,-114,https://sportsbook.fanduel.ca/addToBetslip?marketId=801.154011901&selectionId=7017823
2026-01-22 21:19:03,2026-01-23 02:19:03.259641+00:00,initial_state,NCAAB,fanduel,"Montana Grizzlies vs Weber State Wildcats, 2026-01-22, 09",Montana Grizzlies,Weber State Wildcats,Total,,164.5,U,-114,https://sportsbook.fanduel.ca/addToBetslip?marketId=801.154011901&selectionId=7017824
2026-01-22 21:19:03,2026-01-23 02:19:03.259641+00:00,initial_state,NCAAB,fanduel,"Montana Grizzlies vs Weber State Wildcats, 2026-01-22, 09",Montana Grizzlies,Weber State Wildcats,Total,,158.5,O,-240,https://sportsbook.fanduel.ca/addToBetslip?marketId=801.154054072&selectionId=7017823
2026-01-22 21:19:03,2026-01-23 02:19:03.259641+00:00,initial_state,NCAAB,fanduel,"Montana Grizzlies vs Weber State Wildcats, 2026-01-22, 09",Montana Grizzlies,Weber State Wildcats,Total,,158.5,U,+170,https://sportsbook.fanduel.ca/addToBetslip?marketId=801.154054072&selectionId=7017824
2026-01-22 21:19:03,2026-01-23 02:19:03.259641+00:00,initial_state,NCAAB,fanduel,"Montana Grizzlies vs Weber State Wildcats, 2026-01-22, 09",Montana Grizzlies,Weber State Wildcats,Total,,167.5,O,+115,https://sportsbook.fanduel.ca/addToBetslip?marketId=801.154054107&selectionId=7017823
2026-01-22 21:19:03,2026-01-23 02:19:03.259641+00:00,initial_state,NCAAB,fanduel,"Montana Grizzlies vs Weber State Wildcats, 2026-01-22, 09",Montana Grizzlies,Weber State Wildcats,Total,,167.5,U,-160,https://sportsbook.fanduel.ca/addToBetslip?marketId=801.154054107&selectionId=7017824
2026-01-22 21:19:03,2026-01-23 02:19:03.259641+00:00,initial_state,NCAAB,fanduel,"Montana Grizzlies vs Weber State Wildcats, 2026-01-22, 09",Montana Grizzlies,Weber State Wildcats,Total,,161.5,O,-165,https://sportsbook.fanduel.ca/addToBetslip?marketId=801.154054078&selectionId=7017823
2026-01-22 21:19:03,2026-01-23 02:19:03.259641+00:00,initial_state,NCAAB,fanduel,"Montana Grizzlies vs Weber State Wildcats, 2026-01-22, 09",Montana Grizzlies,Weber State Wildcats,Total,,161.5,U,+120,https://sportsbook.fanduel.ca/addToBetslip?marketId=801.154054078&selectionId=7017824
2026-01-22 21:19:03,2026-01-23 02:19:03.259641+00:00,initial_state,NCAAB,fanduel,"Montana Grizzlies vs Weber State Wildcats, 2026-01-22, 09",Montana Grizzlies,Weber State Wildcats,Spread,Weber State Wildcats,12.5,,-650,https://sportsbook.fanduel.ca/addToBetslip?marketId=801.154054076&selectionId=2330534
2026-01-22 21:19:03,2026-01-23 02:19:03.259641+00:00,initial_state,NCAAB,fanduel,"Montana Grizzlies vs Weber State Wildcats, 2026-01-22, 09",Montana Grizzlies,Weber State Wildcats,Spread,Montana Grizzlies,-12.5,,+390,https://sportsbook.fanduel.ca/addToBetslip?marketId=801.154054076&selectionId=1095272
2026-01-22 21:19:03,2026-01-23 02:19:03.259641+00:00,initial_state,NCAAB,fanduel,"Montana Grizzlies vs Weber State Wildcats, 2026-01-22, 09",Montana Grizzlies,Weber State Wildcats,Spread,Weber State Wildcats,9.5,,-340,https://sportsbook.fanduel.ca/addToBetslip?marketId=801.154054144&selectionId=2330534
2026-01-22 21:19:03,2026-01-23 02:19:03.259641+00:00,initial_state,NCAAB,fanduel,"Montana Grizzlies vs Weber State Wildcats, 2026-01-22, 09",Montana Grizzlies,Weber State Wildcats,Spread,Montana Grizzlies,-9.5,,+230,https://sportsbook.fanduel.ca/addToBetslip?marketId=801.154054144&selectionId=1095272
2026-01-22 21:19:03,2026-01-23 02:19:03.259641+00:00,initial_state,NCAAB,fanduel,"Montana Grizzlies vs Weber State Wildcats, 2026-01-22, 09",Montana Grizzlies,Weber State Wildcats,Spread,Weber State Wildcats,6.5,,-190,https://sportsbook.fanduel.ca/addToBetslip?marketId=801.154054112&selectionId=2330534
2026-01-22 21:19:03,2026-01-23 02:19:03.259641+00:00,initial_state,NCAAB,fanduel,"Montana Grizzlies vs Weber State Wildcats, 2026-01-22, 09",Montana Grizzlies,Weber State Wildcats,Spread,Montana Grizzlies,-6.5,,+140,https://sportsbook.fanduel.ca/addToBetslip?marketId=801.154054112&selectionId=1095272
2026-01-22 21:19:03,2026-01-23 02:19:03.259641+00:00,initial_state,NCAAB,fanduel,"Montana Grizzlies vs Weber State Wildcats, 2026-01-22, 09",Montana Grizzlies,Weber State Wildcats,Spread,Weber State Wildcats,-2.5,,+200,https://sportsbook.fanduel.ca/addToBetslip?marketId=801.154054110&selectionId=2330534
2026-01-22 21:19:03,2026-01-23 02:19:03.259641+00:00,initial_state,NCAAB,fanduel,"Montana Grizzlies vs Weber State Wildcats, 2026-01-22, 09",Montana Grizzlies,Weber State Wildcats,Spread,Montana Grizzlies,2.5,,-290,https://sportsbook.fanduel.ca/addToBetslip?marketId=801.154054110&selectionId=1095272
2026-01-22 21:19:03,2026-01-23 02:19:03.259641+00:00,initial_state,NCAAB,fanduel,"Montana Grizzlies vs Weber State Wildcats, 2026-01-22, 09",Montana Grizzlies,Weber State Wildcats,Spread,Weber State Wildcats,3.5,,-112,https://sportsbook.fanduel.ca/addToBetslip?marketId=801.154005532&selectionId=2330534
2026-01-22 21:19:03,2026-01-23 02:19:03.259641+00:00,initial_state,NCAAB,fanduel,"Montana Grizzlies vs Weber State Wildcats, 2026-01-22, 09",Montana Grizzlies,Weber State Wildcats,Spread,Montana Grizzlies,-3.5,,-118,https://sportsbook.fanduel.ca/addToBetslip?marketId=801.154005532&selectionId=1095272
2026-01-22 21:19:03,2026-01-23 02:19:03.259641+00:00,initial_state,NCAAB,fanduel,"Montana Grizzlies vs Weber State Wildcats, 2026-01-22, 09",Montana Grizzlies,Weber State Wildcats,Spread,Weber State Wildcats,-5.5,,+350,https://sportsbook.fanduel.ca/addToBetslip?marketId=801.154054122&selectionId=2330534
2026-01-22 21:19:03,2026-01-23 02:19:03.259641+00:00,initial_state,NCAAB,fanduel,"Montana Grizzlies vs Weber State Wildcats, 2026-01-22, 09",Montana Grizzlies,Weber State Wildcats,Spread,Montana Grizzlies,5.5,,-550,https://sportsbook.fanduel.ca/addToBetslip?marketId=801.154054122&selectionId=1095272
2026-01-22 21:19:03,2026-01-23 02:19:03.259708+00:00,initial_state,NCAAB,fanduel,"California Gauchos vs California Polytechnic Mustangs, 2026-01-22, 09",California Gauchos,California Polytechnic Mustangs,Spread,California Polytechnic Mustangs,21.5,,-165,https://sportsbook.fanduel.ca/addToBetslip?marketId=801.154053706&selectionId=5145585
2026-01-22 21:19:03,2026-01-23 02:19:03.259708+00:00,initial_state,NCAAB,fanduel,"California Gauchos vs California Polytechnic Mustangs, 2026-01-22, 09",California Gauchos,California Polytechnic Mustangs,Spread,California Gauchos,-21.5,,+125,https://sportsbook.fanduel.ca/addToBetslip?marketId=801.154053706&selectionId=4389435
2026-01-22 21:19:03,2026-01-23 02:19:03.259708+00:00,initial_state,NCAAB,fanduel,"California Gauchos vs California Polytechnic Mustangs, 2026-01-22, 09",California Gauchos,California Polytechnic Mustangs,Spread,California Polytechnic Mustangs,24.5,,-260,https://sportsbook.fanduel.ca/addToBetslip?marketId=801.154053708&selectionId=5145585
2026-01-22 21:19:03,2026-01-23 02:19:03.259708+00:00,initial_state,NCAAB,fanduel,"California Gauchos vs California Polytechnic Mustangs, 2026-01-22, 09",California Gauchos,California Polytechnic Mustangs,Spread,California Gauchos,-24.5,,+185,https://sportsbook.fanduel.ca/addToBetslip?marketId=801.154053708&selectionId=4389435
2026-01-22 21:19:03,2026-01-23 02:19:03.259708+00:00,initial_state,NCAAB,fanduel,"California Gauchos vs California Polytechnic Mustangs, 2026-01-22, 09",California Gauchos,California Polytechnic Mustangs,Spread,California Polytechnic Mustangs,15.5,,+130,https://sportsbook.fanduel.ca/addToBetslip?marketId=801.154053710&selectionId=5145585
2026-01-22 21:19:03,2026-01-23 02:19:03.259708+00:00,initial_state,NCAAB,fanduel,"California Gauchos vs California Polytechnic Mustangs, 2026-01-22, 09",California Gauchos,California Polytechnic Mustangs,Spread,California Gauchos,-15.5,,-175,https://sportsbook.fanduel.ca/addToBetslip?marketId=801.154053710&selectionId=4389435
2026-01-22 21:19:03,2026-01-23 02:19:03.259708+00:00,initial_state,NCAAB,fanduel,"California Gauchos vs California Polytechnic Mustangs, 2026-01-22, 09",California Gauchos,California Polytechnic Mustangs,Spread,California Polytechnic Mustangs,18.5,,-112,https://sportsbook.fanduel.ca/addToBetslip?marketId=801.154005536&selectionId=5145585
2026-01-22 21:19:03,2026-01-23 02:19:03.259708+00:00,initial_state,NCAAB,fanduel,"California Gauchos vs California Polytechnic Mustangs, 2026-01-22, 09",California Gauchos,California Polytechnic Mustangs,Spread,California Gauchos,-18.5,,-118,https://sportsbook.fanduel.ca/addToBetslip?marketId=801.154005536&selectionId=4389435
2026-01-22 21:19:03,2026-01-23 02:19:03.259708+00:00,initial_state,NCAAB,fanduel,"California Gauchos vs California Polytechnic Mustangs, 2026-01-22, 09",California Gauchos,California Polytechnic Mustangs,Spread,California Polytechnic Mustangs,27.5,,-400,https://sportsbook.fanduel.ca/addToBetslip?marketId=801.154053751&selectionId=5145585
2026-01-22 21:19:03,2026-01-23 02:19:03.259708+00:00,initial_state,NCAAB,fanduel,"California Gauchos vs California Polytechnic Mustangs, 2026-01-22, 09",California Gauchos,California Polytechnic Mustangs,Spread,California Gauchos,-27.5,,+270,https://sportsbook.fanduel.ca/addToBetslip?marketId=801.154053751&selectionId=4389435
2026-01-22 21:19:03,2026-01-23 02:19:03.259708+00:00,initial_state,NCAAB,fanduel,"California Gauchos vs California Polytechnic Mustangs, 2026-01-22, 09",California Gauchos,California Polytechnic Mustangs,Spread,California Polytechnic Mustangs,12.5,,+200,https://sportsbook.fanduel.ca/addToBetslip?marketId=801.154053725&selectionId=5145585
2026-01-22 21:19:03,2026-01-23 02:19:03.259708+00:00,initial_state,NCAAB,fanduel,"California Gauchos vs California Polytechnic Mustangs, 2026-01-22, 09",California Gauchos,California Polytechnic Mustangs,Spread,California Gauchos,-12.5,,-280,https://sportsbook.fanduel.ca/addToBetslip?marketId=801.154053725&selectionId=4389435
2026-01-22 21:19:03,2026-01-23 02:19:03.259708+00:00,initial_state,NCAAB,fanduel,"California Gauchos vs California Polytechnic Mustangs, 2026-01-22, 09",California Gauchos,California Polytechnic Mustangs,Spread,California Polytechnic Mustangs,9.5,,+320,https://sportsbook.fanduel.ca/addToBetslip?marketId=801.154053721&selectionId=5145585
2026-01-22 21:19:03,2026-01-23 02:19:03.259708+00:00,initial_state,NCAAB,fanduel,"California Gauchos vs California Polytechnic Mustangs, 2026-01-22, 09",California Gauchos,California Polytechnic Mustangs,Spread,California Gauchos,-9.5,,-480,https://sportsbook.fanduel.ca/addToBetslip?marketId=801.154053721&selectionId=4389435
2026-01-22 21:19:03,2026-01-23 02:19:03.259708+00:00,initial_state,NCAAB,fanduel,"California Gauchos vs California Polytechnic Mustangs, 2026-01-22, 09",California Gauchos,California Polytechnic Mustangs,Total,,162.5,O,-118,https://sportsbook.fanduel.ca/addToBetslip?marketId=801.154015184&selectionId=7017823
2026-01-22 21:19:03,2026-01-23 02:19:03.259708+00:00,initial_state,NCAAB,fanduel,"California Gauchos vs California Polytechnic Mustangs, 2026-01-22, 09",California Gauchos,California Polytechnic Mustangs,Total,,162.5,U,-112,https://sportsbook.fanduel.ca/addToBetslip?marketId=801.154015184&selectionId=7017824
2026-01-22 21:19:03,2026-01-23 02:19:03.259708+00:00,initial_state,NCAAB,fanduel,"California Gauchos vs California Polytechnic Mustangs, 2026-01-22, 09",California Gauchos,California Polytechnic Mustangs,Total,,168.5,O,+155,https://sportsbook.fanduel.ca/addToBetslip?marketId=801.154053741&selectionId=7017823
2026-01-22 21:19:03,2026-01-23 02:19:03.259708+00:00,initial_state,NCAAB,fanduel,"California Gauchos vs California Polytechnic Mustangs, 2026-01-22, 09",California Gauchos,California Polytechnic Mustangs,Total,,168.5,U,-230,https://sportsbook.fanduel.ca/addToBetslip?marketId=801.154053741&selectionId=7017824
2026-01-22 21:19:03,2026-01-23 02:19:03.259708+00:00,initial_state,NCAAB,fanduel,"California Gauchos vs California Polytechnic Mustangs, 2026-01-22, 09",California Gauchos,California Polytechnic Mustangs,Total,,153.5,O,-370,https://sportsbook.fanduel.ca/addToBetslip?marketId=801.154053683&selectionId=7017823
2026-01-22 21:19:03,2026-01-23 02:19:03.259708+00:00,initial_state,NCAAB,fanduel,"California Gauchos vs California Polytechnic Mustangs, 2026-01-22, 09",California Gauchos,California Polytechnic Mustangs,Total,,153.5,U,+240,https://sportsbook.fanduel.ca/addToBetslip?marketId=801.154053683&selectionId=7017824
2026-01-22 21:19:03,2026-01-23 02:19:03.259708+00:00,initial_state,NCAAB,fanduel,"California Gauchos vs California Polytechnic Mustangs, 2026-01-22, 09",California Gauchos,California Polytechnic Mustangs,Total,,156.5,O,-250,https://sportsbook.fanduel.ca/addToBetslip?marketId=801.154053714&selectionId=7017823
2026-01-22 21:19:03,2026-01-23 02:19:03.259708+00:00,initial_state,NCAAB,fanduel,"California Gauchos vs California Polytechnic Mustangs, 2026-01-22, 09",California Gauchos,California Polytechnic Mustangs,Total,,156.5,U,+175,https://sportsbook.fanduel.ca/addToBetslip?marketId=801.154053714&selectionId=7017824
2026-01-22 21:19:03,2026-01-23 02:19:03.259708+00:00,initial_state,NCAAB,fanduel,"California Gauchos vs California Polytechnic Mustangs, 2026-01-22, 09",California Gauchos,California Polytechnic Mustangs,Total,,159.5,O,-170,https://sportsbook.fanduel.ca/addToBetslip?marketId=801.154053739&selectionId=7017823
2026-01-22 21:19:03,2026-01-23 02:19:03.259708+00:00,initial_state,NCAAB,fanduel,"California Gauchos vs California Polytechnic Mustangs, 2026-01-22, 09",California Gauchos,California Polytechnic Mustangs,Total,,159.5,U,+120,https://sportsbook.fanduel.ca/addToBetslip?marketId=801.154053739&selectionId=7017824
2026-01-22 21:19:03,2026-01-23 02:19:03.259708+00:00,initial_state,NCAAB,fanduel,"California Gauchos vs California Polytechnic Mustangs, 2026-01-22, 09",California Gauchos,California Polytechnic Mustangs,Total,,165.5,O,+115,https://sportsbook.fanduel.ca/addToBetslip?marketId=801.154053759&selectionId=7017823
2026-01-22 21:19:03,2026-01-23 02:19:03.259708+00:00,initial_state,NCAAB,fanduel,"California Gauchos vs California Polytechnic Mustangs, 2026-01-22, 09",California Gauchos,California Polytechnic Mustangs,Total,,165.5,U,-160,https://sportsbook.fanduel.ca/addToBetslip?marketId=801.154053759&selectionId=7017824
2026-01-22 21:19:03,2026-01-23 02:19:03.259708+00:00,initial_state,NCAAB,fanduel,"California Gauchos vs California Polytechnic Mustangs, 2026-01-22, 09",California Gauchos,California Polytechnic Mustangs,Total,,171.5,O,+220,https://sportsbook.fanduel.ca/addToBetslip?marketId=801.154053728&selectionId=7017823
2026-01-22 21:19:03,2026-01-23 02:19:03.259708+00:00,initial_state,NCAAB,fanduel,"California Gauchos vs California Polytechnic Mustangs, 2026-01-22, 09",California Gauchos,California Polytechnic Mustangs,Total,,171.5,U,-340,https://sportsbook.fanduel.ca/addToBetslip?marketId=801.154053728&selectionId=7017824
2026-01-22 21:19:03,2026-01-23 02:19:03.259775+00:00,initial_state,NCAAB,fanduel,"Cal Davis Aggies vs UC San Diego Tritons, 2026-01-22, 09",Cal Davis Aggies,UC San Diego Tritons,Spread,UC San Diego Tritons,-13.5,,+390,https://sportsbook.fanduel.ca/addToBetslip?marketId=801.154051464&selectionId=41651551
2026-01-22 21:19:03,2026-01-23 02:19:03.259775+00:00,initial_state,NCAAB,fanduel,"Cal Davis Aggies vs UC San Diego Tritons, 2026-01-22, 09",Cal Davis Aggies,UC San Diego Tritons,Spread,Cal Davis Aggies,13.5,,-650,https://sportsbook.fanduel.ca/addToBetslip?marketId=801.154051464&selectionId=5145586
2026-01-22 21:19:03,2026-01-23 02:19:03.259775+00:00,initial_state,NCAAB,fanduel,"Cal Davis Aggies vs UC San Diego Tritons, 2026-01-22, 09",Cal Davis Aggies,UC San Diego Tritons,Spread,UC San Diego Tritons,-1.5,,-190,https://sportsbook.fanduel.ca/addToBetslip?marketId=801.154051520&selectionId=41651551
2026-01-22 21:19:03,2026-01-23 02:19:03.259775+00:00,initial_state,NCAAB,fanduel,"Cal Davis Aggies vs UC San Diego Tritons, 2026-01-22, 09",Cal Davis Aggies,UC San Diego Tritons,Spread,Cal Davis Aggies,1.5,,+140,https://sportsbook.fanduel.ca/addToBetslip?marketId=801.154051520&selectionId=5145586
2026-01-22 21:19:03,2026-01-23 02:19:03.259775+00:00,initial_state,NCAAB,fanduel,"Cal Davis Aggies vs UC San Diego Tritons, 2026-01-22, 09",Cal Davis Aggies,UC San Diego Tritons,Spread,UC San Diego Tritons,-7.5,,+155,https://sportsbook.fanduel.ca/addToBetslip?marketId=801.154051442&selectionId=41651551
2026-01-22 21:19:03,2026-01-23 02:19:03.259775+00:00,initial_state,NCAAB,fanduel,"Cal Davis Aggies vs UC San Diego Tritons, 2026-01-22, 09",Cal Davis Aggies,UC San Diego Tritons,Spread,Cal Davis Aggies,7.5,,-210,https://sportsbook.fanduel.ca/addToBetslip?marketId=801.154051442&selectionId=5145586
2026-01-22 21:19:03,2026-01-23 02:19:03.259775+00:00,initial_state,NCAAB,fanduel,"Cal Davis Aggies vs UC San Diego Tritons, 2026-01-22, 09",Cal Davis Aggies,UC San Diego Tritons,Spread,UC San Diego Tritons,4.5,,-550,https://sportsbook.fanduel.ca/addToBetslip?marketId=801.154051444&selectionId=41651551
2026-01-22 21:19:03,2026-01-23 02:19:03.259775+00:00,initial_state,NCAAB,fanduel,"Cal Davis Aggies vs UC San Diego Tritons, 2026-01-22, 09",Cal Davis Aggies,UC San Diego Tritons,Spread,Cal Davis Aggies,-4.5,,+350,https://sportsbook.fanduel.ca/addToBetslip?marketId=801.154051444&selectionId=5145586
2026-01-22 21:19:03,2026-01-23 02:19:03.259775+00:00,initial_state,NCAAB,fanduel,"Cal Davis Aggies vs UC San Diego Tritons, 2026-01-22, 09",Cal Davis Aggies,UC San Diego Tritons,Spread,UC San Diego Tritons,1.5,,-280,https://sportsbook.fanduel.ca/addToBetslip?marketId=801.154051452&selectionId=41651551
2026-01-22 21:19:03,2026-01-23 02:19:03.259775+00:00,initial_state,NCAAB,fanduel,"Cal Davis Aggies vs UC San Diego Tritons, 2026-01-22, 09",Cal Davis Aggies,UC San Diego Tritons,Spread,Cal Davis Aggies,-1.5,,+200,https://sportsbook.fanduel.ca/addToBetslip?marketId=801.154051452&selectionId=5145586
2026-01-22 21:19:03,2026-01-23 02:19:03.259775+00:00,initial_state,NCAAB,fanduel,"Cal Davis Aggies vs UC San Diego Tritons, 2026-01-22, 09",Cal Davis Aggies,UC San Diego Tritons,Spread,UC San Diego Tritons,-10.5,,+240,https://sportsbook.fanduel.ca/addToBetslip?marketId=801.154051433&selectionId=41651551
2026-01-22 21:19:03,2026-01-23 02:19:03.259775+00:00,initial_state,NCAAB,fanduel,"Cal Davis Aggies vs UC San Diego Tritons, 2026-01-22, 09",Cal Davis Aggies,UC San Diego Tritons,Spread,Cal Davis Aggies,10.5,,-350,https://sportsbook.fanduel.ca/addToBetslip?marketId=801.154051433&selectionId=5145586
2026-01-22 21:19:03,2026-01-23 02:19:03.259775+00:00,initial_state,NCAAB,fanduel,"Cal Davis Aggies vs UC San Diego Tritons, 2026-01-22, 09",Cal Davis Aggies,UC San Diego Tritons,Spread,UC San Diego Tritons,-4.5,,-108,https://sportsbook.fanduel.ca/addToBetslip?marketId=801.153974774&selectionId=41651551
2026-01-22 21:19:03,2026-01-23 02:19:03.259775+00:00,initial_state,NCAAB,fanduel,"Cal Davis Aggies vs UC San Diego Tritons, 2026-01-22, 09",Cal Davis Aggies,UC San Diego Tritons,Spread,Cal Davis Aggies,4.5,,-122,https://sportsbook.fanduel.ca/addToBetslip?marketId=801.153974774&selectionId=5145586
2026-01-22 21:19:03,2026-01-23 02:19:03.259775+00:00,initial_state,NCAAB,fanduel,"Cal Davis Aggies vs UC San Diego Tritons, 2026-01-22, 09",Cal Davis Aggies,UC San Diego Tritons,Total,,142.5,O,-165,https://sportsbook.fanduel.ca/addToBetslip?marketId=801.154051481&selectionId=7017823
2026-01-22 21:19:03,2026-01-23 02:19:03.259775+00:00,initial_state,NCAAB,fanduel,"Cal Davis Aggies vs UC San Diego Tritons, 2026-01-22, 09",Cal Davis Aggies,UC San Diego Tritons,Total,,142.5,U,+120,https://sportsbook.fanduel.ca/addToBetslip?marketId=801.154051481&selectionId=7017824
2026-01-22 21:19:03,2026-01-23 02:19:03.259775+00:00,initial_state,NCAAB,fanduel,"Cal Davis Aggies vs UC San Diego Tritons, 2026-01-22, 09",Cal Davis Aggies,UC San Diego Tritons,Total,,151.5,O,+150,https://sportsbook.fanduel.ca/addToBetslip?marketId=801.154051497&selectionId=7017823
2026-01-22 21:19:03,2026-01-23 02:19:03.259775+00:00,initial_state,NCAAB,fanduel,"Cal Davis Aggies vs UC San Diego Tritons, 2026-01-22, 09",Cal Davis Aggies,UC San Diego Tritons,Total,,151.5,U,-220,https://sportsbook.fanduel.ca/addToBetslip?marketId=801.154051497&selectionId=7017824
2026-01-22 21:19:03,2026-01-23 02:19:03.259775+00:00,initial_state,NCAAB,fanduel,"Cal Davis Aggies vs UC San Diego Tritons, 2026-01-22, 09",Cal Davis Aggies,UC San Diego Tritons,Total,,148.5,O,+110,https://sportsbook.fanduel.ca/addToBetslip?marketId=801.154051455&selectionId=7017823
2026-01-22 21:19:03,2026-01-23 02:19:03.259775+00:00,initial_state,NCAAB,fanduel,"Cal Davis Aggies vs UC San Diego Tritons, 2026-01-22, 09",Cal Davis Aggies,UC San Diego Tritons,Total,,148.5,U,-155,https://sportsbook.fanduel.ca/addToBetslip?marketId=801.154051455&selectionId=7017824
2026-01-22 21:19:03,2026-01-23 02:19:03.259775+00:00,initial_state,NCAAB,fanduel,"Cal Davis Aggies vs UC San Diego Tritons, 2026-01-22, 09",Cal Davis Aggies,UC San Diego Tritons,Total,,154.5,O,+210,https://sportsbook.fanduel.ca/addToBetslip?marketId=801.154051498&selectionId=7017823
2026-01-22 21:19:03,2026-01-23 02:19:03.259775+00:00,initial_state,NCAAB,fanduel,"Cal Davis Aggies vs UC San Diego Tritons, 2026-01-22, 09",Cal Davis Aggies,UC San Diego Tritons,Total,,154.5,U,-320,https://sportsbook.fanduel.ca/addToBetslip?marketId=801.154051498&selectionId=7017824
2026-01-22 21:19:03,2026-01-23 02:19:03.259775+00:00,initial_state,NCAAB,fanduel,"Cal Davis Aggies vs UC San Diego Tritons, 2026-01-22, 09",Cal Davis Aggies,UC San Diego Tritons,Total,,145.5,O,-118,https://sportsbook.fanduel.ca/addToBetslip?marketId=801.153974773&selectionId=7017823
2026-01-22 21:19:03,2026-01-23 02:19:03.259775+00:00,initial_state,NCAAB,fanduel,"Cal Davis Aggies vs UC San Diego Tritons, 2026-01-22, 09",Cal Davis Aggies,UC San Diego Tritons,Total,,145.5,U,-112,https://sportsbook.fanduel.ca/addToBetslip?marketId=801.153974773&selectionId=7017824
2026-01-22 21:19:03,2026-01-23 02:19:03.259775+00:00,initial_state,NCAAB,fanduel,"Cal Davis Aggies vs UC San Diego Tritons, 2026-01-22, 09",Cal Davis Aggies,UC San Diego Tritons,Total,,139.5,O,-240,https://sportsbook.fanduel.ca/addToBetslip?marketId=801.154051437&selectionId=7017823
2026-01-22 21:19:03,2026-01-23 02:19:03.259775+00:00,initial_state,NCAAB,fanduel,"Cal Davis Aggies vs UC San Diego Tritons, 2026-01-22, 09",Cal Davis Aggies,UC San Diego Tritons,Total,,139.5,U,+165,https://sportsbook.fanduel.ca/addToBetslip?marketId=801.154051437&selectionId=7017824
2026-01-22 21:19:03,2026-01-23 02:19:03.259775+00:00,initial_state,NCAAB,fanduel,"Cal Davis Aggies vs UC San Diego Tritons, 2026-01-22, 09",Cal Davis Aggies,UC San Diego Tritons,Total,,136.5,O,-360,https://sportsbook.fanduel.ca/addToBetslip?marketId=801.154051510&selectionId=7017823
2026-01-22 21:19:03,2026-01-23 02:19:03.259775+00:00,initial_state,NCAAB,fanduel,"Cal Davis Aggies vs UC San Diego Tritons, 2026-01-22, 09",Cal Davis Aggies,UC San Diego Tritons,Total,,136.5,U,+230,https://sportsbook.fanduel.ca/addToBetslip?marketId=801.154051510&selectionId=7017824
2026-01-22 21:19:03,2026-01-23 02:19:03.259842+00:00,initial_state,NCAAB,fanduel,"New Mexico State Aggies vs Missouri State Bears, 2026-01-22, 09",New Mexico State Aggies,Missouri State Bears,Total,,145.5,O,+110,https://sportsbook.fanduel.ca/addToBetslip?marketId=801.154055787&selectionId=7017823
2026-01-22 21:19:03,2026-01-23 02:19:03.259842+00:00,initial_state,NCAAB,fanduel,"New Mexico State Aggies vs Missouri State Bears, 2026-01-22, 09",New Mexico State Aggies,Missouri State Bears,Total,,145.5,U,-155,https://sportsbook.fanduel.ca/addToBetslip?marketId=801.154055787&selectionId=7017824
2026-01-22 21:19:03,2026-01-23 02:19:03.259842+00:00,initial_state,NCAAB,fanduel,"New Mexico State Aggies vs Missouri State Bears, 2026-01-22, 09",New Mexico State Aggies,Missouri State Bears,Total,,133.5,O,-350,https://sportsbook.fanduel.ca/addToBetslip?marketId=801.154055807&selectionId=7017823
2026-01-22 21:19:03,2026-01-23 02:19:03.259842+00:00,initial_state,NCAAB,fanduel,"New Mexico State Aggies vs Missouri State Bears, 2026-01-22, 09",New Mexico State Aggies,Missouri State Bears,Total,,133.5,U,+230,https://sportsbook.fanduel.ca/addToBetslip?marketId=801.154055807&selectionId=7017824
2026-01-22 21:19:03,2026-01-23 02:19:03.259842+00:00,initial_state,NCAAB,fanduel,"New Mexico State Aggies vs Missouri State Bears, 2026-01-22, 09",New Mexico State Aggies,Missouri State Bears,Spread,Missouri State Bears,4.5,,-190,https://sportsbook.fanduel.ca/addToBetslip?marketId=801.154055758&selectionId=1399579
2026-01-22 21:19:03,2026-01-23 02:19:03.259842+00:00,initial_state,NCAAB,fanduel,"New Mexico State Aggies vs Missouri State Bears, 2026-01-22, 09",New Mexico State Aggies,Missouri State Bears,Spread,New Mexico State Aggies,-4.5,,+140,https://sportsbook.fanduel.ca/addToBetslip?marketId=801.154055758&selectionId=719427
2026-01-22 21:19:03,2026-01-23 02:19:03.259842+00:00,initial_state,NCAAB,fanduel,"New Mexico State Aggies vs Missouri State Bears, 2026-01-22, 09",New Mexico State Aggies,Missouri State Bears,Spread,Missouri State Bears,10.5,,-650,https://sportsbook.fanduel.ca/addToBetslip?marketId=801.154055830&selectionId=1399579
2026-01-22 21:19:03,2026-01-23 02:19:03.259842+00:00,initial_state,NCAAB,fanduel,"New Mexico State Aggies vs Missouri State Bears, 2026-01-22, 09",New Mexico State Aggies,Missouri State Bears,Spread,New Mexico State Aggies,-10.5,,+410,https://sportsbook.fanduel.ca/addToBetslip?marketId=801.154055830&selectionId=719427
2026-01-22 21:19:03,2026-01-23 02:19:03.259842+00:00,initial_state,NCAAB,fanduel,"New Mexico State Aggies vs Missouri State Bears, 2026-01-22, 09",New Mexico State Aggies,Missouri State Bears,Total,,136.5,O,-240,https://sportsbook.fanduel.ca/addToBetslip?marketId=801.154055833&selectionId=7017823
2026-01-22 21:19:03,2026-01-23 02:19:03.259842+00:00,initial_state,NCAAB,fanduel,"New Mexico State Aggies vs Missouri State Bears, 2026-01-22, 09",New Mexico State Aggies,Missouri State Bears,Total,,136.5,U,+165,https://sportsbook.fanduel.ca/addToBetslip?marketId=801.154055833&selectionId=7017824
2026-01-22 21:19:03,2026-01-23 02:19:03.259842+00:00,initial_state,NCAAB,fanduel,"New Mexico State Aggies vs Missouri State Bears, 2026-01-22, 09",New Mexico State Aggies,Missouri State Bears,Spread,Missouri State Bears,-4.5,,+190,https://sportsbook.fanduel.ca/addToBetslip?marketId=801.154055745&selectionId=1399579
2026-01-22 21:19:03,2026-01-23 02:19:03.259842+00:00,initial_state,NCAAB,fanduel,"New Mexico State Aggies vs Missouri State Bears, 2026-01-22, 09",New Mexico State Aggies,Missouri State Bears,Spread,New Mexico State Aggies,4.5,,-260,https://sportsbook.fanduel.ca/addToBetslip?marketId=801.154055745&selectionId=719427
2026-01-22 21:19:03,2026-01-23 02:19:03.259842+00:00,initial_state,NCAAB,fanduel,"New Mexico State Aggies vs Missouri State Bears, 2026-01-22, 09",New Mexico State Aggies,Missouri State Bears,Spread,Missouri State Bears,-7.5,,+300,https://sportsbook.fanduel.ca/addToBetslip?marketId=801.154055768&selectionId=1399579
2026-01-22 21:19:03,2026-01-23 02:19:03.259842+00:00,initial_state,NCAAB,fanduel,"New Mexico State Aggies vs Missouri State Bears, 2026-01-22, 09",New Mexico State Aggies,Missouri State Bears,Spread,New Mexico State Aggies,7.5,,-460,https://sportsbook.fanduel.ca/addToBetslip?marketId=801.154055768&selectionId=719427
2026-01-22 21:19:03,2026-01-23 02:19:03.259842+00:00,initial_state,NCAAB,fanduel,"New Mexico State Aggies vs Missouri State Bears, 2026-01-22, 09",New Mexico State Aggies,Missouri State Bears,Spread,Missouri State Bears,1.5,,-104,https://sportsbook.fanduel.ca/addToBetslip?marketId=801.152941272&selectionId=1399579
2026-01-22 21:19:03,2026-01-23 02:19:03.259842+00:00,initial_state,NCAAB,fanduel,"New Mexico State Aggies vs Missouri State Bears, 2026-01-22, 09",New Mexico State Aggies,Missouri State Bears,Spread,New Mexico State Aggies,-1.5,,-128,https://sportsbook.fanduel.ca/addToBetslip?marketId=801.152941272&selectionId=719427
2026-01-22 21:19:03,2026-01-23 02:19:03.259842+00:00,initial_state,NCAAB,fanduel,"New Mexico State Aggies vs Missouri State Bears, 2026-01-22, 09",New Mexico State Aggies,Missouri State Bears,Total,,151.5,O,+210,https://sportsbook.fanduel.ca/addToBetslip?marketId=801.154055826&selectionId=7017823
2026-01-22 21:19:03,2026-01-23 02:19:03.259842+00:00,initial_state,NCAAB,fanduel,"New Mexico State Aggies vs Missouri State Bears, 2026-01-22, 09",New Mexico State Aggies,Missouri State Bears,Total,,151.5,U,-310,https://sportsbook.fanduel.ca/addToBetslip?marketId=801.154055826&selectionId=7017824
2026-01-22 21:19:03,2026-01-23 02:19:03.259842+00:00,initial_state,NCAAB,fanduel,"New Mexico State Aggies vs Missouri State Bears, 2026-01-22, 09",New Mexico State Aggies,Missouri State Bears,Total,,139.5,O,-165,https://sportsbook.fanduel.ca/addToBetslip?marketId=801.154055816&selectionId=7017823
2026-01-22 21:19:03,2026-01-23 02:19:03.259842+00:00,initial_state,NCAAB,fanduel,"New Mexico State Aggies vs Missouri State Bears, 2026-01-22, 09",New Mexico State Aggies,Missouri State Bears,Total,,139.5,U,+120,https://sportsbook.fanduel.ca/addToBetslip?marketId=801.154055816&selectionId=7017824
2026-01-22 21:19:03,2026-01-23 02:19:03.259842+00:00,initial_state,NCAAB,fanduel,"New Mexico State Aggies vs Missouri State Bears, 2026-01-22, 09",New Mexico State Aggies,Missouri State Bears,Total,,142.5,O,-118,https://sportsbook.fanduel.ca/addToBetslip?marketId=801.153974264&selectionId=7017823
2026-01-22 21:19:03,2026-01-23 02:19:03.259842+00:00,initial_state,NCAAB,fanduel,"New Mexico State Aggies vs Missouri State Bears, 2026-01-22, 09",New Mexico State Aggies,Missouri State Bears,Total,,142.5,U,-112,https://sportsbook.fanduel.ca/addToBetslip?marketId=801.153974264&selectionId=7017824
2026-01-22 21:19:03,2026-01-23 02:19:03.259842+00:00,initial_state,NCAAB,fanduel,"New Mexico State Aggies vs Missouri State Bears, 2026-01-22, 09",New Mexico State Aggies,Missouri State Bears,Total,,148.5,O,+150,https://sportsbook.fanduel.ca/addToBetslip?marketId=801.154055746&selectionId=7017823
2026-01-22 21:19:03,2026-01-23 02:19:03.259842+00:00,initial_state,NCAAB,fanduel,"New Mexico State Aggies vs Missouri State Bears, 2026-01-22, 09",New Mexico State Aggies,Missouri State Bears,Total,,148.5,U,-220,https://sportsbook.fanduel.ca/addToBetslip?marketId=801.154055746&selectionId=7017824
2026-01-22 21:19:03,2026-01-23 02:19:03.259842+00:00,initial_state,NCAAB,fanduel,"New Mexico State Aggies vs Missouri State Bears, 2026-01-22, 09",New Mexico State Aggies,Missouri State Bears,Spread,Missouri State Bears,7.5,,-350,https://sportsbook.fanduel.ca/addToBetslip?marketId=801.154055823&selectionId=1399579
2026-01-22 21:19:03,2026-01-23 02:19:03.259842+00:00,initial_state,NCAAB,fanduel,"New Mexico State Aggies vs Missouri State Bears, 2026-01-22, 09",New Mexico State Aggies,Missouri State Bears,Spread,New Mexico State Aggies,-7.5,,+240,https://sportsbook.fanduel.ca/addToBetslip?marketId=801.154055823&selectionId=719427
2026-01-22 21:19:03,2026-01-23 02:19:03.259842+00:00,initial_state,NCAAB,fanduel,"New Mexico State Aggies vs Missouri State Bears, 2026-01-22, 09",New Mexico State Aggies,Missouri State Bears,Spread,Missouri State Bears,-1.5,,+125,https://sportsbook.fanduel.ca/addToBetslip?marketId=801.154055802&selectionId=1399579
2026-01-22 21:19:03,2026-01-23 02:19:03.259842+00:00,initial_state,NCAAB,fanduel,"New Mexico State Aggies vs Missouri State Bears, 2026-01-22, 09",New Mexico State Aggies,Missouri State Bears,Spread,New Mexico State Aggies,1.5,,-165,https://sportsbook.fanduel.ca/addToBetslip?marketId=801.154055802&selectionId=719427
2026-01-22 21:19:03,2026-01-23 02:19:03.259909+00:00,initial_state,NCAAB,fanduel,"Texas El Paso Miners vs Florida International Panthers, 2026-01-22, 09",Texas El Paso Miners,Florida International Panthers,Total,,163.5,O,+150,https://sportsbook.fanduel.ca/addToBetslip?marketId=801.154053146&selectionId=7017823
2026-01-22 21:19:03,2026-01-23 02:19:03.259909+00:00,initial_state,NCAAB,fanduel,"Texas El Paso Miners vs Florida International Panthers, 2026-01-22, 09",Texas El Paso Miners,Florida International Panthers,Total,,163.5,U,-220,https://sportsbook.fanduel.ca/addToBetslip?marketId=801.154053146&selectionId=7017824
2026-01-22 21:19:03,2026-01-23 02:19:03.259909+00:00,initial_state,NCAAB,fanduel,"Texas El Paso Miners vs Florida International Panthers, 2026-01-22, 09",Texas El Paso Miners,Florida International Panthers,Total,,151.5,O,-240,https://sportsbook.fanduel.ca/addToBetslip?marketId=801.154053112&selectionId=7017823
2026-01-22 21:19:03,2026-01-23 02:19:03.259909+00:00,initial_state,NCAAB,fanduel,"Texas El Paso Miners vs Florida International Panthers, 2026-01-22, 09",Texas El Paso Miners,Florida International Panthers,Total,,151.5,U,+165,https://sportsbook.fanduel.ca/addToBetslip?marketId=801.154053112&selectionId=7017824
2026-01-22 21:19:03,2026-01-23 02:19:03.259909+00:00,initial_state,NCAAB,fanduel,"Texas El Paso Miners vs Florida International Panthers, 2026-01-22, 09",Texas El Paso Miners,Florida International Panthers,Total,,160.5,O,+110,https://sportsbook.fanduel.ca/addToBetslip?marketId=801.154053172&selectionId=7017823
2026-01-22 21:19:03,2026-01-23 02:19:03.259909+00:00,initial_state,NCAAB,fanduel,"Texas El Paso Miners vs Florida International Panthers, 2026-01-22, 09",Texas El Paso Miners,Florida International Panthers,Total,,160.5,U,-155,https://sportsbook.fanduel.ca/addToBetslip?marketId=801.154053172&selectionId=7017824
2026-01-22 21:19:03,2026-01-23 02:19:03.259909+00:00,initial_state,NCAAB,fanduel,"Texas El Paso Miners vs Florida International Panthers, 2026-01-22, 09",Texas El Paso Miners,Florida International Panthers,Total,,166.5,O,+210,https://sportsbook.fanduel.ca/addToBetslip?marketId=801.154053101&selectionId=7017823
2026-01-22 21:19:03,2026-01-23 02:19:03.259909+00:00,initial_state,NCAAB,fanduel,"Texas El Paso Miners vs Florida International Panthers, 2026-01-22, 09",Texas El Paso Miners,Florida International Panthers,Total,,166.5,U,-330,https://sportsbook.fanduel.ca/addToBetslip?marketId=801.154053101&selectionId=7017824
2026-01-22 21:19:03,2026-01-23 02:19:03.259909+00:00,initial_state,NCAAB,fanduel,"Texas El Paso Miners vs Florida International Panthers, 2026-01-22, 09",Texas El Paso Miners,Florida International Panthers,Total,,157.5,O,-118,https://sportsbook.fanduel.ca/addToBetslip?marketId=801.153974324&selectionId=7017823
2026-01-22 21:19:03,2026-01-23 02:19:03.259909+00:00,initial_state,NCAAB,fanduel,"Texas El Paso Miners vs Florida International Panthers, 2026-01-22, 09",Texas El Paso Miners,Florida International Panthers,Total,,157.5,U,-112,https://sportsbook.fanduel.ca/addToBetslip?marketId=801.153974324&selectionId=7017824
2026-01-22 21:19:03,2026-01-23 02:19:03.259909+00:00,initial_state,NCAAB,fanduel,"Texas El Paso Miners vs Florida International Panthers, 2026-01-22, 09",Texas El Paso Miners,Florida International Panthers,Total,,154.5,O,-165,https://sportsbook.fanduel.ca/addToBetslip?marketId=801.154053166&selectionId=7017823
2026-01-22 21:19:03,2026-01-23 02:19:03.259909+00:00,initial_state,NCAAB,fanduel,"Texas El Paso Miners vs Florida International Panthers, 2026-01-22, 09",Texas El Paso Miners,Florida International Panthers,Total,,154.5,U,+120,https://sportsbook.fanduel.ca/addToBetslip?marketId=801.154053166&selectionId=7017824
2026-01-22 21:19:03,2026-01-23 02:19:03.259909+00:00,initial_state,NCAAB,fanduel,"Texas El Paso Miners vs Florida International Panthers, 2026-01-22, 09",Texas El Paso Miners,Florida International Panthers,Total,,148.5,O,-370,https://sportsbook.fanduel.ca/addToBetslip?marketId=801.154053115&selectionId=7017823
2026-01-22 21:19:03,2026-01-23 02:19:03.259909+00:00,initial_state,NCAAB,fanduel,"Texas El Paso Miners vs Florida International Panthers, 2026-01-22, 09",Texas El Paso Miners,Florida International Panthers,Total,,148.5,U,+240,https://sportsbook.fanduel.ca/addToBetslip?marketId=801.154053115&selectionId=7017824
2026-01-22 21:19:03,2026-01-23 02:19:03.259909+00:00,initial_state,NCAAB,fanduel,"Texas El Paso Miners vs Florida International Panthers, 2026-01-22, 09",Texas El Paso Miners,Florida International Panthers,Spread,Florida International Panthers,1.5,,-145,https://sportsbook.fanduel.ca/addToBetslip?marketId=801.154053154&selectionId=723297
2026-01-22 21:19:03,2026-01-23 02:19:03.259909+00:00,initial_state,NCAAB,fanduel,"Texas El Paso Miners vs Florida International Panthers, 2026-01-22, 09",Texas El Paso Miners,Florida International Panthers,Spread,Texas El Paso Miners,-1.5,,+110,https://sportsbook.fanduel.ca/addToBetslip?marketId=801.154053154&selectionId=715479
2026-01-22 21:19:03,2026-01-23 02:19:03.259909+00:00,initial_state,NCAAB,fanduel,"Texas El Paso Miners vs Florida International Panthers, 2026-01-22, 09",Texas El Paso Miners,Florida International Panthers,Spread,Florida International Panthers,4.5,,-280,https://sportsbook.fanduel.ca/addToBetslip?marketId=801.154053182&selectionId=723297
2026-01-22 21:19:03,2026-01-23 02:19:03.259909+00:00,initial_state,NCAAB,fanduel,"Texas El Paso Miners vs Florida International Panthers, 2026-01-22, 09",Texas El Paso Miners,Florida International Panthers,Spread,Texas El Paso Miners,-4.5,,+200,https://sportsbook.fanduel.ca/addToBetslip?marketId=801.154053182&selectionId=715479
2026-01-22 21:19:03,2026-01-23 02:19:03.259909+00:00,initial_state,NCAAB,fanduel,"Texas El Paso Miners vs Florida International Panthers, 2026-01-22, 09",Texas El Paso Miners,Florida International Panthers,Spread,Florida International Panthers,-10.5,,+480,https://sportsbook.fanduel.ca/addToBetslip?marketId=801.154053178&selectionId=723297
2026-01-22 21:19:03,2026-01-23 02:19:03.259909+00:00,initial_state,NCAAB,fanduel,"Texas El Paso Miners vs Florida International Panthers, 2026-01-22, 09",Texas El Paso Miners,Florida International Panthers,Spread,Texas El Paso Miners,10.5,,-800,https://sportsbook.fanduel.ca/addToBetslip?marketId=801.154053178&selectionId=715479
2026-01-22 21:19:03,2026-01-23 02:19:03.259909+00:00,initial_state,NCAAB,fanduel,"Texas El Paso Miners vs Florida International Panthers, 2026-01-22, 09",Texas El Paso Miners,Florida International Panthers,Spread,Florida International Panthers,-4.5,,+160,https://sportsbook.fanduel.ca/addToBetslip?marketId=801.154053120&selectionId=723297
2026-01-22 21:19:03,2026-01-23 02:19:03.259909+00:00,initial_state,NCAAB,fanduel,"Texas El Paso Miners vs Florida International Panthers, 2026-01-22, 09",Texas El Paso Miners,Florida International Panthers,Spread,Texas El Paso Miners,4.5,,-220,https://sportsbook.fanduel.ca/addToBetslip?marketId=801.154053120&selectionId=715479
2026-01-22 21:19:03,2026-01-23 02:19:03.259909+00:00,initial_state,NCAAB,fanduel,"Texas El Paso Miners vs Florida International Panthers, 2026-01-22, 09",Texas El Paso Miners,Florida International Panthers,Spread,Florida International Panthers,7.5,,-550,https://sportsbook.fanduel.ca/addToBetslip?marketId=801.154053153&selectionId=723297
2026-01-22 21:19:03,2026-01-23 02:19:03.259909+00:00,initial_state,NCAAB,fanduel,"Texas El Paso Miners vs Florida International Panthers, 2026-01-22, 09",Texas El Paso Miners,Florida International Panthers,Spread,Texas El Paso Miners,-7.5,,+350,https://sportsbook.fanduel.ca/addToBetslip?marketId=801.154053153&selectionId=715479
2026-01-22 21:19:03,2026-01-23 02:19:03.259909+00:00,initial_state,NCAAB,fanduel,"Texas El Paso Miners vs Florida International Panthers, 2026-01-22, 09",Texas El Paso Miners,Florida International Panthers,Spread,Florida International Panthers,-1.5,,-108,https://sportsbook.fanduel.ca/addToBetslip?marketId=801.153974323&selectionId=723297
2026-01-22 21:19:03,2026-01-23 02:19:03.259909+00:00,initial_state,NCAAB,fanduel,"Texas El Paso Miners vs Florida International Panthers, 2026-01-22, 09",Texas El Paso Miners,Florida International Panthers,Spread,Texas El Paso Miners,1.5,,-122,https://sportsbook.fanduel.ca/addToBetslip?marketId=801.153974323&selectionId=715479
2026-01-22 21:19:03,2026-01-23 02:19:03.259909+00:00,initial_state,NCAAB,fanduel,"Texas El Paso Miners vs Florida International Panthers, 2026-01-22, 09",Texas El Paso Miners,Florida International Panthers,Spread,Florida International Panthers,-7.5,,+280,https://sportsbook.fanduel.ca/addToBetslip?marketId=801.154053126&selectionId=723297
2026-01-22 21:19:03,2026-01-23 02:19:03.259909+00:00,initial_state,NCAAB,fanduel,"Texas El Paso Miners vs Florida International Panthers, 2026-01-22, 09",Texas El Paso Miners,Florida International Panthers,Spread,Texas El Paso Miners,7.5,,-410,https://sportsbook.fanduel.ca/addToBetslip?marketId=801.154053126&selectionId=715479
2026-01-22 21:19:03,2026-01-23 02:19:03.259973+00:00,initial_state,NCAAB,fanduel,"Eastern Washington vs Portland State Vikings, 2026-01-22, 09",Eastern Washington,Portland State Vikings,Spread,Portland State Vikings,3.5,,-600,https://sportsbook.fanduel.ca/addToBetslip?marketId=801.154054488&selectionId=2909529
2026-01-22 21:19:03,2026-01-23 02:19:03.259973+00:00,initial_state,NCAAB,fanduel,"Eastern Washington vs Portland State Vikings, 2026-01-22, 09",Eastern Washington,Portland State Vikings,Spread,Eastern Washington,-3.5,,+360,https://sportsbook.fanduel.ca/addToBetslip?marketId=801.154054488&selectionId=673361
2026-01-22 21:19:03,2026-01-23 02:19:03.259973+00:00,initial_state,NCAAB,fanduel,"Eastern Washington vs Portland State Vikings, 2026-01-22, 09",Eastern Washington,Portland State Vikings,Spread,Portland State Vikings,-5.5,,-110,https://sportsbook.fanduel.ca/addToBetslip?marketId=801.153974364&selectionId=2909529
2026-01-22 21:19:03,2026-01-23 02:19:03.259973+00:00,initial_state,NCAAB,fanduel,"Eastern Washington vs Portland State Vikings, 2026-01-22, 09",Eastern Washington,Portland State Vikings,Spread,Eastern Washington,5.5,,-120,https://sportsbook.fanduel.ca/addToBetslip?marketId=801.153974364&selectionId=673361
2026-01-22 21:19:03,2026-01-23 02:19:03.259973+00:00,initial_state,NCAAB,fanduel,"Eastern Washington vs Portland State Vikings, 2026-01-22, 09",Eastern Washington,Portland State Vikings,Spread,Portland State Vikings,-8.5,,+155,https://sportsbook.fanduel.ca/addToBetslip?marketId=801.154054513&selectionId=2909529
2026-01-22 21:19:03,2026-01-23 02:19:03.259973+00:00,initial_state,NCAAB,fanduel,"Eastern Washington vs Portland State Vikings, 2026-01-22, 09",Eastern Washington,Portland State Vikings,Spread,Eastern Washington,8.5,,-200,https://sportsbook.fanduel.ca/addToBetslip?marketId=801.154054513&selectionId=673361
2026-01-22 21:19:03,2026-01-23 02:19:03.259973+00:00,initial_state,NCAAB,fanduel,"Eastern Washington vs Portland State Vikings, 2026-01-22, 09",Eastern Washington,Portland State Vikings,Total,,152.5,O,+165,https://sportsbook.fanduel.ca/addToBetslip?marketId=801.154054495&selectionId=7017823
2026-01-22 21:19:03,2026-01-23 02:19:03.259973+00:00,initial_state,NCAAB,fanduel,"Eastern Washington vs Portland State Vikings, 2026-01-22, 09",Eastern Washington,Portland State Vikings,Total,,152.5,U,-240,https://sportsbook.fanduel.ca/addToBetslip?marketId=801.154054495&selectionId=7017824
2026-01-22 21:19:03,2026-01-23 02:19:03.259973+00:00,initial_state,NCAAB,fanduel,"Eastern Washington vs Portland State Vikings, 2026-01-22, 09",Eastern Washington,Portland State Vikings,Total,,149.5,O,+120,https://sportsbook.fanduel.ca/addToBetslip?marketId=801.154054496&selectionId=7017823
2026-01-22 21:19:03,2026-01-23 02:19:03.259973+00:00,initial_state,NCAAB,fanduel,"Eastern Washington vs Portland State Vikings, 2026-01-22, 09",Eastern Washington,Portland State Vikings,Total,,149.5,U,-165,https://sportsbook.fanduel.ca/addToBetslip?marketId=801.154054496&selectionId=7017824
2026-01-22 21:19:03,2026-01-23 02:19:03.259973+00:00,initial_state,NCAAB,fanduel,"Eastern Washington vs Portland State Vikings, 2026-01-22, 09",Eastern Washington,Portland State Vikings,Spread,Portland State Vikings,0.5,,-280,https://sportsbook.fanduel.ca/addToBetslip?marketId=801.154054548&selectionId=2909529
2026-01-22 21:19:03,2026-01-23 02:19:03.259973+00:00,initial_state,NCAAB,fanduel,"Eastern Washington vs Portland State Vikings, 2026-01-22, 09",Eastern Washington,Portland State Vikings,Total,,143.5,O,-155,https://sportsbook.fanduel.ca/addToBetslip?marketId=801.154054483&selectionId=7017823
2026-01-22 21:19:03,2026-01-23 02:19:03.259973+00:00,initial_state,NCAAB,fanduel,"Eastern Washington vs Portland State Vikings, 2026-01-22, 09",Eastern Washington,Portland State Vikings,Total,,143.5,U,+110,https://sportsbook.fanduel.ca/addToBetslip?marketId=801.154054483&selectionId=7017824
2026-01-22 21:19:03,2026-01-23 02:19:03.259973+00:00,initial_state,NCAAB,fanduel,"Eastern Washington vs Portland State Vikings, 2026-01-22, 09",Eastern Washington,Portland State Vikings,Total,,137.5,O,-340,https://sportsbook.fanduel.ca/addToBetslip?marketId=801.154054486&selectionId=7017823
2026-01-22 21:19:03,2026-01-23 02:19:03.259973+00:00,initial_state,NCAAB,fanduel,"Eastern Washington vs Portland State Vikings, 2026-01-22, 09",Eastern Washington,Portland State Vikings,Total,,137.5,U,+220,https://sportsbook.fanduel.ca/addToBetslip?marketId=801.154054486&selectionId=7017824
2026-01-22 21:19:03,2026-01-23 02:19:03.259973+00:00,initial_state,NCAAB,fanduel,"Eastern Washington vs Portland State Vikings, 2026-01-22, 09",Eastern Washington,Portland State Vikings,Spread,Portland State Vikings,-14.5,,+390,https://sportsbook.fanduel.ca/addToBetslip?marketId=801.154054543&selectionId=2909529
2026-01-22 21:19:03,2026-01-23 02:19:03.259973+00:00,initial_state,NCAAB,fanduel,"Eastern Washington vs Portland State Vikings, 2026-01-22, 09",Eastern Washington,Portland State Vikings,Spread,Eastern Washington,14.5,,-600,https://sportsbook.fanduel.ca/addToBetslip?marketId=801.154054543&selectionId=673361
2026-01-22 21:19:03,2026-01-23 02:19:03.259973+00:00,initial_state,NCAAB,fanduel,"Eastern Washington vs Portland State Vikings, 2026-01-22, 09",Eastern Washington,Portland State Vikings,Spread,Portland State Vikings,-11.5,,+240,https://sportsbook.fanduel.ca/addToBetslip?marketId=801.154054480&selectionId=2909529
2026-01-22 21:19:03,2026-01-23 02:19:03.259973+00:00,initial_state,NCAAB,fanduel,"Eastern Washington vs Portland State Vikings, 2026-01-22, 09",Eastern Washington,Portland State Vikings,Spread,Eastern Washington,11.5,,-350,https://sportsbook.fanduel.ca/addToBetslip?marketId=801.154054480&selectionId=673361
2026-01-22 21:19:03,2026-01-23 02:19:03.259973+00:00,initial_state,NCAAB,fanduel,"Eastern Washington vs Portland State Vikings, 2026-01-22, 09",Eastern Washington,Portland State Vikings,Spread,Portland State Vikings,-2.5,,-190,https://sportsbook.fanduel.ca/addToBetslip?marketId=801.154054545&selectionId=2909529
2026-01-22 21:19:03,2026-01-23 02:19:03.259973+00:00,initial_state,NCAAB,fanduel,"Eastern Washington vs Portland State Vikings, 2026-01-22, 09",Eastern Washington,Portland State Vikings,Spread,Eastern Washington,2.5,,+140,https://sportsbook.fanduel.ca/addToBetslip?marketId=801.154054545&selectionId=673361
2026-01-22 21:19:03,2026-01-23 02:19:03.259973+00:00,initial_state,NCAAB,fanduel,"Eastern Washington vs Portland State Vikings, 2026-01-22, 09",Eastern Washington,Portland State Vikings,Total,,146.5,O,-108,https://sportsbook.fanduel.ca/addToBetslip?marketId=801.153974367&selectionId=7017823
2026-01-22 21:19:03,2026-01-23 02:19:03.259973+00:00,initial_state,NCAAB,fanduel,"Eastern Washington vs Portland State Vikings, 2026-01-22, 09",Eastern Washington,Portland State Vikings,Total,,146.5,U,-122,https://sportsbook.fanduel.ca/addToBetslip?marketId=801.153974367&selectionId=7017824
2026-01-22 21:19:03,2026-01-23 02:19:03.259973+00:00,initial_state,NCAAB,fanduel,"Eastern Washington vs Portland State Vikings, 2026-01-22, 09",Eastern Washington,Portland State Vikings,Total,,140.5,O,-220,https://sportsbook.fanduel.ca/addToBetslip?marketId=801.154054516&selectionId=7017823
2026-01-22 21:19:03,2026-01-23 02:19:03.259973+00:00,initial_state,NCAAB,fanduel,"Eastern Washington vs Portland State Vikings, 2026-01-22, 09",Eastern Washington,Portland State Vikings,Total,,140.5,U,+155,https://sportsbook.fanduel.ca/addToBetslip?marketId=801.154054516&selectionId=7017824
2026-01-22 21:19:03,2026-01-23 02:19:03.259973+00:00,initial_state,NCAAB,fanduel,"Eastern Washington vs Portland State Vikings, 2026-01-22, 09",Eastern Washington,Portland State Vikings,Total,,155.5,O,+230,https://sportsbook.fanduel.ca/addToBetslip?marketId=801.154054557&selectionId=7017823
2026-01-22 21:19:03,2026-01-23 02:19:03.259973+00:00,initial_state,NCAAB,fanduel,"Eastern Washington vs Portland State Vikings, 2026-01-22, 09",Eastern Washington,Portland State Vikings,Total,,155.5,U,-350,https://sportsbook.fanduel.ca/addToBetslip?marketId=801.154054557&selectionId=7017824
2026-01-22 21:19:03,2026-01-23 02:19:03.259973+00:00,initial_state,NCAAB,fanduel,"Eastern Washington vs Portland State Vikings, 2026-01-22, 09",Eastern Washington,Portland State Vikings,Spread,Eastern Washington,-0.5,,+200,https://sportsbook.fanduel.ca/addToBetslip?marketId=801.154054548&selectionId=673361
2026-01-22 21:19:03,2026-01-23 02:19:03.260040+00:00,initial_state,NCAAB,fanduel,"Montana State Bobcats vs Idaho State Bengals, 2026-01-22, 09",Montana State Bobcats,Idaho State Bengals,Total,,139.5,O,-120,https://sportsbook.fanduel.ca/addToBetslip?marketId=801.153974431&selectionId=7017823
2026-01-22 21:19:03,2026-01-23 02:19:03.260040+00:00,initial_state,NCAAB,fanduel,"Montana State Bobcats vs Idaho State Bengals, 2026-01-22, 09",Montana State Bobcats,Idaho State Bengals,Total,,139.5,U,-110,https://sportsbook.fanduel.ca/addToBetslip?marketId=801.153974431&selectionId=7017824
2026-01-22 21:19:03,2026-01-23 02:19:03.260040+00:00,initial_state,NCAAB,fanduel,"Montana State Bobcats vs Idaho State Bengals, 2026-01-22, 09",Montana State Bobcats,Idaho State Bengals,Spread,Idaho State Bengals,17.5,,-550,https://sportsbook.fanduel.ca/addToBetslip?marketId=801.154049593&selectionId=711058
2026-01-22 21:19:03,2026-01-23 02:19:03.260040+00:00,initial_state,NCAAB,fanduel,"Montana State Bobcats vs Idaho State Bengals, 2026-01-22, 09",Montana State Bobcats,Idaho State Bengals,Spread,Montana State Bobcats,-17.5,,+330,https://sportsbook.fanduel.ca/addToBetslip?marketId=801.154049593&selectionId=719431
2026-01-22 21:19:03,2026-01-23 02:19:03.260040+00:00,initial_state,NCAAB,fanduel,"Montana State Bobcats vs Idaho State Bengals, 2026-01-22, 09",Montana State Bobcats,Idaho State Bengals,Total,,145.5,O,+155,https://sportsbook.fanduel.ca/addToBetslip?marketId=801.154049622&selectionId=7017823
2026-01-22 21:19:03,2026-01-23 02:19:03.260040+00:00,initial_state,NCAAB,fanduel,"Montana State Bobcats vs Idaho State Bengals, 2026-01-22, 09",Montana State Bobcats,Idaho State Bengals,Total,,145.5,U,-220,https://sportsbook.fanduel.ca/addToBetslip?marketId=801.154049622&selectionId=7017824
2026-01-22 21:19:03,2026-01-23 02:19:03.260040+00:00,initial_state,NCAAB,fanduel,"Montana State Bobcats vs Idaho State Bengals, 2026-01-22, 09",Montana State Bobcats,Idaho State Bengals,Spread,Idaho State Bengals,-0.5,,+370,https://sportsbook.fanduel.ca/addToBetslip?marketId=801.154049546&selectionId=711058
2026-01-22 21:19:03,2026-01-23 02:19:03.260040+00:00,initial_state,NCAAB,fanduel,"Montana State Bobcats vs Idaho State Bengals, 2026-01-22, 09",Montana State Bobcats,Idaho State Bengals,Spread,Montana State Bobcats,0.5,,-600,https://sportsbook.fanduel.ca/addToBetslip?marketId=801.154049546&selectionId=719431
2026-01-22 21:19:03,2026-01-23 02:19:03.260040+00:00,initial_state,NCAAB,fanduel,"Montana State Bobcats vs Idaho State Bengals, 2026-01-22, 09",Montana State Bobcats,Idaho State Bengals,Total,,142.5,O,+110,https://sportsbook.fanduel.ca/addToBetslip?marketId=801.154049579&selectionId=7017823
2026-01-22 21:19:03,2026-01-23 02:19:03.260040+00:00,initial_state,NCAAB,fanduel,"Montana State Bobcats vs Idaho State Bengals, 2026-01-22, 09",Montana State Bobcats,Idaho State Bengals,Total,,142.5,U,-155,https://sportsbook.fanduel.ca/addToBetslip?marketId=801.154049579&selectionId=7017824
2026-01-22 21:19:03,2026-01-23 02:19:03.260040+00:00,initial_state,NCAAB,fanduel,"Montana State Bobcats vs Idaho State Bengals, 2026-01-22, 09",Montana State Bobcats,Idaho State Bengals,Total,,133.5,O,-260,https://sportsbook.fanduel.ca/addToBetslip?marketId=801.154049596&selectionId=7017823
2026-01-22 21:19:03,2026-01-23 02:19:03.260040+00:00,initial_state,NCAAB,fanduel,"Montana State Bobcats vs Idaho State Bengals, 2026-01-22, 09",Montana State Bobcats,Idaho State Bengals,Total,,133.5,U,+175,https://sportsbook.fanduel.ca/addToBetslip?marketId=801.154049596&selectionId=7017824
2026-01-22 21:19:03,2026-01-23 02:19:03.260040+00:00,initial_state,NCAAB,fanduel,"Montana State Bobcats vs Idaho State Bengals, 2026-01-22, 09",Montana State Bobcats,Idaho State Bengals,Spread,Idaho State Bengals,11.5,,-180,https://sportsbook.fanduel.ca/addToBetslip?marketId=801.154049550&selectionId=711058
2026-01-22 21:19:03,2026-01-23 02:19:03.260040+00:00,initial_state,NCAAB,fanduel,"Montana State Bobcats vs Idaho State Bengals, 2026-01-22, 09",Montana State Bobcats,Idaho State Bengals,Spread,Montana State Bobcats,-11.5,,+135,https://sportsbook.fanduel.ca/addToBetslip?marketId=801.154049550&selectionId=719431
2026-01-22 21:19:03,2026-01-23 02:19:03.260040+00:00,initial_state,NCAAB,fanduel,"Montana State Bobcats vs Idaho State Bengals, 2026-01-22, 09",Montana State Bobcats,Idaho State Bengals,Spread,Idaho State Bengals,2.5,,+250,https://sportsbook.fanduel.ca/addToBetslip?marketId=801.154049590&selectionId=711058
2026-01-22 21:19:03,2026-01-23 02:19:03.260040+00:00,initial_state,NCAAB,fanduel,"Montana State Bobcats vs Idaho State Bengals, 2026-01-22, 09",Montana State Bobcats,Idaho State Bengals,Spread,Montana State Bobcats,-2.5,,-360,https://sportsbook.fanduel.ca/addToBetslip?marketId=801.154049590&selectionId=719431
2026-01-22 21:19:03,2026-01-23 02:19:03.260040+00:00,initial_state,NCAAB,fanduel,"Montana State Bobcats vs Idaho State Bengals, 2026-01-22, 09",Montana State Bobcats,Idaho State Bengals,Spread,Idaho State Bengals,8.5,,-112,https://sportsbook.fanduel.ca/addToBetslip?marketId=801.153974432&selectionId=711058
2026-01-22 21:19:03,2026-01-23 02:19:03.260040+00:00,initial_state,NCAAB,fanduel,"Montana State Bobcats vs Idaho State Bengals, 2026-01-22, 09",Montana State Bobcats,Idaho State Bengals,Spread,Montana State Bobcats,-8.5,,-118,https://sportsbook.fanduel.ca/addToBetslip?marketId=801.153974432&selectionId=719431
2026-01-22 21:19:03,2026-01-23 02:19:03.260040+00:00,initial_state,NCAAB,fanduel,"Montana State Bobcats vs Idaho State Bengals, 2026-01-22, 09",Montana State Bobcats,Idaho State Bengals,Total,,136.5,O,-175,https://sportsbook.fanduel.ca/addToBetslip?marketId=801.154049609&selectionId=7017823
2026-01-22 21:19:03,2026-01-23 02:19:03.260040+00:00,initial_state,NCAAB,fanduel,"Montana State Bobcats vs Idaho State Bengals, 2026-01-22, 09",Montana State Bobcats,Idaho State Bengals,Total,,136.5,U,+125,https://sportsbook.fanduel.ca/addToBetslip?marketId=801.154049609&selectionId=7017824
2026-01-22 21:19:03,2026-01-23 02:19:03.260040+00:00,initial_state,NCAAB,fanduel,"Montana State Bobcats vs Idaho State Bengals, 2026-01-22, 09",Montana State Bobcats,Idaho State Bengals,Total,,148.5,O,+210,https://sportsbook.fanduel.ca/addToBetslip?marketId=801.154049592&selectionId=7017823
2026-01-22 21:19:03,2026-01-23 02:19:03.260040+00:00,initial_state,NCAAB,fanduel,"Montana State Bobcats vs Idaho State Bengals, 2026-01-22, 09",Montana State Bobcats,Idaho State Bengals,Total,,148.5,U,-330,https://sportsbook.fanduel.ca/addToBetslip?marketId=801.154049592&selectionId=7017824
2026-01-22 21:19:03,2026-01-23 02:19:03.260040+00:00,initial_state,NCAAB,fanduel,"Montana State Bobcats vs Idaho State Bengals, 2026-01-22, 09",Montana State Bobcats,Idaho State Bengals,Spread,Idaho State Bengals,14.5,,-300,https://sportsbook.fanduel.ca/addToBetslip?marketId=801.154049584&selectionId=711058
2026-01-22 21:19:03,2026-01-23 02:19:03.260040+00:00,initial_state,NCAAB,fanduel,"Montana State Bobcats vs Idaho State Bengals, 2026-01-22, 09",Montana State Bobcats,Idaho State Bengals,Spread,Montana State Bobcats,-14.5,,+210,https://sportsbook.fanduel.ca/addToBetslip?marketId=801.154049584&selectionId=719431
2026-01-22 21:19:03,2026-01-23 02:19:03.260040+00:00,initial_state,NCAAB,fanduel,"Montana State Bobcats vs Idaho State Bengals, 2026-01-22, 09",Montana State Bobcats,Idaho State Bengals,Total,,130.5,O,-400,https://sportsbook.fanduel.ca/addToBetslip?marketId=801.154049586&selectionId=7017823
2026-01-22 21:19:03,2026-01-23 02:19:03.260040+00:00,initial_state,NCAAB,fanduel,"Montana State Bobcats vs Idaho State Bengals, 2026-01-22, 09",Montana State Bobcats,Idaho State Bengals,Total,,130.5,U,+250,https://sportsbook.fanduel.ca/addToBetslip?marketId=801.154049586&selectionId=7017824
2026-01-22 21:19:03,2026-01-23 02:19:03.260040+00:00,initial_state,NCAAB,fanduel,"Montana State Bobcats vs Idaho State Bengals, 2026-01-22, 09",Montana State Bobcats,Idaho State Bengals,Spread,Idaho State Bengals,5.5,,+145,https://sportsbook.fanduel.ca/addToBetslip?marketId=801.154049553&selectionId=711058
2026-01-22 21:19:03,2026-01-23 02:19:03.260040+00:00,initial_state,NCAAB,fanduel,"Montana State Bobcats vs Idaho State Bengals, 2026-01-22, 09",Montana State Bobcats,Idaho State Bengals,Spread,Montana State Bobcats,-5.5,,-195,https://sportsbook.fanduel.ca/addToBetslip?marketId=801.154049553&selectionId=719431
2026-01-22 21:19:03,2026-01-23 02:19:03.275877+00:00,line_update,NCAAB,draftkings,"St Thomas Tommies vs South Dakota Jackrabbits, 2026-01-22, 09",St Thomas Tommies,South Dakota Jackrabbits,Total,,149.5,O,-130,https://sportsbook.draftkings.com/event/south-dakota-state-%40-saint-thomas-mn/33504081?outcomes=0OU83094793O14950_1
2026-01-22 21:19:03,2026-01-23 02:19:03.275945+00:00,line_update,NCAAB,draftkings,"St Thomas Tommies vs South Dakota Jackrabbits, 2026-01-22, 09",St Thomas Tommies,South Dakota Jackrabbits,Total,,149.5,U,-105,https://sportsbook.draftkings.com/event/south-dakota-state-%40-saint-thomas-mn/33504081?outcomes=0OU83094793U14950_3
2026-01-22 21:19:03,2026-01-23 02:19:03.276216+00:00,line_update,NCAAB,draftkings,"St Thomas Tommies vs South Dakota Jackrabbits, 2026-01-22, 09",St Thomas Tommies,South Dakota Jackrabbits,Spread,St Thomas Tommies,-2.5,,,
2026-01-22 21:19:03,2026-01-23 02:19:03.276533+00:00,line_update,NCAAB,draftkings,"St Thomas Tommies vs South Dakota Jackrabbits, 2026-01-22, 09",St Thomas Tommies,South Dakota Jackrabbits,Spread,South Dakota Jackrabbits,2.5,,,
2026-01-22 21:19:03,2026-01-23 02:19:03.276734+00:00,line_update,NCAAB,draftkings,"St Thomas Tommies vs South Dakota Jackrabbits, 2026-01-22, 09",St Thomas Tommies,South Dakota Jackrabbits,Spread,South Dakota Jackrabbits,3.5,,-150,https://sportsbook.draftkings.com/event/south-dakota-state-%40-saint-thomas-mn/33504081?outcomes=0HC83094793P350_3
2026-01-22 21:19:03,2026-01-23 02:19:03.276799+00:00,line_update,NCAAB,draftkings,"St Thomas Tommies vs South Dakota Jackrabbits, 2026-01-22, 09",St Thomas Tommies,South Dakota Jackrabbits,Spread,St Thomas Tommies,-1.5,,-130,https://sportsbook.draftkings.com/event/south-dakota-state-%40-saint-thomas-mn/33504081?outcomes=0HC83094793N150_1
2026-01-22 21:19:03,2026-01-23 02:19:03.276877+00:00,line_update,NCAAB,draftkings,"St Thomas Tommies vs South Dakota Jackrabbits, 2026-01-22, 09",St Thomas Tommies,South Dakota Jackrabbits,Spread,St Thomas Tommies,-4.5,,+125,https://sportsbook.draftkings.com/event/south-dakota-state-%40-saint-thomas-mn/33504081?outcomes=0HC83094793N450_1
2026-01-22 21:19:03,2026-01-23 02:19:03.276950+00:00,line_update,NCAAB,draftkings,"St Thomas Tommies vs South Dakota Jackrabbits, 2026-01-22, 09",St Thomas Tommies,South Dakota Jackrabbits,Spread,St Thomas Tommies,-5.5,,+140,https://sportsbook.draftkings.com/event/south-dakota-state-%40-saint-thomas-mn/33504081?outcomes=0HC83094793N550_1
2026-01-22 21:19:03,2026-01-23 02:19:03.277037+00:00,line_update,NCAAB,draftkings,"St Thomas Tommies vs South Dakota Jackrabbits, 2026-01-22, 09",St Thomas Tommies,South Dakota Jackrabbits,Spread,St Thomas Tommies,-6.5,,+155,https://sportsbook.draftkings.com/event/south-dakota-state-%40-saint-thomas-mn/33504081?outcomes=0HC83094793N650_1
2026-01-22 21:19:03,2026-01-23 02:19:03.277099+00:00,line_update,NCAAB,draftkings,"St Thomas Tommies vs South Dakota Jackrabbits, 2026-01-22, 09",St Thomas Tommies,South Dakota Jackrabbits,Spread,South Dakota Jackrabbits,7.5,,-245,https://sportsbook.draftkings.com/event/south-dakota-state-%40-saint-thomas-mn/33504081?outcomes=0HC83094793P750_3
2026-01-22 21:19:03,2026-01-23 02:19:03.277270+00:00,line_update,NCAAB,draftkings,"St Thomas Tommies vs South Dakota Jackrabbits, 2026-01-22, 09",St Thomas Tommies,South Dakota Jackrabbits,Spread,St Thomas Tommies,-3.5,,+110,https://sportsbook.draftkings.com/event/south-dakota-state-%40-saint-thomas-mn/33504081?outcomes=0HC83094793N350_1
2026-01-22 21:19:03,2026-01-23 02:19:03.277406+00:00,line_update,NCAAB,draftkings,"St Thomas Tommies vs South Dakota Jackrabbits, 2026-01-22, 09",St Thomas Tommies,South Dakota Jackrabbits,Spread,South Dakota Jackrabbits,1.5,,-105,https://sportsbook.draftkings.com/event/south-dakota-state-%40-saint-thomas-mn/33504081?outcomes=0HC83094793P150_3
2026-01-22 21:19:03,2026-01-23 02:19:03.277486+00:00,line_update,NCAAB,draftkings,"St Thomas Tommies vs South Dakota Jackrabbits, 2026-01-22, 09",St Thomas Tommies,South Dakota Jackrabbits,Spread,South Dakota Jackrabbits,4.5,,-170,https://sportsbook.draftkings.com/event/south-dakota-state-%40-saint-thomas-mn/33504081?outcomes=0HC83094793P450_3
2026-01-22 21:19:03,2026-01-23 02:19:03.277584+00:00,line_update,NCAAB,draftkings,"St Thomas Tommies vs South Dakota Jackrabbits, 2026-01-22, 09",St Thomas Tommies,South Dakota Jackrabbits,Spread,St Thomas Tommies,-7.5,,+180,https://sportsbook.draftkings.com/event/south-dakota-state-%40-saint-thomas-mn/33504081?outcomes=0HC83094793N750_1
2026-01-22 21:19:03,2026-01-23 02:19:03.277645+00:00,line_update,NCAAB,draftkings,"St Thomas Tommies vs South Dakota Jackrabbits, 2026-01-22, 09",St Thomas Tommies,South Dakota Jackrabbits,Spread,South Dakota Jackrabbits,5.5,,-190,https://sportsbook.draftkings.com/event/south-dakota-state-%40-saint-thomas-mn/33504081?outcomes=0HC83094793P550_3
2026-01-22 21:19:03,2026-01-23 02:19:03.290299+00:00,line_update,NCAAB,draftkings,"St Thomas Tommies vs South Dakota Jackrabbits, 2026-01-22, 09",St Thomas Tommies,South Dakota Jackrabbits,Spread,South Dakota Jackrabbits,6.5,,-215,https://sportsbook.draftkings.com/event/south-dakota-state-%40-saint-thomas-mn/33504081?outcomes=0HC83094793P650_3
2026-01-22 21:19:04,2026-01-23 02:19:04.597156+00:00,line_update,NCAAB,fanduel,"Denver Pioneers vs North Dakota State Bison, 2026-01-22, 09",Denver Pioneers,North Dakota State Bison,Total,,165.5,O,-155,https://sportsbook.fanduel.ca/addToBetslip?marketId=801.154051359&selectionId=7017823
2026-01-22 21:19:04,2026-01-23 02:19:04.597204+00:00,line_update,NCAAB,fanduel,"Denver Pioneers vs North Dakota State Bison, 2026-01-22, 09",Denver Pioneers,North Dakota State Bison,Total,,165.5,U,+110,https://sportsbook.fanduel.ca/addToBetslip?marketId=801.154051359&selectionId=7017824
2026-01-22 21:19:04,2026-01-23 02:19:04.597590+00:00,line_update,NCAAB,fanduel,"Denver Pioneers vs North Dakota State Bison, 2026-01-22, 09",Denver Pioneers,North Dakota State Bison,Total,,177.5,O,+230,https://sportsbook.fanduel.ca/addToBetslip?marketId=801.154051384&selectionId=7017823
2026-01-22 21:19:04,2026-01-23 02:19:04.597620+00:00,line_update,NCAAB,fanduel,"Denver Pioneers vs North Dakota State Bison, 2026-01-22, 09",Denver Pioneers,North Dakota State Bison,Total,,177.5,U,-350,https://sportsbook.fanduel.ca/addToBetslip?marketId=801.154051384&selectionId=7017824
2026-01-22 21:19:04,2026-01-23 02:19:04.599176+00:00,line_update,NCAAB,fanduel,"Denver Pioneers vs North Dakota State Bison, 2026-01-22, 09",Denver Pioneers,North Dakota State Bison,Total,,174.5,O,+165,https://sportsbook.fanduel.ca/addToBetslip?marketId=801.154051374&selectionId=7017823
2026-01-22 21:19:04,2026-01-23 02:19:04.599212+00:00,line_update,NCAAB,fanduel,"Denver Pioneers vs North Dakota State Bison, 2026-01-22, 09",Denver Pioneers,North Dakota State Bison,Total,,174.5,U,-240,https://sportsbook.fanduel.ca/addToBetslip?marketId=801.154051374&selectionId=7017824
2026-01-22 21:19:04,2026-01-23 02:19:04.599390+00:00,line_update,NCAAB,fanduel,"Denver Pioneers vs North Dakota State Bison, 2026-01-22, 09",Denver Pioneers,North Dakota State Bison,Spread,North Dakota State Bison,0.5,,,
2026-01-22 21:19:04,2026-01-23 02:19:04.599421+00:00,line_update,NCAAB,fanduel,"Denver Pioneers vs North Dakota State Bison, 2026-01-22, 09",Denver Pioneers,North Dakota State Bison,Spread,North Dakota State Bison,1.5,,-600,https://sportsbook.fanduel.ca/addToBetslip?marketId=801.154051383&selectionId=3755902
2026-01-22 21:19:04,2026-01-23 02:19:04.599450+00:00,line_update,NCAAB,fanduel,"Denver Pioneers vs North Dakota State Bison, 2026-01-22, 09",Denver Pioneers,North Dakota State Bison,Spread,Denver Pioneers,-0.5,,,
2026-01-22 21:19:04,2026-01-23 02:19:04.599478+00:00,line_update,NCAAB,fanduel,"Denver Pioneers vs North Dakota State Bison, 2026-01-22, 09",Denver Pioneers,North Dakota State Bison,Spread,Denver Pioneers,-1.5,,+370,https://sportsbook.fanduel.ca/addToBetslip?marketId=801.154051383&selectionId=13124
2026-01-22 21:19:04,2026-01-23 02:19:04.599925+00:00,line_update,NCAAB,fanduel,"Denver Pioneers vs North Dakota State Bison, 2026-01-22, 09",Denver Pioneers,North Dakota State Bison,Spread,North Dakota State Bison,-17.5,,,
2026-01-22 21:19:04,2026-01-23 02:19:04.599953+00:00,line_update,NCAAB,fanduel,"Denver Pioneers vs North Dakota State Bison, 2026-01-22, 09",Denver Pioneers,North Dakota State Bison,Spread,North Dakota State Bison,-16.5,,+310,https://sportsbook.fanduel.ca/addToBetslip?marketId=801.154051355&selectionId=3755902
2026-01-22 21:19:04,2026-01-23 02:19:04.599982+00:00,line_update,NCAAB,fanduel,"Denver Pioneers vs North Dakota State Bison, 2026-01-22, 09",Denver Pioneers,North Dakota State Bison,Spread,Denver Pioneers,17.5,,,
2026-01-22 21:19:04,2026-01-23 02:19:04.600009+00:00,line_update,NCAAB,fanduel,"Denver Pioneers vs North Dakota State Bison, 2026-01-22, 09",Denver Pioneers,North Dakota State Bison,Spread,Denver Pioneers,16.5,,-460,https://sportsbook.fanduel.ca/addToBetslip?marketId=801.154051355&selectionId=13124
2026-01-22 21:19:04,2026-01-23 02:19:04.600217+00:00,line_update,NCAAB,fanduel,"Denver Pioneers vs North Dakota State Bison, 2026-01-22, 09",Denver Pioneers,North Dakota State Bison,Spread,North Dakota State Bison,-5.5,,,
2026-01-22 21:19:04,2026-01-23 02:19:04.600246+00:00,line_update,NCAAB,fanduel,"Denver Pioneers vs North Dakota State Bison, 2026-01-22, 09",Denver Pioneers,North Dakota State Bison,Spread,North Dakota State Bison,-4.5,,-210,https://sportsbook.fanduel.ca/addToBetslip?marketId=801.154051397&selectionId=3755902
2026-01-22 21:19:04,2026-01-23 02:19:04.600274+00:00,line_update,NCAAB,fanduel,"Denver Pioneers vs North Dakota State Bison, 2026-01-22, 09",Denver Pioneers,North Dakota State Bison,Spread,Denver Pioneers,5.5,,,
2026-01-22 21:19:04,2026-01-23 02:19:04.600301+00:00,line_update,NCAAB,fanduel,"Denver Pioneers vs North Dakota State Bison, 2026-01-22, 09",Denver Pioneers,North Dakota State Bison,Spread,Denver Pioneers,4.5,,+155,https://sportsbook.fanduel.ca/addToBetslip?marketId=801.154051397&selectionId=13124
2026-01-22 21:19:04,2026-01-23 02:19:04.600503+00:00,line_update,NCAAB,fanduel,"Denver Pioneers vs North Dakota State Bison, 2026-01-22, 09",Denver Pioneers,North Dakota State Bison,Spread,North Dakota State Bison,-14.5,,,
2026-01-22 21:19:04,2026-01-23 02:19:04.600531+00:00,line_update,NCAAB,fanduel,"Denver Pioneers vs North Dakota State Bison, 2026-01-22, 09",Denver Pioneers,North Dakota State Bison,Spread,North Dakota State Bison,-13.5,,+200,https://sportsbook.fanduel.ca/addToBetslip?marketId=801.154051398&selectionId=3755902
2026-01-22 21:19:04,2026-01-23 02:19:04.600558+00:00,line_update,NCAAB,fanduel,"Denver Pioneers vs North Dakota State Bison, 2026-01-22, 09",Denver Pioneers,North Dakota State Bison,Spread,Denver Pioneers,14.5,,,
2026-01-22 21:19:04,2026-01-23 02:19:04.600584+00:00,line_update,NCAAB,fanduel,"Denver Pioneers vs North Dakota State Bison, 2026-01-22, 09",Denver Pioneers,North Dakota State Bison,Spread,Denver Pioneers,13.5,,-280,https://sportsbook.fanduel.ca/addToBetslip?marketId=801.154051398&selectionId=13124
2026-01-22 21:19:04,2026-01-23 02:19:04.601176+00:00,line_update,NCAAB,fanduel,"Denver Pioneers vs North Dakota State Bison, 2026-01-22, 09",Denver Pioneers,North Dakota State Bison,Total,,171.5,O,+120,https://sportsbook.fanduel.ca/addToBetslip?marketId=801.154051373&selectionId=7017823
2026-01-22 21:19:04,2026-01-23 02:19:04.601218+00:00,line_update,NCAAB,fanduel,"Denver Pioneers vs North Dakota State Bison, 2026-01-22, 09",Denver Pioneers,North Dakota State Bison,Total,,171.5,U,-165,https://sportsbook.fanduel.ca/addToBetslip?marketId=801.154051373&selectionId=7017824
2026-01-22 21:19:04,2026-01-23 02:19:04.601248+00:00,line_update,NCAAB,fanduel,"Denver Pioneers vs North Dakota State Bison, 2026-01-22, 09",Denver Pioneers,North Dakota State Bison,Spread,North Dakota State Bison,-2.5,,,
2026-01-22 21:19:04,2026-01-23 02:19:04.601276+00:00,line_update,NCAAB,fanduel,"Denver Pioneers vs North Dakota State Bison, 2026-01-22, 09",Denver Pioneers,North Dakota State Bison,Spread,North Dakota State Bison,-1.5,,-400,https://sportsbook.fanduel.ca/addToBetslip?marketId=801.154051348&selectionId=3755902
2026-01-22 21:19:04,2026-01-23 02:19:04.601304+00:00,line_update,NCAAB,fanduel,"Denver Pioneers vs North Dakota State Bison, 2026-01-22, 09",Denver Pioneers,North Dakota State Bison,Spread,Denver Pioneers,2.5,,,
2026-01-22 21:19:04,2026-01-23 02:19:04.601331+00:00,line_update,NCAAB,fanduel,"Denver Pioneers vs North Dakota State Bison, 2026-01-22, 09",Denver Pioneers,North Dakota State Bison,Spread,Denver Pioneers,1.5,,+270,https://sportsbook.fanduel.ca/addToBetslip?marketId=801.154051348&selectionId=13124
2026-01-22 21:19:04,2026-01-23 02:19:04.601566+00:00,line_update,NCAAB,fanduel,"Denver Pioneers vs North Dakota State Bison, 2026-01-22, 09",Denver Pioneers,North Dakota State Bison,Spread,North Dakota State Bison,-8.5,,,
2026-01-22 21:19:04,2026-01-23 02:19:04.601593+00:00,line_update,NCAAB,fanduel,"Denver Pioneers vs North Dakota State Bison, 2026-01-22, 09",Denver Pioneers,North Dakota State Bison,Spread,North Dakota State Bison,-7.5,,-125,https://sportsbook.fanduel.ca/addToBetslip?marketId=801.153982228&selectionId=3755902
2026-01-22 21:19:04,2026-01-23 02:19:04.601620+00:00,line_update,NCAAB,fanduel,"Denver Pioneers vs North Dakota State Bison, 2026-01-22, 09",Denver Pioneers,North Dakota State Bison,Spread,Denver Pioneers,8.5,,,
2026-01-22 21:19:04,2026-01-23 02:19:04.601646+00:00,line_update,NCAAB,fanduel,"Denver Pioneers vs North Dakota State Bison, 2026-01-22, 09",Denver Pioneers,North Dakota State Bison,Spread,Denver Pioneers,7.5,,-106,https://sportsbook.fanduel.ca/addToBetslip?marketId=801.153982228&selectionId=13124
2026-01-22 21:19:04,2026-01-23 02:19:04.601784+00:00,line_update,NCAAB,fanduel,"Denver Pioneers vs North Dakota State Bison, 2026-01-22, 09",Denver Pioneers,North Dakota State Bison,Total,,168.5,O,-110,https://sportsbook.fanduel.ca/addToBetslip?marketId=801.153982229&selectionId=7017823
2026-01-22 21:19:04,2026-01-23 02:19:04.601814+00:00,line_update,NCAAB,fanduel,"Denver Pioneers vs North Dakota State Bison, 2026-01-22, 09",Denver Pioneers,North Dakota State Bison,Total,,168.5,U,-120,https://sportsbook.fanduel.ca/addToBetslip?marketId=801.153982229&selectionId=7017824
2026-01-22 21:19:04,2026-01-23 02:19:04.601954+00:00,line_update,NCAAB,fanduel,"Denver Pioneers vs North Dakota State Bison, 2026-01-22, 09",Denver Pioneers,North Dakota State Bison,Spread,North Dakota State Bison,-11.5,,,
2026-01-22 21:19:04,2026-01-23 02:19:04.601981+00:00,line_update,NCAAB,fanduel,"Denver Pioneers vs North Dakota State Bison, 2026-01-22, 09",Denver Pioneers,North Dakota State Bison,Spread,North Dakota State Bison,-10.5,,+125,https://sportsbook.fanduel.ca/addToBetslip?marketId=801.154051366&selectionId=3755902
2026-01-22 21:19:04,2026-01-23 02:19:04.602007+00:00,line_update,NCAAB,fanduel,"Denver Pioneers vs North Dakota State Bison, 2026-01-22, 09",Denver Pioneers,North Dakota State Bison,Spread,Denver Pioneers,11.5,,,
2026-01-22 21:19:04,2026-01-23 02:19:04.602033+00:00,line_update,NCAAB,fanduel,"Denver Pioneers vs North Dakota State Bison, 2026-01-22, 09",Denver Pioneers,North Dakota State Bison,Spread,Denver Pioneers,10.5,,-170,https://sportsbook.fanduel.ca/addToBetslip?marketId=801.154051366&selectionId=13124
2026-01-22 21:19:04,2026-01-23 02:19:04.602063+00:00,line_update,NCAAB,fanduel,"Denver Pioneers vs North Dakota State Bison, 2026-01-22, 09",Denver Pioneers,North Dakota State Bison,Total,,159.5,O,-330,https://sportsbook.fanduel.ca/addToBetslip?marketId=801.154051392&selectionId=7017823
2026-01-22 21:19:04,2026-01-23 02:19:04.602094+00:00,line_update,NCAAB,fanduel,"Denver Pioneers vs North Dakota State Bison, 2026-01-22, 09",Denver Pioneers,North Dakota State Bison,Total,,159.5,U,+220,https://sportsbook.fanduel.ca/addToBetslip?marketId=801.154051392&selectionId=7017824
2026-01-22 21:19:04,2026-01-23 02:19:04.602525+00:00,line_update,NCAAB,fanduel,"Denver Pioneers vs North Dakota State Bison, 2026-01-22, 09",Denver Pioneers,North Dakota State Bison,Total,,162.5,O,-220,https://sportsbook.fanduel.ca/addToBetslip?marketId=801.154051339&selectionId=7017823
2026-01-22 21:19:04,2026-01-23 02:19:04.602555+00:00,line_update,NCAAB,fanduel,"Denver Pioneers vs North Dakota State Bison, 2026-01-22, 09",Denver Pioneers,North Dakota State Bison,Total,,162.5,U,+150,https://sportsbook.fanduel.ca/addToBetslip?marketId=801.154051339&selectionId=7017824
2026-01-22 21:19:04,2026-01-23 02:19:04.630758+00:00,line_update,NCAAB,pinnacle,"Cal Davis Aggies vs UC San Diego Tritons, 2026-01-22, 09",Cal Davis Aggies,UC San Diego Tritons,Spread,Cal Davis Aggies,3.5,,+113,
2026-01-22 21:19:04,2026-01-23 02:19:04.630841+00:00,line_update,NCAAB,pinnacle,"Cal Davis Aggies vs UC San Diego Tritons, 2026-01-22, 09",Cal Davis Aggies,UC San Diego Tritons,Spread,UC San Diego Tritons,-3.5,,-153,
2026-01-22 21:19:04,2026-01-23 02:19:04.630910+00:00,line_update,NCAAB,pinnacle,"Cal Davis Aggies vs UC San Diego Tritons, 2026-01-22, 09",Cal Davis Aggies,UC San Diego Tritons,Total,,145.5,O,+108,
2026-01-22 21:19:04,2026-01-23 02:19:04.630963+00:00,line_update,NCAAB,pinnacle,"Cal Davis Aggies vs UC San Diego Tritons, 2026-01-22, 09",Cal Davis Aggies,UC San Diego Tritons,Total,,145.5,U,-146,
2026-01-22 21:19:04,2026-01-23 02:19:04.631041+00:00,line_update,NCAAB,pinnacle,"Cal Davis Aggies vs UC San Diego Tritons, 2026-01-22, 09",Cal Davis Aggies,UC San Diego Tritons,Total,,145.0,O,+103,
2026-01-22 21:19:04,2026-01-23 02:19:04.631098+00:00,line_update,NCAAB,pinnacle,"Cal Davis Aggies vs UC San Diego Tritons, 2026-01-22, 09",Cal Davis Aggies,UC San Diego Tritons,Total,,145.0,U,-138,
2026-01-22 21:19:04,2026-01-23 02:19:04.631155+00:00,line_update,NCAAB,pinnacle,"Cal Davis Aggies vs UC San Diego Tritons, 2026-01-22, 09",Cal Davis Aggies,UC San Diego Tritons,Total,,144.5,O,-104,
2026-01-22 21:19:04,2026-01-23 02:19:04.631206+00:00,line_update,NCAAB,pinnacle,"Cal Davis Aggies vs UC San Diego Tritons, 2026-01-22, 09",Cal Davis Aggies,UC San Diego Tritons,Total,,144.5,U,-130,
2026-01-22 21:19:04,2026-01-23 02:19:04.631260+00:00,line_update,NCAAB,pinnacle,"Cal Davis Aggies vs UC San Diego Tritons, 2026-01-22, 09",Cal Davis Aggies,UC San Diego Tritons,Total,,144.0,O,-108,
2026-01-22 21:19:04,2026-01-23 02:19:04.631308+00:00,line_update,NCAAB,pinnacle,"Cal Davis Aggies vs UC San Diego Tritons, 2026-01-22, 09",Cal Davis Aggies,UC San Diego Tritons,Total,,144.0,U,-122,
2026-01-22 21:19:04,2026-01-23 02:19:04.631363+00:00,line_update,NCAAB,pinnacle,"Cal Davis Aggies vs UC San Diego Tritons, 2026-01-22, 09",Cal Davis Aggies,UC San Diego Tritons,Total,,143.5,O,-115,
2026-01-22 21:19:04,2026-01-23 02:19:04.631411+00:00,line_update,NCAAB,pinnacle,"Cal Davis Aggies vs UC San Diego Tritons, 2026-01-22, 09",Cal Davis Aggies,UC San Diego Tritons,Total,,143.5,U,-116,
2026-01-22 21:19:04,2026-01-23 02:19:04.631463+00:00,line_update,NCAAB,pinnacle,"Cal Davis Aggies vs UC San Diego Tritons, 2026-01-22, 09",Cal Davis Aggies,UC San Diego Tritons,Total,,143.0,O,-123,
2026-01-22 21:19:04,2026-01-23 02:19:04.631513+00:00,line_update,NCAAB,pinnacle,"Cal Davis Aggies vs UC San Diego Tritons, 2026-01-22, 09",Cal Davis Aggies,UC San Diego Tritons,Total,,143.0,U,-110,
2026-01-22 21:19:04,2026-01-23 02:19:04.631564+00:00,line_update,NCAAB,pinnacle,"Cal Davis Aggies vs UC San Diego Tritons, 2026-01-22, 09",Cal Davis Aggies,UC San Diego Tritons,Total,,142.5,O,-130,
2026-01-22 21:19:04,2026-01-23 02:19:04.631617+00:00,line_update,NCAAB,pinnacle,"Cal Davis Aggies vs UC San Diego Tritons, 2026-01-22, 09",Cal Davis Aggies,UC San Diego Tritons,Total,,142.5,U,-104,
2026-01-22 21:19:05,2026-01-23 02:19:05.623249+00:00,line_update,NCAAB,pinnacle,"Cal Davis Aggies vs UC San Diego Tritons, 2026-01-22, 09",Cal Davis Aggies,UC San Diego Tritons,Spread,Cal Davis Aggies,5.5,,-147,
2026-01-22 21:19:05,2026-01-23 02:19:05.623346+00:00,line_update,NCAAB,pinnacle,"Cal Davis Aggies vs UC San Diego Tritons, 2026-01-22, 09",Cal Davis Aggies,UC San Diego Tritons,Spread,UC San Diego Tritons,-5.5,,+109,
2026-01-22 21:19:05,2026-01-23 02:19:05.623409+00:00,line_update,NCAAB,pinnacle,"Cal Davis Aggies vs UC San Diego Tritons, 2026-01-22, 09",Cal Davis Aggies,UC San Diego Tritons,Spread,Cal Davis Aggies,5.0,,-135,
2026-01-22 21:19:05,2026-01-23 02:19:05.623462+00:00,line_update,NCAAB,pinnacle,"Cal Davis Aggies vs UC San Diego Tritons, 2026-01-22, 09",Cal Davis Aggies,UC San Diego Tritons,Spread,UC San Diego Tritons,-5.0,,+100,
2026-01-22 21:19:05,2026-01-23 02:19:05.623524+00:00,line_update,NCAAB,pinnacle,"Cal Davis Aggies vs UC San Diego Tritons, 2026-01-22, 09",Cal Davis Aggies,UC San Diego Tritons,Spread,Cal Davis Aggies,4.5,,-122,
2026-01-22 21:19:05,2026-01-23 02:19:05.623575+00:00,line_update,NCAAB,pinnacle,"Cal Davis Aggies vs UC San Diego Tritons, 2026-01-22, 09",Cal Davis Aggies,UC San Diego Tritons,Spread,UC San Diego Tritons,-4.5,,-110,
2026-01-22 21:19:05,2026-01-23 02:19:05.623643+00:00,line_update,NCAAB,pinnacle,"Cal Davis Aggies vs UC San Diego Tritons, 2026-01-22, 09",Cal Davis Aggies,UC San Diego Tritons,Spread,Cal Davis Aggies,4.0,,-111,
2026-01-22 21:19:05,2026-01-23 02:19:05.623695+00:00,line_update,NCAAB,pinnacle,"Cal Davis Aggies vs UC San Diego Tritons, 2026-01-22, 09",Cal Davis Aggies,UC San Diego Tritons,Spread,UC San Diego Tritons,-4.0,,-119,
2026-01-22 21:19:05,2026-01-23 02:19:05.623750+00:00,line_update,NCAAB,pinnacle,"Cal Davis Aggies vs UC San Diego Tritons, 2026-01-22, 09",Cal Davis Aggies,UC San Diego Tritons,Spread,Cal Davis Aggies,3.5,,-103,
2026-01-22 21:19:05,2026-01-23 02:19:05.623800+00:00,line_update,NCAAB,pinnacle,"Cal Davis Aggies vs UC San Diego Tritons, 2026-01-22, 09",Cal Davis Aggies,UC San Diego Tritons,Spread,UC San Diego Tritons,-3.5,,-131,
2026-01-22 21:19:05,2026-01-23 02:19:05.623858+00:00,line_update,NCAAB,pinnacle,"Cal Davis Aggies vs UC San Diego Tritons, 2026-01-22, 09",Cal Davis Aggies,UC San Diego Tritons,Spread,Cal Davis Aggies,3.0,,+107,
2026-01-22 21:19:05,2026-01-23 02:19:05.623907+00:00,line_update,NCAAB,pinnacle,"Cal Davis Aggies vs UC San Diego Tritons, 2026-01-22, 09",Cal Davis Aggies,UC San Diego Tritons,Spread,UC San Diego Tritons,-3.0,,-145,
2026-01-22 21:19:05,2026-01-23 02:19:05.623963+00:00,line_update,NCAAB,pinnacle,"Cal Davis Aggies vs UC San Diego Tritons, 2026-01-22, 09",Cal Davis Aggies,UC San Diego Tritons,Spread,Cal Davis Aggies,2.5,,+116,
2026-01-22 21:19:05,2026-01-23 02:19:05.624013+00:00,line_update,NCAAB,pinnacle,"Cal Davis Aggies vs UC San Diego Tritons, 2026-01-22, 09",Cal Davis Aggies,UC San Diego Tritons,Spread,UC San Diego Tritons,-2.5,,-158,
2026-01-22 21:19:05,2026-01-23 02:19:05.624066+00:00,line_update,NCAAB,pinnacle,"Cal Davis Aggies vs UC San Diego Tritons, 2026-01-22, 09",Cal Davis Aggies,UC San Diego Tritons,Spread,Cal Davis Aggies,6.0,,,
2026-01-22 21:19:05,2026-01-23 02:19:05.624110+00:00,line_update,NCAAB,pinnacle,"Cal Davis Aggies vs UC San Diego Tritons, 2026-01-22, 09",Cal Davis Aggies,UC San Diego Tritons,Spread,Cal Davis Aggies,6.5,,,
2026-01-22 21:19:05,2026-01-23 02:19:05.624156+00:00,line_update,NCAAB,pinnacle,"Cal Davis Aggies vs UC San Diego Tritons, 2026-01-22, 09",Cal Davis Aggies,UC San Diego Tritons,Spread,UC San Diego Tritons,-6.5,,,
2026-01-22 21:19:05,2026-01-23 02:19:05.624198+00:00,line_update,NCAAB,pinnacle,"Cal Davis Aggies vs UC San Diego Tritons, 2026-01-22, 09",Cal Davis Aggies,UC San Diego Tritons,Spread,UC San Diego Tritons,-6.0,,,
2026-01-22 21:19:05,2026-01-23 02:19:05.624259+00:00,line_update,NCAAB,pinnacle,"Cal Davis Aggies vs UC San Diego Tritons, 2026-01-22, 09",Cal Davis Aggies,UC San Diego Tritons,Total,,145.5,O,+110,
2026-01-22 21:19:05,2026-01-23 02:19:05.624310+00:00,line_update,NCAAB,pinnacle,"Cal Davis Aggies vs UC San Diego Tritons, 2026-01-22, 09",Cal Davis Aggies,UC San Diego Tritons,Total,,145.5,U,-149,
2026-01-22 21:19:05,2026-01-23 02:19:05.624364+00:00,line_update,NCAAB,pinnacle,"Cal Davis Aggies vs UC San Diego Tritons, 2026-01-22, 09",Cal Davis Aggies,UC San Diego Tritons,Total,,145.0,O,+105,
2026-01-22 21:19:05,2026-01-23 02:19:05.624411+00:00,line_update,NCAAB,pinnacle,"Cal Davis Aggies vs UC San Diego Tritons, 2026-01-22, 09",Cal Davis Aggies,UC San Diego Tritons,Total,,145.0,U,-141,
2026-01-22 21:19:05,2026-01-23 02:19:05.624467+00:00,line_update,NCAAB,pinnacle,"Cal Davis Aggies vs UC San Diego Tritons, 2026-01-22, 09",Cal Davis Aggies,UC San Diego Tritons,Total,,144.5,O,-102,
2026-01-22 21:19:05,2026-01-23 02:19:05.624515+00:00,line_update,NCAAB,pinnacle,"Cal Davis Aggies vs UC San Diego Tritons, 2026-01-22, 09",Cal Davis Aggies,UC San Diego Tritons,Total,,144.5,U,-132,
2026-01-22 21:19:05,2026-01-23 02:19:05.624567+00:00,line_update,NCAAB,pinnacle,"Cal Davis Aggies vs UC San Diego Tritons, 2026-01-22, 09",Cal Davis Aggies,UC San Diego Tritons,Total,,144.0,O,-106,
2026-01-22 21:19:05,2026-01-23 02:19:05.624615+00:00,line_update,NCAAB,pinnacle,"Cal Davis Aggies vs UC San Diego Tritons, 2026-01-22, 09",Cal Davis Aggies,UC San Diego Tritons,Total,,144.0,U,-124,
2026-01-22 21:19:05,2026-01-23 02:19:05.624666+00:00,line_update,NCAAB,pinnacle,"Cal Davis Aggies vs UC San Diego Tritons, 2026-01-22, 09",Cal Davis Aggies,UC San Diego Tritons,Total,,143.5,O,-113,
2026-01-22 21:19:05,2026-01-23 02:19:05.624713+00:00,line_update,NCAAB,pinnacle,"Cal Davis Aggies vs UC San Diego Tritons, 2026-01-22, 09",Cal Davis Aggies,UC San Diego Tritons,Total,,143.5,U,-119,
2026-01-22 21:19:05,2026-01-23 02:19:05.624766+00:00,line_update,NCAAB,pinnacle,"Cal Davis Aggies vs UC San Diego Tritons, 2026-01-22, 09",Cal Davis Aggies,UC San Diego Tritons,Total,,143.0,O,-120,
2026-01-22 21:19:05,2026-01-23 02:19:05.624813+00:00,line_update,NCAAB,pinnacle,"Cal Davis Aggies vs UC San Diego Tritons, 2026-01-22, 09",Cal Davis Aggies,UC San Diego Tritons,Total,,143.0,U,-112,
2026-01-22 21:19:05,2026-01-23 02:19:05.624864+00:00,line_update,NCAAB,pinnacle,"Cal Davis Aggies vs UC San Diego Tritons, 2026-01-22, 09",Cal Davis Aggies,UC San Diego Tritons,Total,,142.5,O,-127,
2026-01-22 21:19:05,2026-01-23 02:19:05.624911+00:00,line_update,NCAAB,pinnacle,"Cal Davis Aggies vs UC San Diego Tritons, 2026-01-22, 09",Cal Davis Aggies,UC San Diego Tritons,Total,,142.5,U,-106,
2026-01-22 21:19:10,2026-01-23 02:19:10.793200+00:00,line_update,NCAAB,draftkings,"Southern Indiana Screaming Eagles vs Eastern Illinois Panthers, 2026-01-22, 08",Southern Indiana Screaming Eagles,Eastern Illinois Panthers,Total,,113.5,O,,
2026-01-22 21:19:10,2026-01-23 02:19:10.793330+00:00,line_update,NCAAB,draftkings,"Southern Indiana Screaming Eagles vs Eastern Illinois Panthers, 2026-01-22, 08",Southern Indiana Screaming Eagles,Eastern Illinois Panthers,Total,,114.5,O,,
2026-01-22 21:19:10,2026-01-23 02:19:10.793388+00:00,line_update,NCAAB,draftkings,"Southern Indiana Screaming Eagles vs Eastern Illinois Panthers, 2026-01-22, 08",Southern Indiana Screaming Eagles,Eastern Illinois Panthers,Total,,120.5,O,,
2026-01-22 21:19:10,2026-01-23 02:19:10.793439+00:00,line_update,NCAAB,draftkings,"Southern Indiana Screaming Eagles vs Eastern Illinois Panthers, 2026-01-22, 08",Southern Indiana Screaming Eagles,Eastern Illinois Panthers,Total,,113.5,U,,
2026-01-22 21:19:10,2026-01-23 02:19:10.793491+00:00,line_update,NCAAB,draftkings,"Southern Indiana Screaming Eagles vs Eastern Illinois Panthers, 2026-01-22, 08",Southern Indiana Screaming Eagles,Eastern Illinois Panthers,Total,,114.5,U,,
2026-01-22 21:19:10,2026-01-23 02:19:10.793541+00:00,line_update,NCAAB,draftkings,"Southern Indiana Screaming Eagles vs Eastern Illinois Panthers, 2026-01-22, 08",Southern Indiana Screaming Eagles,Eastern Illinois Panthers,Total,,120.5,U,,
2026-01-22 21:19:10,2026-01-23 02:19:10.793600+00:00,line_update,NCAAB,draftkings,"Southern Indiana Screaming Eagles vs Eastern Illinois Panthers, 2026-01-22, 08",Southern Indiana Screaming Eagles,Eastern Illinois Panthers,Total,,115.5,O,-250,https://sportsbook.draftkings.com/event/eastern-illinois-%40-southern-indiana/33504074?outcomes=0OU83094766O11550_1
2026-01-22 21:19:10,2026-01-23 02:19:10.797055+00:00,line_update,NCAAB,draftkings,"Southern Indiana Screaming Eagles vs Eastern Illinois Panthers, 2026-01-22, 08",Southern Indiana Screaming Eagles,Eastern Illinois Panthers,Total,,123.5,O,+125,https://sportsbook.draftkings.com/event/eastern-illinois-%40-southern-indiana/33504074?outcomes=0OU83094766O12350_1
2026-01-22 21:19:10,2026-01-23 02:19:10.797143+00:00,line_update,NCAAB,draftkings,"Southern Indiana Screaming Eagles vs Eastern Illinois Panthers, 2026-01-22, 08",Southern Indiana Screaming Eagles,Eastern Illinois Panthers,Total,,124.5,O,+140,https://sportsbook.draftkings.com/event/eastern-illinois-%40-southern-indiana/33504074?outcomes=0OU83094766O12450_1
2026-01-22 21:19:10,2026-01-23 02:19:10.797227+00:00,line_update,NCAAB,draftkings,"Southern Indiana Screaming Eagles vs Eastern Illinois Panthers, 2026-01-22, 08",Southern Indiana Screaming Eagles,Eastern Illinois Panthers,Total,,121.5,O,-105,https://sportsbook.draftkings.com/event/eastern-illinois-%40-southern-indiana/33504074?outcomes=0OU83094766O12150_1
2026-01-22 21:19:10,2026-01-23 02:19:10.797316+00:00,line_update,NCAAB,draftkings,"Southern Indiana Screaming Eagles vs Eastern Illinois Panthers, 2026-01-22, 08",Southern Indiana Screaming Eagles,Eastern Illinois Panthers,Total,,119.5,O,-140,https://sportsbook.draftkings.com/event/eastern-illinois-%40-southern-indiana/33504074?outcomes=0OU83094766O11950_1
2026-01-22 21:19:10,2026-01-23 02:19:10.797373+00:00,line_update,NCAAB,draftkings,"Southern Indiana Screaming Eagles vs Eastern Illinois Panthers, 2026-01-22, 08",Southern Indiana Screaming Eagles,Eastern Illinois Panthers,Total,,117.5,O,-185,https://sportsbook.draftkings.com/event/eastern-illinois-%40-southern-indiana/33504074?outcomes=0OU83094766O11750_1
2026-01-22 21:19:10,2026-01-23 02:19:10.797429+00:00,line_update,NCAAB,draftkings,"Southern Indiana Screaming Eagles vs Eastern Illinois Panthers, 2026-01-22, 08",Southern Indiana Screaming Eagles,Eastern Illinois Panthers,Total,,122.5,O,+105,https://sportsbook.draftkings.com/event/eastern-illinois-%40-southern-indiana/33504074?outcomes=0OU83094766O12250_1
2026-01-22 21:19:10,2026-01-23 02:19:10.798081+00:00,line_update,NCAAB,draftkings,"Southern Indiana Screaming Eagles vs Eastern Illinois Panthers, 2026-01-22, 08",Southern Indiana Screaming Eagles,Eastern Illinois Panthers,Total,,115.5,U,+185,https://sportsbook.draftkings.com/event/eastern-illinois-%40-southern-indiana/33504074?outcomes=0OU83094766U11550_3
2026-01-22 21:19:10,2026-01-23 02:19:10.798151+00:00,line_update,NCAAB,draftkings,"Southern Indiana Screaming Eagles vs Eastern Illinois Panthers, 2026-01-22, 08",Southern Indiana Screaming Eagles,Eastern Illinois Panthers,Total,,116.5,O,-215,https://sportsbook.draftkings.com/event/eastern-illinois-%40-southern-indiana/33504074?outcomes=0OU83094766O11650_1
2026-01-22 21:19:10,2026-01-23 02:19:10.800622+00:00,line_update,NCAAB,draftkings,"Southern Indiana Screaming Eagles vs Eastern Illinois Panthers, 2026-01-22, 08",Southern Indiana Screaming Eagles,Eastern Illinois Panthers,Total,,124.5,U,-190,https://sportsbook.draftkings.com/event/eastern-illinois-%40-southern-indiana/33504074?outcomes=0OU83094766U12450_3
2026-01-22 21:19:10,2026-01-23 02:19:10.800707+00:00,line_update,NCAAB,draftkings,"Southern Indiana Screaming Eagles vs Eastern Illinois Panthers, 2026-01-22, 08",Southern Indiana Screaming Eagles,Eastern Illinois Panthers,Total,,119.5,U,+105,https://sportsbook.draftkings.com/event/eastern-illinois-%40-southern-indiana/33504074?outcomes=0OU83094766U11950_3
2026-01-22 21:19:10,2026-01-23 02:19:10.800770+00:00,line_update,NCAAB,draftkings,"Southern Indiana Screaming Eagles vs Eastern Illinois Panthers, 2026-01-22, 08",Southern Indiana Screaming Eagles,Eastern Illinois Panthers,Total,,121.5,U,-125,https://sportsbook.draftkings.com/event/eastern-illinois-%40-southern-indiana/33504074?outcomes=0OU83094766U12150_3
2026-01-22 21:19:10,2026-01-23 02:19:10.800826+00:00,line_update,NCAAB,draftkings,"Southern Indiana Screaming Eagles vs Eastern Illinois Panthers, 2026-01-22, 08",Southern Indiana Screaming Eagles,Eastern Illinois Panthers,Total,,122.5,U,-145,https://sportsbook.draftkings.com/event/eastern-illinois-%40-southern-indiana/33504074?outcomes=0OU83094766U12250_3
2026-01-22 21:19:10,2026-01-23 02:19:10.800880+00:00,line_update,NCAAB,draftkings,"Southern Indiana Screaming Eagles vs Eastern Illinois Panthers, 2026-01-22, 08",Southern Indiana Screaming Eagles,Eastern Illinois Panthers,Total,,123.5,U,-170,https://sportsbook.draftkings.com/event/eastern-illinois-%40-southern-indiana/33504074?outcomes=0OU83094766U12350_3
2026-01-22 21:19:10,2026-01-23 02:19:10.801043+00:00,line_update,NCAAB,draftkings,"Southern Indiana Screaming Eagles vs Eastern Illinois Panthers, 2026-01-22, 08",Southern Indiana Screaming Eagles,Eastern Illinois Panthers,Total,,117.5,U,+135,https://sportsbook.draftkings.com/event/eastern-illinois-%40-southern-indiana/33504074?outcomes=0OU83094766U11750_3
2026-01-22 21:19:10,2026-01-23 02:19:10.801102+00:00,line_update,NCAAB,draftkings,"Southern Indiana Screaming Eagles vs Eastern Illinois Panthers, 2026-01-22, 08",Southern Indiana Screaming Eagles,Eastern Illinois Panthers,Total,,116.5,U,+160,https://sportsbook.draftkings.com/event/eastern-illinois-%40-southern-indiana/33504074?outcomes=0OU83094766U11650_3
2026-01-22 21:19:10,2026-01-23 02:19:10.803834+00:00,line_update,NCAAB,draftkings,"Southern Indiana Screaming Eagles vs Eastern Illinois Panthers, 2026-01-22, 08",Southern Indiana Screaming Eagles,Eastern Illinois Panthers,Spread,Southern Indiana Screaming Eagles,-7.5,,,
2026-01-22 21:19:10,2026-01-23 02:19:10.803912+00:00,line_update,NCAAB,draftkings,"Southern Indiana Screaming Eagles vs Eastern Illinois Panthers, 2026-01-22, 08",Southern Indiana Screaming Eagles,Eastern Illinois Panthers,Spread,Eastern Illinois Panthers,7.5,,,
2026-01-22 21:19:10,2026-01-23 02:19:10.803974+00:00,line_update,NCAAB,draftkings,"Southern Indiana Screaming Eagles vs Eastern Illinois Panthers, 2026-01-22, 08",Southern Indiana Screaming Eagles,Eastern Illinois Panthers,Spread,Southern Indiana Screaming Eagles,-11.5,,+190,https://sportsbook.draftkings.com/event/eastern-illinois-%40-southern-indiana/33504074?outcomes=0HC83094766N1150_1
2026-01-22 21:19:10,2026-01-23 02:19:10.804032+00:00,line_update,NCAAB,draftkings,"Southern Indiana Screaming Eagles vs Eastern Illinois Panthers, 2026-01-22, 08",Southern Indiana Screaming Eagles,Eastern Illinois Panthers,Spread,Southern Indiana Screaming Eagles,-2.5,,-280,https://sportsbook.draftkings.com/event/eastern-illinois-%40-southern-indiana/33504074?outcomes=0HC83094766N250_1
2026-01-22 21:19:10,2026-01-23 02:19:10.804106+00:00,line_update,NCAAB,draftkings,"Southern Indiana Screaming Eagles vs Eastern Illinois Panthers, 2026-01-22, 08",Southern Indiana Screaming Eagles,Eastern Illinois Panthers,Spread,Southern Indiana Screaming Eagles,-13.5,,+265,https://sportsbook.draftkings.com/event/eastern-illinois-%40-southern-indiana/33504074?outcomes=0HC83094766N1350_1
2026-01-22 21:19:10,2026-01-23 02:19:10.804162+00:00,line_update,NCAAB,draftkings,"Southern Indiana Screaming Eagles vs Eastern Illinois Panthers, 2026-01-22, 08",Southern Indiana Screaming Eagles,Eastern Illinois Panthers,Spread,Southern Indiana Screaming Eagles,-12.5,,+220,https://sportsbook.draftkings.com/event/eastern-illinois-%40-southern-indiana/33504074?outcomes=0HC83094766N1250_1
2026-01-22 21:19:10,2026-01-23 02:19:10.804219+00:00,line_update,NCAAB,draftkings,"Southern Indiana Screaming Eagles vs Eastern Illinois Panthers, 2026-01-22, 08",Southern Indiana Screaming Eagles,Eastern Illinois Panthers,Spread,Southern Indiana Screaming Eagles,-3.5,,-225,https://sportsbook.draftkings.com/event/eastern-illinois-%40-southern-indiana/33504074?outcomes=0HC83094766N350_1
2026-01-22 21:19:10,2026-01-23 02:19:10.804270+00:00,line_update,NCAAB,draftkings,"Southern Indiana Screaming Eagles vs Eastern Illinois Panthers, 2026-01-22, 08",Southern Indiana Screaming Eagles,Eastern Illinois Panthers,Spread,Southern Indiana Screaming Eagles,-9.5,,+125,https://sportsbook.draftkings.com/event/eastern-illinois-%40-southern-indiana/33504074?outcomes=0HC83094766N950_1
2026-01-22 21:19:10,2026-01-23 02:19:10.804321+00:00,line_update,NCAAB,draftkings,"Southern Indiana Screaming Eagles vs Eastern Illinois Panthers, 2026-01-22, 08",Southern Indiana Screaming Eagles,Eastern Illinois Panthers,Spread,Southern Indiana Screaming Eagles,-10.5,,+155,https://sportsbook.draftkings.com/event/eastern-illinois-%40-southern-indiana/33504074?outcomes=0HC83094766N1050_1
2026-01-22 21:19:10,2026-01-23 02:19:10.804384+00:00,line_update,NCAAB,draftkings,"Southern Indiana Screaming Eagles vs Eastern Illinois Panthers, 2026-01-22, 08",Southern Indiana Screaming Eagles,Eastern Illinois Panthers,Spread,Southern Indiana Screaming Eagles,-6.5,,-145,https://sportsbook.draftkings.com/event/eastern-illinois-%40-southern-indiana/33504074?outcomes=0HC83094766N650_1
2026-01-22 21:19:10,2026-01-23 02:19:10.807263+00:00,line_update,NCAAB,draftkings,"Southern Indiana Screaming Eagles vs Eastern Illinois Panthers, 2026-01-22, 08",Southern Indiana Screaming Eagles,Eastern Illinois Panthers,Spread,Southern Indiana Screaming Eagles,-5.5,,-165,https://sportsbook.draftkings.com/event/eastern-illinois-%40-southern-indiana/33504074?outcomes=0HC83094766N550_1
2026-01-22 21:19:10,2026-01-23 02:19:10.807342+00:00,line_update,NCAAB,draftkings,"Southern Indiana Screaming Eagles vs Eastern Illinois Panthers, 2026-01-22, 08",Southern Indiana Screaming Eagles,Eastern Illinois Panthers,Spread,Southern Indiana Screaming Eagles,-4.5,,-190,https://sportsbook.draftkings.com/event/eastern-illinois-%40-southern-indiana/33504074?outcomes=0HC83094766N450_1
2026-01-22 21:19:10,2026-01-23 02:19:10.807402+00:00,line_update,NCAAB,draftkings,"Southern Indiana Screaming Eagles vs Eastern Illinois Panthers, 2026-01-22, 08",Southern Indiana Screaming Eagles,Eastern Illinois Panthers,Spread,Eastern Illinois Panthers,11.5,,-260,https://sportsbook.draftkings.com/event/eastern-illinois-%40-southern-indiana/33504074?outcomes=0HC83094766P1150_3
2026-01-22 21:19:10,2026-01-23 02:19:10.807458+00:00,line_update,NCAAB,draftkings,"Southern Indiana Screaming Eagles vs Eastern Illinois Panthers, 2026-01-22, 08",Southern Indiana Screaming Eagles,Eastern Illinois Panthers,Spread,Eastern Illinois Panthers,2.5,,+200,https://sportsbook.draftkings.com/event/eastern-illinois-%40-southern-indiana/33504074?outcomes=0HC83094766P250_3
2026-01-22 21:19:10,2026-01-23 02:19:10.807636+00:00,line_update,NCAAB,draftkings,"Southern Indiana Screaming Eagles vs Eastern Illinois Panthers, 2026-01-22, 08",Southern Indiana Screaming Eagles,Eastern Illinois Panthers,Spread,Eastern Illinois Panthers,13.5,,-370,https://sportsbook.draftkings.com/event/eastern-illinois-%40-southern-indiana/33504074?outcomes=0HC83094766P1350_3
2026-01-22 21:19:10,2026-01-23 02:19:10.807696+00:00,line_update,NCAAB,draftkings,"Southern Indiana Screaming Eagles vs Eastern Illinois Panthers, 2026-01-22, 08",Southern Indiana Screaming Eagles,Eastern Illinois Panthers,Spread,Eastern Illinois Panthers,3.5,,+165,https://sportsbook.draftkings.com/event/eastern-illinois-%40-southern-indiana/33504074?outcomes=0HC83094766P350_3
2026-01-22 21:19:10,2026-01-23 02:19:10.807751+00:00,line_update,NCAAB,draftkings,"Southern Indiana Screaming Eagles vs Eastern Illinois Panthers, 2026-01-22, 08",Southern Indiana Screaming Eagles,Eastern Illinois Panthers,Spread,Eastern Illinois Panthers,12.5,,-310,https://sportsbook.draftkings.com/event/eastern-illinois-%40-southern-indiana/33504074?outcomes=0HC83094766P1250_3
2026-01-22 21:19:10,2026-01-23 02:19:10.807805+00:00,line_update,NCAAB,draftkings,"Southern Indiana Screaming Eagles vs Eastern Illinois Panthers, 2026-01-22, 08",Southern Indiana Screaming Eagles,Eastern Illinois Panthers,Spread,Eastern Illinois Panthers,10.5,,-210,https://sportsbook.draftkings.com/event/eastern-illinois-%40-southern-indiana/33504074?outcomes=0HC83094766P1050_3
2026-01-22 21:19:10,2026-01-23 02:19:10.807857+00:00,line_update,NCAAB,draftkings,"Southern Indiana Screaming Eagles vs Eastern Illinois Panthers, 2026-01-22, 08",Southern Indiana Screaming Eagles,Eastern Illinois Panthers,Spread,Eastern Illinois Panthers,6.5,,+105,https://sportsbook.draftkings.com/event/eastern-illinois-%40-southern-indiana/33504074?outcomes=0HC83094766P650_3
2026-01-22 21:19:10,2026-01-23 02:19:10.829399+00:00,line_update,NCAAB,draftkings,"Southern Indiana Screaming Eagles vs Eastern Illinois Panthers, 2026-01-22, 08",Southern Indiana Screaming Eagles,Eastern Illinois Panthers,Spread,Eastern Illinois Panthers,9.5,,-170,https://sportsbook.draftkings.com/event/eastern-illinois-%40-southern-indiana/33504074?outcomes=0HC83094766P950_3
2026-01-22 21:19:10,2026-01-23 02:19:10.829491+00:00,line_update,NCAAB,draftkings,"Southern Indiana Screaming Eagles vs Eastern Illinois Panthers, 2026-01-22, 08",Southern Indiana Screaming Eagles,Eastern Illinois Panthers,Spread,Eastern Illinois Panthers,4.5,,+140,https://sportsbook.draftkings.com/event/eastern-illinois-%40-southern-indiana/33504074?outcomes=0HC83094766P450_3
2026-01-22 21:19:10,2026-01-23 02:19:10.829551+00:00,line_update,NCAAB,draftkings,"Southern Indiana Screaming Eagles vs Eastern Illinois Panthers, 2026-01-22, 08",Southern Indiana Screaming Eagles,Eastern Illinois Panthers,Spread,Eastern Illinois Panthers,5.5,,+120,https://sportsbook.draftkings.com/event/eastern-illinois-%40-southern-indiana/33504074?outcomes=0HC83094766P550_3
2026-01-22 21:19:10,2026-01-23 02:19:10.830120+00:00,line_update,NCAAB,draftkings,"Southern Indiana Screaming Eagles vs Eastern Illinois Panthers, 2026-01-22, 08",Southern Indiana Screaming Eagles,Eastern Illinois Panthers,Total,,118.5,O,,
2026-01-22 21:19:10,2026-01-23 02:19:10.830190+00:00,line_update,NCAAB,draftkings,"Southern Indiana Screaming Eagles vs Eastern Illinois Panthers, 2026-01-22, 08",Southern Indiana Screaming Eagles,Eastern Illinois Panthers,Total,,118.5,U,,
2026-01-22 21:19:11,2026-01-23 02:19:11.113505+00:00,line_update,NCAAB,draftkings,"Oral Roberts Golden Eagles vs North Dakota Fighting Hawks, 2026-01-22, 08",Oral Roberts Golden Eagles,North Dakota Fighting Hawks,Total,,131.5,O,-290,https://sportsbook.draftkings.com/event/north-dakota-%40-oral-roberts/33504073?outcomes=0OU83094829O13150_1
2026-01-22 21:19:11,2026-01-23 02:19:11.113563+00:00,line_update,NCAAB,draftkings,"Oral Roberts Golden Eagles vs North Dakota Fighting Hawks, 2026-01-22, 08",Oral Roberts Golden Eagles,North Dakota Fighting Hawks,Total,,132.5,O,-250,https://sportsbook.draftkings.com/event/north-dakota-%40-oral-roberts/33504073?outcomes=0OU83094829O13250_1
2026-01-22 21:19:11,2026-01-23 02:19:11.113618+00:00,line_update,NCAAB,draftkings,"Oral Roberts Golden Eagles vs North Dakota Fighting Hawks, 2026-01-22, 08",Oral Roberts Golden Eagles,North Dakota Fighting Hawks,Total,,133.5,O,-210,https://sportsbook.draftkings.com/event/north-dakota-%40-oral-roberts/33504073?outcomes=0OU83094829O13350_1
2026-01-22 21:19:11,2026-01-23 02:19:11.113673+00:00,line_update,NCAAB,draftkings,"Oral Roberts Golden Eagles vs North Dakota Fighting Hawks, 2026-01-22, 08",Oral Roberts Golden Eagles,North Dakota Fighting Hawks,Total,,134.5,O,-180,https://sportsbook.draftkings.com/event/north-dakota-%40-oral-roberts/33504073?outcomes=0OU83094829O13450_1
2026-01-22 21:19:11,2026-01-23 02:19:11.113726+00:00,line_update,NCAAB,draftkings,"Oral Roberts Golden Eagles vs North Dakota Fighting Hawks, 2026-01-22, 08",Oral Roberts Golden Eagles,North Dakota Fighting Hawks,Total,,135.5,O,-155,https://sportsbook.draftkings.com/event/north-dakota-%40-oral-roberts/33504073?outcomes=0OU83094829O13550_1
2026-01-22 21:19:11,2026-01-23 02:19:11.113779+00:00,line_update,NCAAB,draftkings,"Oral Roberts Golden Eagles vs North Dakota Fighting Hawks, 2026-01-22, 08",Oral Roberts Golden Eagles,North Dakota Fighting Hawks,Total,,136.5,O,-135,https://sportsbook.draftkings.com/event/north-dakota-%40-oral-roberts/33504073?outcomes=0OU83094829O13650_1
2026-01-22 21:19:11,2026-01-23 02:19:11.113831+00:00,line_update,NCAAB,draftkings,"Oral Roberts Golden Eagles vs North Dakota Fighting Hawks, 2026-01-22, 08",Oral Roberts Golden Eagles,North Dakota Fighting Hawks,Total,,138.5,O,+100,https://sportsbook.draftkings.com/event/north-dakota-%40-oral-roberts/33504073?outcomes=0OU83094829O13850_1
2026-01-22 21:19:11,2026-01-23 02:19:11.113893+00:00,line_update,NCAAB,draftkings,"Oral Roberts Golden Eagles vs North Dakota Fighting Hawks, 2026-01-22, 08",Oral Roberts Golden Eagles,North Dakota Fighting Hawks,Total,,139.5,O,+115,https://sportsbook.draftkings.com/event/north-dakota-%40-oral-roberts/33504073?outcomes=0OU83094829O13950_1
2026-01-22 21:19:11,2026-01-23 02:19:11.113945+00:00,line_update,NCAAB,draftkings,"Oral Roberts Golden Eagles vs North Dakota Fighting Hawks, 2026-01-22, 08",Oral Roberts Golden Eagles,North Dakota Fighting Hawks,Total,,140.5,O,+135,https://sportsbook.draftkings.com/event/north-dakota-%40-oral-roberts/33504073?outcomes=0OU83094829O14050_1
2026-01-22 21:19:11,2026-01-23 02:19:11.114170+00:00,line_update,NCAAB,draftkings,"Oral Roberts Golden Eagles vs North Dakota Fighting Hawks, 2026-01-22, 08",Oral Roberts Golden Eagles,North Dakota Fighting Hawks,Total,,141.5,O,+160,https://sportsbook.draftkings.com/event/north-dakota-%40-oral-roberts/33504073?outcomes=0OU83094829O14150_1
2026-01-22 21:19:11,2026-01-23 02:19:11.114229+00:00,line_update,NCAAB,draftkings,"Oral Roberts Golden Eagles vs North Dakota Fighting Hawks, 2026-01-22, 08",Oral Roberts Golden Eagles,North Dakota Fighting Hawks,Total,,142.5,O,+180,https://sportsbook.draftkings.com/event/north-dakota-%40-oral-roberts/33504073?outcomes=0OU83094829O14250_1
2026-01-22 21:19:11,2026-01-23 02:19:11.114286+00:00,line_update,NCAAB,draftkings,"Oral Roberts Golden Eagles vs North Dakota Fighting Hawks, 2026-01-22, 08",Oral Roberts Golden Eagles,North Dakota Fighting Hawks,Total,,143.5,O,+210,https://sportsbook.draftkings.com/event/north-dakota-%40-oral-roberts/33504073?outcomes=0OU83094829O14350_1
2026-01-22 21:19:11,2026-01-23 02:19:11.114341+00:00,line_update,NCAAB,draftkings,"Oral Roberts Golden Eagles vs North Dakota Fighting Hawks, 2026-01-22, 08",Oral Roberts Golden Eagles,North Dakota Fighting Hawks,Total,,131.5,U,+210,https://sportsbook.draftkings.com/event/north-dakota-%40-oral-roberts/33504073?outcomes=0OU83094829U13150_3
2026-01-22 21:19:11,2026-01-23 02:19:11.114393+00:00,line_update,NCAAB,draftkings,"Oral Roberts Golden Eagles vs North Dakota Fighting Hawks, 2026-01-22, 08",Oral Roberts Golden Eagles,North Dakota Fighting Hawks,Total,,132.5,U,+180,https://sportsbook.draftkings.com/event/north-dakota-%40-oral-roberts/33504073?outcomes=0OU83094829U13250_3
2026-01-22 21:19:11,2026-01-23 02:19:11.114445+00:00,line_update,NCAAB,draftkings,"Oral Roberts Golden Eagles vs North Dakota Fighting Hawks, 2026-01-22, 08",Oral Roberts Golden Eagles,North Dakota Fighting Hawks,Total,,133.5,U,+155,https://sportsbook.draftkings.com/event/north-dakota-%40-oral-roberts/33504073?outcomes=0OU83094829U13350_3
2026-01-22 21:19:11,2026-01-23 02:19:11.114497+00:00,line_update,NCAAB,draftkings,"Oral Roberts Golden Eagles vs North Dakota Fighting Hawks, 2026-01-22, 08",Oral Roberts Golden Eagles,North Dakota Fighting Hawks,Total,,134.5,U,+135,https://sportsbook.draftkings.com/event/north-dakota-%40-oral-roberts/33504073?outcomes=0OU83094829U13450_3
2026-01-22 21:19:11,2026-01-23 02:19:11.114557+00:00,line_update,NCAAB,draftkings,"Oral Roberts Golden Eagles vs North Dakota Fighting Hawks, 2026-01-22, 08",Oral Roberts Golden Eagles,North Dakota Fighting Hawks,Total,,135.5,U,+115,https://sportsbook.draftkings.com/event/north-dakota-%40-oral-roberts/33504073?outcomes=0OU83094829U13550_3
2026-01-22 21:19:11,2026-01-23 02:19:11.114613+00:00,line_update,NCAAB,draftkings,"Oral Roberts Golden Eagles vs North Dakota Fighting Hawks, 2026-01-22, 08",Oral Roberts Golden Eagles,North Dakota Fighting Hawks,Total,,136.5,U,+100,https://sportsbook.draftkings.com/event/north-dakota-%40-oral-roberts/33504073?outcomes=0OU83094829U13650_3
2026-01-22 21:19:11,2026-01-23 02:19:11.114667+00:00,line_update,NCAAB,draftkings,"Oral Roberts Golden Eagles vs North Dakota Fighting Hawks, 2026-01-22, 08",Oral Roberts Golden Eagles,North Dakota Fighting Hawks,Total,,138.5,U,-135,https://sportsbook.draftkings.com/event/north-dakota-%40-oral-roberts/33504073?outcomes=0OU83094829U13850_3
2026-01-22 21:19:11,2026-01-23 02:19:11.114719+00:00,line_update,NCAAB,draftkings,"Oral Roberts Golden Eagles vs North Dakota Fighting Hawks, 2026-01-22, 08",Oral Roberts Golden Eagles,North Dakota Fighting Hawks,Total,,139.5,U,-155,https://sportsbook.draftkings.com/event/north-dakota-%40-oral-roberts/33504073?outcomes=0OU83094829U13950_3
2026-01-22 21:19:11,2026-01-23 02:19:11.114772+00:00,line_update,NCAAB,draftkings,"Oral Roberts Golden Eagles vs North Dakota Fighting Hawks, 2026-01-22, 08",Oral Roberts Golden Eagles,North Dakota Fighting Hawks,Total,,140.5,U,-180,https://sportsbook.draftkings.com/event/north-dakota-%40-oral-roberts/33504073?outcomes=0OU83094829U14050_3
2026-01-22 21:19:11,2026-01-23 02:19:11.114825+00:00,line_update,NCAAB,draftkings,"Oral Roberts Golden Eagles vs North Dakota Fighting Hawks, 2026-01-22, 08",Oral Roberts Golden Eagles,North Dakota Fighting Hawks,Total,,141.5,U,-215,https://sportsbook.draftkings.com/event/north-dakota-%40-oral-roberts/33504073?outcomes=0OU83094829U14150_3
2026-01-22 21:19:11,2026-01-23 02:19:11.114876+00:00,line_update,NCAAB,draftkings,"Oral Roberts Golden Eagles vs North Dakota Fighting Hawks, 2026-01-22, 08",Oral Roberts Golden Eagles,North Dakota Fighting Hawks,Total,,142.5,U,-250,https://sportsbook.draftkings.com/event/north-dakota-%40-oral-roberts/33504073?outcomes=0OU83094829U14250_3
2026-01-22 21:19:11,2026-01-23 02:19:11.121236+00:00,line_update,NCAAB,draftkings,"Oral Roberts Golden Eagles vs North Dakota Fighting Hawks, 2026-01-22, 08",Oral Roberts Golden Eagles,North Dakota Fighting Hawks,Total,,143.5,U,-290,https://sportsbook.draftkings.com/event/north-dakota-%40-oral-roberts/33504073?outcomes=0OU83094829U14350_3
2026-01-22 21:19:11,2026-01-23 02:19:11.121331+00:00,line_update,NCAAB,draftkings,"Oral Roberts Golden Eagles vs North Dakota Fighting Hawks, 2026-01-22, 08",Oral Roberts Golden Eagles,North Dakota Fighting Hawks,Spread,North Dakota Fighting Hawks,-10.5,,+115,https://sportsbook.draftkings.com/event/north-dakota-%40-oral-roberts/33504073?outcomes=0HC83094829N1050_3
2026-01-22 21:19:11,2026-01-23 02:19:11.121395+00:00,line_update,NCAAB,draftkings,"Oral Roberts Golden Eagles vs North Dakota Fighting Hawks, 2026-01-22, 08",Oral Roberts Golden Eagles,North Dakota Fighting Hawks,Spread,North Dakota Fighting Hawks,-11.5,,+140,https://sportsbook.draftkings.com/event/north-dakota-%40-oral-roberts/33504073?outcomes=0HC83094829N1150_3
2026-01-22 21:19:11,2026-01-23 02:19:11.121454+00:00,line_update,NCAAB,draftkings,"Oral Roberts Golden Eagles vs North Dakota Fighting Hawks, 2026-01-22, 08",Oral Roberts Golden Eagles,North Dakota Fighting Hawks,Spread,North Dakota Fighting Hawks,-12.5,,+170,https://sportsbook.draftkings.com/event/north-dakota-%40-oral-roberts/33504073?outcomes=0HC83094829N1250_3
2026-01-22 21:19:11,2026-01-23 02:19:11.121509+00:00,line_update,NCAAB,draftkings,"Oral Roberts Golden Eagles vs North Dakota Fighting Hawks, 2026-01-22, 08",Oral Roberts Golden Eagles,North Dakota Fighting Hawks,Spread,North Dakota Fighting Hawks,-13.5,,+210,https://sportsbook.draftkings.com/event/north-dakota-%40-oral-roberts/33504073?outcomes=0HC83094829N1350_3
2026-01-22 21:19:11,2026-01-23 02:19:11.121779+00:00,line_update,NCAAB,draftkings,"Oral Roberts Golden Eagles vs North Dakota Fighting Hawks, 2026-01-22, 08",Oral Roberts Golden Eagles,North Dakota Fighting Hawks,Spread,North Dakota Fighting Hawks,-2.5,,-390,https://sportsbook.draftkings.com/event/north-dakota-%40-oral-roberts/33504073?outcomes=0HC83094829N250_3
2026-01-22 21:19:11,2026-01-23 02:19:11.121845+00:00,line_update,NCAAB,draftkings,"Oral Roberts Golden Eagles vs North Dakota Fighting Hawks, 2026-01-22, 08",Oral Roberts Golden Eagles,North Dakota Fighting Hawks,Spread,North Dakota Fighting Hawks,-3.5,,-310,https://sportsbook.draftkings.com/event/north-dakota-%40-oral-roberts/33504073?outcomes=0HC83094829N350_3
2026-01-22 21:19:11,2026-01-23 02:19:11.121900+00:00,line_update,NCAAB,draftkings,"Oral Roberts Golden Eagles vs North Dakota Fighting Hawks, 2026-01-22, 08",Oral Roberts Golden Eagles,North Dakota Fighting Hawks,Spread,North Dakota Fighting Hawks,-4.5,,-260,https://sportsbook.draftkings.com/event/north-dakota-%40-oral-roberts/33504073?outcomes=0HC83094829N450_3
2026-01-22 21:19:11,2026-01-23 02:19:11.121956+00:00,line_update,NCAAB,draftkings,"Oral Roberts Golden Eagles vs North Dakota Fighting Hawks, 2026-01-22, 08",Oral Roberts Golden Eagles,North Dakota Fighting Hawks,Spread,North Dakota Fighting Hawks,-5.5,,-220,https://sportsbook.draftkings.com/event/north-dakota-%40-oral-roberts/33504073?outcomes=0HC83094829N550_3
2026-01-22 21:19:11,2026-01-23 02:19:11.122010+00:00,line_update,NCAAB,draftkings,"Oral Roberts Golden Eagles vs North Dakota Fighting Hawks, 2026-01-22, 08",Oral Roberts Golden Eagles,North Dakota Fighting Hawks,Spread,North Dakota Fighting Hawks,-6.5,,-185,https://sportsbook.draftkings.com/event/north-dakota-%40-oral-roberts/33504073?outcomes=0HC83094829N650_3
2026-01-22 21:19:11,2026-01-23 02:19:11.122064+00:00,line_update,NCAAB,draftkings,"Oral Roberts Golden Eagles vs North Dakota Fighting Hawks, 2026-01-22, 08",Oral Roberts Golden Eagles,North Dakota Fighting Hawks,Spread,North Dakota Fighting Hawks,-8.5,,-130,https://sportsbook.draftkings.com/event/north-dakota-%40-oral-roberts/33504073?outcomes=0HC83094829N850_3
2026-01-22 21:19:11,2026-01-23 02:19:11.122136+00:00,line_update,NCAAB,draftkings,"Oral Roberts Golden Eagles vs North Dakota Fighting Hawks, 2026-01-22, 08",Oral Roberts Golden Eagles,North Dakota Fighting Hawks,Spread,Oral Roberts Golden Eagles,11.5,,-195,https://sportsbook.draftkings.com/event/north-dakota-%40-oral-roberts/33504073?outcomes=0HC83094829P1150_1
2026-01-22 21:19:11,2026-01-23 02:19:11.122191+00:00,line_update,NCAAB,draftkings,"Oral Roberts Golden Eagles vs North Dakota Fighting Hawks, 2026-01-22, 08",Oral Roberts Golden Eagles,North Dakota Fighting Hawks,Spread,Oral Roberts Golden Eagles,10.5,,-155,https://sportsbook.draftkings.com/event/north-dakota-%40-oral-roberts/33504073?outcomes=0HC83094829P1050_1
2026-01-22 21:19:11,2026-01-23 02:19:11.122243+00:00,line_update,NCAAB,draftkings,"Oral Roberts Golden Eagles vs North Dakota Fighting Hawks, 2026-01-22, 08",Oral Roberts Golden Eagles,North Dakota Fighting Hawks,Spread,Oral Roberts Golden Eagles,13.5,,-290,https://sportsbook.draftkings.com/event/north-dakota-%40-oral-roberts/33504073?outcomes=0HC83094829P1350_1
2026-01-22 21:19:11,2026-01-23 02:19:11.122295+00:00,line_update,NCAAB,draftkings,"Oral Roberts Golden Eagles vs North Dakota Fighting Hawks, 2026-01-22, 08",Oral Roberts Golden Eagles,North Dakota Fighting Hawks,Spread,Oral Roberts Golden Eagles,12.5,,-235,https://sportsbook.draftkings.com/event/north-dakota-%40-oral-roberts/33504073?outcomes=0HC83094829P1250_1
2026-01-22 21:19:11,2026-01-23 02:19:11.122347+00:00,line_update,NCAAB,draftkings,"Oral Roberts Golden Eagles vs North Dakota Fighting Hawks, 2026-01-22, 08",Oral Roberts Golden Eagles,North Dakota Fighting Hawks,Spread,Oral Roberts Golden Eagles,3.5,,+225,https://sportsbook.draftkings.com/event/north-dakota-%40-oral-roberts/33504073?outcomes=0HC83094829P350_1
2026-01-22 21:19:11,2026-01-23 02:19:11.139363+00:00,line_update,NCAAB,draftkings,"Oral Roberts Golden Eagles vs North Dakota Fighting Hawks, 2026-01-22, 08",Oral Roberts Golden Eagles,North Dakota Fighting Hawks,Spread,Oral Roberts Golden Eagles,4.5,,+190,https://sportsbook.draftkings.com/event/north-dakota-%40-oral-roberts/33504073?outcomes=0HC83094829P450_1
2026-01-22 21:19:11,2026-01-23 02:19:11.139465+00:00,line_update,NCAAB,draftkings,"Oral Roberts Golden Eagles vs North Dakota Fighting Hawks, 2026-01-22, 08",Oral Roberts Golden Eagles,North Dakota Fighting Hawks,Spread,Oral Roberts Golden Eagles,5.5,,+160,https://sportsbook.draftkings.com/event/north-dakota-%40-oral-roberts/33504073?outcomes=0HC83094829P550_1
2026-01-22 21:19:11,2026-01-23 02:19:11.139529+00:00,line_update,NCAAB,draftkings,"Oral Roberts Golden Eagles vs North Dakota Fighting Hawks, 2026-01-22, 08",Oral Roberts Golden Eagles,North Dakota Fighting Hawks,Spread,Oral Roberts Golden Eagles,2.5,,+275,https://sportsbook.draftkings.com/event/north-dakota-%40-oral-roberts/33504073?outcomes=0HC83094829P250_1
2026-01-22 21:19:11,2026-01-23 02:19:11.139606+00:00,line_update,NCAAB,draftkings,"Oral Roberts Golden Eagles vs North Dakota Fighting Hawks, 2026-01-22, 08",Oral Roberts Golden Eagles,North Dakota Fighting Hawks,Spread,Oral Roberts Golden Eagles,6.5,,+135,https://sportsbook.draftkings.com/event/north-dakota-%40-oral-roberts/33504073?outcomes=0HC83094829P650_1
2026-01-22 21:19:11,2026-01-23 02:19:11.139664+00:00,line_update,NCAAB,draftkings,"Oral Roberts Golden Eagles vs North Dakota Fighting Hawks, 2026-01-22, 08",Oral Roberts Golden Eagles,North Dakota Fighting Hawks,Spread,Oral Roberts Golden Eagles,8.5,,-105,https://sportsbook.draftkings.com/event/north-dakota-%40-oral-roberts/33504073?outcomes=0HC83094829P850_1
2026-01-22 21:19:11,2026-01-23 02:19:11.139871+00:00,line_update,NCAAB,draftkings,"Oral Roberts Golden Eagles vs North Dakota Fighting Hawks, 2026-01-22, 08",Oral Roberts Golden Eagles,North Dakota Fighting Hawks,Total,,137.5,O,-115,https://sportsbook.draftkings.com/event/north-dakota-%40-oral-roberts/33504073?outcomes=0OU83094633O13750_1
2026-01-22 21:19:11,2026-01-23 02:19:11.258452+00:00,line_update,NCAAB,draftkings,"Oral Roberts Golden Eagles vs North Dakota Fighting Hawks, 2026-01-22, 08",Oral Roberts Golden Eagles,North Dakota Fighting Hawks,Total,,137.5,U,-115,https://sportsbook.draftkings.com/event/north-dakota-%40-oral-roberts/33504073?outcomes=0OU83094633U13750_3
2026-01-22 21:19:11,2026-01-23 02:19:11.656880+00:00,line_update,NCAAB,draftkings,"Southern Illinois Cougars vs Tennessee Blue Raiders, 2026-01-22, 09",Southern Illinois Cougars,Tennessee Blue Raiders,Total,,145.5,O,,
2026-01-22 21:19:11,2026-01-23 02:19:11.657156+00:00,line_update,NCAAB,draftkings,"Southern Illinois Cougars vs Tennessee Blue Raiders, 2026-01-22, 09",Southern Illinois Cougars,Tennessee Blue Raiders,Total,,152.5,O,,
2026-01-22 21:19:11,2026-01-23 02:19:11.657322+00:00,line_update,NCAAB,draftkings,"Southern Illinois Cougars vs Tennessee Blue Raiders, 2026-01-22, 09",Southern Illinois Cougars,Tennessee Blue Raiders,Total,,145.5,U,,
2026-01-22 21:19:11,2026-01-23 02:19:11.657413+00:00,line_update,NCAAB,draftkings,"Southern Illinois Cougars vs Tennessee Blue Raiders, 2026-01-22, 09",Southern Illinois Cougars,Tennessee Blue Raiders,Total,,152.5,U,,
2026-01-22 21:19:11,2026-01-23 02:19:11.657550+00:00,line_update,NCAAB,draftkings,"Southern Illinois Cougars vs Tennessee Blue Raiders, 2026-01-22, 09",Southern Illinois Cougars,Tennessee Blue Raiders,Total,,146.5,O,-215,https://sportsbook.draftkings.com/event/tennessee-state-%40-siu-edwardsville/33504083?outcomes=0OU83094865O14650_1
2026-01-22 21:19:11,2026-01-23 02:19:11.657624+00:00,line_update,NCAAB,draftkings,"Southern Illinois Cougars vs Tennessee Blue Raiders, 2026-01-22, 09",Southern Illinois Cougars,Tennessee Blue Raiders,Total,,149.5,O,-155,https://sportsbook.draftkings.com/event/tennessee-state-%40-siu-edwardsville/33504083?outcomes=0OU83094865O14950_1
2026-01-22 21:19:11,2026-01-23 02:19:11.657685+00:00,line_update,NCAAB,draftkings,"Southern Illinois Cougars vs Tennessee Blue Raiders, 2026-01-22, 09",Southern Illinois Cougars,Tennessee Blue Raiders,Total,,150.5,O,-140,https://sportsbook.draftkings.com/event/tennessee-state-%40-siu-edwardsville/33504083?outcomes=0OU83094865O15050_1
2026-01-22 21:19:11,2026-01-23 02:19:11.658011+00:00,line_update,NCAAB,draftkings,"Southern Illinois Cougars vs Tennessee Blue Raiders, 2026-01-22, 09",Southern Illinois Cougars,Tennessee Blue Raiders,Total,,151.5,O,-125,https://sportsbook.draftkings.com/event/tennessee-state-%40-siu-edwardsville/33504083?outcomes=0OU83094865O15150_1
2026-01-22 21:19:11,2026-01-23 02:19:11.658078+00:00,line_update,NCAAB,draftkings,"Southern Illinois Cougars vs Tennessee Blue Raiders, 2026-01-22, 09",Southern Illinois Cougars,Tennessee Blue Raiders,Total,,153.5,O,+100,https://sportsbook.draftkings.com/event/tennessee-state-%40-siu-edwardsville/33504083?outcomes=0OU83094865O15350_1
2026-01-22 21:19:11,2026-01-23 02:19:11.658244+00:00,line_update,NCAAB,draftkings,"Southern Illinois Cougars vs Tennessee Blue Raiders, 2026-01-22, 09",Southern Illinois Cougars,Tennessee Blue Raiders,Total,,146.5,U,+160,https://sportsbook.draftkings.com/event/tennessee-state-%40-siu-edwardsville/33504083?outcomes=0OU83094865U14650_3
2026-01-22 21:19:11,2026-01-23 02:19:11.658339+00:00,line_update,NCAAB,draftkings,"Southern Illinois Cougars vs Tennessee Blue Raiders, 2026-01-22, 09",Southern Illinois Cougars,Tennessee Blue Raiders,Total,,149.5,U,+115,https://sportsbook.draftkings.com/event/tennessee-state-%40-siu-edwardsville/33504083?outcomes=0OU83094865U14950_3
2026-01-22 21:19:11,2026-01-23 02:19:11.658419+00:00,line_update,NCAAB,draftkings,"Southern Illinois Cougars vs Tennessee Blue Raiders, 2026-01-22, 09",Southern Illinois Cougars,Tennessee Blue Raiders,Total,,151.5,U,-110,https://sportsbook.draftkings.com/event/tennessee-state-%40-siu-edwardsville/33504083?outcomes=0OU83094865U15150_3
2026-01-22 21:19:11,2026-01-23 02:19:11.658475+00:00,line_update,NCAAB,draftkings,"Southern Illinois Cougars vs Tennessee Blue Raiders, 2026-01-22, 09",Southern Illinois Cougars,Tennessee Blue Raiders,Total,,153.5,U,-135,https://sportsbook.draftkings.com/event/tennessee-state-%40-siu-edwardsville/33504083?outcomes=0OU83094865U15350_3
2026-01-22 21:19:11,2026-01-23 02:19:11.658623+00:00,line_update,NCAAB,draftkings,"Southern Illinois Cougars vs Tennessee Blue Raiders, 2026-01-22, 09",Southern Illinois Cougars,Tennessee Blue Raiders,Spread,Tennessee Blue Raiders,-3.5,,+145,https://sportsbook.draftkings.com/event/tennessee-state-%40-siu-edwardsville/33504083?outcomes=0HC83094865N350_3
2026-01-22 21:19:11,2026-01-23 02:19:11.778111+00:00,line_update,NCAAB,draftkings,"Southern Illinois Cougars vs Tennessee Blue Raiders, 2026-01-22, 09",Southern Illinois Cougars,Tennessee Blue Raiders,Spread,Southern Illinois Cougars,3.5,,-195,https://sportsbook.draftkings.com/event/tennessee-state-%40-siu-edwardsville/33504083?outcomes=0HC83094865P350_1
2026-01-22 21:19:14,2026-01-23 02:19:14.645834+00:00,line_update,NCAAB,betonline,"St. Bonaventure Bonnies vs Saint Louis Billikens, 2026-01-23, 05",St. Bonaventure Bonnies,Saint Louis Billikens,Spread,Saint Louis Billikens,-9.0,,,
2026-01-22 21:19:14,2026-01-23 02:19:14.645959+00:00,line_update,NCAAB,betonline,"St. Bonaventure Bonnies vs Saint Louis Billikens, 2026-01-23, 05",St. Bonaventure Bonnies,Saint Louis Billikens,Spread,St. Bonaventure Bonnies,9.0,,,
2026-01-22 21:19:14,2026-01-23 02:19:14.646006+00:00,line_update,NCAAB,betonline,"St. Bonaventure Bonnies vs Saint Louis Billikens, 2026-01-23, 05",St. Bonaventure Bonnies,Saint Louis Billikens,Spread,St. Bonaventure Bonnies,8.0,,-110,
2026-01-22 21:19:14,2026-01-23 02:19:14.646035+00:00,line_update,NCAAB,betonline,"St. Bonaventure Bonnies vs Saint Louis Billikens, 2026-01-23, 05",St. Bonaventure Bonnies,Saint Louis Billikens,Spread,Saint Louis Billikens,-8.0,,-110,
2026-01-22 21:19:15,2026-01-23 02:19:15.486170+00:00,line_update,NCAAB,draftkings,"Southeast Missouri State Redhawks vs Arkansas Little Rock Trojans, 2026-01-22, 08",Southeast Missouri State Redhawks,Arkansas Little Rock Trojans,Total,,133.5,O,-265,https://sportsbook.draftkings.com/event/little-rock-%40-se-missouri-state/33504075?outcomes=0OU83095054O13350_1
2026-01-22 21:19:15,2026-01-23 02:19:15.486295+00:00,line_update,NCAAB,draftkings,"Southeast Missouri State Redhawks vs Arkansas Little Rock Trojans, 2026-01-22, 08",Southeast Missouri State Redhawks,Arkansas Little Rock Trojans,Total,,133.5,U,+190,https://sportsbook.draftkings.com/event/little-rock-%40-se-missouri-state/33504075?outcomes=0OU83095054U13350_3
2026-01-22 21:19:15,2026-01-23 02:19:15.486361+00:00,line_update,NCAAB,draftkings,"Southeast Missouri State Redhawks vs Arkansas Little Rock Trojans, 2026-01-22, 08",Southeast Missouri State Redhawks,Arkansas Little Rock Trojans,Total,,135.5,O,-195,https://sportsbook.draftkings.com/event/little-rock-%40-se-missouri-state/33504075?outcomes=0OU83095054O13550_1
2026-01-22 21:19:15,2026-01-23 02:19:15.486430+00:00,line_update,NCAAB,draftkings,"Southeast Missouri State Redhawks vs Arkansas Little Rock Trojans, 2026-01-22, 08",Southeast Missouri State Redhawks,Arkansas Little Rock Trojans,Total,,134.5,O,-230,https://sportsbook.draftkings.com/event/little-rock-%40-se-missouri-state/33504075?outcomes=0OU83095054O13450_1
2026-01-22 21:19:15,2026-01-23 02:19:15.486639+00:00,line_update,NCAAB,draftkings,"Southeast Missouri State Redhawks vs Arkansas Little Rock Trojans, 2026-01-22, 08",Southeast Missouri State Redhawks,Arkansas Little Rock Trojans,Total,,142.5,O,+130,https://sportsbook.draftkings.com/event/little-rock-%40-se-missouri-state/33504075?outcomes=0OU83095054O14250_1
2026-01-22 21:19:15,2026-01-23 02:19:15.486702+00:00,line_update,NCAAB,draftkings,"Southeast Missouri State Redhawks vs Arkansas Little Rock Trojans, 2026-01-22, 08",Southeast Missouri State Redhawks,Arkansas Little Rock Trojans,Total,,143.5,O,+150,https://sportsbook.draftkings.com/event/little-rock-%40-se-missouri-state/33504075?outcomes=0OU83095054O14350_1
2026-01-22 21:19:15,2026-01-23 02:19:15.486757+00:00,line_update,NCAAB,draftkings,"Southeast Missouri State Redhawks vs Arkansas Little Rock Trojans, 2026-01-22, 08",Southeast Missouri State Redhawks,Arkansas Little Rock Trojans,Total,,135.5,U,+145,https://sportsbook.draftkings.com/event/little-rock-%40-se-missouri-state/33504075?outcomes=0OU83095054U13550_3
2026-01-22 21:19:15,2026-01-23 02:19:15.486810+00:00,line_update,NCAAB,draftkings,"Southeast Missouri State Redhawks vs Arkansas Little Rock Trojans, 2026-01-22, 08",Southeast Missouri State Redhawks,Arkansas Little Rock Trojans,Total,,141.5,O,+115,https://sportsbook.draftkings.com/event/little-rock-%40-se-missouri-state/33504075?outcomes=0OU83095054O14150_1
2026-01-22 21:19:15,2026-01-23 02:19:15.486864+00:00,line_update,NCAAB,draftkings,"Southeast Missouri State Redhawks vs Arkansas Little Rock Trojans, 2026-01-22, 08",Southeast Missouri State Redhawks,Arkansas Little Rock Trojans,Total,,142.5,U,-175,https://sportsbook.draftkings.com/event/little-rock-%40-se-missouri-state/33504075?outcomes=0OU83095054U14250_3
2026-01-22 21:19:15,2026-01-23 02:19:15.487782+00:00,line_update,NCAAB,draftkings,"Southeast Missouri State Redhawks vs Arkansas Little Rock Trojans, 2026-01-22, 08",Southeast Missouri State Redhawks,Arkansas Little Rock Trojans,Total,,143.5,U,-205,https://sportsbook.draftkings.com/event/little-rock-%40-se-missouri-state/33504075?outcomes=0OU83095054U14350_3
2026-01-22 21:19:15,2026-01-23 02:19:15.487866+00:00,line_update,NCAAB,draftkings,"Southeast Missouri State Redhawks vs Arkansas Little Rock Trojans, 2026-01-22, 08",Southeast Missouri State Redhawks,Arkansas Little Rock Trojans,Total,,134.5,U,+170,https://sportsbook.draftkings.com/event/little-rock-%40-se-missouri-state/33504075?outcomes=0OU83095054U13450_3
2026-01-22 21:19:15,2026-01-23 02:19:15.488052+00:00,line_update,NCAAB,draftkings,"Southeast Missouri State Redhawks vs Arkansas Little Rock Trojans, 2026-01-22, 08",Southeast Missouri State Redhawks,Arkansas Little Rock Trojans,Spread,Southeast Missouri State Redhawks,-11.5,,+265,https://sportsbook.draftkings.com/event/little-rock-%40-se-missouri-state/33504075?outcomes=0HC83095054N1150_1
2026-01-22 21:19:15,2026-01-23 02:19:15.488121+00:00,line_update,NCAAB,draftkings,"Southeast Missouri State Redhawks vs Arkansas Little Rock Trojans, 2026-01-22, 08",Southeast Missouri State Redhawks,Arkansas Little Rock Trojans,Total,,141.5,U,-155,https://sportsbook.draftkings.com/event/little-rock-%40-se-missouri-state/33504075?outcomes=0OU83095054U14150_3
2026-01-22 21:19:15,2026-01-23 02:19:15.488175+00:00,line_update,NCAAB,draftkings,"Southeast Missouri State Redhawks vs Arkansas Little Rock Trojans, 2026-01-22, 08",Southeast Missouri State Redhawks,Arkansas Little Rock Trojans,Spread,Southeast Missouri State Redhawks,-12.5,,+320,https://sportsbook.draftkings.com/event/little-rock-%40-se-missouri-state/33504075?outcomes=0HC83095054N1250_1
2026-01-22 21:19:15,2026-01-23 02:19:15.488249+00:00,line_update,NCAAB,draftkings,"Southeast Missouri State Redhawks vs Arkansas Little Rock Trojans, 2026-01-22, 08",Southeast Missouri State Redhawks,Arkansas Little Rock Trojans,Spread,Southeast Missouri State Redhawks,-10.5,,+215,https://sportsbook.draftkings.com/event/little-rock-%40-se-missouri-state/33504075?outcomes=0HC83095054N1050_1
2026-01-22 21:19:15,2026-01-23 02:19:15.488303+00:00,line_update,NCAAB,draftkings,"Southeast Missouri State Redhawks vs Arkansas Little Rock Trojans, 2026-01-22, 08",Southeast Missouri State Redhawks,Arkansas Little Rock Trojans,Spread,Arkansas Little Rock Trojans,-1.5,,+265,https://sportsbook.draftkings.com/event/little-rock-%40-se-missouri-state/33504075?outcomes=0HC83095054N150_3
2026-01-22 21:19:15,2026-01-23 02:19:15.488357+00:00,line_update,NCAAB,draftkings,"Southeast Missouri State Redhawks vs Arkansas Little Rock Trojans, 2026-01-22, 08",Southeast Missouri State Redhawks,Arkansas Little Rock Trojans,Spread,Southeast Missouri State Redhawks,-1.5,,-250,https://sportsbook.draftkings.com/event/little-rock-%40-se-missouri-state/33504075?outcomes=0HC83095054N150_1
2026-01-22 21:19:15,2026-01-23 02:19:15.488411+00:00,line_update,NCAAB,draftkings,"Southeast Missouri State Redhawks vs Arkansas Little Rock Trojans, 2026-01-22, 08",Southeast Missouri State Redhawks,Arkansas Little Rock Trojans,Spread,Southeast Missouri State Redhawks,-3.5,,-165,https://sportsbook.draftkings.com/event/little-rock-%40-se-missouri-state/33504075?outcomes=0HC83095054N350_1
2026-01-22 21:19:15,2026-01-23 02:19:15.489664+00:00,line_update,NCAAB,draftkings,"Southeast Missouri State Redhawks vs Arkansas Little Rock Trojans, 2026-01-22, 08",Southeast Missouri State Redhawks,Arkansas Little Rock Trojans,Spread,Southeast Missouri State Redhawks,-4.5,,-140,https://sportsbook.draftkings.com/event/little-rock-%40-se-missouri-state/33504075?outcomes=0HC83095054N450_1
2026-01-22 21:19:15,2026-01-23 02:19:15.489733+00:00,line_update,NCAAB,draftkings,"Southeast Missouri State Redhawks vs Arkansas Little Rock Trojans, 2026-01-22, 08",Southeast Missouri State Redhawks,Arkansas Little Rock Trojans,Spread,Southeast Missouri State Redhawks,-2.5,,-200,https://sportsbook.draftkings.com/event/little-rock-%40-se-missouri-state/33504075?outcomes=0HC83095054N250_1
2026-01-22 21:19:15,2026-01-23 02:19:15.489787+00:00,line_update,NCAAB,draftkings,"Southeast Missouri State Redhawks vs Arkansas Little Rock Trojans, 2026-01-22, 08",Southeast Missouri State Redhawks,Arkansas Little Rock Trojans,Spread,Southeast Missouri State Redhawks,-7.5,,+115,https://sportsbook.draftkings.com/event/little-rock-%40-se-missouri-state/33504075?outcomes=0HC83095054N750_1
2026-01-22 21:19:15,2026-01-23 02:19:15.489853+00:00,line_update,NCAAB,draftkings,"Southeast Missouri State Redhawks vs Arkansas Little Rock Trojans, 2026-01-22, 08",Southeast Missouri State Redhawks,Arkansas Little Rock Trojans,Spread,Southeast Missouri State Redhawks,-6.5,,+100,https://sportsbook.draftkings.com/event/little-rock-%40-se-missouri-state/33504075?outcomes=0HC83095054N650_1
2026-01-22 21:19:15,2026-01-23 02:19:15.489908+00:00,line_update,NCAAB,draftkings,"Southeast Missouri State Redhawks vs Arkansas Little Rock Trojans, 2026-01-22, 08",Southeast Missouri State Redhawks,Arkansas Little Rock Trojans,Spread,Southeast Missouri State Redhawks,-8.5,,+140,https://sportsbook.draftkings.com/event/little-rock-%40-se-missouri-state/33504075?outcomes=0HC83095054N850_1
2026-01-22 21:19:15,2026-01-23 02:19:15.489959+00:00,line_update,NCAAB,draftkings,"Southeast Missouri State Redhawks vs Arkansas Little Rock Trojans, 2026-01-22, 08",Southeast Missouri State Redhawks,Arkansas Little Rock Trojans,Spread,Southeast Missouri State Redhawks,-9.5,,+175,https://sportsbook.draftkings.com/event/little-rock-%40-se-missouri-state/33504075?outcomes=0HC83095054N950_1
2026-01-22 21:19:15,2026-01-23 02:19:15.490013+00:00,line_update,NCAAB,draftkings,"Southeast Missouri State Redhawks vs Arkansas Little Rock Trojans, 2026-01-22, 08",Southeast Missouri State Redhawks,Arkansas Little Rock Trojans,Spread,Arkansas Little Rock Trojans,10.5,,-300,https://sportsbook.draftkings.com/event/little-rock-%40-se-missouri-state/33504075?outcomes=0HC83095054P1050_3
2026-01-22 21:19:15,2026-01-23 02:19:15.490066+00:00,line_update,NCAAB,draftkings,"Southeast Missouri State Redhawks vs Arkansas Little Rock Trojans, 2026-01-22, 08",Southeast Missouri State Redhawks,Arkansas Little Rock Trojans,Spread,Arkansas Little Rock Trojans,11.5,,-370,https://sportsbook.draftkings.com/event/little-rock-%40-se-missouri-state/33504075?outcomes=0HC83095054P1150_3
2026-01-22 21:19:15,2026-01-23 02:19:15.490121+00:00,line_update,NCAAB,draftkings,"Southeast Missouri State Redhawks vs Arkansas Little Rock Trojans, 2026-01-22, 08",Southeast Missouri State Redhawks,Arkansas Little Rock Trojans,Spread,Arkansas Little Rock Trojans,12.5,,-475,https://sportsbook.draftkings.com/event/little-rock-%40-se-missouri-state/33504075?outcomes=0HC83095054P1250_3
2026-01-22 21:19:15,2026-01-23 02:19:15.490174+00:00,line_update,NCAAB,draftkings,"Southeast Missouri State Redhawks vs Arkansas Little Rock Trojans, 2026-01-22, 08",Southeast Missouri State Redhawks,Arkansas Little Rock Trojans,Spread,Southeast Missouri State Redhawks,1.5,,-380,https://sportsbook.draftkings.com/event/little-rock-%40-se-missouri-state/33504075?outcomes=0HC83095054P150_1
2026-01-22 21:19:15,2026-01-23 02:19:15.490225+00:00,line_update,NCAAB,draftkings,"Southeast Missouri State Redhawks vs Arkansas Little Rock Trojans, 2026-01-22, 08",Southeast Missouri State Redhawks,Arkansas Little Rock Trojans,Spread,Arkansas Little Rock Trojans,1.5,,+180,https://sportsbook.draftkings.com/event/little-rock-%40-se-missouri-state/33504075?outcomes=0HC83095054P150_3
2026-01-22 21:19:15,2026-01-23 02:19:15.596948+00:00,line_update,NCAAB,draftkings,"Southeast Missouri State Redhawks vs Arkansas Little Rock Trojans, 2026-01-22, 08",Southeast Missouri State Redhawks,Arkansas Little Rock Trojans,Spread,Arkansas Little Rock Trojans,2.5,,+150,https://sportsbook.draftkings.com/event/little-rock-%40-se-missouri-state/33504075?outcomes=0HC83095054P250_3
2026-01-22 21:19:15,2026-01-23 02:19:15.597059+00:00,line_update,NCAAB,draftkings,"Southeast Missouri State Redhawks vs Arkansas Little Rock Trojans, 2026-01-22, 08",Southeast Missouri State Redhawks,Arkansas Little Rock Trojans,Spread,Arkansas Little Rock Trojans,3.5,,+120,https://sportsbook.draftkings.com/event/little-rock-%40-se-missouri-state/33504075?outcomes=0HC83095054P350_3
2026-01-22 21:19:15,2026-01-23 02:19:15.597127+00:00,line_update,NCAAB,draftkings,"Southeast Missouri State Redhawks vs Arkansas Little Rock Trojans, 2026-01-22, 08",Southeast Missouri State Redhawks,Arkansas Little Rock Trojans,Spread,Arkansas Little Rock Trojans,7.5,,-155,https://sportsbook.draftkings.com/event/little-rock-%40-se-missouri-state/33504075?outcomes=0HC83095054P750_3
2026-01-22 21:19:15,2026-01-23 02:19:15.597206+00:00,line_update,NCAAB,draftkings,"Southeast Missouri State Redhawks vs Arkansas Little Rock Trojans, 2026-01-22, 08",Southeast Missouri State Redhawks,Arkansas Little Rock Trojans,Spread,Arkansas Little Rock Trojans,8.5,,-190,https://sportsbook.draftkings.com/event/little-rock-%40-se-missouri-state/33504075?outcomes=0HC83095054P850_3
2026-01-22 21:19:15,2026-01-23 02:19:15.597267+00:00,line_update,NCAAB,draftkings,"Southeast Missouri State Redhawks vs Arkansas Little Rock Trojans, 2026-01-22, 08",Southeast Missouri State Redhawks,Arkansas Little Rock Trojans,Spread,Arkansas Little Rock Trojans,9.5,,-235,https://sportsbook.draftkings.com/event/little-rock-%40-se-missouri-state/33504075?outcomes=0HC83095054P950_3
2026-01-22 21:19:15,2026-01-23 02:19:15.597325+00:00,line_update,NCAAB,draftkings,"Southeast Missouri State Redhawks vs Arkansas Little Rock Trojans, 2026-01-22, 08",Southeast Missouri State Redhawks,Arkansas Little Rock Trojans,Spread,Arkansas Little Rock Trojans,6.5,,-135,https://sportsbook.draftkings.com/event/little-rock-%40-se-missouri-state/33504075?outcomes=0HC83095054P650_3
2026-01-22 21:19:16,2026-01-23 02:19:16.514442+00:00,line_update,NCAAB,draftkings,"Montana State Bobcats vs Idaho State Bengals, 2026-01-22, 09",Montana State Bobcats,Idaho State Bengals,Total,,137.5,O,,
2026-01-22 21:19:16,2026-01-23 02:19:16.514514+00:00,line_update,NCAAB,draftkings,"Montana State Bobcats vs Idaho State Bengals, 2026-01-22, 09",Montana State Bobcats,Idaho State Bengals,Total,,144.5,O,,
2026-01-22 21:19:16,2026-01-23 02:19:16.515265+00:00,line_update,NCAAB,draftkings,"Montana State Bobcats vs Idaho State Bengals, 2026-01-22, 09",Montana State Bobcats,Idaho State Bengals,Total,,137.5,U,,
2026-01-22 21:19:16,2026-01-23 02:19:16.515416+00:00,line_update,NCAAB,draftkings,"Montana State Bobcats vs Idaho State Bengals, 2026-01-22, 09",Montana State Bobcats,Idaho State Bengals,Total,,144.5,U,,
2026-01-22 21:19:16,2026-01-23 02:19:16.515473+00:00,line_update,NCAAB,draftkings,"Montana State Bobcats vs Idaho State Bengals, 2026-01-22, 09",Montana State Bobcats,Idaho State Bengals,Total,,143.5,O,+175,https://sportsbook.draftkings.com/event/idaho-state-%40-montana-state/33504072?outcomes=0OU83095099O14350_1
2026-01-22 21:19:16,2026-01-23 02:19:16.515529+00:00,line_update,NCAAB,draftkings,"Montana State Bobcats vs Idaho State Bengals, 2026-01-22, 09",Montana State Bobcats,Idaho State Bengals,Total,,142.5,O,+155,https://sportsbook.draftkings.com/event/idaho-state-%40-montana-state/33504072?outcomes=0OU83095099O14250_1
2026-01-22 21:19:16,2026-01-23 02:19:16.515585+00:00,line_update,NCAAB,draftkings,"Montana State Bobcats vs Idaho State Bengals, 2026-01-22, 09",Montana State Bobcats,Idaho State Bengals,Total,,141.5,O,+140,https://sportsbook.draftkings.com/event/idaho-state-%40-montana-state/33504072?outcomes=0OU83095099O14150_1
2026-01-22 21:19:16,2026-01-23 02:19:16.515639+00:00,line_update,NCAAB,draftkings,"Montana State Bobcats vs Idaho State Bengals, 2026-01-22, 09",Montana State Bobcats,Idaho State Bengals,Total,,134.5,O,-165,https://sportsbook.draftkings.com/event/idaho-state-%40-montana-state/33504072?outcomes=0OU83095099O13450_1
2026-01-22 21:19:16,2026-01-23 02:19:16.515692+00:00,line_update,NCAAB,draftkings,"Montana State Bobcats vs Idaho State Bengals, 2026-01-22, 09",Montana State Bobcats,Idaho State Bengals,Total,,135.5,O,-145,https://sportsbook.draftkings.com/event/idaho-state-%40-montana-state/33504072?outcomes=0OU83095099O13550_1
2026-01-22 21:19:16,2026-01-23 02:19:16.516855+00:00,line_update,NCAAB,draftkings,"Montana State Bobcats vs Idaho State Bengals, 2026-01-22, 09",Montana State Bobcats,Idaho State Bengals,Total,,138.5,O,-105,https://sportsbook.draftkings.com/event/idaho-state-%40-montana-state/33504072?outcomes=0OU83095099O13850_1
2026-01-22 21:19:16,2026-01-23 02:19:16.516941+00:00,line_update,NCAAB,draftkings,"Montana State Bobcats vs Idaho State Bengals, 2026-01-22, 09",Montana State Bobcats,Idaho State Bengals,Total,,136.5,O,-130,https://sportsbook.draftkings.com/event/idaho-state-%40-montana-state/33504072?outcomes=0OU83095099O13650_1
2026-01-22 21:19:16,2026-01-23 02:19:16.517004+00:00,line_update,NCAAB,draftkings,"Montana State Bobcats vs Idaho State Bengals, 2026-01-22, 09",Montana State Bobcats,Idaho State Bengals,Total,,139.5,O,+110,https://sportsbook.draftkings.com/event/idaho-state-%40-montana-state/33504072?outcomes=0OU83095099O13950_1
2026-01-22 21:19:16,2026-01-23 02:19:16.517320+00:00,line_update,NCAAB,draftkings,"Montana State Bobcats vs Idaho State Bengals, 2026-01-22, 09",Montana State Bobcats,Idaho State Bengals,Total,,142.5,U,-210,https://sportsbook.draftkings.com/event/idaho-state-%40-montana-state/33504072?outcomes=0OU83095099U14250_3
2026-01-22 21:19:16,2026-01-23 02:19:16.517385+00:00,line_update,NCAAB,draftkings,"Montana State Bobcats vs Idaho State Bengals, 2026-01-22, 09",Montana State Bobcats,Idaho State Bengals,Total,,143.5,U,-240,https://sportsbook.draftkings.com/event/idaho-state-%40-montana-state/33504072?outcomes=0OU83095099U14350_3
2026-01-22 21:19:16,2026-01-23 02:19:16.517447+00:00,line_update,NCAAB,draftkings,"Montana State Bobcats vs Idaho State Bengals, 2026-01-22, 09",Montana State Bobcats,Idaho State Bengals,Total,,141.5,U,-185,https://sportsbook.draftkings.com/event/idaho-state-%40-montana-state/33504072?outcomes=0OU83095099U14150_3
2026-01-22 21:19:16,2026-01-23 02:19:16.517503+00:00,line_update,NCAAB,draftkings,"Montana State Bobcats vs Idaho State Bengals, 2026-01-22, 09",Montana State Bobcats,Idaho State Bengals,Total,,135.5,U,+110,https://sportsbook.draftkings.com/event/idaho-state-%40-montana-state/33504072?outcomes=0OU83095099U13550_3
2026-01-22 21:19:16,2026-01-23 02:19:16.517557+00:00,line_update,NCAAB,draftkings,"Montana State Bobcats vs Idaho State Bengals, 2026-01-22, 09",Montana State Bobcats,Idaho State Bengals,Total,,134.5,U,+120,https://sportsbook.draftkings.com/event/idaho-state-%40-montana-state/33504072?outcomes=0OU83095099U13450_3
2026-01-22 21:19:16,2026-01-23 02:19:16.517609+00:00,line_update,NCAAB,draftkings,"Montana State Bobcats vs Idaho State Bengals, 2026-01-22, 09",Montana State Bobcats,Idaho State Bengals,Total,,138.5,U,-130,https://sportsbook.draftkings.com/event/idaho-state-%40-montana-state/33504072?outcomes=0OU83095099U13850_3
2026-01-22 21:19:16,2026-01-23 02:19:16.517666+00:00,line_update,NCAAB,draftkings,"Montana State Bobcats vs Idaho State Bengals, 2026-01-22, 09",Montana State Bobcats,Idaho State Bengals,Total,,136.5,U,-105,https://sportsbook.draftkings.com/event/idaho-state-%40-montana-state/33504072?outcomes=0OU83095099U13650_3
2026-01-22 21:19:16,2026-01-23 02:19:16.521228+00:00,line_update,NCAAB,draftkings,"Montana State Bobcats vs Idaho State Bengals, 2026-01-22, 09",Montana State Bobcats,Idaho State Bengals,Total,,139.5,U,-150,https://sportsbook.draftkings.com/event/idaho-state-%40-montana-state/33504072?outcomes=0OU83095099U13950_3
2026-01-22 21:19:16,2026-01-23 02:19:16.521791+00:00,line_update,NCAAB,draftkings,"Montana State Bobcats vs Idaho State Bengals, 2026-01-22, 09",Montana State Bobcats,Idaho State Bengals,Spread,Montana State Bobcats,-8.5,,,
2026-01-22 21:19:16,2026-01-23 02:19:16.522024+00:00,line_update,NCAAB,draftkings,"Montana State Bobcats vs Idaho State Bengals, 2026-01-22, 09",Montana State Bobcats,Idaho State Bengals,Spread,Idaho State Bengals,8.5,,,
2026-01-22 21:19:16,2026-01-23 02:19:16.522111+00:00,line_update,NCAAB,draftkings,"Montana State Bobcats vs Idaho State Bengals, 2026-01-22, 09",Montana State Bobcats,Idaho State Bengals,Spread,Montana State Bobcats,-11.5,,+140,https://sportsbook.draftkings.com/event/idaho-state-%40-montana-state/33504072?outcomes=0HC83095099N1150_1
2026-01-22 21:19:16,2026-01-23 02:19:16.522170+00:00,line_update,NCAAB,draftkings,"Montana State Bobcats vs Idaho State Bengals, 2026-01-22, 09",Montana State Bobcats,Idaho State Bengals,Spread,Montana State Bobcats,-10.5,,+120,https://sportsbook.draftkings.com/event/idaho-state-%40-montana-state/33504072?outcomes=0HC83095099N1050_1
2026-01-22 21:19:16,2026-01-23 02:19:16.522224+00:00,line_update,NCAAB,draftkings,"Montana State Bobcats vs Idaho State Bengals, 2026-01-22, 09",Montana State Bobcats,Idaho State Bengals,Spread,Montana State Bobcats,-12.5,,+165,https://sportsbook.draftkings.com/event/idaho-state-%40-montana-state/33504072?outcomes=0HC83095099N1250_1
2026-01-22 21:19:16,2026-01-23 02:19:16.522495+00:00,line_update,NCAAB,draftkings,"Montana State Bobcats vs Idaho State Bengals, 2026-01-22, 09",Montana State Bobcats,Idaho State Bengals,Spread,Montana State Bobcats,-13.5,,+190,https://sportsbook.draftkings.com/event/idaho-state-%40-montana-state/33504072?outcomes=0HC83095099N1350_1
2026-01-22 21:19:16,2026-01-23 02:19:16.522581+00:00,line_update,NCAAB,draftkings,"Montana State Bobcats vs Idaho State Bengals, 2026-01-22, 09",Montana State Bobcats,Idaho State Bengals,Spread,Montana State Bobcats,-2.5,,-310,https://sportsbook.draftkings.com/event/idaho-state-%40-montana-state/33504072?outcomes=0HC83095099N250_1
2026-01-22 21:19:16,2026-01-23 02:19:16.522640+00:00,line_update,NCAAB,draftkings,"Montana State Bobcats vs Idaho State Bengals, 2026-01-22, 09",Montana State Bobcats,Idaho State Bengals,Spread,Montana State Bobcats,-3.5,,-250,https://sportsbook.draftkings.com/event/idaho-state-%40-montana-state/33504072?outcomes=0HC83095099N350_1
2026-01-22 21:19:16,2026-01-23 02:19:16.522694+00:00,line_update,NCAAB,draftkings,"Montana State Bobcats vs Idaho State Bengals, 2026-01-22, 09",Montana State Bobcats,Idaho State Bengals,Spread,Montana State Bobcats,-4.5,,-215,https://sportsbook.draftkings.com/event/idaho-state-%40-montana-state/33504072?outcomes=0HC83095099N450_1
2026-01-22 21:19:16,2026-01-23 02:19:16.522749+00:00,line_update,NCAAB,draftkings,"Montana State Bobcats vs Idaho State Bengals, 2026-01-22, 09",Montana State Bobcats,Idaho State Bengals,Spread,Montana State Bobcats,-5.5,,-185,https://sportsbook.draftkings.com/event/idaho-state-%40-montana-state/33504072?outcomes=0HC83095099N550_1
2026-01-22 21:19:16,2026-01-23 02:19:16.522800+00:00,line_update,NCAAB,draftkings,"Montana State Bobcats vs Idaho State Bengals, 2026-01-22, 09",Montana State Bobcats,Idaho State Bengals,Spread,Montana State Bobcats,-6.5,,-160,https://sportsbook.draftkings.com/event/idaho-state-%40-montana-state/33504072?outcomes=0HC83095099N650_1
2026-01-22 21:19:16,2026-01-23 02:19:16.522852+00:00,line_update,NCAAB,draftkings,"Montana State Bobcats vs Idaho State Bengals, 2026-01-22, 09",Montana State Bobcats,Idaho State Bengals,Spread,Montana State Bobcats,-9.5,,+100,https://sportsbook.draftkings.com/event/idaho-state-%40-montana-state/33504072?outcomes=0HC83095099N950_1
2026-01-22 21:19:16,2026-01-23 02:19:16.522904+00:00,line_update,NCAAB,draftkings,"Montana State Bobcats vs Idaho State Bengals, 2026-01-22, 09",Montana State Bobcats,Idaho State Bengals,Spread,Idaho State Bengals,10.5,,-165,https://sportsbook.draftkings.com/event/idaho-state-%40-montana-state/33504072?outcomes=0HC83095099P1050_3
2026-01-22 21:19:16,2026-01-23 02:19:16.522974+00:00,line_update,NCAAB,draftkings,"Montana State Bobcats vs Idaho State Bengals, 2026-01-22, 09",Montana State Bobcats,Idaho State Bengals,Spread,Idaho State Bengals,11.5,,-190,https://sportsbook.draftkings.com/event/idaho-state-%40-montana-state/33504072?outcomes=0HC83095099P1150_3
2026-01-22 21:19:16,2026-01-23 02:19:16.523068+00:00,line_update,NCAAB,draftkings,"Montana State Bobcats vs Idaho State Bengals, 2026-01-22, 09",Montana State Bobcats,Idaho State Bengals,Spread,Idaho State Bengals,12.5,,-225,https://sportsbook.draftkings.com/event/idaho-state-%40-montana-state/33504072?outcomes=0HC83095099P1250_3
2026-01-22 21:19:16,2026-01-23 02:19:16.523141+00:00,line_update,NCAAB,draftkings,"Montana State Bobcats vs Idaho State Bengals, 2026-01-22, 09",Montana State Bobcats,Idaho State Bengals,Spread,Idaho State Bengals,13.5,,-260,https://sportsbook.draftkings.com/event/idaho-state-%40-montana-state/33504072?outcomes=0HC83095099P1350_3
2026-01-22 21:19:16,2026-01-23 02:19:16.523195+00:00,line_update,NCAAB,draftkings,"Montana State Bobcats vs Idaho State Bengals, 2026-01-22, 09",Montana State Bobcats,Idaho State Bengals,Spread,Idaho State Bengals,2.5,,+220,https://sportsbook.draftkings.com/event/idaho-state-%40-montana-state/33504072?outcomes=0HC83095099P250_3
2026-01-22 21:19:16,2026-01-23 02:19:16.523250+00:00,line_update,NCAAB,draftkings,"Montana State Bobcats vs Idaho State Bengals, 2026-01-22, 09",Montana State Bobcats,Idaho State Bengals,Spread,Idaho State Bengals,3.5,,+185,https://sportsbook.draftkings.com/event/idaho-state-%40-montana-state/33504072?outcomes=0HC83095099P350_3
2026-01-22 21:19:16,2026-01-23 02:19:16.523300+00:00,line_update,NCAAB,draftkings,"Montana State Bobcats vs Idaho State Bengals, 2026-01-22, 09",Montana State Bobcats,Idaho State Bengals,Spread,Idaho State Bengals,4.5,,+160,https://sportsbook.draftkings.com/event/idaho-state-%40-montana-state/33504072?outcomes=0HC83095099P450_3
2026-01-22 21:19:16,2026-01-23 02:19:16.523350+00:00,line_update,NCAAB,draftkings,"Montana State Bobcats vs Idaho State Bengals, 2026-01-22, 09",Montana State Bobcats,Idaho State Bengals,Spread,Idaho State Bengals,5.5,,+140,https://sportsbook.draftkings.com/event/idaho-state-%40-montana-state/33504072?outcomes=0HC83095099P550_3
2026-01-22 21:19:16,2026-01-23 02:19:16.523400+00:00,line_update,NCAAB,draftkings,"Montana State Bobcats vs Idaho State Bengals, 2026-01-22, 09",Montana State Bobcats,Idaho State Bengals,Spread,Idaho State Bengals,6.5,,+120,https://sportsbook.draftkings.com/event/idaho-state-%40-montana-state/33504072?outcomes=0HC83095099P650_3
2026-01-22 21:19:16,2026-01-23 02:19:16.523451+00:00,line_update,NCAAB,draftkings,"Montana State Bobcats vs Idaho State Bengals, 2026-01-22, 09",Montana State Bobcats,Idaho State Bengals,Spread,Idaho State Bengals,9.5,,-135,https://sportsbook.draftkings.com/event/idaho-state-%40-montana-state/33504072?outcomes=0HC83095099P950_3
2026-01-22 21:19:17,2026-01-23 02:19:17.610042+00:00,line_update,NCAAB,fanduel,"Montana State Bobcats vs Idaho State Bengals, 2026-01-22, 09",Montana State Bobcats,Idaho State Bengals,Total,,139.5,O,,
2026-01-22 21:19:17,2026-01-23 02:19:17.610153+00:00,line_update,NCAAB,fanduel,"Montana State Bobcats vs Idaho State Bengals, 2026-01-22, 09",Montana State Bobcats,Idaho State Bengals,Total,,138.5,O,-122,https://sportsbook.fanduel.ca/addToBetslip?marketId=801.153974431&selectionId=7017823
2026-01-22 21:19:17,2026-01-23 02:19:17.610193+00:00,line_update,NCAAB,fanduel,"Montana State Bobcats vs Idaho State Bengals, 2026-01-22, 09",Montana State Bobcats,Idaho State Bengals,Total,,139.5,U,,
2026-01-22 21:19:17,2026-01-23 02:19:17.610227+00:00,line_update,NCAAB,fanduel,"Montana State Bobcats vs Idaho State Bengals, 2026-01-22, 09",Montana State Bobcats,Idaho State Bengals,Total,,138.5,U,-106,https://sportsbook.fanduel.ca/addToBetslip?marketId=801.153974431&selectionId=7017824
2026-01-22 21:19:17,2026-01-23 02:19:17.610590+00:00,line_update,NCAAB,fanduel,"Montana State Bobcats vs Idaho State Bengals, 2026-01-22, 09",Montana State Bobcats,Idaho State Bengals,Spread,Idaho State Bengals,17.5,,-600,https://sportsbook.fanduel.ca/addToBetslip?marketId=801.154049593&selectionId=711058
2026-01-22 21:19:17,2026-01-23 02:19:17.610621+00:00,line_update,NCAAB,fanduel,"Montana State Bobcats vs Idaho State Bengals, 2026-01-22, 09",Montana State Bobcats,Idaho State Bengals,Spread,Montana State Bobcats,-17.5,,+360,https://sportsbook.fanduel.ca/addToBetslip?marketId=801.154049593&selectionId=719431
2026-01-22 21:19:17,2026-01-23 02:19:17.610770+00:00,line_update,NCAAB,fanduel,"Montana State Bobcats vs Idaho State Bengals, 2026-01-22, 09",Montana State Bobcats,Idaho State Bengals,Total,,145.5,O,,
2026-01-22 21:19:17,2026-01-23 02:19:17.610800+00:00,line_update,NCAAB,fanduel,"Montana State Bobcats vs Idaho State Bengals, 2026-01-22, 09",Montana State Bobcats,Idaho State Bengals,Total,,144.5,O,+150,https://sportsbook.fanduel.ca/addToBetslip?marketId=801.154049622&selectionId=7017823
2026-01-22 21:19:17,2026-01-23 02:19:17.610828+00:00,line_update,NCAAB,fanduel,"Montana State Bobcats vs Idaho State Bengals, 2026-01-22, 09",Montana State Bobcats,Idaho State Bengals,Total,,145.5,U,,
2026-01-22 21:19:17,2026-01-23 02:19:17.610856+00:00,line_update,NCAAB,fanduel,"Montana State Bobcats vs Idaho State Bengals, 2026-01-22, 09",Montana State Bobcats,Idaho State Bengals,Total,,144.5,U,-220,https://sportsbook.fanduel.ca/addToBetslip?marketId=801.154049622&selectionId=7017824
2026-01-22 21:19:17,2026-01-23 02:19:17.611014+00:00,line_update,NCAAB,fanduel,"Montana State Bobcats vs Idaho State Bengals, 2026-01-22, 09",Montana State Bobcats,Idaho State Bengals,Spread,Idaho State Bengals,-0.5,,+330,https://sportsbook.fanduel.ca/addToBetslip?marketId=801.154049546&selectionId=711058
2026-01-22 21:19:17,2026-01-23 02:19:17.611046+00:00,line_update,NCAAB,fanduel,"Montana State Bobcats vs Idaho State Bengals, 2026-01-22, 09",Montana State Bobcats,Idaho State Bengals,Spread,Montana State Bobcats,0.5,,-550,https://sportsbook.fanduel.ca/addToBetslip?marketId=801.154049546&selectionId=719431
2026-01-22 21:19:17,2026-01-23 02:19:17.611347+00:00,line_update,NCAAB,fanduel,"Montana State Bobcats vs Idaho State Bengals, 2026-01-22, 09",Montana State Bobcats,Idaho State Bengals,Total,,142.5,O,,
2026-01-22 21:19:17,2026-01-23 02:19:17.611379+00:00,line_update,NCAAB,fanduel,"Montana State Bobcats vs Idaho State Bengals, 2026-01-22, 09",Montana State Bobcats,Idaho State Bengals,Total,,141.5,O,+110,https://sportsbook.fanduel.ca/addToBetslip?marketId=801.154049579&selectionId=7017823
2026-01-22 21:19:17,2026-01-23 02:19:17.611407+00:00,line_update,NCAAB,fanduel,"Montana State Bobcats vs Idaho State Bengals, 2026-01-22, 09",Montana State Bobcats,Idaho State Bengals,Total,,142.5,U,,
2026-01-22 21:19:17,2026-01-23 02:19:17.611437+00:00,line_update,NCAAB,fanduel,"Montana State Bobcats vs Idaho State Bengals, 2026-01-22, 09",Montana State Bobcats,Idaho State Bengals,Total,,141.5,U,-155,https://sportsbook.fanduel.ca/addToBetslip?marketId=801.154049579&selectionId=7017824
2026-01-22 21:19:17,2026-01-23 02:19:17.611581+00:00,line_update,NCAAB,fanduel,"Montana State Bobcats vs Idaho State Bengals, 2026-01-22, 09",Montana State Bobcats,Idaho State Bengals,Total,,133.5,O,,
2026-01-22 21:19:17,2026-01-23 02:19:17.611609+00:00,line_update,NCAAB,fanduel,"Montana State Bobcats vs Idaho State Bengals, 2026-01-22, 09",Montana State Bobcats,Idaho State Bengals,Total,,132.5,O,-260,https://sportsbook.fanduel.ca/addToBetslip?marketId=801.154049596&selectionId=7017823
2026-01-22 21:19:17,2026-01-23 02:19:17.611637+00:00,line_update,NCAAB,fanduel,"Montana State Bobcats vs Idaho State Bengals, 2026-01-22, 09",Montana State Bobcats,Idaho State Bengals,Total,,133.5,U,,
2026-01-22 21:19:17,2026-01-23 02:19:17.611665+00:00,line_update,NCAAB,fanduel,"Montana State Bobcats vs Idaho State Bengals, 2026-01-22, 09",Montana State Bobcats,Idaho State Bengals,Total,,132.5,U,+175,https://sportsbook.fanduel.ca/addToBetslip?marketId=801.154049596&selectionId=7017824
2026-01-22 21:19:17,2026-01-23 02:19:17.611809+00:00,line_update,NCAAB,fanduel,"Montana State Bobcats vs Idaho State Bengals, 2026-01-22, 09",Montana State Bobcats,Idaho State Bengals,Spread,Idaho State Bengals,11.5,,-200,https://sportsbook.fanduel.ca/addToBetslip?marketId=801.154049550&selectionId=711058
2026-01-22 21:19:17,2026-01-23 02:19:17.611839+00:00,line_update,NCAAB,fanduel,"Montana State Bobcats vs Idaho State Bengals, 2026-01-22, 09",Montana State Bobcats,Idaho State Bengals,Spread,Montana State Bobcats,-11.5,,+145,https://sportsbook.fanduel.ca/addToBetslip?marketId=801.154049550&selectionId=719431
2026-01-22 21:19:17,2026-01-23 02:19:17.612094+00:00,line_update,NCAAB,fanduel,"Montana State Bobcats vs Idaho State Bengals, 2026-01-22, 09",Montana State Bobcats,Idaho State Bengals,Spread,Idaho State Bengals,2.5,,+230,https://sportsbook.fanduel.ca/addToBetslip?marketId=801.154049590&selectionId=711058
2026-01-22 21:19:17,2026-01-23 02:19:17.612124+00:00,line_update,NCAAB,fanduel,"Montana State Bobcats vs Idaho State Bengals, 2026-01-22, 09",Montana State Bobcats,Idaho State Bengals,Spread,Montana State Bobcats,-2.5,,-330,https://sportsbook.fanduel.ca/addToBetslip?marketId=801.154049590&selectionId=719431
2026-01-22 21:19:17,2026-01-23 02:19:17.612156+00:00,line_update,NCAAB,fanduel,"Montana State Bobcats vs Idaho State Bengals, 2026-01-22, 09",Montana State Bobcats,Idaho State Bengals,Spread,Idaho State Bengals,8.5,,-125,https://sportsbook.fanduel.ca/addToBetslip?marketId=801.153974432&selectionId=711058
2026-01-22 21:19:17,2026-01-23 02:19:17.612184+00:00,line_update,NCAAB,fanduel,"Montana State Bobcats vs Idaho State Bengals, 2026-01-22, 09",Montana State Bobcats,Idaho State Bengals,Spread,Montana State Bobcats,-8.5,,-106,https://sportsbook.fanduel.ca/addToBetslip?marketId=801.153974432&selectionId=719431
2026-01-22 21:19:17,2026-01-23 02:19:17.625327+00:00,line_update,NCAAB,fanduel,"Montana State Bobcats vs Idaho State Bengals, 2026-01-22, 09",Montana State Bobcats,Idaho State Bengals,Total,,136.5,O,,
2026-01-22 21:19:17,2026-01-23 02:19:17.625358+00:00,line_update,NCAAB,fanduel,"Montana State Bobcats vs Idaho State Bengals, 2026-01-22, 09",Montana State Bobcats,Idaho State Bengals,Total,,135.5,O,-175,https://sportsbook.fanduel.ca/addToBetslip?marketId=801.154049609&selectionId=7017823
2026-01-22 21:19:17,2026-01-23 02:19:17.625387+00:00,line_update,NCAAB,fanduel,"Montana State Bobcats vs Idaho State Bengals, 2026-01-22, 09",Montana State Bobcats,Idaho State Bengals,Total,,136.5,U,,
2026-01-22 21:19:17,2026-01-23 02:19:17.625416+00:00,line_update,NCAAB,fanduel,"Montana State Bobcats vs Idaho State Bengals, 2026-01-22, 09",Montana State Bobcats,Idaho State Bengals,Total,,135.5,U,+125,https://sportsbook.fanduel.ca/addToBetslip?marketId=801.154049609&selectionId=7017824
2026-01-22 21:19:17,2026-01-23 02:19:17.625499+00:00,line_update,NCAAB,fanduel,"Montana State Bobcats vs Idaho State Bengals, 2026-01-22, 09",Montana State Bobcats,Idaho State Bengals,Total,,148.5,O,,
2026-01-22 21:19:17,2026-01-23 02:19:17.625551+00:00,line_update,NCAAB,fanduel,"Montana State Bobcats vs Idaho State Bengals, 2026-01-22, 09",Montana State Bobcats,Idaho State Bengals,Total,,147.5,O,+220,https://sportsbook.fanduel.ca/addToBetslip?marketId=801.154049592&selectionId=7017823
2026-01-22 21:19:17,2026-01-23 02:19:17.625582+00:00,line_update,NCAAB,fanduel,"Montana State Bobcats vs Idaho State Bengals, 2026-01-22, 09",Montana State Bobcats,Idaho State Bengals,Total,,148.5,U,,
2026-01-22 21:19:17,2026-01-23 02:19:17.625610+00:00,line_update,NCAAB,fanduel,"Montana State Bobcats vs Idaho State Bengals, 2026-01-22, 09",Montana State Bobcats,Idaho State Bengals,Total,,147.5,U,-330,https://sportsbook.fanduel.ca/addToBetslip?marketId=801.154049592&selectionId=7017824
2026-01-22 21:19:17,2026-01-23 02:19:17.625742+00:00,line_update,NCAAB,fanduel,"Montana State Bobcats vs Idaho State Bengals, 2026-01-22, 09",Montana State Bobcats,Idaho State Bengals,Spread,Idaho State Bengals,14.5,,-340,https://sportsbook.fanduel.ca/addToBetslip?marketId=801.154049584&selectionId=711058
2026-01-22 21:19:17,2026-01-23 02:19:17.625777+00:00,line_update,NCAAB,fanduel,"Montana State Bobcats vs Idaho State Bengals, 2026-01-22, 09",Montana State Bobcats,Idaho State Bengals,Spread,Montana State Bobcats,-14.5,,+230,https://sportsbook.fanduel.ca/addToBetslip?marketId=801.154049584&selectionId=719431
2026-01-22 21:19:17,2026-01-23 02:19:17.626118+00:00,line_update,NCAAB,fanduel,"Montana State Bobcats vs Idaho State Bengals, 2026-01-22, 09",Montana State Bobcats,Idaho State Bengals,Total,,130.5,O,,
2026-01-22 21:19:17,2026-01-23 02:19:17.626151+00:00,line_update,NCAAB,fanduel,"Montana State Bobcats vs Idaho State Bengals, 2026-01-22, 09",Montana State Bobcats,Idaho State Bengals,Total,,129.5,O,-400,https://sportsbook.fanduel.ca/addToBetslip?marketId=801.154049586&selectionId=7017823
2026-01-22 21:19:17,2026-01-23 02:19:17.626182+00:00,line_update,NCAAB,fanduel,"Montana State Bobcats vs Idaho State Bengals, 2026-01-22, 09",Montana State Bobcats,Idaho State Bengals,Total,,130.5,U,,
2026-01-22 21:19:17,2026-01-23 02:19:17.626210+00:00,line_update,NCAAB,fanduel,"Montana State Bobcats vs Idaho State Bengals, 2026-01-22, 09",Montana State Bobcats,Idaho State Bengals,Total,,129.5,U,+250,https://sportsbook.fanduel.ca/addToBetslip?marketId=801.154049586&selectionId=7017824
2026-01-22 21:19:17,2026-01-23 02:19:17.626395+00:00,line_update,NCAAB,fanduel,"Montana State Bobcats vs Idaho State Bengals, 2026-01-22, 09",Montana State Bobcats,Idaho State Bengals,Spread,Idaho State Bengals,5.5,,+130,https://sportsbook.fanduel.ca/addToBetslip?marketId=801.154049553&selectionId=711058
2026-01-22 21:19:17,2026-01-23 02:19:17.626427+00:00,line_update,NCAAB,fanduel,"Montana State Bobcats vs Idaho State Bengals, 2026-01-22, 09",Montana State Bobcats,Idaho State Bengals,Spread,Montana State Bobcats,-5.5,,-175,https://sportsbook.fanduel.ca/addToBetslip?marketId=801.154049553&selectionId=719431
2026-01-22 21:19:20,2026-01-23 02:19:20.301086+00:00,line_update,NCAAB,draftkings,"Montana State Bobcats vs Idaho State Bengals, 2026-01-22, 09",Montana State Bobcats,Idaho State Bengals,Total,,141.5,U,-190,https://sportsbook.draftkings.com/event/idaho-state-%40-montana-state/33504072?outcomes=0OU83095099U14150_3
2026-01-22 21:19:20,2026-01-23 02:19:20.301237+00:00,line_update,NCAAB,draftkings,"Montana State Bobcats vs Idaho State Bengals, 2026-01-22, 09",Montana State Bobcats,Idaho State Bengals,Total,,138.5,U,-135,https://sportsbook.draftkings.com/event/idaho-state-%40-montana-state/33504072?outcomes=0OU83095099U13850_3
2026-01-22 21:19:20,2026-01-23 02:19:20.301340+00:00,line_update,NCAAB,draftkings,"Montana State Bobcats vs Idaho State Bengals, 2026-01-22, 09",Montana State Bobcats,Idaho State Bengals,Total,,138.5,O,+100,https://sportsbook.draftkings.com/event/idaho-state-%40-montana-state/33504072?outcomes=0OU83095099O13850_1
2026-01-22 21:19:20,2026-01-23 02:19:20.301433+00:00,line_update,NCAAB,draftkings,"Montana State Bobcats vs Idaho State Bengals, 2026-01-22, 09",Montana State Bobcats,Idaho State Bengals,Total,,143.5,U,-245,https://sportsbook.draftkings.com/event/idaho-state-%40-montana-state/33504072?outcomes=0OU83095099U14350_3
2026-01-22 21:19:20,2026-01-23 02:19:20.301567+00:00,line_update,NCAAB,draftkings,"Montana State Bobcats vs Idaho State Bengals, 2026-01-22, 09",Montana State Bobcats,Idaho State Bengals,Total,,142.5,O,+160,https://sportsbook.draftkings.com/event/idaho-state-%40-montana-state/33504072?outcomes=0OU83095099O14250_1
2026-01-22 21:19:20,2026-01-23 02:19:20.416407+00:00,line_update,NCAAB,draftkings,"Montana State Bobcats vs Idaho State Bengals, 2026-01-22, 09",Montana State Bobcats,Idaho State Bengals,Total,,142.5,U,-215,https://sportsbook.draftkings.com/event/idaho-state-%40-montana-state/33504072?outcomes=0OU83095099U14250_3
2026-01-22 21:19:21,2026-01-23 02:19:21.158708+00:00,line_update,NCAAB,draftkings,"Cal Davis Aggies vs UC San Diego Tritons, 2026-01-22, 09",Cal Davis Aggies,UC San Diego Tritons,Total,,150.5,O,+160,https://sportsbook.draftkings.com/event/uc-san-diego-%40-uc-davis/33503920?outcomes=0OU83094912O15050_1
2026-01-22 21:19:21,2026-01-23 02:19:21.158773+00:00,line_update,NCAAB,draftkings,"Cal Davis Aggies vs UC San Diego Tritons, 2026-01-22, 09",Cal Davis Aggies,UC San Diego Tritons,Total,,149.5,O,+145,https://sportsbook.draftkings.com/event/uc-san-diego-%40-uc-davis/33503920?outcomes=0OU83094912O14950_1
2026-01-22 21:19:21,2026-01-23 02:19:21.161949+00:00,line_update,NCAAB,draftkings,"Cal Davis Aggies vs UC San Diego Tritons, 2026-01-22, 09",Cal Davis Aggies,UC San Diego Tritons,Total,,149.5,U,-195,https://sportsbook.draftkings.com/event/uc-san-diego-%40-uc-davis/33503920?outcomes=0OU83094912U14950_3
2026-01-22 21:19:21,2026-01-23 02:19:21.162033+00:00,line_update,NCAAB,draftkings,"Cal Davis Aggies vs UC San Diego Tritons, 2026-01-22, 09",Cal Davis Aggies,UC San Diego Tritons,Total,,150.5,U,-220,https://sportsbook.draftkings.com/event/uc-san-diego-%40-uc-davis/33503920?outcomes=0OU83094912U15050_3
2026-01-22 21:19:21,2026-01-23 02:19:21.162135+00:00,line_update,NCAAB,draftkings,"Cal Davis Aggies vs UC San Diego Tritons, 2026-01-22, 09",Cal Davis Aggies,UC San Diego Tritons,Spread,UC San Diego Tritons,-10.5,,,
2026-01-22 21:19:21,2026-01-23 02:19:21.162217+00:00,line_update,NCAAB,draftkings,"Cal Davis Aggies vs UC San Diego Tritons, 2026-01-22, 09",Cal Davis Aggies,UC San Diego Tritons,Spread,UC San Diego Tritons,-2.5,,,
2026-01-22 21:19:21,2026-01-23 02:19:21.162504+00:00,line_update,NCAAB,draftkings,"Cal Davis Aggies vs UC San Diego Tritons, 2026-01-22, 09",Cal Davis Aggies,UC San Diego Tritons,Spread,UC San Diego Tritons,-9.5,,,
2026-01-22 21:19:21,2026-01-23 02:19:21.162593+00:00,line_update,NCAAB,draftkings,"Cal Davis Aggies vs UC San Diego Tritons, 2026-01-22, 09",Cal Davis Aggies,UC San Diego Tritons,Spread,Cal Davis Aggies,10.5,,,
2026-01-22 21:19:21,2026-01-23 02:19:21.162676+00:00,line_update,NCAAB,draftkings,"Cal Davis Aggies vs UC San Diego Tritons, 2026-01-22, 09",Cal Davis Aggies,UC San Diego Tritons,Spread,Cal Davis Aggies,2.5,,,
2026-01-22 21:19:21,2026-01-23 02:19:21.162749+00:00,line_update,NCAAB,draftkings,"Cal Davis Aggies vs UC San Diego Tritons, 2026-01-22, 09",Cal Davis Aggies,UC San Diego Tritons,Spread,Cal Davis Aggies,9.5,,,
2026-01-22 21:19:21,2026-01-23 02:19:21.162867+00:00,line_update,NCAAB,draftkings,"Cal Davis Aggies vs UC San Diego Tritons, 2026-01-22, 09",Cal Davis Aggies,UC San Diego Tritons,Spread,Cal Davis Aggies,6.5,,-215,https://sportsbook.draftkings.com/event/uc-san-diego-%40-uc-davis/33503920?outcomes=0HC83094912P650_1
2026-01-22 21:19:21,2026-01-23 02:19:21.162926+00:00,line_update,NCAAB,draftkings,"Cal Davis Aggies vs UC San Diego Tritons, 2026-01-22, 09",Cal Davis Aggies,UC San Diego Tritons,Spread,UC San Diego Tritons,1.5,,-180,https://sportsbook.draftkings.com/event/uc-san-diego-%40-uc-davis/33503920?outcomes=0HC83094912P150_3
2026-01-22 21:19:21,2026-01-23 02:19:21.163066+00:00,line_update,NCAAB,draftkings,"Cal Davis Aggies vs UC San Diego Tritons, 2026-01-22, 09",Cal Davis Aggies,UC San Diego Tritons,Spread,Cal Davis Aggies,-3.5,,+185,https://sportsbook.draftkings.com/event/uc-san-diego-%40-uc-davis/33503920?outcomes=0HC83094912N350_1
2026-01-22 21:19:21,2026-01-23 02:19:21.163151+00:00,line_update,NCAAB,draftkings,"Cal Davis Aggies vs UC San Diego Tritons, 2026-01-22, 09",Cal Davis Aggies,UC San Diego Tritons,Spread,UC San Diego Tritons,-4.5,,+120,https://sportsbook.draftkings.com/event/uc-san-diego-%40-uc-davis/33503920?outcomes=0HC83094912N450_3
2026-01-22 21:19:21,2026-01-23 02:19:21.163209+00:00,line_update,NCAAB,draftkings,"Cal Davis Aggies vs UC San Diego Tritons, 2026-01-22, 09",Cal Davis Aggies,UC San Diego Tritons,Spread,UC San Diego Tritons,-1.5,,-130,https://sportsbook.draftkings.com/event/uc-san-diego-%40-uc-davis/33503920?outcomes=0HC83094912N150_3
2026-01-22 21:19:21,2026-01-23 02:19:21.163263+00:00,line_update,NCAAB,draftkings,"Cal Davis Aggies vs UC San Diego Tritons, 2026-01-22, 09",Cal Davis Aggies,UC San Diego Tritons,Spread,UC San Diego Tritons,2.5,,-215,https://sportsbook.draftkings.com/event/uc-san-diego-%40-uc-davis/33503920?outcomes=0HC83094912P250_3
2026-01-22 21:19:21,2026-01-23 02:19:21.163334+00:00,line_update,NCAAB,draftkings,"Cal Davis Aggies vs UC San Diego Tritons, 2026-01-22, 09",Cal Davis Aggies,UC San Diego Tritons,Spread,UC San Diego Tritons,-5.5,,+140,https://sportsbook.draftkings.com/event/uc-san-diego-%40-uc-davis/33503920?outcomes=0HC83094912N550_3
2026-01-22 21:19:21,2026-01-23 02:19:21.163387+00:00,line_update,NCAAB,draftkings,"Cal Davis Aggies vs UC San Diego Tritons, 2026-01-22, 09",Cal Davis Aggies,UC San Diego Tritons,Spread,UC San Diego Tritons,-7.5,,+180,https://sportsbook.draftkings.com/event/uc-san-diego-%40-uc-davis/33503920?outcomes=0HC83094912N750_3
2026-01-22 21:19:21,2026-01-23 02:19:21.163648+00:00,line_update,NCAAB,draftkings,"Cal Davis Aggies vs UC San Diego Tritons, 2026-01-22, 09",Cal Davis Aggies,UC San Diego Tritons,Spread,UC San Diego Tritons,-8.5,,+210,https://sportsbook.draftkings.com/event/uc-san-diego-%40-uc-davis/33503920?outcomes=0HC83094912N850_3
2026-01-22 21:19:21,2026-01-23 02:19:21.163758+00:00,line_update,NCAAB,draftkings,"Cal Davis Aggies vs UC San Diego Tritons, 2026-01-22, 09",Cal Davis Aggies,UC San Diego Tritons,Spread,Cal Davis Aggies,-1.5,,+135,https://sportsbook.draftkings.com/event/uc-san-diego-%40-uc-davis/33503920?outcomes=0HC83094912N150_1
2026-01-22 21:19:21,2026-01-23 02:19:21.163818+00:00,line_update,NCAAB,draftkings,"Cal Davis Aggies vs UC San Diego Tritons, 2026-01-22, 09",Cal Davis Aggies,UC San Diego Tritons,Spread,UC San Diego Tritons,-6.5,,+160,https://sportsbook.draftkings.com/event/uc-san-diego-%40-uc-davis/33503920?outcomes=0HC83094912N650_3
2026-01-22 21:19:21,2026-01-23 02:19:21.163875+00:00,line_update,NCAAB,draftkings,"Cal Davis Aggies vs UC San Diego Tritons, 2026-01-22, 09",Cal Davis Aggies,UC San Diego Tritons,Spread,Cal Davis Aggies,1.5,,-105,https://sportsbook.draftkings.com/event/uc-san-diego-%40-uc-davis/33503920?outcomes=0HC83094912P150_1
2026-01-22 21:19:21,2026-01-23 02:19:21.163931+00:00,line_update,NCAAB,draftkings,"Cal Davis Aggies vs UC San Diego Tritons, 2026-01-22, 09",Cal Davis Aggies,UC San Diego Tritons,Spread,UC San Diego Tritons,3.5,,-255,https://sportsbook.draftkings.com/event/uc-san-diego-%40-uc-davis/33503920?outcomes=0HC83094912P350_3
2026-01-22 21:19:21,2026-01-23 02:19:21.164036+00:00,line_update,NCAAB,draftkings,"Cal Davis Aggies vs UC San Diego Tritons, 2026-01-22, 09",Cal Davis Aggies,UC San Diego Tritons,Spread,Cal Davis Aggies,5.5,,-190,https://sportsbook.draftkings.com/event/uc-san-diego-%40-uc-davis/33503920?outcomes=0HC83094912P550_1
2026-01-22 21:19:21,2026-01-23 02:19:21.164091+00:00,line_update,NCAAB,draftkings,"Cal Davis Aggies vs UC San Diego Tritons, 2026-01-22, 09",Cal Davis Aggies,UC San Diego Tritons,Spread,Cal Davis Aggies,7.5,,-245,https://sportsbook.draftkings.com/event/uc-san-diego-%40-uc-davis/33503920?outcomes=0HC83094912P750_1
2026-01-22 21:19:21,2026-01-23 02:19:21.164145+00:00,line_update,NCAAB,draftkings,"Cal Davis Aggies vs UC San Diego Tritons, 2026-01-22, 09",Cal Davis Aggies,UC San Diego Tritons,Spread,Cal Davis Aggies,4.5,,-165,https://sportsbook.draftkings.com/event/uc-san-diego-%40-uc-davis/33503920?outcomes=0HC83094912P450_1
2026-01-22 21:19:21,2026-01-23 02:19:21.218807+00:00,line_update,NCAAB,draftkings,"Cal Davis Aggies vs UC San Diego Tritons, 2026-01-22, 09",Cal Davis Aggies,UC San Diego Tritons,Spread,Cal Davis Aggies,-2.5,,+155,https://sportsbook.draftkings.com/event/uc-san-diego-%40-uc-davis/33503920?outcomes=0HC83094912N250_1
2026-01-22 21:19:21,2026-01-23 02:19:21.218899+00:00,line_update,NCAAB,draftkings,"Cal Davis Aggies vs UC San Diego Tritons, 2026-01-22, 09",Cal Davis Aggies,UC San Diego Tritons,Spread,Cal Davis Aggies,8.5,,-290,https://sportsbook.draftkings.com/event/uc-san-diego-%40-uc-davis/33503920?outcomes=0HC83094912P850_1
2026-01-22 21:19:21,2026-01-23 02:19:21.219104+00:00,line_update,NCAAB,draftkings,"Cal Davis Aggies vs UC San Diego Tritons, 2026-01-22, 09",Cal Davis Aggies,UC San Diego Tritons,Spread,UC San Diego Tritons,-3.5,,,
2026-01-22 21:19:21,2026-01-23 02:19:21.219213+00:00,line_update,NCAAB,draftkings,"Cal Davis Aggies vs UC San Diego Tritons, 2026-01-22, 09",Cal Davis Aggies,UC San Diego Tritons,Spread,Cal Davis Aggies,3.5,,,
2026-01-22 21:19:21,2026-01-23 02:19:21.497575+00:00,line_update,NCAAB,draftkings,"Southern Illinois Cougars vs Tennessee Blue Raiders, 2026-01-22, 09",Southern Illinois Cougars,Tennessee Blue Raiders,Total,,150.5,O,,
2026-01-22 21:19:21,2026-01-23 02:19:21.498446+00:00,line_update,NCAAB,draftkings,"Southern Illinois Cougars vs Tennessee Blue Raiders, 2026-01-22, 09",Southern Illinois Cougars,Tennessee Blue Raiders,Total,,150.5,U,,
2026-01-22 21:19:21,2026-01-23 02:19:21.499329+00:00,line_update,NCAAB,draftkings,"Southern Illinois Cougars vs Tennessee Blue Raiders, 2026-01-22, 09",Southern Illinois Cougars,Tennessee Blue Raiders,Total,,153.5,O,+115,https://sportsbook.draftkings.com/event/tennessee-state-%40-siu-edwardsville/33504083?outcomes=0OU83094865O15350_1
2026-01-22 21:19:21,2026-01-23 02:19:21.499435+00:00,line_update,NCAAB,draftkings,"Southern Illinois Cougars vs Tennessee Blue Raiders, 2026-01-22, 09",Southern Illinois Cougars,Tennessee Blue Raiders,Total,,152.5,O,+105,https://sportsbook.draftkings.com/event/tennessee-state-%40-siu-edwardsville/33504083?outcomes=0OU83094865O15250_1
2026-01-22 21:19:21,2026-01-23 02:19:21.499533+00:00,line_update,NCAAB,draftkings,"Southern Illinois Cougars vs Tennessee Blue Raiders, 2026-01-22, 09",Southern Illinois Cougars,Tennessee Blue Raiders,Total,,149.5,O,-135,https://sportsbook.draftkings.com/event/tennessee-state-%40-siu-edwardsville/33504083?outcomes=0OU83094865O14950_1
2026-01-22 21:19:21,2026-01-23 02:19:21.499626+00:00,line_update,NCAAB,draftkings,"Southern Illinois Cougars vs Tennessee Blue Raiders, 2026-01-22, 09",Southern Illinois Cougars,Tennessee Blue Raiders,Total,,151.5,O,-110,https://sportsbook.draftkings.com/event/tennessee-state-%40-siu-edwardsville/33504083?outcomes=0OU83094865O15150_1
2026-01-22 21:19:21,2026-01-23 02:19:21.499724+00:00,line_update,NCAAB,draftkings,"Southern Illinois Cougars vs Tennessee Blue Raiders, 2026-01-22, 09",Southern Illinois Cougars,Tennessee Blue Raiders,Total,,148.5,O,-150,https://sportsbook.draftkings.com/event/tennessee-state-%40-siu-edwardsville/33504083?outcomes=0OU83094865O14850_1
2026-01-22 21:19:21,2026-01-23 02:19:21.499843+00:00,line_update,NCAAB,draftkings,"Southern Illinois Cougars vs Tennessee Blue Raiders, 2026-01-22, 09",Southern Illinois Cougars,Tennessee Blue Raiders,Total,,146.5,O,-185,https://sportsbook.draftkings.com/event/tennessee-state-%40-siu-edwardsville/33504083?outcomes=0OU83094865O14650_1
2026-01-22 21:19:21,2026-01-23 02:19:21.500168+00:00,line_update,NCAAB,draftkings,"Southern Illinois Cougars vs Tennessee Blue Raiders, 2026-01-22, 09",Southern Illinois Cougars,Tennessee Blue Raiders,Total,,145.5,O,-205,https://sportsbook.draftkings.com/event/tennessee-state-%40-siu-edwardsville/33504083?outcomes=0OU83094865O14550_1
2026-01-22 21:19:21,2026-01-23 02:19:21.500267+00:00,line_update,NCAAB,draftkings,"Southern Illinois Cougars vs Tennessee Blue Raiders, 2026-01-22, 09",Southern Illinois Cougars,Tennessee Blue Raiders,Total,,144.5,O,-230,https://sportsbook.draftkings.com/event/tennessee-state-%40-siu-edwardsville/33504083?outcomes=0OU83094865O14450_1
2026-01-22 21:19:21,2026-01-23 02:19:21.500454+00:00,line_update,NCAAB,draftkings,"Southern Illinois Cougars vs Tennessee Blue Raiders, 2026-01-22, 09",Southern Illinois Cougars,Tennessee Blue Raiders,Total,,153.5,U,-160,https://sportsbook.draftkings.com/event/tennessee-state-%40-siu-edwardsville/33504083?outcomes=0OU83094865U15350_3
2026-01-22 21:19:21,2026-01-23 02:19:21.500543+00:00,line_update,NCAAB,draftkings,"Southern Illinois Cougars vs Tennessee Blue Raiders, 2026-01-22, 09",Southern Illinois Cougars,Tennessee Blue Raiders,Total,,152.5,U,-140,https://sportsbook.draftkings.com/event/tennessee-state-%40-siu-edwardsville/33504083?outcomes=0OU83094865U15250_3
2026-01-22 21:19:21,2026-01-23 02:19:21.500633+00:00,line_update,NCAAB,draftkings,"Southern Illinois Cougars vs Tennessee Blue Raiders, 2026-01-22, 09",Southern Illinois Cougars,Tennessee Blue Raiders,Total,,151.5,U,-125,https://sportsbook.draftkings.com/event/tennessee-state-%40-siu-edwardsville/33504083?outcomes=0OU83094865U15150_3
2026-01-22 21:19:21,2026-01-23 02:19:21.500721+00:00,line_update,NCAAB,draftkings,"Southern Illinois Cougars vs Tennessee Blue Raiders, 2026-01-22, 09",Southern Illinois Cougars,Tennessee Blue Raiders,Total,,149.5,U,+100,https://sportsbook.draftkings.com/event/tennessee-state-%40-siu-edwardsville/33504083?outcomes=0OU83094865U14950_3
2026-01-22 21:19:21,2026-01-23 02:19:21.500833+00:00,line_update,NCAAB,draftkings,"Southern Illinois Cougars vs Tennessee Blue Raiders, 2026-01-22, 09",Southern Illinois Cougars,Tennessee Blue Raiders,Total,,148.5,U,+110,https://sportsbook.draftkings.com/event/tennessee-state-%40-siu-edwardsville/33504083?outcomes=0OU83094865U14850_3
2026-01-22 21:19:21,2026-01-23 02:19:21.622826+00:00,line_update,NCAAB,draftkings,"Southern Illinois Cougars vs Tennessee Blue Raiders, 2026-01-22, 09",Southern Illinois Cougars,Tennessee Blue Raiders,Total,,146.5,U,+135,https://sportsbook.draftkings.com/event/tennessee-state-%40-siu-edwardsville/33504083?outcomes=0OU83094865U14650_3
2026-01-22 21:19:21,2026-01-23 02:19:21.622994+00:00,line_update,NCAAB,draftkings,"Southern Illinois Cougars vs Tennessee Blue Raiders, 2026-01-22, 09",Southern Illinois Cougars,Tennessee Blue Raiders,Total,,145.5,U,+150,https://sportsbook.draftkings.com/event/tennessee-state-%40-siu-edwardsville/33504083?outcomes=0OU83094865U14550_3
2026-01-22 21:19:21,2026-01-23 02:19:21.623103+00:00,line_update,NCAAB,draftkings,"Southern Illinois Cougars vs Tennessee Blue Raiders, 2026-01-22, 09",Southern Illinois Cougars,Tennessee Blue Raiders,Total,,144.5,U,+165,https://sportsbook.draftkings.com/event/tennessee-state-%40-siu-edwardsville/33504083?outcomes=0OU83094865U14450_3
2026-01-22 21:19:21,2026-01-23 02:19:21.630259+00:00,line_update,NCAAB,pinnacle,"Cal Davis Aggies vs UC San Diego Tritons, 2026-01-22, 09",Cal Davis Aggies,UC San Diego Tritons,Spread,Cal Davis Aggies,6.5,,-150,
2026-01-22 21:19:21,2026-01-23 02:19:21.630352+00:00,line_update,NCAAB,pinnacle,"Cal Davis Aggies vs UC San Diego Tritons, 2026-01-22, 09",Cal Davis Aggies,UC San Diego Tritons,Spread,UC San Diego Tritons,-6.5,,+111,
2026-01-22 21:19:21,2026-01-23 02:19:21.630416+00:00,line_update,NCAAB,pinnacle,"Cal Davis Aggies vs UC San Diego Tritons, 2026-01-22, 09",Cal Davis Aggies,UC San Diego Tritons,Spread,Cal Davis Aggies,6.0,,-138,
2026-01-22 21:19:21,2026-01-23 02:19:21.630467+00:00,line_update,NCAAB,pinnacle,"Cal Davis Aggies vs UC San Diego Tritons, 2026-01-22, 09",Cal Davis Aggies,UC San Diego Tritons,Spread,UC San Diego Tritons,-6.0,,+103,
2026-01-22 21:19:21,2026-01-23 02:19:21.630529+00:00,line_update,NCAAB,pinnacle,"Cal Davis Aggies vs UC San Diego Tritons, 2026-01-22, 09",Cal Davis Aggies,UC San Diego Tritons,Spread,Cal Davis Aggies,5.5,,-126,
2026-01-22 21:19:21,2026-01-23 02:19:21.630580+00:00,line_update,NCAAB,pinnacle,"Cal Davis Aggies vs UC San Diego Tritons, 2026-01-22, 09",Cal Davis Aggies,UC San Diego Tritons,Spread,UC San Diego Tritons,-5.5,,-107,
2026-01-22 21:19:21,2026-01-23 02:19:21.630636+00:00,line_update,NCAAB,pinnacle,"Cal Davis Aggies vs UC San Diego Tritons, 2026-01-22, 09",Cal Davis Aggies,UC San Diego Tritons,Spread,Cal Davis Aggies,5.0,,-114,
2026-01-22 21:19:21,2026-01-23 02:19:21.630688+00:00,line_update,NCAAB,pinnacle,"Cal Davis Aggies vs UC San Diego Tritons, 2026-01-22, 09",Cal Davis Aggies,UC San Diego Tritons,Spread,UC San Diego Tritons,-5.0,,-116,
2026-01-22 21:19:21,2026-01-23 02:19:21.630744+00:00,line_update,NCAAB,pinnacle,"Cal Davis Aggies vs UC San Diego Tritons, 2026-01-22, 09",Cal Davis Aggies,UC San Diego Tritons,Spread,Cal Davis Aggies,4.5,,-105,
2026-01-22 21:19:21,2026-01-23 02:19:21.630794+00:00,line_update,NCAAB,pinnacle,"Cal Davis Aggies vs UC San Diego Tritons, 2026-01-22, 09",Cal Davis Aggies,UC San Diego Tritons,Spread,UC San Diego Tritons,-4.5,,-128,
2026-01-22 21:19:21,2026-01-23 02:19:21.630850+00:00,line_update,NCAAB,pinnacle,"Cal Davis Aggies vs UC San Diego Tritons, 2026-01-22, 09",Cal Davis Aggies,UC San Diego Tritons,Spread,Cal Davis Aggies,4.0,,+105,
2026-01-22 21:19:21,2026-01-23 02:19:21.630899+00:00,line_update,NCAAB,pinnacle,"Cal Davis Aggies vs UC San Diego Tritons, 2026-01-22, 09",Cal Davis Aggies,UC San Diego Tritons,Spread,UC San Diego Tritons,-4.0,,-141,
2026-01-22 21:19:21,2026-01-23 02:19:21.630955+00:00,line_update,NCAAB,pinnacle,"Cal Davis Aggies vs UC San Diego Tritons, 2026-01-22, 09",Cal Davis Aggies,UC San Diego Tritons,Spread,Cal Davis Aggies,3.5,,+113,
2026-01-22 21:19:21,2026-01-23 02:19:21.631017+00:00,line_update,NCAAB,pinnacle,"Cal Davis Aggies vs UC San Diego Tritons, 2026-01-22, 09",Cal Davis Aggies,UC San Diego Tritons,Spread,UC San Diego Tritons,-3.5,,-153,
2026-01-22 21:19:21,2026-01-23 02:19:21.631071+00:00,line_update,NCAAB,pinnacle,"Cal Davis Aggies vs UC San Diego Tritons, 2026-01-22, 09",Cal Davis Aggies,UC San Diego Tritons,Spread,UC San Diego Tritons,-2.5,,,
2026-01-22 21:19:21,2026-01-23 02:19:21.631118+00:00,line_update,NCAAB,pinnacle,"Cal Davis Aggies vs UC San Diego Tritons, 2026-01-22, 09",Cal Davis Aggies,UC San Diego Tritons,Spread,Cal Davis Aggies,2.5,,,
2026-01-22 21:19:21,2026-01-23 02:19:21.631164+00:00,line_update,NCAAB,pinnacle,"Cal Davis Aggies vs UC San Diego Tritons, 2026-01-22, 09",Cal Davis Aggies,UC San Diego Tritons,Spread,Cal Davis Aggies,3.0,,,
2026-01-22 21:19:21,2026-01-23 02:19:21.631209+00:00,line_update,NCAAB,pinnacle,"Cal Davis Aggies vs UC San Diego Tritons, 2026-01-22, 09",Cal Davis Aggies,UC San Diego Tritons,Spread,UC San Diego Tritons,-3.0,,,
2026-01-22 21:19:21,2026-01-23 02:19:21.631268+00:00,line_update,NCAAB,pinnacle,"Cal Davis Aggies vs UC San Diego Tritons, 2026-01-22, 09",Cal Davis Aggies,UC San Diego Tritons,Total,,144.0,O,+104,
2026-01-22 21:19:21,2026-01-23 02:19:21.631320+00:00,line_update,NCAAB,pinnacle,"Cal Davis Aggies vs UC San Diego Tritons, 2026-01-22, 09",Cal Davis Aggies,UC San Diego Tritons,Total,,144.0,U,-140,
2026-01-22 21:19:21,2026-01-23 02:19:21.631375+00:00,line_update,NCAAB,pinnacle,"Cal Davis Aggies vs UC San Diego Tritons, 2026-01-22, 09",Cal Davis Aggies,UC San Diego Tritons,Total,,143.5,O,-102,
2026-01-22 21:19:21,2026-01-23 02:19:21.631423+00:00,line_update,NCAAB,pinnacle,"Cal Davis Aggies vs UC San Diego Tritons, 2026-01-22, 09",Cal Davis Aggies,UC San Diego Tritons,Total,,143.5,U,-132,
2026-01-22 21:19:21,2026-01-23 02:19:21.631477+00:00,line_update,NCAAB,pinnacle,"Cal Davis Aggies vs UC San Diego Tritons, 2026-01-22, 09",Cal Davis Aggies,UC San Diego Tritons,Total,,143.0,O,-108,
2026-01-22 21:19:21,2026-01-23 02:19:21.631526+00:00,line_update,NCAAB,pinnacle,"Cal Davis Aggies vs UC San Diego Tritons, 2026-01-22, 09",Cal Davis Aggies,UC San Diego Tritons,Total,,143.0,U,-125,
2026-01-22 21:19:21,2026-01-23 02:19:21.631578+00:00,line_update,NCAAB,pinnacle,"Cal Davis Aggies vs UC San Diego Tritons, 2026-01-22, 09",Cal Davis Aggies,UC San Diego Tritons,Total,,142.5,O,-113,
2026-01-22 21:19:21,2026-01-23 02:19:21.631627+00:00,line_update,NCAAB,pinnacle,"Cal Davis Aggies vs UC San Diego Tritons, 2026-01-22, 09",Cal Davis Aggies,UC San Diego Tritons,Total,,142.5,U,-117,
2026-01-22 21:19:21,2026-01-23 02:19:21.631680+00:00,line_update,NCAAB,pinnacle,"Cal Davis Aggies vs UC San Diego Tritons, 2026-01-22, 09",Cal Davis Aggies,UC San Diego Tritons,Total,,142.0,O,-121,
2026-01-22 21:19:21,2026-01-23 02:19:21.631728+00:00,line_update,NCAAB,pinnacle,"Cal Davis Aggies vs UC San Diego Tritons, 2026-01-22, 09",Cal Davis Aggies,UC San Diego Tritons,Total,,142.0,U,-111,
2026-01-22 21:19:21,2026-01-23 02:19:21.631781+00:00,line_update,NCAAB,pinnacle,"Cal Davis Aggies vs UC San Diego Tritons, 2026-01-22, 09",Cal Davis Aggies,UC San Diego Tritons,Total,,141.5,O,-127,
2026-01-22 21:19:21,2026-01-23 02:19:21.631830+00:00,line_update,NCAAB,pinnacle,"Cal Davis Aggies vs UC San Diego Tritons, 2026-01-22, 09",Cal Davis Aggies,UC San Diego Tritons,Total,,141.5,U,-106,
2026-01-22 21:19:21,2026-01-23 02:19:21.631882+00:00,line_update,NCAAB,pinnacle,"Cal Davis Aggies vs UC San Diego Tritons, 2026-01-22, 09",Cal Davis Aggies,UC San Diego Tritons,Total,,141.0,O,-135,
2026-01-22 21:19:21,2026-01-23 02:19:21.631931+00:00,line_update,NCAAB,pinnacle,"Cal Davis Aggies vs UC San Diego Tritons, 2026-01-22, 09",Cal Davis Aggies,UC San Diego Tritons,Total,,141.0,U,+101,
2026-01-22 21:19:21,2026-01-23 02:19:21.631980+00:00,line_update,NCAAB,pinnacle,"Cal Davis Aggies vs UC San Diego Tritons, 2026-01-22, 09",Cal Davis Aggies,UC San Diego Tritons,Total,,145.0,O,,
2026-01-22 21:19:21,2026-01-23 02:19:21.632025+00:00,line_update,NCAAB,pinnacle,"Cal Davis Aggies vs UC San Diego Tritons, 2026-01-22, 09",Cal Davis Aggies,UC San Diego Tritons,Total,,144.5,O,,
2026-01-22 21:19:21,2026-01-23 02:19:21.632070+00:00,line_update,NCAAB,pinnacle,"Cal Davis Aggies vs UC San Diego Tritons, 2026-01-22, 09",Cal Davis Aggies,UC San Diego Tritons,Total,,145.0,U,,
2026-01-22 21:19:21,2026-01-23 02:19:21.632113+00:00,line_update,NCAAB,pinnacle,"Cal Davis Aggies vs UC San Diego Tritons, 2026-01-22, 09",Cal Davis Aggies,UC San Diego Tritons,Total,,145.5,U,,
2026-01-22 21:19:21,2026-01-23 02:19:21.632155+00:00,line_update,NCAAB,pinnacle,"Cal Davis Aggies vs UC San Diego Tritons, 2026-01-22, 09",Cal Davis Aggies,UC San Diego Tritons,Total,,145.5,O,,
2026-01-22 21:19:21,2026-01-23 02:19:21.632198+00:00,line_update,NCAAB,pinnacle,"Cal Davis Aggies vs UC San Diego Tritons, 2026-01-22, 09",Cal Davis Aggies,UC San Diego Tritons,Total,,144.5,U,,
2026-01-22 21:19:21,2026-01-23 02:19:21.932187+00:00,line_update,NCAAB,fanduel,"Cal Davis Aggies vs UC San Diego Tritons, 2026-01-22, 09",Cal Davis Aggies,UC San Diego Tritons,Spread,UC San Diego Tritons,-13.5,,,
2026-01-22 21:19:21,2026-01-23 02:19:21.932280+00:00,line_update,NCAAB,fanduel,"Cal Davis Aggies vs UC San Diego Tritons, 2026-01-22, 09",Cal Davis Aggies,UC San Diego Tritons,Spread,UC San Diego Tritons,-11.5,,+380,https://sportsbook.fanduel.ca/addToBetslip?marketId=801.154051464&selectionId=41651551
2026-01-22 21:19:21,2026-01-23 02:19:21.932320+00:00,line_update,NCAAB,fanduel,"Cal Davis Aggies vs UC San Diego Tritons, 2026-01-22, 09",Cal Davis Aggies,UC San Diego Tritons,Spread,Cal Davis Aggies,13.5,,,
2026-01-22 21:19:21,2026-01-23 02:19:21.932353+00:00,line_update,NCAAB,fanduel,"Cal Davis Aggies vs UC San Diego Tritons, 2026-01-22, 09",Cal Davis Aggies,UC San Diego Tritons,Spread,Cal Davis Aggies,11.5,,-600,https://sportsbook.fanduel.ca/addToBetslip?marketId=801.154051464&selectionId=5145586
2026-01-22 21:19:21,2026-01-23 02:19:21.932677+00:00,line_update,NCAAB,fanduel,"Cal Davis Aggies vs UC San Diego Tritons, 2026-01-22, 09",Cal Davis Aggies,UC San Diego Tritons,Spread,UC San Diego Tritons,-1.5,,,
2026-01-22 21:19:21,2026-01-23 02:19:21.932707+00:00,line_update,NCAAB,fanduel,"Cal Davis Aggies vs UC San Diego Tritons, 2026-01-22, 09",Cal Davis Aggies,UC San Diego Tritons,Spread,UC San Diego Tritons,0.5,,-180,https://sportsbook.fanduel.ca/addToBetslip?marketId=801.154051520&selectionId=41651551
2026-01-22 21:19:21,2026-01-23 02:19:21.932737+00:00,line_update,NCAAB,fanduel,"Cal Davis Aggies vs UC San Diego Tritons, 2026-01-22, 09",Cal Davis Aggies,UC San Diego Tritons,Spread,Cal Davis Aggies,1.5,,,
2026-01-22 21:19:21,2026-01-23 02:19:21.932765+00:00,line_update,NCAAB,fanduel,"Cal Davis Aggies vs UC San Diego Tritons, 2026-01-22, 09",Cal Davis Aggies,UC San Diego Tritons,Spread,Cal Davis Aggies,-0.5,,+135,https://sportsbook.fanduel.ca/addToBetslip?marketId=801.154051520&selectionId=5145586
2026-01-22 21:19:21,2026-01-23 02:19:21.932797+00:00,line_update,NCAAB,fanduel,"Cal Davis Aggies vs UC San Diego Tritons, 2026-01-22, 09",Cal Davis Aggies,UC San Diego Tritons,Spread,UC San Diego Tritons,-7.5,,,
2026-01-22 21:19:21,2026-01-23 02:19:21.932825+00:00,line_update,NCAAB,fanduel,"Cal Davis Aggies vs UC San Diego Tritons, 2026-01-22, 09",Cal Davis Aggies,UC San Diego Tritons,Spread,UC San Diego Tritons,-5.5,,+135,https://sportsbook.fanduel.ca/addToBetslip?marketId=801.154051442&selectionId=41651551
2026-01-22 21:19:21,2026-01-23 02:19:21.932853+00:00,line_update,NCAAB,fanduel,"Cal Davis Aggies vs UC San Diego Tritons, 2026-01-22, 09",Cal Davis Aggies,UC San Diego Tritons,Spread,Cal Davis Aggies,7.5,,,
2026-01-22 21:19:21,2026-01-23 02:19:21.932881+00:00,line_update,NCAAB,fanduel,"Cal Davis Aggies vs UC San Diego Tritons, 2026-01-22, 09",Cal Davis Aggies,UC San Diego Tritons,Spread,Cal Davis Aggies,5.5,,-185,https://sportsbook.fanduel.ca/addToBetslip?marketId=801.154051442&selectionId=5145586
2026-01-22 21:19:21,2026-01-23 02:19:21.933141+00:00,line_update,NCAAB,fanduel,"Cal Davis Aggies vs UC San Diego Tritons, 2026-01-22, 09",Cal Davis Aggies,UC San Diego Tritons,Total,,142.5,O,,
2026-01-22 21:19:21,2026-01-23 02:19:21.933169+00:00,line_update,NCAAB,fanduel,"Cal Davis Aggies vs UC San Diego Tritons, 2026-01-22, 09",Cal Davis Aggies,UC San Diego Tritons,Total,,143.5,O,-165,https://sportsbook.fanduel.ca/addToBetslip?marketId=801.154051481&selectionId=7017823
2026-01-22 21:19:22,2026-01-23 02:19:21.933216+00:00,line_update,NCAAB,fanduel,"Cal Davis Aggies vs UC San Diego Tritons, 2026-01-22, 09",Cal Davis Aggies,UC San Diego Tritons,Total,,142.5,U,,
2026-01-22 21:19:22,2026-01-23 02:19:21.933247+00:00,line_update,NCAAB,fanduel,"Cal Davis Aggies vs UC San Diego Tritons, 2026-01-22, 09",Cal Davis Aggies,UC San Diego Tritons,Total,,143.5,U,+120,https://sportsbook.fanduel.ca/addToBetslip?marketId=801.154051481&selectionId=7017824
2026-01-22 21:19:22,2026-01-23 02:19:21.933392+00:00,line_update,NCAAB,fanduel,"Cal Davis Aggies vs UC San Diego Tritons, 2026-01-22, 09",Cal Davis Aggies,UC San Diego Tritons,Total,,151.5,O,,
2026-01-22 21:19:22,2026-01-23 02:19:21.933423+00:00,line_update,NCAAB,fanduel,"Cal Davis Aggies vs UC San Diego Tritons, 2026-01-22, 09",Cal Davis Aggies,UC San Diego Tritons,Total,,152.5,O,+150,https://sportsbook.fanduel.ca/addToBetslip?marketId=801.154051497&selectionId=7017823
2026-01-22 21:19:22,2026-01-23 02:19:21.933451+00:00,line_update,NCAAB,fanduel,"Cal Davis Aggies vs UC San Diego Tritons, 2026-01-22, 09",Cal Davis Aggies,UC San Diego Tritons,Total,,151.5,U,,
2026-01-22 21:19:22,2026-01-23 02:19:21.933478+00:00,line_update,NCAAB,fanduel,"Cal Davis Aggies vs UC San Diego Tritons, 2026-01-22, 09",Cal Davis Aggies,UC San Diego Tritons,Total,,152.5,U,-220,https://sportsbook.fanduel.ca/addToBetslip?marketId=801.154051497&selectionId=7017824
2026-01-22 21:19:22,2026-01-23 02:19:21.934410+00:00,line_update,NCAAB,fanduel,"Cal Davis Aggies vs UC San Diego Tritons, 2026-01-22, 09",Cal Davis Aggies,UC San Diego Tritons,Spread,UC San Diego Tritons,4.5,,,
2026-01-22 21:19:22,2026-01-23 02:19:21.934436+00:00,line_update,NCAAB,fanduel,"Cal Davis Aggies vs UC San Diego Tritons, 2026-01-22, 09",Cal Davis Aggies,UC San Diego Tritons,Spread,UC San Diego Tritons,6.5,,-700,https://sportsbook.fanduel.ca/addToBetslip?marketId=801.154051444&selectionId=41651551
2026-01-22 21:19:22,2026-01-23 02:19:21.934463+00:00,line_update,NCAAB,fanduel,"Cal Davis Aggies vs UC San Diego Tritons, 2026-01-22, 09",Cal Davis Aggies,UC San Diego Tritons,Spread,Cal Davis Aggies,-4.5,,,
2026-01-22 21:19:22,2026-01-23 02:19:21.934489+00:00,line_update,NCAAB,fanduel,"Cal Davis Aggies vs UC San Diego Tritons, 2026-01-22, 09",Cal Davis Aggies,UC San Diego Tritons,Spread,Cal Davis Aggies,-6.5,,+420,https://sportsbook.fanduel.ca/addToBetslip?marketId=801.154051444&selectionId=5145586
2026-01-22 21:19:22,2026-01-23 02:19:21.941949+00:00,line_update,NCAAB,fanduel,"Cal Davis Aggies vs UC San Diego Tritons, 2026-01-22, 09",Cal Davis Aggies,UC San Diego Tritons,Total,,148.5,O,,
2026-01-22 21:19:22,2026-01-23 02:19:21.941986+00:00,line_update,NCAAB,fanduel,"Cal Davis Aggies vs UC San Diego Tritons, 2026-01-22, 09",Cal Davis Aggies,UC San Diego Tritons,Total,,149.5,O,+110,https://sportsbook.fanduel.ca/addToBetslip?marketId=801.154051455&selectionId=7017823
2026-01-22 21:19:22,2026-01-23 02:19:21.942017+00:00,line_update,NCAAB,fanduel,"Cal Davis Aggies vs UC San Diego Tritons, 2026-01-22, 09",Cal Davis Aggies,UC San Diego Tritons,Total,,148.5,U,,
2026-01-22 21:19:22,2026-01-23 02:19:21.942047+00:00,line_update,NCAAB,fanduel,"Cal Davis Aggies vs UC San Diego Tritons, 2026-01-22, 09",Cal Davis Aggies,UC San Diego Tritons,Total,,149.5,U,-155,https://sportsbook.fanduel.ca/addToBetslip?marketId=801.154051455&selectionId=7017824
2026-01-22 21:19:22,2026-01-23 02:19:21.942197+00:00,line_update,NCAAB,fanduel,"Cal Davis Aggies vs UC San Diego Tritons, 2026-01-22, 09",Cal Davis Aggies,UC San Diego Tritons,Total,,154.5,O,,
2026-01-22 21:19:22,2026-01-23 02:19:21.942231+00:00,line_update,NCAAB,fanduel,"Cal Davis Aggies vs UC San Diego Tritons, 2026-01-22, 09",Cal Davis Aggies,UC San Diego Tritons,Total,,155.5,O,+210,https://sportsbook.fanduel.ca/addToBetslip?marketId=801.154051498&selectionId=7017823
2026-01-22 21:19:22,2026-01-23 02:19:21.942260+00:00,line_update,NCAAB,fanduel,"Cal Davis Aggies vs UC San Diego Tritons, 2026-01-22, 09",Cal Davis Aggies,UC San Diego Tritons,Total,,154.5,U,,
2026-01-22 21:19:22,2026-01-23 02:19:21.942289+00:00,line_update,NCAAB,fanduel,"Cal Davis Aggies vs UC San Diego Tritons, 2026-01-22, 09",Cal Davis Aggies,UC San Diego Tritons,Total,,155.5,U,-320,https://sportsbook.fanduel.ca/addToBetslip?marketId=801.154051498&selectionId=7017824
2026-01-22 21:19:22,2026-01-23 02:19:21.942381+00:00,line_update,NCAAB,fanduel,"Cal Davis Aggies vs UC San Diego Tritons, 2026-01-22, 09",Cal Davis Aggies,UC San Diego Tritons,Total,,145.5,O,,
2026-01-22 21:19:22,2026-01-23 02:19:21.942409+00:00,line_update,NCAAB,fanduel,"Cal Davis Aggies vs UC San Diego Tritons, 2026-01-22, 09",Cal Davis Aggies,UC San Diego Tritons,Total,,146.5,O,-118,https://sportsbook.fanduel.ca/addToBetslip?marketId=801.153974773&selectionId=7017823
2026-01-22 21:19:22,2026-01-23 02:19:21.942437+00:00,line_update,NCAAB,fanduel,"Cal Davis Aggies vs UC San Diego Tritons, 2026-01-22, 09",Cal Davis Aggies,UC San Diego Tritons,Total,,145.5,U,,
2026-01-22 21:19:22,2026-01-23 02:19:21.942465+00:00,line_update,NCAAB,fanduel,"Cal Davis Aggies vs UC San Diego Tritons, 2026-01-22, 09",Cal Davis Aggies,UC San Diego Tritons,Total,,146.5,U,-112,https://sportsbook.fanduel.ca/addToBetslip?marketId=801.153974773&selectionId=7017824
2026-01-22 21:19:22,2026-01-23 02:19:21.942493+00:00,line_update,NCAAB,fanduel,"Cal Davis Aggies vs UC San Diego Tritons, 2026-01-22, 09",Cal Davis Aggies,UC San Diego Tritons,Total,,139.5,O,,
2026-01-22 21:19:22,2026-01-23 02:19:21.942520+00:00,line_update,NCAAB,fanduel,"Cal Davis Aggies vs UC San Diego Tritons, 2026-01-22, 09",Cal Davis Aggies,UC San Diego Tritons,Total,,140.5,O,-240,https://sportsbook.fanduel.ca/addToBetslip?marketId=801.154051437&selectionId=7017823
2026-01-22 21:19:22,2026-01-23 02:19:21.942547+00:00,line_update,NCAAB,fanduel,"Cal Davis Aggies vs UC San Diego Tritons, 2026-01-22, 09",Cal Davis Aggies,UC San Diego Tritons,Total,,139.5,U,,
2026-01-22 21:19:22,2026-01-23 02:19:21.942574+00:00,line_update,NCAAB,fanduel,"Cal Davis Aggies vs UC San Diego Tritons, 2026-01-22, 09",Cal Davis Aggies,UC San Diego Tritons,Total,,140.5,U,+165,https://sportsbook.fanduel.ca/addToBetslip?marketId=801.154051437&selectionId=7017824
2026-01-22 21:19:22,2026-01-23 02:19:21.943050+00:00,line_update,NCAAB,fanduel,"Cal Davis Aggies vs UC San Diego Tritons, 2026-01-22, 09",Cal Davis Aggies,UC San Diego Tritons,Spread,UC San Diego Tritons,-10.5,,,
2026-01-22 21:19:22,2026-01-23 02:19:21.943081+00:00,line_update,NCAAB,fanduel,"Cal Davis Aggies vs UC San Diego Tritons, 2026-01-22, 09",Cal Davis Aggies,UC San Diego Tritons,Spread,UC San Diego Tritons,-8.5,,+230,https://sportsbook.fanduel.ca/addToBetslip?marketId=801.154051433&selectionId=41651551
2026-01-22 21:19:22,2026-01-23 02:19:21.943109+00:00,line_update,NCAAB,fanduel,"Cal Davis Aggies vs UC San Diego Tritons, 2026-01-22, 09",Cal Davis Aggies,UC San Diego Tritons,Spread,Cal Davis Aggies,10.5,,,
2026-01-22 21:19:22,2026-01-23 02:19:21.943136+00:00,line_update,NCAAB,fanduel,"Cal Davis Aggies vs UC San Diego Tritons, 2026-01-22, 09",Cal Davis Aggies,UC San Diego Tritons,Spread,Cal Davis Aggies,8.5,,-330,https://sportsbook.fanduel.ca/addToBetslip?marketId=801.154051433&selectionId=5145586
2026-01-22 21:19:22,2026-01-23 02:19:21.943254+00:00,line_update,NCAAB,fanduel,"Cal Davis Aggies vs UC San Diego Tritons, 2026-01-22, 09",Cal Davis Aggies,UC San Diego Tritons,Spread,UC San Diego Tritons,-4.5,,,
2026-01-22 21:19:22,2026-01-23 02:19:21.943283+00:00,line_update,NCAAB,fanduel,"Cal Davis Aggies vs UC San Diego Tritons, 2026-01-22, 09",Cal Davis Aggies,UC San Diego Tritons,Spread,UC San Diego Tritons,-2.5,,-125,https://sportsbook.fanduel.ca/addToBetslip?marketId=801.153974774&selectionId=41651551
2026-01-22 21:19:22,2026-01-23 02:19:21.943310+00:00,line_update,NCAAB,fanduel,"Cal Davis Aggies vs UC San Diego Tritons, 2026-01-22, 09",Cal Davis Aggies,UC San Diego Tritons,Spread,Cal Davis Aggies,4.5,,,
2026-01-22 21:19:22,2026-01-23 02:19:21.943338+00:00,line_update,NCAAB,fanduel,"Cal Davis Aggies vs UC San Diego Tritons, 2026-01-22, 09",Cal Davis Aggies,UC San Diego Tritons,Spread,Cal Davis Aggies,2.5,,-106,https://sportsbook.fanduel.ca/addToBetslip?marketId=801.153974774&selectionId=5145586
2026-01-22 21:19:22,2026-01-23 02:19:21.944889+00:00,line_update,NCAAB,fanduel,"Montana State Bobcats vs Idaho State Bengals, 2026-01-22, 09",Montana State Bobcats,Idaho State Bengals,Total,,138.5,O,,
2026-01-22 21:19:22,2026-01-23 02:19:21.944954+00:00,line_update,NCAAB,fanduel,"Montana State Bobcats vs Idaho State Bengals, 2026-01-22, 09",Montana State Bobcats,Idaho State Bengals,Total,,139.5,O,-122,https://sportsbook.fanduel.ca/addToBetslip?marketId=801.153974431&selectionId=7017823
2026-01-22 21:19:22,2026-01-23 02:19:21.944989+00:00,line_update,NCAAB,fanduel,"Montana State Bobcats vs Idaho State Bengals, 2026-01-22, 09",Montana State Bobcats,Idaho State Bengals,Total,,138.5,U,,
2026-01-22 21:19:22,2026-01-23 02:19:21.945022+00:00,line_update,NCAAB,fanduel,"Montana State Bobcats vs Idaho State Bengals, 2026-01-22, 09",Montana State Bobcats,Idaho State Bengals,Total,,139.5,U,-108,https://sportsbook.fanduel.ca/addToBetslip?marketId=801.153974431&selectionId=7017824
2026-01-22 21:19:22,2026-01-23 02:19:21.945440+00:00,line_update,NCAAB,fanduel,"Montana State Bobcats vs Idaho State Bengals, 2026-01-22, 09",Montana State Bobcats,Idaho State Bengals,Spread,Idaho State Bengals,17.5,,,
2026-01-22 21:19:22,2026-01-23 02:19:21.945470+00:00,line_update,NCAAB,fanduel,"Montana State Bobcats vs Idaho State Bengals, 2026-01-22, 09",Montana State Bobcats,Idaho State Bengals,Spread,Idaho State Bengals,16.5,,-550,https://sportsbook.fanduel.ca/addToBetslip?marketId=801.154049593&selectionId=711058
2026-01-22 21:19:22,2026-01-23 02:19:21.945500+00:00,line_update,NCAAB,fanduel,"Montana State Bobcats vs Idaho State Bengals, 2026-01-22, 09",Montana State Bobcats,Idaho State Bengals,Spread,Montana State Bobcats,-17.5,,,
2026-01-22 21:19:22,2026-01-23 02:19:21.945528+00:00,line_update,NCAAB,fanduel,"Montana State Bobcats vs Idaho State Bengals, 2026-01-22, 09",Montana State Bobcats,Idaho State Bengals,Spread,Montana State Bobcats,-16.5,,+330,https://sportsbook.fanduel.ca/addToBetslip?marketId=801.154049593&selectionId=719431
2026-01-22 21:19:22,2026-01-23 02:19:21.945619+00:00,line_update,NCAAB,fanduel,"Montana State Bobcats vs Idaho State Bengals, 2026-01-22, 09",Montana State Bobcats,Idaho State Bengals,Total,,144.5,O,,
2026-01-22 21:19:22,2026-01-23 02:19:21.945655+00:00,line_update,NCAAB,fanduel,"Montana State Bobcats vs Idaho State Bengals, 2026-01-22, 09",Montana State Bobcats,Idaho State Bengals,Total,,145.5,O,+150,https://sportsbook.fanduel.ca/addToBetslip?marketId=801.154049622&selectionId=7017823
2026-01-22 21:19:22,2026-01-23 02:19:21.945689+00:00,line_update,NCAAB,fanduel,"Montana State Bobcats vs Idaho State Bengals, 2026-01-22, 09",Montana State Bobcats,Idaho State Bengals,Total,,144.5,U,,
2026-01-22 21:19:22,2026-01-23 02:19:21.945718+00:00,line_update,NCAAB,fanduel,"Montana State Bobcats vs Idaho State Bengals, 2026-01-22, 09",Montana State Bobcats,Idaho State Bengals,Total,,145.5,U,-220,https://sportsbook.fanduel.ca/addToBetslip?marketId=801.154049622&selectionId=7017824
2026-01-22 21:19:22,2026-01-23 02:19:21.945821+00:00,line_update,NCAAB,fanduel,"Montana State Bobcats vs Idaho State Bengals, 2026-01-22, 09",Montana State Bobcats,Idaho State Bengals,Spread,Idaho State Bengals,-0.5,,,
2026-01-22 21:19:22,2026-01-23 02:19:21.945849+00:00,line_update,NCAAB,fanduel,"Montana State Bobcats vs Idaho State Bengals, 2026-01-22, 09",Montana State Bobcats,Idaho State Bengals,Spread,Idaho State Bengals,-1.5,,+350,https://sportsbook.fanduel.ca/addToBetslip?marketId=801.154049546&selectionId=711058
2026-01-22 21:19:22,2026-01-23 02:19:21.945883+00:00,line_update,NCAAB,fanduel,"Montana State Bobcats vs Idaho State Bengals, 2026-01-22, 09",Montana State Bobcats,Idaho State Bengals,Spread,Montana State Bobcats,0.5,,,
2026-01-22 21:19:22,2026-01-23 02:19:21.945911+00:00,line_update,NCAAB,fanduel,"Montana State Bobcats vs Idaho State Bengals, 2026-01-22, 09",Montana State Bobcats,Idaho State Bengals,Spread,Montana State Bobcats,1.5,,-550,https://sportsbook.fanduel.ca/addToBetslip?marketId=801.154049546&selectionId=719431
2026-01-22 21:19:22,2026-01-23 02:19:21.946252+00:00,line_update,NCAAB,fanduel,"Montana State Bobcats vs Idaho State Bengals, 2026-01-22, 09",Montana State Bobcats,Idaho State Bengals,Total,,141.5,O,,
2026-01-22 21:19:22,2026-01-23 02:19:21.946280+00:00,line_update,NCAAB,fanduel,"Montana State Bobcats vs Idaho State Bengals, 2026-01-22, 09",Montana State Bobcats,Idaho State Bengals,Total,,142.5,O,+110,https://sportsbook.fanduel.ca/addToBetslip?marketId=801.154049579&selectionId=7017823
2026-01-22 21:19:22,2026-01-23 02:19:21.946307+00:00,line_update,NCAAB,fanduel,"Montana State Bobcats vs Idaho State Bengals, 2026-01-22, 09",Montana State Bobcats,Idaho State Bengals,Total,,141.5,U,,
2026-01-22 21:19:22,2026-01-23 02:19:21.946335+00:00,line_update,NCAAB,fanduel,"Montana State Bobcats vs Idaho State Bengals, 2026-01-22, 09",Montana State Bobcats,Idaho State Bengals,Total,,142.5,U,-155,https://sportsbook.fanduel.ca/addToBetslip?marketId=801.154049579&selectionId=7017824
2026-01-22 21:19:22,2026-01-23 02:19:21.946425+00:00,line_update,NCAAB,fanduel,"Montana State Bobcats vs Idaho State Bengals, 2026-01-22, 09",Montana State Bobcats,Idaho State Bengals,Total,,132.5,O,,
2026-01-22 21:19:22,2026-01-23 02:19:21.946452+00:00,line_update,NCAAB,fanduel,"Montana State Bobcats vs Idaho State Bengals, 2026-01-22, 09",Montana State Bobcats,Idaho State Bengals,Total,,133.5,O,-250,https://sportsbook.fanduel.ca/addToBetslip?marketId=801.154049596&selectionId=7017823
2026-01-22 21:19:22,2026-01-23 02:19:21.946479+00:00,line_update,NCAAB,fanduel,"Montana State Bobcats vs Idaho State Bengals, 2026-01-22, 09",Montana State Bobcats,Idaho State Bengals,Total,,132.5,U,,
2026-01-22 21:19:22,2026-01-23 02:19:21.946507+00:00,line_update,NCAAB,fanduel,"Montana State Bobcats vs Idaho State Bengals, 2026-01-22, 09",Montana State Bobcats,Idaho State Bengals,Total,,133.5,U,+175,https://sportsbook.fanduel.ca/addToBetslip?marketId=801.154049596&selectionId=7017824
2026-01-22 21:19:22,2026-01-23 02:19:21.946594+00:00,line_update,NCAAB,fanduel,"Montana State Bobcats vs Idaho State Bengals, 2026-01-22, 09",Montana State Bobcats,Idaho State Bengals,Spread,Idaho State Bengals,11.5,,,
2026-01-22 21:19:22,2026-01-23 02:19:21.946621+00:00,line_update,NCAAB,fanduel,"Montana State Bobcats vs Idaho State Bengals, 2026-01-22, 09",Montana State Bobcats,Idaho State Bengals,Spread,Idaho State Bengals,10.5,,-185,https://sportsbook.fanduel.ca/addToBetslip?marketId=801.154049550&selectionId=711058
2026-01-22 21:19:22,2026-01-23 02:19:21.946650+00:00,line_update,NCAAB,fanduel,"Montana State Bobcats vs Idaho State Bengals, 2026-01-22, 09",Montana State Bobcats,Idaho State Bengals,Spread,Montana State Bobcats,-11.5,,,
2026-01-22 21:19:22,2026-01-23 02:19:21.946677+00:00,line_update,NCAAB,fanduel,"Montana State Bobcats vs Idaho State Bengals, 2026-01-22, 09",Montana State Bobcats,Idaho State Bengals,Spread,Montana State Bobcats,-10.5,,+135,https://sportsbook.fanduel.ca/addToBetslip?marketId=801.154049550&selectionId=719431
2026-01-22 21:19:22,2026-01-23 02:19:21.946881+00:00,line_update,NCAAB,fanduel,"Montana State Bobcats vs Idaho State Bengals, 2026-01-22, 09",Montana State Bobcats,Idaho State Bengals,Spread,Idaho State Bengals,2.5,,,
2026-01-22 21:19:22,2026-01-23 02:19:21.946931+00:00,line_update,NCAAB,fanduel,"Montana State Bobcats vs Idaho State Bengals, 2026-01-22, 09",Montana State Bobcats,Idaho State Bengals,Spread,Idaho State Bengals,1.5,,+250,https://sportsbook.fanduel.ca/addToBetslip?marketId=801.154049590&selectionId=711058
2026-01-22 21:19:22,2026-01-23 02:19:21.946965+00:00,line_update,NCAAB,fanduel,"Montana State Bobcats vs Idaho State Bengals, 2026-01-22, 09",Montana State Bobcats,Idaho State Bengals,Spread,Montana State Bobcats,-2.5,,,
2026-01-22 21:19:22,2026-01-23 02:19:21.947026+00:00,line_update,NCAAB,fanduel,"Montana State Bobcats vs Idaho State Bengals, 2026-01-22, 09",Montana State Bobcats,Idaho State Bengals,Spread,Montana State Bobcats,-1.5,,-370,https://sportsbook.fanduel.ca/addToBetslip?marketId=801.154049590&selectionId=719431
2026-01-22 21:19:22,2026-01-23 02:19:21.947061+00:00,line_update,NCAAB,fanduel,"Montana State Bobcats vs Idaho State Bengals, 2026-01-22, 09",Montana State Bobcats,Idaho State Bengals,Spread,Idaho State Bengals,8.5,,,
2026-01-22 21:19:22,2026-01-23 02:19:21.947103+00:00,line_update,NCAAB,fanduel,"Montana State Bobcats vs Idaho State Bengals, 2026-01-22, 09",Montana State Bobcats,Idaho State Bengals,Spread,Idaho State Bengals,7.5,,-114,https://sportsbook.fanduel.ca/addToBetslip?marketId=801.153974432&selectionId=711058
2026-01-22 21:19:22,2026-01-23 02:19:21.947138+00:00,line_update,NCAAB,fanduel,"Montana State Bobcats vs Idaho State Bengals, 2026-01-22, 09",Montana State Bobcats,Idaho State Bengals,Spread,Montana State Bobcats,-8.5,,,
2026-01-22 21:19:22,2026-01-23 02:19:21.947166+00:00,line_update,NCAAB,fanduel,"Montana State Bobcats vs Idaho State Bengals, 2026-01-22, 09",Montana State Bobcats,Idaho State Bengals,Spread,Montana State Bobcats,-7.5,,-114,https://sportsbook.fanduel.ca/addToBetslip?marketId=801.153974432&selectionId=719431
2026-01-22 21:19:22,2026-01-23 02:19:21.947497+00:00,line_update,NCAAB,fanduel,"Montana State Bobcats vs Idaho State Bengals, 2026-01-22, 09",Montana State Bobcats,Idaho State Bengals,Total,,135.5,O,,
2026-01-22 21:19:22,2026-01-23 02:19:21.964094+00:00,line_update,NCAAB,fanduel,"Montana State Bobcats vs Idaho State Bengals, 2026-01-22, 09",Montana State Bobcats,Idaho State Bengals,Total,,136.5,O,-170,https://sportsbook.fanduel.ca/addToBetslip?marketId=801.154049609&selectionId=7017823
2026-01-22 21:19:22,2026-01-23 02:19:21.964166+00:00,line_update,NCAAB,fanduel,"Montana State Bobcats vs Idaho State Bengals, 2026-01-22, 09",Montana State Bobcats,Idaho State Bengals,Total,,135.5,U,,
2026-01-22 21:19:22,2026-01-23 02:19:21.964205+00:00,line_update,NCAAB,fanduel,"Montana State Bobcats vs Idaho State Bengals, 2026-01-22, 09",Montana State Bobcats,Idaho State Bengals,Total,,136.5,U,+120,https://sportsbook.fanduel.ca/addToBetslip?marketId=801.154049609&selectionId=7017824
2026-01-22 21:19:22,2026-01-23 02:19:21.964363+00:00,line_update,NCAAB,fanduel,"Montana State Bobcats vs Idaho State Bengals, 2026-01-22, 09",Montana State Bobcats,Idaho State Bengals,Total,,147.5,O,,
2026-01-22 21:19:22,2026-01-23 02:19:21.964399+00:00,line_update,NCAAB,fanduel,"Montana State Bobcats vs Idaho State Bengals, 2026-01-22, 09",Montana State Bobcats,Idaho State Bengals,Total,,148.5,O,+220,https://sportsbook.fanduel.ca/addToBetslip?marketId=801.154049592&selectionId=7017823
2026-01-22 21:19:22,2026-01-23 02:19:21.964430+00:00,line_update,NCAAB,fanduel,"Montana State Bobcats vs Idaho State Bengals, 2026-01-22, 09",Montana State Bobcats,Idaho State Bengals,Total,,147.5,U,,
2026-01-22 21:19:22,2026-01-23 02:19:21.964460+00:00,line_update,NCAAB,fanduel,"Montana State Bobcats vs Idaho State Bengals, 2026-01-22, 09",Montana State Bobcats,Idaho State Bengals,Total,,148.5,U,-330,https://sportsbook.fanduel.ca/addToBetslip?marketId=801.154049592&selectionId=7017824
2026-01-22 21:19:22,2026-01-23 02:19:21.964557+00:00,line_update,NCAAB,fanduel,"Montana State Bobcats vs Idaho State Bengals, 2026-01-22, 09",Montana State Bobcats,Idaho State Bengals,Spread,Idaho State Bengals,14.5,,,
2026-01-22 21:19:22,2026-01-23 02:19:21.964588+00:00,line_update,NCAAB,fanduel,"Montana State Bobcats vs Idaho State Bengals, 2026-01-22, 09",Montana State Bobcats,Idaho State Bengals,Spread,Idaho State Bengals,13.5,,-310,https://sportsbook.fanduel.ca/addToBetslip?marketId=801.154049584&selectionId=711058
2026-01-22 21:19:22,2026-01-23 02:19:21.964619+00:00,line_update,NCAAB,fanduel,"Montana State Bobcats vs Idaho State Bengals, 2026-01-22, 09",Montana State Bobcats,Idaho State Bengals,Spread,Montana State Bobcats,-14.5,,,
2026-01-22 21:19:22,2026-01-23 02:19:21.964647+00:00,line_update,NCAAB,fanduel,"Montana State Bobcats vs Idaho State Bengals, 2026-01-22, 09",Montana State Bobcats,Idaho State Bengals,Spread,Montana State Bobcats,-13.5,,+220,https://sportsbook.fanduel.ca/addToBetslip?marketId=801.154049584&selectionId=719431
2026-01-22 21:19:22,2026-01-23 02:19:21.964862+00:00,line_update,NCAAB,fanduel,"Montana State Bobcats vs Idaho State Bengals, 2026-01-22, 09",Montana State Bobcats,Idaho State Bengals,Total,,129.5,O,,
2026-01-22 21:19:22,2026-01-23 02:19:21.964892+00:00,line_update,NCAAB,fanduel,"Montana State Bobcats vs Idaho State Bengals, 2026-01-22, 09",Montana State Bobcats,Idaho State Bengals,Total,,130.5,O,-380,https://sportsbook.fanduel.ca/addToBetslip?marketId=801.154049586&selectionId=7017823
2026-01-22 21:19:22,2026-01-23 02:19:21.964921+00:00,line_update,NCAAB,fanduel,"Montana State Bobcats vs Idaho State Bengals, 2026-01-22, 09",Montana State Bobcats,Idaho State Bengals,Total,,129.5,U,,
2026-01-22 21:19:22,2026-01-23 02:19:21.964949+00:00,line_update,NCAAB,fanduel,"Montana State Bobcats vs Idaho State Bengals, 2026-01-22, 09",Montana State Bobcats,Idaho State Bengals,Total,,130.5,U,+250,https://sportsbook.fanduel.ca/addToBetslip?marketId=801.154049586&selectionId=7017824
2026-01-22 21:19:22,2026-01-23 02:19:21.965038+00:00,line_update,NCAAB,fanduel,"Montana State Bobcats vs Idaho State Bengals, 2026-01-22, 09",Montana State Bobcats,Idaho State Bengals,Spread,Idaho State Bengals,5.5,,,
2026-01-22 21:19:22,2026-01-23 02:19:21.965065+00:00,line_update,NCAAB,fanduel,"Montana State Bobcats vs Idaho State Bengals, 2026-01-22, 09",Montana State Bobcats,Idaho State Bengals,Spread,Idaho State Bengals,4.5,,+145,https://sportsbook.fanduel.ca/addToBetslip?marketId=801.154049553&selectionId=711058
2026-01-22 21:19:22,2026-01-23 02:19:21.965094+00:00,line_update,NCAAB,fanduel,"Montana State Bobcats vs Idaho State Bengals, 2026-01-22, 09",Montana State Bobcats,Idaho State Bengals,Spread,Montana State Bobcats,-5.5,,,
2026-01-22 21:19:22,2026-01-23 02:19:21.965122+00:00,line_update,NCAAB,fanduel,"Montana State Bobcats vs Idaho State Bengals, 2026-01-22, 09",Montana State Bobcats,Idaho State Bengals,Spread,Montana State Bobcats,-4.5,,-195,https://sportsbook.fanduel.ca/addToBetslip?marketId=801.154049553&selectionId=719431
2026-01-22 21:19:22,2026-01-23 02:19:22.635050+00:00,line_update,NCAAB,pinnacle,"Cal Davis Aggies vs UC San Diego Tritons, 2026-01-22, 09",Cal Davis Aggies,UC San Diego Tritons,Spread,Cal Davis Aggies,5.0,,-154,
2026-01-22 21:19:22,2026-01-23 02:19:22.635160+00:00,line_update,NCAAB,pinnacle,"Cal Davis Aggies vs UC San Diego Tritons, 2026-01-22, 09",Cal Davis Aggies,UC San Diego Tritons,Spread,UC San Diego Tritons,-5.0,,+113,
2026-01-22 21:19:22,2026-01-23 02:19:22.635226+00:00,line_update,NCAAB,pinnacle,"Cal Davis Aggies vs UC San Diego Tritons, 2026-01-22, 09",Cal Davis Aggies,UC San Diego Tritons,Spread,Cal Davis Aggies,4.5,,-138,
2026-01-22 21:19:22,2026-01-23 02:19:22.635279+00:00,line_update,NCAAB,pinnacle,"Cal Davis Aggies vs UC San Diego Tritons, 2026-01-22, 09",Cal Davis Aggies,UC San Diego Tritons,Spread,UC San Diego Tritons,-4.5,,+102,
2026-01-22 21:19:22,2026-01-23 02:19:22.635341+00:00,line_update,NCAAB,pinnacle,"Cal Davis Aggies vs UC San Diego Tritons, 2026-01-22, 09",Cal Davis Aggies,UC San Diego Tritons,Spread,Cal Davis Aggies,4.0,,-127,
2026-01-22 21:19:22,2026-01-23 02:19:22.635392+00:00,line_update,NCAAB,pinnacle,"Cal Davis Aggies vs UC San Diego Tritons, 2026-01-22, 09",Cal Davis Aggies,UC San Diego Tritons,Spread,UC San Diego Tritons,-4.0,,-106,
2026-01-22 21:19:22,2026-01-23 02:19:22.635449+00:00,line_update,NCAAB,pinnacle,"Cal Davis Aggies vs UC San Diego Tritons, 2026-01-22, 09",Cal Davis Aggies,UC San Diego Tritons,Spread,Cal Davis Aggies,3.5,,-115,
2026-01-22 21:19:22,2026-01-23 02:19:22.635500+00:00,line_update,NCAAB,pinnacle,"Cal Davis Aggies vs UC San Diego Tritons, 2026-01-22, 09",Cal Davis Aggies,UC San Diego Tritons,Spread,UC San Diego Tritons,-3.5,,-115,
2026-01-22 21:19:22,2026-01-23 02:19:22.635555+00:00,line_update,NCAAB,pinnacle,"Cal Davis Aggies vs UC San Diego Tritons, 2026-01-22, 09",Cal Davis Aggies,UC San Diego Tritons,Spread,Cal Davis Aggies,3.0,,-106,
2026-01-22 21:19:22,2026-01-23 02:19:22.635604+00:00,line_update,NCAAB,pinnacle,"Cal Davis Aggies vs UC San Diego Tritons, 2026-01-22, 09",Cal Davis Aggies,UC San Diego Tritons,Spread,UC San Diego Tritons,-3.0,,-128,
2026-01-22 21:19:22,2026-01-23 02:19:22.635659+00:00,line_update,NCAAB,pinnacle,"Cal Davis Aggies vs UC San Diego Tritons, 2026-01-22, 09",Cal Davis Aggies,UC San Diego Tritons,Spread,Cal Davis Aggies,2.5,,+103,
2026-01-22 21:19:22,2026-01-23 02:19:22.635707+00:00,line_update,NCAAB,pinnacle,"Cal Davis Aggies vs UC San Diego Tritons, 2026-01-22, 09",Cal Davis Aggies,UC San Diego Tritons,Spread,UC San Diego Tritons,-2.5,,-139,
2026-01-22 21:19:22,2026-01-23 02:19:22.635762+00:00,line_update,NCAAB,pinnacle,"Cal Davis Aggies vs UC San Diego Tritons, 2026-01-22, 09",Cal Davis Aggies,UC San Diego Tritons,Spread,Cal Davis Aggies,2.0,,+114,
2026-01-22 21:19:22,2026-01-23 02:19:22.635810+00:00,line_update,NCAAB,pinnacle,"Cal Davis Aggies vs UC San Diego Tritons, 2026-01-22, 09",Cal Davis Aggies,UC San Diego Tritons,Spread,UC San Diego Tritons,-2.0,,-155,
2026-01-22 21:19:22,2026-01-23 02:19:22.635863+00:00,line_update,NCAAB,pinnacle,"Cal Davis Aggies vs UC San Diego Tritons, 2026-01-22, 09",Cal Davis Aggies,UC San Diego Tritons,Spread,UC San Diego Tritons,-5.5,,,
2026-01-22 21:19:22,2026-01-23 02:19:22.635908+00:00,line_update,NCAAB,pinnacle,"Cal Davis Aggies vs UC San Diego Tritons, 2026-01-22, 09",Cal Davis Aggies,UC San Diego Tritons,Spread,Cal Davis Aggies,6.0,,,
2026-01-22 21:19:22,2026-01-23 02:19:22.635961+00:00,line_update,NCAAB,pinnacle,"Cal Davis Aggies vs UC San Diego Tritons, 2026-01-22, 09",Cal Davis Aggies,UC San Diego Tritons,Spread,Cal Davis Aggies,6.5,,,
2026-01-22 21:19:22,2026-01-23 02:19:22.636004+00:00,line_update,NCAAB,pinnacle,"Cal Davis Aggies vs UC San Diego Tritons, 2026-01-22, 09",Cal Davis Aggies,UC San Diego Tritons,Spread,Cal Davis Aggies,5.5,,,
2026-01-22 21:19:22,2026-01-23 02:19:22.636046+00:00,line_update,NCAAB,pinnacle,"Cal Davis Aggies vs UC San Diego Tritons, 2026-01-22, 09",Cal Davis Aggies,UC San Diego Tritons,Spread,UC San Diego Tritons,-6.0,,,
2026-01-22 21:19:22,2026-01-23 02:19:22.636090+00:00,line_update,NCAAB,pinnacle,"Cal Davis Aggies vs UC San Diego Tritons, 2026-01-22, 09",Cal Davis Aggies,UC San Diego Tritons,Spread,UC San Diego Tritons,-6.5,,,
2026-01-22 21:19:22,2026-01-23 02:19:22.636150+00:00,line_update,NCAAB,pinnacle,"Cal Davis Aggies vs UC San Diego Tritons, 2026-01-22, 09",Cal Davis Aggies,UC San Diego Tritons,Total,,147.0,O,+102,
2026-01-22 21:19:22,2026-01-23 02:19:22.636200+00:00,line_update,NCAAB,pinnacle,"Cal Davis Aggies vs UC San Diego Tritons, 2026-01-22, 09",Cal Davis Aggies,UC San Diego Tritons,Total,,147.0,U,-137,
2026-01-22 21:19:22,2026-01-23 02:19:22.636255+00:00,line_update,NCAAB,pinnacle,"Cal Davis Aggies vs UC San Diego Tritons, 2026-01-22, 09",Cal Davis Aggies,UC San Diego Tritons,Total,,146.5,O,-105,
2026-01-22 21:19:22,2026-01-23 02:19:22.636302+00:00,line_update,NCAAB,pinnacle,"Cal Davis Aggies vs UC San Diego Tritons, 2026-01-22, 09",Cal Davis Aggies,UC San Diego Tritons,Total,,146.5,U,-128,
2026-01-22 21:19:22,2026-01-23 02:19:22.636355+00:00,line_update,NCAAB,pinnacle,"Cal Davis Aggies vs UC San Diego Tritons, 2026-01-22, 09",Cal Davis Aggies,UC San Diego Tritons,Total,,146.0,O,-111,
2026-01-22 21:19:22,2026-01-23 02:19:22.636403+00:00,line_update,NCAAB,pinnacle,"Cal Davis Aggies vs UC San Diego Tritons, 2026-01-22, 09",Cal Davis Aggies,UC San Diego Tritons,Total,,146.0,U,-122,
2026-01-22 21:19:22,2026-01-23 02:19:22.636455+00:00,line_update,NCAAB,pinnacle,"Cal Davis Aggies vs UC San Diego Tritons, 2026-01-22, 09",Cal Davis Aggies,UC San Diego Tritons,Total,,145.5,O,-116,
2026-01-22 21:19:22,2026-01-23 02:19:22.636501+00:00,line_update,NCAAB,pinnacle,"Cal Davis Aggies vs UC San Diego Tritons, 2026-01-22, 09",Cal Davis Aggies,UC San Diego Tritons,Total,,145.5,U,-114,
2026-01-22 21:19:22,2026-01-23 02:19:22.636554+00:00,line_update,NCAAB,pinnacle,"Cal Davis Aggies vs UC San Diego Tritons, 2026-01-22, 09",Cal Davis Aggies,UC San Diego Tritons,Total,,145.0,O,-124,
2026-01-22 21:19:22,2026-01-23 02:19:22.636601+00:00,line_update,NCAAB,pinnacle,"Cal Davis Aggies vs UC San Diego Tritons, 2026-01-22, 09",Cal Davis Aggies,UC San Diego Tritons,Total,,145.0,U,-108,
2026-01-22 21:19:22,2026-01-23 02:19:22.636652+00:00,line_update,NCAAB,pinnacle,"Cal Davis Aggies vs UC San Diego Tritons, 2026-01-22, 09",Cal Davis Aggies,UC San Diego Tritons,Total,,144.5,O,-131,
2026-01-22 21:19:22,2026-01-23 02:19:22.636700+00:00,line_update,NCAAB,pinnacle,"Cal Davis Aggies vs UC San Diego Tritons, 2026-01-22, 09",Cal Davis Aggies,UC San Diego Tritons,Total,,144.5,U,-102,
2026-01-22 21:19:22,2026-01-23 02:19:22.636753+00:00,line_update,NCAAB,pinnacle,"Cal Davis Aggies vs UC San Diego Tritons, 2026-01-22, 09",Cal Davis Aggies,UC San Diego Tritons,Total,,144.0,O,-139,
2026-01-22 21:19:22,2026-01-23 02:19:22.636800+00:00,line_update,NCAAB,pinnacle,"Cal Davis Aggies vs UC San Diego Tritons, 2026-01-22, 09",Cal Davis Aggies,UC San Diego Tritons,Total,,144.0,U,+104,
2026-01-22 21:19:22,2026-01-23 02:19:22.636850+00:00,line_update,NCAAB,pinnacle,"Cal Davis Aggies vs UC San Diego Tritons, 2026-01-22, 09",Cal Davis Aggies,UC San Diego Tritons,Total,,142.0,U,,
2026-01-22 21:19:22,2026-01-23 02:19:22.636895+00:00,line_update,NCAAB,pinnacle,"Cal Davis Aggies vs UC San Diego Tritons, 2026-01-22, 09",Cal Davis Aggies,UC San Diego Tritons,Total,,143.5,U,,
2026-01-22 21:19:22,2026-01-23 02:19:22.636938+00:00,line_update,NCAAB,pinnacle,"Cal Davis Aggies vs UC San Diego Tritons, 2026-01-22, 09",Cal Davis Aggies,UC San Diego Tritons,Total,,143.0,O,,
2026-01-22 21:19:22,2026-01-23 02:19:22.636982+00:00,line_update,NCAAB,pinnacle,"Cal Davis Aggies vs UC San Diego Tritons, 2026-01-22, 09",Cal Davis Aggies,UC San Diego Tritons,Total,,141.5,O,,
2026-01-22 21:19:22,2026-01-23 02:19:22.637024+00:00,line_update,NCAAB,pinnacle,"Cal Davis Aggies vs UC San Diego Tritons, 2026-01-22, 09",Cal Davis Aggies,UC San Diego Tritons,Total,,142.5,O,,
2026-01-22 21:19:22,2026-01-23 02:19:22.637065+00:00,line_update,NCAAB,pinnacle,"Cal Davis Aggies vs UC San Diego Tritons, 2026-01-22, 09",Cal Davis Aggies,UC San Diego Tritons,Total,,143.5,O,,
2026-01-22 21:19:22,2026-01-23 02:19:22.637109+00:00,line_update,NCAAB,pinnacle,"Cal Davis Aggies vs UC San Diego Tritons, 2026-01-22, 09",Cal Davis Aggies,UC San Diego Tritons,Total,,142.5,U,,
2026-01-22 21:19:22,2026-01-23 02:19:22.637150+00:00,line_update,NCAAB,pinnacle,"Cal Davis Aggies vs UC San Diego Tritons, 2026-01-22, 09",Cal Davis Aggies,UC San Diego Tritons,Total,,142.0,O,,
2026-01-22 21:19:22,2026-01-23 02:19:22.637212+00:00,line_update,NCAAB,pinnacle,"Cal Davis Aggies vs UC San Diego Tritons, 2026-01-22, 09",Cal Davis Aggies,UC San Diego Tritons,Total,,141.5,U,,
2026-01-22 21:19:22,2026-01-23 02:19:22.637256+00:00,line_update,NCAAB,pinnacle,"Cal Davis Aggies vs UC San Diego Tritons, 2026-01-22, 09",Cal Davis Aggies,UC San Diego Tritons,Total,,141.0,U,,
2026-01-22 21:19:22,2026-01-23 02:19:22.637298+00:00,line_update,NCAAB,pinnacle,"Cal Davis Aggies vs UC San Diego Tritons, 2026-01-22, 09",Cal Davis Aggies,UC San Diego Tritons,Total,,143.0,U,,
2026-01-22 21:19:22,2026-01-23 02:19:22.637339+00:00,line_update,NCAAB,pinnacle,"Cal Davis Aggies vs UC San Diego Tritons, 2026-01-22, 09",Cal Davis Aggies,UC San Diego Tritons,Total,,141.0,O,,
2026-01-22 21:19:22,2026-01-23 02:19:22.643074+00:00,line_update,NCAAB,pinnacle,"Appalachian Mountaineers vs Louisiana Warhawks, 2026-01-23, 12",Appalachian Mountaineers,Louisiana Warhawks,Spread,Appalachian Mountaineers,-13.0,,-155,
2026-01-22 21:19:22,2026-01-23 02:19:22.643144+00:00,line_update,NCAAB,pinnacle,"Appalachian Mountaineers vs Louisiana Warhawks, 2026-01-23, 12",Appalachian Mountaineers,Louisiana Warhawks,Spread,Louisiana Warhawks,13.0,,+122,
2026-01-22 21:19:22,2026-01-23 02:19:22.643203+00:00,line_update,NCAAB,pinnacle,"Appalachian Mountaineers vs Louisiana Warhawks, 2026-01-23, 12",Appalachian Mountaineers,Louisiana Warhawks,Spread,Appalachian Mountaineers,-13.5,,-145,
2026-01-22 21:19:22,2026-01-23 02:19:22.643255+00:00,line_update,NCAAB,pinnacle,"Appalachian Mountaineers vs Louisiana Warhawks, 2026-01-23, 12",Appalachian Mountaineers,Louisiana Warhawks,Spread,Louisiana Warhawks,13.5,,+114,
2026-01-22 21:19:22,2026-01-23 02:19:22.643311+00:00,line_update,NCAAB,pinnacle,"Appalachian Mountaineers vs Louisiana Warhawks, 2026-01-23, 12",Appalachian Mountaineers,Louisiana Warhawks,Spread,Appalachian Mountaineers,-14.0,,-134,
2026-01-22 21:19:22,2026-01-23 02:19:22.643361+00:00,line_update,NCAAB,pinnacle,"Appalachian Mountaineers vs Louisiana Warhawks, 2026-01-23, 12",Appalachian Mountaineers,Louisiana Warhawks,Spread,Louisiana Warhawks,14.0,,+107,
2026-01-22 21:19:22,2026-01-23 02:19:22.643416+00:00,line_update,NCAAB,pinnacle,"Appalachian Mountaineers vs Louisiana Warhawks, 2026-01-23, 12",Appalachian Mountaineers,Louisiana Warhawks,Spread,Appalachian Mountaineers,-14.5,,-124,
2026-01-22 21:19:22,2026-01-23 02:19:22.643467+00:00,line_update,NCAAB,pinnacle,"Appalachian Mountaineers vs Louisiana Warhawks, 2026-01-23, 12",Appalachian Mountaineers,Louisiana Warhawks,Spread,Louisiana Warhawks,14.5,,-101,
2026-01-22 21:19:22,2026-01-23 02:19:22.643521+00:00,line_update,NCAAB,pinnacle,"Appalachian Mountaineers vs Louisiana Warhawks, 2026-01-23, 12",Appalachian Mountaineers,Louisiana Warhawks,Spread,Appalachian Mountaineers,-15.0,,-111,
2026-01-22 21:19:22,2026-01-23 02:19:22.643571+00:00,line_update,NCAAB,pinnacle,"Appalachian Mountaineers vs Louisiana Warhawks, 2026-01-23, 12",Appalachian Mountaineers,Louisiana Warhawks,Spread,Louisiana Warhawks,15.0,,-109,
2026-01-22 21:19:22,2026-01-23 02:19:22.643625+00:00,line_update,NCAAB,pinnacle,"Appalachian Mountaineers vs Louisiana Warhawks, 2026-01-23, 12",Appalachian Mountaineers,Louisiana Warhawks,Spread,Appalachian Mountaineers,-15.5,,-104,
2026-01-22 21:19:22,2026-01-23 02:19:22.643674+00:00,line_update,NCAAB,pinnacle,"Appalachian Mountaineers vs Louisiana Warhawks, 2026-01-23, 12",Appalachian Mountaineers,Louisiana Warhawks,Spread,Louisiana Warhawks,15.5,,-120,
2026-01-22 21:19:22,2026-01-23 02:19:22.643728+00:00,line_update,NCAAB,pinnacle,"Appalachian Mountaineers vs Louisiana Warhawks, 2026-01-23, 12",Appalachian Mountaineers,Louisiana Warhawks,Spread,Appalachian Mountaineers,-16.0,,+104,
2026-01-22 21:19:22,2026-01-23 02:19:22.643777+00:00,line_update,NCAAB,pinnacle,"Appalachian Mountaineers vs Louisiana Warhawks, 2026-01-23, 12",Appalachian Mountaineers,Louisiana Warhawks,Spread,Louisiana Warhawks,16.0,,-131,
2026-01-22 21:19:22,2026-01-23 02:19:22.643936+00:00,line_update,NCAAB,pinnacle,"Appalachian Mountaineers vs Louisiana Warhawks, 2026-01-23, 12",Appalachian Mountaineers,Louisiana Warhawks,Spread,Appalachian Mountaineers,-16.5,,+111,
2026-01-22 21:19:22,2026-01-23 02:19:22.643986+00:00,line_update,NCAAB,pinnacle,"Appalachian Mountaineers vs Louisiana Warhawks, 2026-01-23, 12",Appalachian Mountaineers,Louisiana Warhawks,Spread,Louisiana Warhawks,16.5,,-141,
2026-01-22 21:19:22,2026-01-23 02:19:22.644041+00:00,line_update,NCAAB,pinnacle,"Appalachian Mountaineers vs Louisiana Warhawks, 2026-01-23, 12",Appalachian Mountaineers,Louisiana Warhawks,Spread,Appalachian Mountaineers,-17.0,,+119,
2026-01-22 21:19:22,2026-01-23 02:19:22.644165+00:00,line_update,NCAAB,pinnacle,"Appalachian Mountaineers vs Louisiana Warhawks, 2026-01-23, 12",Appalachian Mountaineers,Louisiana Warhawks,Spread,Louisiana Warhawks,17.0,,-151,
2026-01-22 21:19:22,2026-01-23 02:19:22.644218+00:00,line_update,NCAAB,pinnacle,"Appalachian Mountaineers vs Louisiana Warhawks, 2026-01-23, 12",Appalachian Mountaineers,Louisiana Warhawks,Spread,Appalachian Mountaineers,-18.0,,,
2026-01-22 21:19:22,2026-01-23 02:19:22.644265+00:00,line_update,NCAAB,pinnacle,"Appalachian Mountaineers vs Louisiana Warhawks, 2026-01-23, 12",Appalachian Mountaineers,Louisiana Warhawks,Spread,Appalachian Mountaineers,-17.5,,,
2026-01-22 21:19:22,2026-01-23 02:19:22.644492+00:00,line_update,NCAAB,pinnacle,"Appalachian Mountaineers vs Louisiana Warhawks, 2026-01-23, 12",Appalachian Mountaineers,Louisiana Warhawks,Spread,Louisiana Warhawks,18.0,,,
2026-01-22 21:19:22,2026-01-23 02:19:22.644550+00:00,line_update,NCAAB,pinnacle,"Appalachian Mountaineers vs Louisiana Warhawks, 2026-01-23, 12",Appalachian Mountaineers,Louisiana Warhawks,Spread,Louisiana Warhawks,17.5,,,
2026-01-22 21:19:22,2026-01-23 02:19:22.644624+00:00,line_update,NCAAB,pinnacle,"Appalachian Mountaineers vs Louisiana Warhawks, 2026-01-23, 12",Appalachian Mountaineers,Louisiana Warhawks,Total,,147.5,O,+111,
2026-01-22 21:19:22,2026-01-23 02:19:22.644683+00:00,line_update,NCAAB,pinnacle,"Appalachian Mountaineers vs Louisiana Warhawks, 2026-01-23, 12",Appalachian Mountaineers,Louisiana Warhawks,Total,,147.5,U,-145,
2026-01-22 21:19:22,2026-01-23 02:19:22.644741+00:00,line_update,NCAAB,pinnacle,"Appalachian Mountaineers vs Louisiana Warhawks, 2026-01-23, 12",Appalachian Mountaineers,Louisiana Warhawks,Total,,147.0,O,+106,
2026-01-22 21:19:22,2026-01-23 02:19:22.644791+00:00,line_update,NCAAB,pinnacle,"Appalachian Mountaineers vs Louisiana Warhawks, 2026-01-23, 12",Appalachian Mountaineers,Louisiana Warhawks,Total,,147.0,U,-139,
2026-01-22 21:19:22,2026-01-23 02:19:22.644848+00:00,line_update,NCAAB,pinnacle,"Appalachian Mountaineers vs Louisiana Warhawks, 2026-01-23, 12",Appalachian Mountaineers,Louisiana Warhawks,Total,,146.5,O,+101,
2026-01-22 21:19:22,2026-01-23 02:19:22.644897+00:00,line_update,NCAAB,pinnacle,"Appalachian Mountaineers vs Louisiana Warhawks, 2026-01-23, 12",Appalachian Mountaineers,Louisiana Warhawks,Total,,146.5,U,-131,
2026-01-22 21:19:22,2026-01-23 02:19:22.644950+00:00,line_update,NCAAB,pinnacle,"Appalachian Mountaineers vs Louisiana Warhawks, 2026-01-23, 12",Appalachian Mountaineers,Louisiana Warhawks,Total,,146.0,O,-105,
2026-01-22 21:19:22,2026-01-23 02:19:22.645055+00:00,line_update,NCAAB,pinnacle,"Appalachian Mountaineers vs Louisiana Warhawks, 2026-01-23, 12",Appalachian Mountaineers,Louisiana Warhawks,Total,,146.0,U,-124,
2026-01-22 21:19:22,2026-01-23 02:19:22.645114+00:00,line_update,NCAAB,pinnacle,"Appalachian Mountaineers vs Louisiana Warhawks, 2026-01-23, 12",Appalachian Mountaineers,Louisiana Warhawks,Total,,145.5,O,-109,
2026-01-22 21:19:22,2026-01-23 02:19:22.645164+00:00,line_update,NCAAB,pinnacle,"Appalachian Mountaineers vs Louisiana Warhawks, 2026-01-23, 12",Appalachian Mountaineers,Louisiana Warhawks,Total,,145.5,U,-115,
2026-01-22 21:19:22,2026-01-23 02:19:22.645620+00:00,line_update,NCAAB,pinnacle,"Appalachian Mountaineers vs Louisiana Warhawks, 2026-01-23, 12",Appalachian Mountaineers,Louisiana Warhawks,Total,,145.0,O,-118,
2026-01-22 21:19:22,2026-01-23 02:19:22.645688+00:00,line_update,NCAAB,pinnacle,"Appalachian Mountaineers vs Louisiana Warhawks, 2026-01-23, 12",Appalachian Mountaineers,Louisiana Warhawks,Total,,145.0,U,-110,
2026-01-22 21:19:22,2026-01-23 02:19:22.645745+00:00,line_update,NCAAB,pinnacle,"Appalachian Mountaineers vs Louisiana Warhawks, 2026-01-23, 12",Appalachian Mountaineers,Louisiana Warhawks,Total,,144.5,O,-125,
2026-01-22 21:19:22,2026-01-23 02:19:22.645798+00:00,line_update,NCAAB,pinnacle,"Appalachian Mountaineers vs Louisiana Warhawks, 2026-01-23, 12",Appalachian Mountaineers,Louisiana Warhawks,Total,,144.5,U,-104,
2026-01-22 21:19:22,2026-01-23 02:19:22.645852+00:00,line_update,NCAAB,pinnacle,"Appalachian Mountaineers vs Louisiana Warhawks, 2026-01-23, 12",Appalachian Mountaineers,Louisiana Warhawks,Total,,144.0,O,-132,
2026-01-22 21:19:22,2026-01-23 02:19:22.645901+00:00,line_update,NCAAB,pinnacle,"Appalachian Mountaineers vs Louisiana Warhawks, 2026-01-23, 12",Appalachian Mountaineers,Louisiana Warhawks,Total,,144.0,U,+101,
2026-01-22 21:19:22,2026-01-23 02:19:22.645954+00:00,line_update,NCAAB,pinnacle,"Appalachian Mountaineers vs Louisiana Warhawks, 2026-01-23, 12",Appalachian Mountaineers,Louisiana Warhawks,Total,,143.5,O,-138,
2026-01-22 21:19:22,2026-01-23 02:19:22.646004+00:00,line_update,NCAAB,pinnacle,"Appalachian Mountaineers vs Louisiana Warhawks, 2026-01-23, 12",Appalachian Mountaineers,Louisiana Warhawks,Total,,143.5,U,+106,
2026-01-22 21:19:24,2026-01-23 02:19:24.894389+00:00,line_update,NCAAB,draftkings,"St Thomas Tommies vs South Dakota Jackrabbits, 2026-01-22, 09",St Thomas Tommies,South Dakota Jackrabbits,Total,,151.5,O,,
