local_timestamp,game,home_team,away_team,sportsbook,outcome_name,outcome_target,outcome_line,outcome_over_under,odds,link
2026-01-23 17:09:11,"Alabama Crimson Tide vs Tennessee Volunteers, 2026-01-24, 08",Alabama Crimson Tide,Tennessee Volunteers,draftkings,Spread,Tennessee Volunteers,3.5,,-110,https://sportsbook.draftkings.com/event/tennessee-%40-alabama/33510334?outcomes=0HC83102759P350_3
2026-01-23 17:09:11,"Alabama Crimson Tide vs Tennessee Volunteers, 2026-01-24, 08",Alabama Crimson Tide,Tennessee Volunteers,draftkings,Spread,Alabama Crimson Tide,-3.5,,-110,https://sportsbook.draftkings.com/event/tennessee-%40-alabama/33510334?outcomes=0HC83102759N350_1
2026-01-23 17:09:11,"Alabama Crimson Tide vs Tennessee Volunteers, 2026-01-24, 08",Alabama Crimson Tide,Tennessee Volunteers,draftkings,Total,,166.5,O,-112,https://sportsbook.draftkings.com/event/tennessee-%40-alabama/33510334?outcomes=0OU83102759O16650_1
2026-01-23 17:09:11,"Alabama Crimson Tide vs Tennessee Volunteers, 2026-01-24, 08",Alabama Crimson Tide,Tennessee Volunteers,draftkings,Total,,166.5,U,-108,https://sportsbook.draftkings.com/event/tennessee-%40-alabama/33510334?outcomes=0OU83102759U16650_3
2026-01-23 17:09:11,"Arizona Wildcats vs Virginia Mountaineers, 2026-01-24, 02",Arizona Wildcats,Virginia Mountaineers,fanduel,Spread,Virginia Mountaineers,17.5,,-102,https://sportsbook.fanduel.ca/addToBetslip?marketId=801.152222815&selectionId=41649407
2026-01-23 17:09:11,"Arizona Wildcats vs Virginia Mountaineers, 2026-01-24, 02",Arizona Wildcats,Virginia Mountaineers,fanduel,Spread,Arizona Wildcats,-17.5,,-120,https://sportsbook.fanduel.ca/addToBetslip?marketId=801.152222815&selectionId=29835
2026-01-23 17:09:11,"Arizona Wildcats vs Virginia Mountaineers, 2026-01-24, 02",Arizona Wildcats,Virginia Mountaineers,betonline,Spread,Arizona Wildcats,-17.5,,-110,
2026-01-23 17:09:11,"Arizona Wildcats vs Virginia Mountaineers, 2026-01-24, 02",Arizona Wildcats,Virginia Mountaineers,betonline,Spread,Virginia Mountaineers,17.5,,-110,
2026-01-23 17:09:11,"Arizona Wildcats vs Virginia Mountaineers, 2026-01-24, 02",Arizona Wildcats,Virginia Mountaineers,pinnacle,Spread,Arizona Wildcats,-16.0,,-154,
2026-01-23 17:09:11,"Arizona Wildcats vs Virginia Mountaineers, 2026-01-24, 02",Arizona Wildcats,Virginia Mountaineers,pinnacle,Spread,Virginia Mountaineers,16.0,,+121,
2026-01-23 17:09:11,"Arizona Wildcats vs Virginia Mountaineers, 2026-01-24, 02",Arizona Wildcats,Virginia Mountaineers,pinnacle,Spread,Arizona Wildcats,-16.5,,-143,
2026-01-23 17:09:11,"Arizona Wildcats vs Virginia Mountaineers, 2026-01-24, 02",Arizona Wildcats,Virginia Mountaineers,pinnacle,Spread,Virginia Mountaineers,16.5,,+113,
2026-01-23 17:09:11,"Arizona Wildcats vs Virginia Mountaineers, 2026-01-24, 02",Arizona Wildcats,Virginia Mountaineers,pinnacle,Spread,Arizona Wildcats,-17.0,,-133,
2026-01-23 17:09:11,"Arizona Wildcats vs Virginia Mountaineers, 2026-01-24, 02",Arizona Wildcats,Virginia Mountaineers,pinnacle,Spread,Virginia Mountaineers,17.0,,+106,
2026-01-23 17:09:11,"Arizona Wildcats vs Virginia Mountaineers, 2026-01-24, 02",Arizona Wildcats,Virginia Mountaineers,pinnacle,Spread,Arizona Wildcats,-17.5,,-123,
2026-01-23 17:09:11,"Arizona Wildcats vs Virginia Mountaineers, 2026-01-24, 02",Arizona Wildcats,Virginia Mountaineers,pinnacle,Spread,Virginia Mountaineers,17.5,,-102,
2026-01-23 17:09:11,"Arizona Wildcats vs Virginia Mountaineers, 2026-01-24, 02",Arizona Wildcats,Virginia Mountaineers,pinnacle,Spread,Arizona Wildcats,-18.0,,-110,
2026-01-23 17:09:11,"Arizona Wildcats vs Virginia Mountaineers, 2026-01-24, 02",Arizona Wildcats,Virginia Mountaineers,pinnacle,Spread,Virginia Mountaineers,18.0,,-110,
2026-01-23 17:09:11,"Arizona Wildcats vs Virginia Mountaineers, 2026-01-24, 02",Arizona Wildcats,Virginia Mountaineers,pinnacle,Spread,Virginia Mountaineers,18.5,,-122,
2026-01-23 17:09:11,"Arizona Wildcats vs Virginia Mountaineers, 2026-01-24, 02",Arizona Wildcats,Virginia Mountaineers,pinnacle,Spread,Arizona Wildcats,-19.0,,+105,
2026-01-23 17:09:11,"Arizona Wildcats vs Virginia Mountaineers, 2026-01-24, 02",Arizona Wildcats,Virginia Mountaineers,pinnacle,Spread,Virginia Mountaineers,19.0,,-132,
2026-01-23 17:09:11,"Arizona Wildcats vs Virginia Mountaineers, 2026-01-24, 02",Arizona Wildcats,Virginia Mountaineers,pinnacle,Spread,Arizona Wildcats,-19.5,,+113,
2026-01-23 17:09:11,"Arizona Wildcats vs Virginia Mountaineers, 2026-01-24, 02",Arizona Wildcats,Virginia Mountaineers,pinnacle,Spread,Virginia Mountaineers,19.5,,-142,
2026-01-23 17:09:11,"Arizona Wildcats vs Virginia Mountaineers, 2026-01-24, 02",Arizona Wildcats,Virginia Mountaineers,pinnacle,Spread,Arizona Wildcats,-20.0,,+120,
2026-01-23 17:09:11,"Arizona Wildcats vs Virginia Mountaineers, 2026-01-24, 02",Arizona Wildcats,Virginia Mountaineers,pinnacle,Spread,Virginia Mountaineers,20.0,,-152,
2026-01-23 17:09:11,"Arizona Wildcats vs Virginia Mountaineers, 2026-01-24, 02",Arizona Wildcats,Virginia Mountaineers,pinnacle,Spread,Arizona Wildcats,-18.5,,-103,
2026-01-23 17:09:11,"Arizona Wildcats vs Virginia Mountaineers, 2026-01-24, 02",Arizona Wildcats,Virginia Mountaineers,draftkings,Spread,Virginia Mountaineers,17.5,,-105,https://sportsbook.draftkings.com/event/west-virginia-%40-arizona/33516272?outcomes=0HC83116647P1750_3
2026-01-23 17:09:11,"Arizona Wildcats vs Virginia Mountaineers, 2026-01-24, 02",Arizona Wildcats,Virginia Mountaineers,draftkings,Spread,Arizona Wildcats,-17.5,,-115,https://sportsbook.draftkings.com/event/west-virginia-%40-arizona/33516272?outcomes=0HC83116647N1750_1
2026-01-23 17:09:11,"Arizona Wildcats vs Virginia Mountaineers, 2026-01-24, 02",Arizona Wildcats,Virginia Mountaineers,fanduel,Total,,144.5,O,-115,https://sportsbook.fanduel.ca/addToBetslip?marketId=801.152222816&selectionId=7017823
2026-01-23 17:09:11,"Arizona Wildcats vs Virginia Mountaineers, 2026-01-24, 02",Arizona Wildcats,Virginia Mountaineers,fanduel,Total,,144.5,U,-105,https://sportsbook.fanduel.ca/addToBetslip?marketId=801.152222816&selectionId=7017824
2026-01-23 17:09:11,"Arizona Wildcats vs Virginia Mountaineers, 2026-01-24, 02",Arizona Wildcats,Virginia Mountaineers,betonline,Total,,145.0,U,-105,
2026-01-23 17:09:11,"Arizona Wildcats vs Virginia Mountaineers, 2026-01-24, 02",Arizona Wildcats,Virginia Mountaineers,betonline,Total,,145.0,O,-115,
2026-01-23 17:09:11,"Arizona Wildcats vs Virginia Mountaineers, 2026-01-24, 02",Arizona Wildcats,Virginia Mountaineers,pinnacle,Total,,145.5,U,-130,
2026-01-23 17:09:11,"Arizona Wildcats vs Virginia Mountaineers, 2026-01-24, 02",Arizona Wildcats,Virginia Mountaineers,pinnacle,Total,,145.0,O,-104,
2026-01-23 17:09:11,"Arizona Wildcats vs Virginia Mountaineers, 2026-01-24, 02",Arizona Wildcats,Virginia Mountaineers,pinnacle,Total,,145.0,U,-120,
2026-01-23 17:09:11,"Arizona Wildcats vs Virginia Mountaineers, 2026-01-24, 02",Arizona Wildcats,Virginia Mountaineers,pinnacle,Total,,144.5,O,-112,
2026-01-23 17:09:11,"Arizona Wildcats vs Virginia Mountaineers, 2026-01-24, 02",Arizona Wildcats,Virginia Mountaineers,pinnacle,Total,,144.5,U,-116,
2026-01-23 17:09:11,"Arizona Wildcats vs Virginia Mountaineers, 2026-01-24, 02",Arizona Wildcats,Virginia Mountaineers,pinnacle,Total,,144.0,O,-119,
2026-01-23 17:09:11,"Arizona Wildcats vs Virginia Mountaineers, 2026-01-24, 02",Arizona Wildcats,Virginia Mountaineers,pinnacle,Total,,144.0,U,-109,
2026-01-23 17:09:11,"Arizona Wildcats vs Virginia Mountaineers, 2026-01-24, 02",Arizona Wildcats,Virginia Mountaineers,pinnacle,Total,,143.5,O,-125,
2026-01-23 17:09:11,"Arizona Wildcats vs Virginia Mountaineers, 2026-01-24, 02",Arizona Wildcats,Virginia Mountaineers,pinnacle,Total,,143.5,U,-104,
2026-01-23 17:09:11,"Arizona Wildcats vs Virginia Mountaineers, 2026-01-24, 02",Arizona Wildcats,Virginia Mountaineers,pinnacle,Total,,143.0,O,-132,
2026-01-23 17:09:11,"Arizona Wildcats vs Virginia Mountaineers, 2026-01-24, 02",Arizona Wildcats,Virginia Mountaineers,pinnacle,Total,,143.0,U,+102,
2026-01-23 17:09:11,"Arizona Wildcats vs Virginia Mountaineers, 2026-01-24, 02",Arizona Wildcats,Virginia Mountaineers,pinnacle,Total,,145.5,O,-101,
2026-01-23 17:09:11,"Arizona Wildcats vs Virginia Mountaineers, 2026-01-24, 02",Arizona Wildcats,Virginia Mountaineers,pinnacle,Total,,146.0,U,-137,
2026-01-23 17:09:11,"Arizona Wildcats vs Virginia Mountaineers, 2026-01-24, 02",Arizona Wildcats,Virginia Mountaineers,pinnacle,Total,,146.0,O,+105,
2026-01-23 17:09:11,"Arizona Wildcats vs Virginia Mountaineers, 2026-01-24, 02",Arizona Wildcats,Virginia Mountaineers,pinnacle,Total,,146.5,U,-144,
2026-01-23 17:09:11,"Arizona Wildcats vs Virginia Mountaineers, 2026-01-24, 02",Arizona Wildcats,Virginia Mountaineers,pinnacle,Total,,147.0,O,+116,
2026-01-23 17:09:11,"Arizona Wildcats vs Virginia Mountaineers, 2026-01-24, 02",Arizona Wildcats,Virginia Mountaineers,pinnacle,Total,,147.0,U,-152,
2026-01-23 17:09:11,"Arizona Wildcats vs Virginia Mountaineers, 2026-01-24, 02",Arizona Wildcats,Virginia Mountaineers,pinnacle,Total,,146.5,O,+110,
2026-01-23 17:09:11,"Arizona Wildcats vs Virginia Mountaineers, 2026-01-24, 02",Arizona Wildcats,Virginia Mountaineers,draftkings,Total,,144.5,O,-115,https://sportsbook.draftkings.com/event/west-virginia-%40-arizona/33516272?outcomes=0OU83116647O14450_1
2026-01-23 17:09:11,"Arizona Wildcats vs Virginia Mountaineers, 2026-01-24, 02",Arizona Wildcats,Virginia Mountaineers,draftkings,Total,,144.5,U,-105,https://sportsbook.draftkings.com/event/west-virginia-%40-arizona/33516272?outcomes=0OU83116647U14450_3
2026-01-23 17:09:11,"Arkansas Razorbacks vs Louisiana State Tigers, 2026-01-24, 05",Arkansas Razorbacks,Louisiana State Tigers,draftkings,Spread,Louisiana State Tigers,9.5,,+100,https://sportsbook.draftkings.com/event/lsu-%40-arkansas/33516281?outcomes=0HC83116665P950_3
2026-01-23 17:09:11,"Arkansas Razorbacks vs Louisiana State Tigers, 2026-01-24, 05",Arkansas Razorbacks,Louisiana State Tigers,draftkings,Spread,Arkansas Razorbacks,-9.5,,-120,https://sportsbook.draftkings.com/event/lsu-%40-arkansas/33516281?outcomes=0HC83116665N950_1
2026-01-23 17:09:11,"Arkansas Razorbacks vs Louisiana State Tigers, 2026-01-24, 05",Arkansas Razorbacks,Louisiana State Tigers,draftkings,Total,,165.5,O,-110,https://sportsbook.draftkings.com/event/lsu-%40-arkansas/33516281?outcomes=0OU83116665O16550_1
2026-01-23 17:09:11,"Arkansas Razorbacks vs Louisiana State Tigers, 2026-01-24, 05",Arkansas Razorbacks,Louisiana State Tigers,draftkings,Total,,165.5,U,-110,https://sportsbook.draftkings.com/event/lsu-%40-arkansas/33516281?outcomes=0OU83116665U16550_3
2026-01-23 17:09:11,"Baylor Bears vs Texas Horned Frogs, 2026-01-24, 06",Baylor Bears,Texas Horned Frogs,draftkings,Spread,Texas Horned Frogs,3.5,,-110,https://sportsbook.draftkings.com/event/tcu-%40-baylor/33516858?outcomes=0HC83117963P350_3
2026-01-23 17:09:11,"Baylor Bears vs Texas Horned Frogs, 2026-01-24, 06",Baylor Bears,Texas Horned Frogs,draftkings,Spread,Baylor Bears,-3.5,,-110,https://sportsbook.draftkings.com/event/tcu-%40-baylor/33516858?outcomes=0HC83117963N350_1
2026-01-23 17:09:11,"Baylor Bears vs Texas Horned Frogs, 2026-01-24, 06",Baylor Bears,Texas Horned Frogs,draftkings,Total,,151.5,O,-110,https://sportsbook.draftkings.com/event/tcu-%40-baylor/33516858?outcomes=0OU83117963O15150_1
2026-01-23 17:09:11,"Baylor Bears vs Texas Horned Frogs, 2026-01-24, 06",Baylor Bears,Texas Horned Frogs,draftkings,Total,,151.5,U,-110,https://sportsbook.draftkings.com/event/tcu-%40-baylor/33516858?outcomes=0OU83117963U15150_3
2026-01-23 17:09:11,"Brigham Young Cougars vs Utah Utes, 2026-01-24, 05",Brigham Young Cougars,Utah Utes,draftkings,Spread,Utah Utes,18.5,,+100,https://sportsbook.draftkings.com/event/utah-%40-byu/33516276?outcomes=0HC83116660P1850_3
2026-01-23 17:09:11,"Brigham Young Cougars vs Utah Utes, 2026-01-24, 05",Brigham Young Cougars,Utah Utes,draftkings,Spread,Brigham Young Cougars,-18.5,,-120,https://sportsbook.draftkings.com/event/utah-%40-byu/33516276?outcomes=0HC83116660N1850_1
2026-01-23 17:09:11,"Brigham Young Cougars vs Utah Utes, 2026-01-24, 05",Brigham Young Cougars,Utah Utes,draftkings,Total,,165.5,O,-110,https://sportsbook.draftkings.com/event/utah-%40-byu/33516276?outcomes=0OU83116660O16550_1
2026-01-23 17:09:11,"Brigham Young Cougars vs Utah Utes, 2026-01-24, 05",Brigham Young Cougars,Utah Utes,draftkings,Total,,165.5,U,-110,https://sportsbook.draftkings.com/event/utah-%40-byu/33516276?outcomes=0OU83116660U16550_3
2026-01-23 17:09:11,"Buffalo Bulls vs Massachusetts Minutemen, 2026-01-23, 07",Buffalo Bulls,Massachusetts Minutemen,pinnacle,Spread,Buffalo Bulls,-1.0,,+113,
2026-01-23 17:09:11,"Buffalo Bulls vs Massachusetts Minutemen, 2026-01-23, 07",Buffalo Bulls,Massachusetts Minutemen,pinnacle,Spread,Massachusetts Minutemen,1.0,,-137,
2026-01-23 17:09:11,"Buffalo Bulls vs Massachusetts Minutemen, 2026-01-23, 07",Buffalo Bulls,Massachusetts Minutemen,pinnacle,Spread,Buffalo Bulls,-1.5,,+119,
2026-01-23 17:09:11,"Buffalo Bulls vs Massachusetts Minutemen, 2026-01-23, 07",Buffalo Bulls,Massachusetts Minutemen,pinnacle,Spread,Massachusetts Minutemen,1.5,,-145,
2026-01-23 17:09:11,"Buffalo Bulls vs Massachusetts Minutemen, 2026-01-23, 07",Buffalo Bulls,Massachusetts Minutemen,pinnacle,Spread,Massachusetts Minutemen,-1.0,,-123,
2026-01-23 17:09:11,"Buffalo Bulls vs Massachusetts Minutemen, 2026-01-23, 07",Buffalo Bulls,Massachusetts Minutemen,pinnacle,Spread,Buffalo Bulls,1.0,,+101,
2026-01-23 17:09:11,"Buffalo Bulls vs Massachusetts Minutemen, 2026-01-23, 07",Buffalo Bulls,Massachusetts Minutemen,pinnacle,Spread,Massachusetts Minutemen,-1.5,,-115,
2026-01-23 17:09:11,"Buffalo Bulls vs Massachusetts Minutemen, 2026-01-23, 07",Buffalo Bulls,Massachusetts Minutemen,pinnacle,Spread,Buffalo Bulls,1.5,,-105,
2026-01-23 17:09:11,"Buffalo Bulls vs Massachusetts Minutemen, 2026-01-23, 07",Buffalo Bulls,Massachusetts Minutemen,pinnacle,Spread,Buffalo Bulls,4.0,,-162,
2026-01-23 17:09:11,"Buffalo Bulls vs Massachusetts Minutemen, 2026-01-23, 07",Buffalo Bulls,Massachusetts Minutemen,pinnacle,Spread,Massachusetts Minutemen,-4.0,,+132,
2026-01-23 17:09:11,"Buffalo Bulls vs Massachusetts Minutemen, 2026-01-23, 07",Buffalo Bulls,Massachusetts Minutemen,pinnacle,Spread,Buffalo Bulls,3.5,,-151,
2026-01-23 17:09:11,"Buffalo Bulls vs Massachusetts Minutemen, 2026-01-23, 07",Buffalo Bulls,Massachusetts Minutemen,pinnacle,Spread,Massachusetts Minutemen,-3.5,,+124,
2026-01-23 17:09:11,"Buffalo Bulls vs Massachusetts Minutemen, 2026-01-23, 07",Buffalo Bulls,Massachusetts Minutemen,pinnacle,Spread,Buffalo Bulls,3.0,,-140,
2026-01-23 17:09:11,"Buffalo Bulls vs Massachusetts Minutemen, 2026-01-23, 07",Buffalo Bulls,Massachusetts Minutemen,pinnacle,Spread,Massachusetts Minutemen,-3.0,,+115,
2026-01-23 17:09:11,"Buffalo Bulls vs Massachusetts Minutemen, 2026-01-23, 07",Buffalo Bulls,Massachusetts Minutemen,pinnacle,Spread,Buffalo Bulls,2.5,,-129,
2026-01-23 17:09:11,"Buffalo Bulls vs Massachusetts Minutemen, 2026-01-23, 07",Buffalo Bulls,Massachusetts Minutemen,pinnacle,Spread,Massachusetts Minutemen,-2.5,,+107,
2026-01-23 17:09:11,"Buffalo Bulls vs Massachusetts Minutemen, 2026-01-23, 07",Buffalo Bulls,Massachusetts Minutemen,pinnacle,Spread,Buffalo Bulls,2.0,,-114,
2026-01-23 17:09:11,"Buffalo Bulls vs Massachusetts Minutemen, 2026-01-23, 07",Buffalo Bulls,Massachusetts Minutemen,pinnacle,Spread,Massachusetts Minutemen,-2.0,,-102,
2026-01-23 17:09:11,"Buffalo Bulls vs Massachusetts Minutemen, 2026-01-23, 07",Buffalo Bulls,Massachusetts Minutemen,fanduel,Spread,Buffalo Bulls,-0.5,,+120,https://sportsbook.fanduel.ca/addToBetslip?marketId=801.154156957&selectionId=663940
2026-01-23 17:09:11,"Buffalo Bulls vs Massachusetts Minutemen, 2026-01-23, 07",Buffalo Bulls,Massachusetts Minutemen,fanduel,Spread,Buffalo Bulls,2.5,,-115,https://sportsbook.fanduel.ca/addToBetslip?marketId=801.154109179&selectionId=663940
2026-01-23 17:09:11,"Buffalo Bulls vs Massachusetts Minutemen, 2026-01-23, 07",Buffalo Bulls,Massachusetts Minutemen,fanduel,Spread,Massachusetts Minutemen,-5.5,,+162,https://sportsbook.fanduel.ca/addToBetslip?marketId=801.154156909&selectionId=38519680
2026-01-23 17:09:11,"Buffalo Bulls vs Massachusetts Minutemen, 2026-01-23, 07",Buffalo Bulls,Massachusetts Minutemen,fanduel,Spread,Buffalo Bulls,5.5,,-210,https://sportsbook.fanduel.ca/addToBetslip?marketId=801.154156909&selectionId=663940
2026-01-23 17:09:11,"Buffalo Bulls vs Massachusetts Minutemen, 2026-01-23, 07",Buffalo Bulls,Massachusetts Minutemen,fanduel,Spread,Massachusetts Minutemen,-8.5,,+250,https://sportsbook.fanduel.ca/addToBetslip?marketId=801.154156905&selectionId=38519680
2026-01-23 17:09:11,"Buffalo Bulls vs Massachusetts Minutemen, 2026-01-23, 07",Buffalo Bulls,Massachusetts Minutemen,fanduel,Spread,Buffalo Bulls,8.5,,-340,https://sportsbook.fanduel.ca/addToBetslip?marketId=801.154156905&selectionId=663940
2026-01-23 17:09:11,"Buffalo Bulls vs Massachusetts Minutemen, 2026-01-23, 07",Buffalo Bulls,Massachusetts Minutemen,fanduel,Spread,Massachusetts Minutemen,3.5,,-265,https://sportsbook.fanduel.ca/addToBetslip?marketId=801.154156970&selectionId=38519680
2026-01-23 17:09:11,"Buffalo Bulls vs Massachusetts Minutemen, 2026-01-23, 07",Buffalo Bulls,Massachusetts Minutemen,fanduel,Spread,Buffalo Bulls,-3.5,,+200,https://sportsbook.fanduel.ca/addToBetslip?marketId=801.154156970&selectionId=663940
2026-01-23 17:09:11,"Buffalo Bulls vs Massachusetts Minutemen, 2026-01-23, 07",Buffalo Bulls,Massachusetts Minutemen,fanduel,Spread,Massachusetts Minutemen,6.5,,-460,https://sportsbook.fanduel.ca/addToBetslip?marketId=801.154156907&selectionId=38519680
2026-01-23 17:09:11,"Buffalo Bulls vs Massachusetts Minutemen, 2026-01-23, 07",Buffalo Bulls,Massachusetts Minutemen,fanduel,Spread,Buffalo Bulls,-6.5,,+320,https://sportsbook.fanduel.ca/addToBetslip?marketId=801.154156907&selectionId=663940
2026-01-23 17:09:11,"Buffalo Bulls vs Massachusetts Minutemen, 2026-01-23, 07",Buffalo Bulls,Massachusetts Minutemen,fanduel,Spread,Massachusetts Minutemen,-11.5,,+390,https://sportsbook.fanduel.ca/addToBetslip?marketId=801.154156936&selectionId=38519680
2026-01-23 17:09:11,"Buffalo Bulls vs Massachusetts Minutemen, 2026-01-23, 07",Buffalo Bulls,Massachusetts Minutemen,fanduel,Spread,Buffalo Bulls,11.5,,-590,https://sportsbook.fanduel.ca/addToBetslip?marketId=801.154156936&selectionId=663940
2026-01-23 17:09:11,"Buffalo Bulls vs Massachusetts Minutemen, 2026-01-23, 07",Buffalo Bulls,Massachusetts Minutemen,fanduel,Spread,Massachusetts Minutemen,-2.5,,-105,https://sportsbook.fanduel.ca/addToBetslip?marketId=801.154109179&selectionId=38519680
2026-01-23 17:09:11,"Buffalo Bulls vs Massachusetts Minutemen, 2026-01-23, 07",Buffalo Bulls,Massachusetts Minutemen,fanduel,Spread,Massachusetts Minutemen,0.5,,-154,https://sportsbook.fanduel.ca/addToBetslip?marketId=801.154156957&selectionId=38519680
2026-01-23 17:09:11,"Buffalo Bulls vs Massachusetts Minutemen, 2026-01-23, 07",Buffalo Bulls,Massachusetts Minutemen,betonline,Spread,Buffalo Bulls,2.0,,-110,
2026-01-23 17:09:11,"Buffalo Bulls vs Massachusetts Minutemen, 2026-01-23, 07",Buffalo Bulls,Massachusetts Minutemen,betonline,Spread,Massachusetts Minutemen,-2.0,,-110,
2026-01-23 17:09:11,"Buffalo Bulls vs Massachusetts Minutemen, 2026-01-23, 07",Buffalo Bulls,Massachusetts Minutemen,draftkings,Spread,Massachusetts Minutemen,-2.5,,-105,https://sportsbook.draftkings.com/event/umass-%40-buffalo/33510245?outcomes=0HC83102592N250_3
2026-01-23 17:09:11,"Buffalo Bulls vs Massachusetts Minutemen, 2026-01-23, 07",Buffalo Bulls,Massachusetts Minutemen,draftkings,Spread,Buffalo Bulls,2.5,,-115,https://sportsbook.draftkings.com/event/umass-%40-buffalo/33510245?outcomes=0HC83102592P250_1
2026-01-23 17:09:11,"Buffalo Bulls vs Massachusetts Minutemen, 2026-01-23, 07",Buffalo Bulls,Massachusetts Minutemen,draftkings,Spread,Massachusetts Minutemen,-14.5,,+448,https://sportsbook.draftkings.com/event/umass-%40-buffalo/33510245?outcomes=0HC83106934N1450_3
2026-01-23 17:09:11,"Buffalo Bulls vs Massachusetts Minutemen, 2026-01-23, 07",Buffalo Bulls,Massachusetts Minutemen,draftkings,Spread,Buffalo Bulls,-1.5,,+123,https://sportsbook.draftkings.com/event/umass-%40-buffalo/33510245?outcomes=0HC83106934N150_1
2026-01-23 17:09:11,"Buffalo Bulls vs Massachusetts Minutemen, 2026-01-23, 07",Buffalo Bulls,Massachusetts Minutemen,draftkings,Spread,Massachusetts Minutemen,2.5,,-200,https://sportsbook.draftkings.com/event/umass-%40-buffalo/33510245?outcomes=0HC83106934P250_3
2026-01-23 17:09:11,"Buffalo Bulls vs Massachusetts Minutemen, 2026-01-23, 07",Buffalo Bulls,Massachusetts Minutemen,draftkings,Spread,Buffalo Bulls,-2.5,,+144,https://sportsbook.draftkings.com/event/umass-%40-buffalo/33510245?outcomes=0HC83106934N250_1
2026-01-23 17:09:11,"Buffalo Bulls vs Massachusetts Minutemen, 2026-01-23, 07",Buffalo Bulls,Massachusetts Minutemen,draftkings,Spread,Massachusetts Minutemen,3.5,,-237,https://sportsbook.draftkings.com/event/umass-%40-buffalo/33510245?outcomes=0HC83106934P350_3
2026-01-23 17:09:11,"Buffalo Bulls vs Massachusetts Minutemen, 2026-01-23, 07",Buffalo Bulls,Massachusetts Minutemen,draftkings,Spread,Buffalo Bulls,-3.5,,+168,https://sportsbook.draftkings.com/event/umass-%40-buffalo/33510245?outcomes=0HC83106934N350_1
2026-01-23 17:09:11,"Buffalo Bulls vs Massachusetts Minutemen, 2026-01-23, 07",Buffalo Bulls,Massachusetts Minutemen,draftkings,Spread,Massachusetts Minutemen,4.5,,-268,https://sportsbook.draftkings.com/event/umass-%40-buffalo/33510245?outcomes=0HC83106934P450_3
2026-01-23 17:09:11,"Buffalo Bulls vs Massachusetts Minutemen, 2026-01-23, 07",Buffalo Bulls,Massachusetts Minutemen,draftkings,Spread,Buffalo Bulls,-4.5,,+188,https://sportsbook.draftkings.com/event/umass-%40-buffalo/33510245?outcomes=0HC83106934N450_1
2026-01-23 17:09:11,"Buffalo Bulls vs Massachusetts Minutemen, 2026-01-23, 07",Buffalo Bulls,Massachusetts Minutemen,draftkings,Spread,Massachusetts Minutemen,5.5,,-306,https://sportsbook.draftkings.com/event/umass-%40-buffalo/33510245?outcomes=0HC83106934P550_3
2026-01-23 17:09:11,"Buffalo Bulls vs Massachusetts Minutemen, 2026-01-23, 07",Buffalo Bulls,Massachusetts Minutemen,draftkings,Spread,Buffalo Bulls,-5.5,,+211,https://sportsbook.draftkings.com/event/umass-%40-buffalo/33510245?outcomes=0HC83106934N550_1
2026-01-23 17:09:11,"Buffalo Bulls vs Massachusetts Minutemen, 2026-01-23, 07",Buffalo Bulls,Massachusetts Minutemen,draftkings,Spread,Massachusetts Minutemen,6.5,,-352,https://sportsbook.draftkings.com/event/umass-%40-buffalo/33510245?outcomes=0HC83106934P650_3
2026-01-23 17:09:11,"Buffalo Bulls vs Massachusetts Minutemen, 2026-01-23, 07",Buffalo Bulls,Massachusetts Minutemen,draftkings,Spread,Buffalo Bulls,-6.5,,+237,https://sportsbook.draftkings.com/event/umass-%40-buffalo/33510245?outcomes=0HC83106934N650_1
2026-01-23 17:09:11,"Buffalo Bulls vs Massachusetts Minutemen, 2026-01-23, 07",Buffalo Bulls,Massachusetts Minutemen,draftkings,Spread,Massachusetts Minutemen,7.5,,-399,https://sportsbook.draftkings.com/event/umass-%40-buffalo/33510245?outcomes=0HC83106934P750_3
2026-01-23 17:09:11,"Buffalo Bulls vs Massachusetts Minutemen, 2026-01-23, 07",Buffalo Bulls,Massachusetts Minutemen,draftkings,Spread,Buffalo Bulls,-7.5,,+263,https://sportsbook.draftkings.com/event/umass-%40-buffalo/33510245?outcomes=0HC83106934N750_1
2026-01-23 17:09:11,"Buffalo Bulls vs Massachusetts Minutemen, 2026-01-23, 07",Buffalo Bulls,Massachusetts Minutemen,draftkings,Spread,Massachusetts Minutemen,8.5,,-468,https://sportsbook.draftkings.com/event/umass-%40-buffalo/33510245?outcomes=0HC83106934P850_3
2026-01-23 17:09:11,"Buffalo Bulls vs Massachusetts Minutemen, 2026-01-23, 07",Buffalo Bulls,Massachusetts Minutemen,draftkings,Spread,Buffalo Bulls,-8.5,,+298,https://sportsbook.draftkings.com/event/umass-%40-buffalo/33510245?outcomes=0HC83106934N850_1
2026-01-23 17:09:11,"Buffalo Bulls vs Massachusetts Minutemen, 2026-01-23, 07",Buffalo Bulls,Massachusetts Minutemen,draftkings,Spread,Massachusetts Minutemen,9.5,,-574,https://sportsbook.draftkings.com/event/umass-%40-buffalo/33510245?outcomes=0HC83106934P950_3
2026-01-23 17:09:11,"Buffalo Bulls vs Massachusetts Minutemen, 2026-01-23, 07",Buffalo Bulls,Massachusetts Minutemen,draftkings,Spread,Buffalo Bulls,-9.5,,+347,https://sportsbook.draftkings.com/event/umass-%40-buffalo/33510245?outcomes=0HC83106934N950_1
2026-01-23 17:09:11,"Buffalo Bulls vs Massachusetts Minutemen, 2026-01-23, 07",Buffalo Bulls,Massachusetts Minutemen,draftkings,Spread,Massachusetts Minutemen,10.5,,-690,https://sportsbook.draftkings.com/event/umass-%40-buffalo/33510245?outcomes=0HC83106934P1050_3
2026-01-23 17:09:11,"Buffalo Bulls vs Massachusetts Minutemen, 2026-01-23, 07",Buffalo Bulls,Massachusetts Minutemen,draftkings,Spread,Buffalo Bulls,-10.5,,+394,https://sportsbook.draftkings.com/event/umass-%40-buffalo/33510245?outcomes=0HC83106934N1050_1
2026-01-23 17:09:11,"Buffalo Bulls vs Massachusetts Minutemen, 2026-01-23, 07",Buffalo Bulls,Massachusetts Minutemen,draftkings,Spread,Massachusetts Minutemen,11.5,,-840,https://sportsbook.draftkings.com/event/umass-%40-buffalo/33510245?outcomes=0HC83106934P1150_3
2026-01-23 17:09:11,"Buffalo Bulls vs Massachusetts Minutemen, 2026-01-23, 07",Buffalo Bulls,Massachusetts Minutemen,draftkings,Spread,Buffalo Bulls,-11.5,,+450,https://sportsbook.draftkings.com/event/umass-%40-buffalo/33510245?outcomes=0HC83106934N1150_1
2026-01-23 17:09:11,"Buffalo Bulls vs Massachusetts Minutemen, 2026-01-23, 07",Buffalo Bulls,Massachusetts Minutemen,draftkings,Spread,Massachusetts Minutemen,1.5,,-169,https://sportsbook.draftkings.com/event/umass-%40-buffalo/33510245?outcomes=0HC83106934P150_3
2026-01-23 17:09:11,"Buffalo Bulls vs Massachusetts Minutemen, 2026-01-23, 07",Buffalo Bulls,Massachusetts Minutemen,draftkings,Spread,Buffalo Bulls,1.5,,-105,https://sportsbook.draftkings.com/event/umass-%40-buffalo/33510245?outcomes=0HC83106934P150_1
2026-01-23 17:09:11,"Buffalo Bulls vs Massachusetts Minutemen, 2026-01-23, 07",Buffalo Bulls,Massachusetts Minutemen,draftkings,Spread,Massachusetts Minutemen,-1.5,,-130,https://sportsbook.draftkings.com/event/umass-%40-buffalo/33510245?outcomes=0HC83106934N150_3
2026-01-23 17:09:11,"Buffalo Bulls vs Massachusetts Minutemen, 2026-01-23, 07",Buffalo Bulls,Massachusetts Minutemen,draftkings,Spread,Buffalo Bulls,3.5,,-145,https://sportsbook.draftkings.com/event/umass-%40-buffalo/33510245?outcomes=0HC83106934P350_1
2026-01-23 17:09:11,"Buffalo Bulls vs Massachusetts Minutemen, 2026-01-23, 07",Buffalo Bulls,Massachusetts Minutemen,draftkings,Spread,Buffalo Bulls,14.5,,-840,https://sportsbook.draftkings.com/event/umass-%40-buffalo/33510245?outcomes=0HC83106934P1450_1
2026-01-23 17:09:11,"Buffalo Bulls vs Massachusetts Minutemen, 2026-01-23, 07",Buffalo Bulls,Massachusetts Minutemen,draftkings,Spread,Massachusetts Minutemen,-13.5,,+387,https://sportsbook.draftkings.com/event/umass-%40-buffalo/33510245?outcomes=0HC83106934N1350_3
2026-01-23 17:09:11,"Buffalo Bulls vs Massachusetts Minutemen, 2026-01-23, 07",Buffalo Bulls,Massachusetts Minutemen,draftkings,Spread,Buffalo Bulls,13.5,,-670,https://sportsbook.draftkings.com/event/umass-%40-buffalo/33510245?outcomes=0HC83106934P1350_1
2026-01-23 17:09:11,"Buffalo Bulls vs Massachusetts Minutemen, 2026-01-23, 07",Buffalo Bulls,Massachusetts Minutemen,draftkings,Spread,Massachusetts Minutemen,-12.5,,+344,https://sportsbook.draftkings.com/event/umass-%40-buffalo/33510245?outcomes=0HC83106934N1250_3
2026-01-23 17:09:11,"Buffalo Bulls vs Massachusetts Minutemen, 2026-01-23, 07",Buffalo Bulls,Massachusetts Minutemen,draftkings,Spread,Buffalo Bulls,12.5,,-569,https://sportsbook.draftkings.com/event/umass-%40-buffalo/33510245?outcomes=0HC83106934P1250_1
2026-01-23 17:09:11,"Buffalo Bulls vs Massachusetts Minutemen, 2026-01-23, 07",Buffalo Bulls,Massachusetts Minutemen,draftkings,Spread,Massachusetts Minutemen,-11.5,,+299,https://sportsbook.draftkings.com/event/umass-%40-buffalo/33510245?outcomes=0HC83106934N1150_3
2026-01-23 17:09:11,"Buffalo Bulls vs Massachusetts Minutemen, 2026-01-23, 07",Buffalo Bulls,Massachusetts Minutemen,draftkings,Spread,Buffalo Bulls,11.5,,-470,https://sportsbook.draftkings.com/event/umass-%40-buffalo/33510245?outcomes=0HC83106934P1150_1
2026-01-23 17:09:11,"Buffalo Bulls vs Massachusetts Minutemen, 2026-01-23, 07",Buffalo Bulls,Massachusetts Minutemen,draftkings,Spread,Massachusetts Minutemen,-10.5,,+258,https://sportsbook.draftkings.com/event/umass-%40-buffalo/33510245?outcomes=0HC83106934N1050_3
2026-01-23 17:09:11,"Buffalo Bulls vs Massachusetts Minutemen, 2026-01-23, 07",Buffalo Bulls,Massachusetts Minutemen,draftkings,Spread,Buffalo Bulls,10.5,,-391,https://sportsbook.draftkings.com/event/umass-%40-buffalo/33510245?outcomes=0HC83106934P1050_1
2026-01-23 17:09:11,"Buffalo Bulls vs Massachusetts Minutemen, 2026-01-23, 07",Buffalo Bulls,Massachusetts Minutemen,draftkings,Spread,Massachusetts Minutemen,-9.5,,+221,https://sportsbook.draftkings.com/event/umass-%40-buffalo/33510245?outcomes=0HC83106934N950_3
2026-01-23 17:09:11,"Buffalo Bulls vs Massachusetts Minutemen, 2026-01-23, 07",Buffalo Bulls,Massachusetts Minutemen,draftkings,Spread,Buffalo Bulls,9.5,,-324,https://sportsbook.draftkings.com/event/umass-%40-buffalo/33510245?outcomes=0HC83106934P950_1
2026-01-23 17:09:11,"Buffalo Bulls vs Massachusetts Minutemen, 2026-01-23, 07",Buffalo Bulls,Massachusetts Minutemen,draftkings,Spread,Buffalo Bulls,8.5,,-277,https://sportsbook.draftkings.com/event/umass-%40-buffalo/33510245?outcomes=0HC83106934P850_1
2026-01-23 17:09:11,"Buffalo Bulls vs Massachusetts Minutemen, 2026-01-23, 07",Buffalo Bulls,Massachusetts Minutemen,draftkings,Spread,Massachusetts Minutemen,-7.5,,+168,https://sportsbook.draftkings.com/event/umass-%40-buffalo/33510245?outcomes=0HC83106934N750_3
2026-01-23 17:09:11,"Buffalo Bulls vs Massachusetts Minutemen, 2026-01-23, 07",Buffalo Bulls,Massachusetts Minutemen,draftkings,Spread,Buffalo Bulls,7.5,,-237,https://sportsbook.draftkings.com/event/umass-%40-buffalo/33510245?outcomes=0HC83106934P750_1
2026-01-23 17:09:11,"Buffalo Bulls vs Massachusetts Minutemen, 2026-01-23, 07",Buffalo Bulls,Massachusetts Minutemen,draftkings,Spread,Massachusetts Minutemen,-6.5,,+150,https://sportsbook.draftkings.com/event/umass-%40-buffalo/33510245?outcomes=0HC83106934N650_3
2026-01-23 17:09:11,"Buffalo Bulls vs Massachusetts Minutemen, 2026-01-23, 07",Buffalo Bulls,Massachusetts Minutemen,draftkings,Spread,Buffalo Bulls,6.5,,-208,https://sportsbook.draftkings.com/event/umass-%40-buffalo/33510245?outcomes=0HC83106934P650_1
2026-01-23 17:09:11,"Buffalo Bulls vs Massachusetts Minutemen, 2026-01-23, 07",Buffalo Bulls,Massachusetts Minutemen,draftkings,Spread,Massachusetts Minutemen,-5.5,,+135,https://sportsbook.draftkings.com/event/umass-%40-buffalo/33510245?outcomes=0HC83106934N550_3
2026-01-23 17:09:11,"Buffalo Bulls vs Massachusetts Minutemen, 2026-01-23, 07",Buffalo Bulls,Massachusetts Minutemen,draftkings,Spread,Buffalo Bulls,5.5,,-186,https://sportsbook.draftkings.com/event/umass-%40-buffalo/33510245?outcomes=0HC83106934P550_1
2026-01-23 17:09:11,"Buffalo Bulls vs Massachusetts Minutemen, 2026-01-23, 07",Buffalo Bulls,Massachusetts Minutemen,draftkings,Spread,Massachusetts Minutemen,-4.5,,+120,https://sportsbook.draftkings.com/event/umass-%40-buffalo/33510245?outcomes=0HC83106934N450_3
2026-01-23 17:09:11,"Buffalo Bulls vs Massachusetts Minutemen, 2026-01-23, 07",Buffalo Bulls,Massachusetts Minutemen,draftkings,Spread,Buffalo Bulls,4.5,,-164,https://sportsbook.draftkings.com/event/umass-%40-buffalo/33510245?outcomes=0HC83106934P450_1
2026-01-23 17:09:11,"Buffalo Bulls vs Massachusetts Minutemen, 2026-01-23, 07",Buffalo Bulls,Massachusetts Minutemen,draftkings,Spread,Massachusetts Minutemen,-3.5,,+106,https://sportsbook.draftkings.com/event/umass-%40-buffalo/33510245?outcomes=0HC83106934N350_3
2026-01-23 17:09:11,"Buffalo Bulls vs Massachusetts Minutemen, 2026-01-23, 07",Buffalo Bulls,Massachusetts Minutemen,draftkings,Spread,Massachusetts Minutemen,-8.5,,+193,https://sportsbook.draftkings.com/event/umass-%40-buffalo/33510245?outcomes=0HC83106934N850_3
2026-01-23 17:09:11,"Buffalo Bulls vs Massachusetts Minutemen, 2026-01-23, 07",Buffalo Bulls,Massachusetts Minutemen,pinnacle,Total,,157.5,U,+109,
2026-01-23 17:09:11,"Buffalo Bulls vs Massachusetts Minutemen, 2026-01-23, 07",Buffalo Bulls,Massachusetts Minutemen,pinnacle,Total,,161.5,O,+112,
2026-01-23 17:09:11,"Buffalo Bulls vs Massachusetts Minutemen, 2026-01-23, 07",Buffalo Bulls,Massachusetts Minutemen,pinnacle,Total,,161.5,U,-141,
2026-01-23 17:09:11,"Buffalo Bulls vs Massachusetts Minutemen, 2026-01-23, 07",Buffalo Bulls,Massachusetts Minutemen,pinnacle,Total,,161.0,O,+107,
2026-01-23 17:09:11,"Buffalo Bulls vs Massachusetts Minutemen, 2026-01-23, 07",Buffalo Bulls,Massachusetts Minutemen,pinnacle,Total,,161.0,U,-134,
2026-01-23 17:09:11,"Buffalo Bulls vs Massachusetts Minutemen, 2026-01-23, 07",Buffalo Bulls,Massachusetts Minutemen,pinnacle,Total,,160.5,O,+101,
2026-01-23 17:09:11,"Buffalo Bulls vs Massachusetts Minutemen, 2026-01-23, 07",Buffalo Bulls,Massachusetts Minutemen,pinnacle,Total,,160.5,U,-127,
2026-01-23 17:09:11,"Buffalo Bulls vs Massachusetts Minutemen, 2026-01-23, 07",Buffalo Bulls,Massachusetts Minutemen,pinnacle,Total,,160.0,O,-104,
2026-01-23 17:09:11,"Buffalo Bulls vs Massachusetts Minutemen, 2026-01-23, 07",Buffalo Bulls,Massachusetts Minutemen,pinnacle,Total,,160.0,U,-121,
2026-01-23 17:09:11,"Buffalo Bulls vs Massachusetts Minutemen, 2026-01-23, 07",Buffalo Bulls,Massachusetts Minutemen,pinnacle,Total,,159.5,O,-108,
2026-01-23 17:09:11,"Buffalo Bulls vs Massachusetts Minutemen, 2026-01-23, 07",Buffalo Bulls,Massachusetts Minutemen,pinnacle,Total,,159.5,U,-112,
2026-01-23 17:09:11,"Buffalo Bulls vs Massachusetts Minutemen, 2026-01-23, 07",Buffalo Bulls,Massachusetts Minutemen,pinnacle,Total,,159.0,O,-116,
2026-01-23 17:09:11,"Buffalo Bulls vs Massachusetts Minutemen, 2026-01-23, 07",Buffalo Bulls,Massachusetts Minutemen,pinnacle,Total,,159.0,U,-108,
2026-01-23 17:09:11,"Buffalo Bulls vs Massachusetts Minutemen, 2026-01-23, 07",Buffalo Bulls,Massachusetts Minutemen,pinnacle,Total,,158.5,O,-123,
2026-01-23 17:09:11,"Buffalo Bulls vs Massachusetts Minutemen, 2026-01-23, 07",Buffalo Bulls,Massachusetts Minutemen,pinnacle,Total,,158.5,U,-102,
2026-01-23 17:09:11,"Buffalo Bulls vs Massachusetts Minutemen, 2026-01-23, 07",Buffalo Bulls,Massachusetts Minutemen,pinnacle,Total,,158.0,O,-130,
2026-01-23 17:09:11,"Buffalo Bulls vs Massachusetts Minutemen, 2026-01-23, 07",Buffalo Bulls,Massachusetts Minutemen,pinnacle,Total,,158.0,U,+104,
2026-01-23 17:09:11,"Buffalo Bulls vs Massachusetts Minutemen, 2026-01-23, 07",Buffalo Bulls,Massachusetts Minutemen,pinnacle,Total,,157.5,O,-137,
2026-01-23 17:09:11,"Buffalo Bulls vs Massachusetts Minutemen, 2026-01-23, 07",Buffalo Bulls,Massachusetts Minutemen,fanduel,Total,,159.5,U,-115,https://sportsbook.fanduel.ca/addToBetslip?marketId=801.154109178&selectionId=7017824
2026-01-23 17:09:11,"Buffalo Bulls vs Massachusetts Minutemen, 2026-01-23, 07",Buffalo Bulls,Massachusetts Minutemen,fanduel,Total,,150.5,O,-305,https://sportsbook.fanduel.ca/addToBetslip?marketId=801.154156917&selectionId=7017823
2026-01-23 17:09:11,"Buffalo Bulls vs Massachusetts Minutemen, 2026-01-23, 07",Buffalo Bulls,Massachusetts Minutemen,fanduel,Total,,150.5,U,+220,https://sportsbook.fanduel.ca/addToBetslip?marketId=801.154156917&selectionId=7017824
2026-01-23 17:09:11,"Buffalo Bulls vs Massachusetts Minutemen, 2026-01-23, 07",Buffalo Bulls,Massachusetts Minutemen,fanduel,Total,,165.5,O,+162,https://sportsbook.fanduel.ca/addToBetslip?marketId=801.154156978&selectionId=7017823
2026-01-23 17:09:11,"Buffalo Bulls vs Massachusetts Minutemen, 2026-01-23, 07",Buffalo Bulls,Massachusetts Minutemen,fanduel,Total,,165.5,U,-215,https://sportsbook.fanduel.ca/addToBetslip?marketId=801.154156978&selectionId=7017824
2026-01-23 17:09:11,"Buffalo Bulls vs Massachusetts Minutemen, 2026-01-23, 07",Buffalo Bulls,Massachusetts Minutemen,fanduel,Total,,162.5,O,+122,https://sportsbook.fanduel.ca/addToBetslip?marketId=801.154156953&selectionId=7017823
2026-01-23 17:09:11,"Buffalo Bulls vs Massachusetts Minutemen, 2026-01-23, 07",Buffalo Bulls,Massachusetts Minutemen,fanduel,Total,,162.5,U,-160,https://sportsbook.fanduel.ca/addToBetslip?marketId=801.154156953&selectionId=7017824
2026-01-23 17:09:11,"Buffalo Bulls vs Massachusetts Minutemen, 2026-01-23, 07",Buffalo Bulls,Massachusetts Minutemen,fanduel,Total,,168.5,O,+215,https://sportsbook.fanduel.ca/addToBetslip?marketId=801.154156961&selectionId=7017823
2026-01-23 17:09:11,"Buffalo Bulls vs Massachusetts Minutemen, 2026-01-23, 07",Buffalo Bulls,Massachusetts Minutemen,fanduel,Total,,168.5,U,-295,https://sportsbook.fanduel.ca/addToBetslip?marketId=801.154156961&selectionId=7017824
2026-01-23 17:09:11,"Buffalo Bulls vs Massachusetts Minutemen, 2026-01-23, 07",Buffalo Bulls,Massachusetts Minutemen,fanduel,Total,,156.5,O,-154,https://sportsbook.fanduel.ca/addToBetslip?marketId=801.154156929&selectionId=7017823
2026-01-23 17:09:11,"Buffalo Bulls vs Massachusetts Minutemen, 2026-01-23, 07",Buffalo Bulls,Massachusetts Minutemen,fanduel,Total,,156.5,U,+118,https://sportsbook.fanduel.ca/addToBetslip?marketId=801.154156929&selectionId=7017824
2026-01-23 17:09:11,"Buffalo Bulls vs Massachusetts Minutemen, 2026-01-23, 07",Buffalo Bulls,Massachusetts Minutemen,fanduel,Total,,153.5,O,-215,https://sportsbook.fanduel.ca/addToBetslip?marketId=801.154156913&selectionId=7017823
2026-01-23 17:09:11,"Buffalo Bulls vs Massachusetts Minutemen, 2026-01-23, 07",Buffalo Bulls,Massachusetts Minutemen,fanduel,Total,,153.5,U,+162,https://sportsbook.fanduel.ca/addToBetslip?marketId=801.154156913&selectionId=7017824
2026-01-23 17:09:11,"Buffalo Bulls vs Massachusetts Minutemen, 2026-01-23, 07",Buffalo Bulls,Massachusetts Minutemen,fanduel,Total,,159.5,O,-105,https://sportsbook.fanduel.ca/addToBetslip?marketId=801.154109178&selectionId=7017823
2026-01-23 17:09:11,"Buffalo Bulls vs Massachusetts Minutemen, 2026-01-23, 07",Buffalo Bulls,Massachusetts Minutemen,betonline,Total,,159.5,O,-110,
2026-01-23 17:09:11,"Buffalo Bulls vs Massachusetts Minutemen, 2026-01-23, 07",Buffalo Bulls,Massachusetts Minutemen,betonline,Total,,159.5,U,-110,
2026-01-23 17:09:11,"Buffalo Bulls vs Massachusetts Minutemen, 2026-01-23, 07",Buffalo Bulls,Massachusetts Minutemen,draftkings,Total,,159.5,O,-105,https://sportsbook.draftkings.com/event/umass-%40-buffalo/33510245?outcomes=0OU83102592O15950_1
2026-01-23 17:09:11,"Buffalo Bulls vs Massachusetts Minutemen, 2026-01-23, 07",Buffalo Bulls,Massachusetts Minutemen,draftkings,Total,,159.5,U,-115,https://sportsbook.draftkings.com/event/umass-%40-buffalo/33510245?outcomes=0OU83102592U15950_3
2026-01-23 17:09:11,"Buffalo Bulls vs Massachusetts Minutemen, 2026-01-23, 07",Buffalo Bulls,Massachusetts Minutemen,draftkings,Total,,147.5,U,+270,https://sportsbook.draftkings.com/event/umass-%40-buffalo/33510245?outcomes=0OU83106934U14750_3
2026-01-23 17:09:11,"Buffalo Bulls vs Massachusetts Minutemen, 2026-01-23, 07",Buffalo Bulls,Massachusetts Minutemen,draftkings,Total,,162.5,O,+124,https://sportsbook.draftkings.com/event/umass-%40-buffalo/33510245?outcomes=0OU83106934O16250_1
2026-01-23 17:09:11,"Buffalo Bulls vs Massachusetts Minutemen, 2026-01-23, 07",Buffalo Bulls,Massachusetts Minutemen,draftkings,Total,,162.5,U,-160,https://sportsbook.draftkings.com/event/umass-%40-buffalo/33510245?outcomes=0OU83106934U16250_3
2026-01-23 17:09:11,"Buffalo Bulls vs Massachusetts Minutemen, 2026-01-23, 07",Buffalo Bulls,Massachusetts Minutemen,draftkings,Total,,163.5,O,+135,https://sportsbook.draftkings.com/event/umass-%40-buffalo/33510245?outcomes=0OU83106934O16350_1
2026-01-23 17:09:11,"Buffalo Bulls vs Massachusetts Minutemen, 2026-01-23, 07",Buffalo Bulls,Massachusetts Minutemen,draftkings,Total,,163.5,U,-175,https://sportsbook.draftkings.com/event/umass-%40-buffalo/33510245?outcomes=0OU83106934U16350_3
2026-01-23 17:09:11,"Buffalo Bulls vs Massachusetts Minutemen, 2026-01-23, 07",Buffalo Bulls,Massachusetts Minutemen,draftkings,Total,,164.5,O,+150,https://sportsbook.draftkings.com/event/umass-%40-buffalo/33510245?outcomes=0OU83106934O16450_1
2026-01-23 17:09:11,"Buffalo Bulls vs Massachusetts Minutemen, 2026-01-23, 07",Buffalo Bulls,Massachusetts Minutemen,draftkings,Total,,164.5,U,-195,https://sportsbook.draftkings.com/event/umass-%40-buffalo/33510245?outcomes=0OU83106934U16450_3
2026-01-23 17:09:11,"Buffalo Bulls vs Massachusetts Minutemen, 2026-01-23, 07",Buffalo Bulls,Massachusetts Minutemen,draftkings,Total,,165.5,O,+165,https://sportsbook.draftkings.com/event/umass-%40-buffalo/33510245?outcomes=0OU83106934O16550_1
2026-01-23 17:09:11,"Buffalo Bulls vs Massachusetts Minutemen, 2026-01-23, 07",Buffalo Bulls,Massachusetts Minutemen,draftkings,Total,,165.5,U,-215,https://sportsbook.draftkings.com/event/umass-%40-buffalo/33510245?outcomes=0OU83106934U16550_3
2026-01-23 17:09:11,"Buffalo Bulls vs Massachusetts Minutemen, 2026-01-23, 07",Buffalo Bulls,Massachusetts Minutemen,draftkings,Total,,166.5,O,+180,https://sportsbook.draftkings.com/event/umass-%40-buffalo/33510245?outcomes=0OU83106934O16650_1
2026-01-23 17:09:11,"Buffalo Bulls vs Massachusetts Minutemen, 2026-01-23, 07",Buffalo Bulls,Massachusetts Minutemen,draftkings,Total,,166.5,U,-238,https://sportsbook.draftkings.com/event/umass-%40-buffalo/33510245?outcomes=0OU83106934U16650_3
2026-01-23 17:09:11,"Buffalo Bulls vs Massachusetts Minutemen, 2026-01-23, 07",Buffalo Bulls,Massachusetts Minutemen,draftkings,Total,,167.5,O,+200,https://sportsbook.draftkings.com/event/umass-%40-buffalo/33510245?outcomes=0OU83106934O16750_1
2026-01-23 17:09:11,"Buffalo Bulls vs Massachusetts Minutemen, 2026-01-23, 07",Buffalo Bulls,Massachusetts Minutemen,draftkings,Total,,167.5,U,-270,https://sportsbook.draftkings.com/event/umass-%40-buffalo/33510245?outcomes=0OU83106934U16750_3
2026-01-23 17:09:11,"Buffalo Bulls vs Massachusetts Minutemen, 2026-01-23, 07",Buffalo Bulls,Massachusetts Minutemen,draftkings,Total,,168.5,O,+220,https://sportsbook.draftkings.com/event/umass-%40-buffalo/33510245?outcomes=0OU83106934O16850_1
2026-01-23 17:09:11,"Buffalo Bulls vs Massachusetts Minutemen, 2026-01-23, 07",Buffalo Bulls,Massachusetts Minutemen,draftkings,Total,,168.5,U,-298,https://sportsbook.draftkings.com/event/umass-%40-buffalo/33510245?outcomes=0OU83106934U16850_3
2026-01-23 17:09:11,"Buffalo Bulls vs Massachusetts Minutemen, 2026-01-23, 07",Buffalo Bulls,Massachusetts Minutemen,draftkings,Total,,169.5,O,+240,https://sportsbook.draftkings.com/event/umass-%40-buffalo/33510245?outcomes=0OU83106934O16950_1
2026-01-23 17:09:11,"Buffalo Bulls vs Massachusetts Minutemen, 2026-01-23, 07",Buffalo Bulls,Massachusetts Minutemen,draftkings,Total,,169.5,U,-330,https://sportsbook.draftkings.com/event/umass-%40-buffalo/33510245?outcomes=0OU83106934U16950_3
2026-01-23 17:09:11,"Buffalo Bulls vs Massachusetts Minutemen, 2026-01-23, 07",Buffalo Bulls,Massachusetts Minutemen,draftkings,Total,,170.5,O,+270,https://sportsbook.draftkings.com/event/umass-%40-buffalo/33510245?outcomes=0OU83106934O17050_1
2026-01-23 17:09:11,"Buffalo Bulls vs Massachusetts Minutemen, 2026-01-23, 07",Buffalo Bulls,Massachusetts Minutemen,draftkings,Total,,170.5,U,-375,https://sportsbook.draftkings.com/event/umass-%40-buffalo/33510245?outcomes=0OU83106934U17050_3
2026-01-23 17:09:11,"Buffalo Bulls vs Massachusetts Minutemen, 2026-01-23, 07",Buffalo Bulls,Massachusetts Minutemen,draftkings,Total,,171.5,O,+300,https://sportsbook.draftkings.com/event/umass-%40-buffalo/33510245?outcomes=0OU83106934O17150_1
2026-01-23 17:09:11,"Buffalo Bulls vs Massachusetts Minutemen, 2026-01-23, 07",Buffalo Bulls,Massachusetts Minutemen,draftkings,Total,,171.5,U,-425,https://sportsbook.draftkings.com/event/umass-%40-buffalo/33510245?outcomes=0OU83106934U17150_3
2026-01-23 17:09:11,"Buffalo Bulls vs Massachusetts Minutemen, 2026-01-23, 07",Buffalo Bulls,Massachusetts Minutemen,draftkings,Total,,161.5,U,-145,https://sportsbook.draftkings.com/event/umass-%40-buffalo/33510245?outcomes=0OU83106934U16150_3
2026-01-23 17:09:11,"Buffalo Bulls vs Massachusetts Minutemen, 2026-01-23, 07",Buffalo Bulls,Massachusetts Minutemen,draftkings,Total,,161.5,O,+114,https://sportsbook.draftkings.com/event/umass-%40-buffalo/33510245?outcomes=0OU83106934O16150_1
2026-01-23 17:09:11,"Buffalo Bulls vs Massachusetts Minutemen, 2026-01-23, 07",Buffalo Bulls,Massachusetts Minutemen,draftkings,Total,,160.5,U,-130,https://sportsbook.draftkings.com/event/umass-%40-buffalo/33510245?outcomes=0OU83106934U16050_3
2026-01-23 17:09:11,"Buffalo Bulls vs Massachusetts Minutemen, 2026-01-23, 07",Buffalo Bulls,Massachusetts Minutemen,draftkings,Total,,160.5,O,+100,https://sportsbook.draftkings.com/event/umass-%40-buffalo/33510245?outcomes=0OU83106934O16050_1
2026-01-23 17:09:11,"Buffalo Bulls vs Massachusetts Minutemen, 2026-01-23, 07",Buffalo Bulls,Massachusetts Minutemen,draftkings,Total,,148.5,O,-330,https://sportsbook.draftkings.com/event/umass-%40-buffalo/33510245?outcomes=0OU83106934O14850_1
2026-01-23 17:09:11,"Buffalo Bulls vs Massachusetts Minutemen, 2026-01-23, 07",Buffalo Bulls,Massachusetts Minutemen,draftkings,Total,,148.5,U,+240,https://sportsbook.draftkings.com/event/umass-%40-buffalo/33510245?outcomes=0OU83106934U14850_3
2026-01-23 17:09:11,"Buffalo Bulls vs Massachusetts Minutemen, 2026-01-23, 07",Buffalo Bulls,Massachusetts Minutemen,draftkings,Total,,149.5,O,-298,https://sportsbook.draftkings.com/event/umass-%40-buffalo/33510245?outcomes=0OU83106934O14950_1
2026-01-23 17:09:11,"Buffalo Bulls vs Massachusetts Minutemen, 2026-01-23, 07",Buffalo Bulls,Massachusetts Minutemen,draftkings,Total,,149.5,U,+220,https://sportsbook.draftkings.com/event/umass-%40-buffalo/33510245?outcomes=0OU83106934U14950_3
2026-01-23 17:09:11,"Buffalo Bulls vs Massachusetts Minutemen, 2026-01-23, 07",Buffalo Bulls,Massachusetts Minutemen,draftkings,Total,,150.5,O,-270,https://sportsbook.draftkings.com/event/umass-%40-buffalo/33510245?outcomes=0OU83106934O15050_1
2026-01-23 17:09:11,"Buffalo Bulls vs Massachusetts Minutemen, 2026-01-23, 07",Buffalo Bulls,Massachusetts Minutemen,draftkings,Total,,150.5,U,+200,https://sportsbook.draftkings.com/event/umass-%40-buffalo/33510245?outcomes=0OU83106934U15050_3
2026-01-23 17:09:11,"Buffalo Bulls vs Massachusetts Minutemen, 2026-01-23, 07",Buffalo Bulls,Massachusetts Minutemen,draftkings,Total,,151.5,O,-238,https://sportsbook.draftkings.com/event/umass-%40-buffalo/33510245?outcomes=0OU83106934O15150_1
2026-01-23 17:09:11,"Buffalo Bulls vs Massachusetts Minutemen, 2026-01-23, 07",Buffalo Bulls,Massachusetts Minutemen,draftkings,Total,,151.5,U,+180,https://sportsbook.draftkings.com/event/umass-%40-buffalo/33510245?outcomes=0OU83106934U15150_3
2026-01-23 17:09:11,"Buffalo Bulls vs Massachusetts Minutemen, 2026-01-23, 07",Buffalo Bulls,Massachusetts Minutemen,draftkings,Total,,152.5,O,-215,https://sportsbook.draftkings.com/event/umass-%40-buffalo/33510245?outcomes=0OU83106934O15250_1
2026-01-23 17:09:11,"Buffalo Bulls vs Massachusetts Minutemen, 2026-01-23, 07",Buffalo Bulls,Massachusetts Minutemen,draftkings,Total,,152.5,U,+165,https://sportsbook.draftkings.com/event/umass-%40-buffalo/33510245?outcomes=0OU83106934U15250_3
2026-01-23 17:09:11,"Buffalo Bulls vs Massachusetts Minutemen, 2026-01-23, 07",Buffalo Bulls,Massachusetts Minutemen,draftkings,Total,,147.5,O,-375,https://sportsbook.draftkings.com/event/umass-%40-buffalo/33510245?outcomes=0OU83106934O14750_1
2026-01-23 17:09:11,"Buffalo Bulls vs Massachusetts Minutemen, 2026-01-23, 07",Buffalo Bulls,Massachusetts Minutemen,draftkings,Total,,153.5,O,-195,https://sportsbook.draftkings.com/event/umass-%40-buffalo/33510245?outcomes=0OU83106934O15350_1
2026-01-23 17:09:11,"Buffalo Bulls vs Massachusetts Minutemen, 2026-01-23, 07",Buffalo Bulls,Massachusetts Minutemen,draftkings,Total,,154.5,O,-180,https://sportsbook.draftkings.com/event/umass-%40-buffalo/33510245?outcomes=0OU83106934O15450_1
2026-01-23 17:09:11,"Buffalo Bulls vs Massachusetts Minutemen, 2026-01-23, 07",Buffalo Bulls,Massachusetts Minutemen,draftkings,Total,,154.5,U,+140,https://sportsbook.draftkings.com/event/umass-%40-buffalo/33510245?outcomes=0OU83106934U15450_3
2026-01-23 17:09:11,"Buffalo Bulls vs Massachusetts Minutemen, 2026-01-23, 07",Buffalo Bulls,Massachusetts Minutemen,draftkings,Total,,155.5,O,-160,https://sportsbook.draftkings.com/event/umass-%40-buffalo/33510245?outcomes=0OU83106934O15550_1
2026-01-23 17:09:11,"Buffalo Bulls vs Massachusetts Minutemen, 2026-01-23, 07",Buffalo Bulls,Massachusetts Minutemen,draftkings,Total,,155.5,U,+124,https://sportsbook.draftkings.com/event/umass-%40-buffalo/33510245?outcomes=0OU83106934U15550_3
2026-01-23 17:09:11,"Buffalo Bulls vs Massachusetts Minutemen, 2026-01-23, 07",Buffalo Bulls,Massachusetts Minutemen,draftkings,Total,,156.5,O,-145,https://sportsbook.draftkings.com/event/umass-%40-buffalo/33510245?outcomes=0OU83106934O15650_1
2026-01-23 17:09:11,"Buffalo Bulls vs Massachusetts Minutemen, 2026-01-23, 07",Buffalo Bulls,Massachusetts Minutemen,draftkings,Total,,156.5,U,+114,https://sportsbook.draftkings.com/event/umass-%40-buffalo/33510245?outcomes=0OU83106934U15650_3
2026-01-23 17:09:11,"Buffalo Bulls vs Massachusetts Minutemen, 2026-01-23, 07",Buffalo Bulls,Massachusetts Minutemen,draftkings,Total,,157.5,O,-135,https://sportsbook.draftkings.com/event/umass-%40-buffalo/33510245?outcomes=0OU83106934O15750_1
2026-01-23 17:09:11,"Buffalo Bulls vs Massachusetts Minutemen, 2026-01-23, 07",Buffalo Bulls,Massachusetts Minutemen,draftkings,Total,,157.5,U,+105,https://sportsbook.draftkings.com/event/umass-%40-buffalo/33510245?outcomes=0OU83106934U15750_3
2026-01-23 17:09:11,"Buffalo Bulls vs Massachusetts Minutemen, 2026-01-23, 07",Buffalo Bulls,Massachusetts Minutemen,draftkings,Total,,158.5,O,-120,https://sportsbook.draftkings.com/event/umass-%40-buffalo/33510245?outcomes=0OU83106934O15850_1
2026-01-23 17:09:11,"Buffalo Bulls vs Massachusetts Minutemen, 2026-01-23, 07",Buffalo Bulls,Massachusetts Minutemen,draftkings,Total,,158.5,U,-110,https://sportsbook.draftkings.com/event/umass-%40-buffalo/33510245?outcomes=0OU83106934U15850_3
2026-01-23 17:09:11,"Buffalo Bulls vs Massachusetts Minutemen, 2026-01-23, 07",Buffalo Bulls,Massachusetts Minutemen,draftkings,Total,,153.5,U,+150,https://sportsbook.draftkings.com/event/umass-%40-buffalo/33510245?outcomes=0OU83106934U15350_3
2026-01-23 17:09:11,"Butler Bulldogs vs Marquette Golden Eagles, 2026-01-23, 08",Butler Bulldogs,Marquette Golden Eagles,pinnacle,Spread,Marquette Golden Eagles,8.0,,-150,
2026-01-23 17:09:11,"Butler Bulldogs vs Marquette Golden Eagles, 2026-01-23, 08",Butler Bulldogs,Marquette Golden Eagles,pinnacle,Spread,Marquette Golden Eagles,7.5,,-139,
2026-01-23 17:09:11,"Butler Bulldogs vs Marquette Golden Eagles, 2026-01-23, 08",Butler Bulldogs,Marquette Golden Eagles,pinnacle,Spread,Butler Bulldogs,-4.0,,-151,
2026-01-23 17:09:11,"Butler Bulldogs vs Marquette Golden Eagles, 2026-01-23, 08",Butler Bulldogs,Marquette Golden Eagles,pinnacle,Spread,Marquette Golden Eagles,4.0,,+123,
2026-01-23 17:09:11,"Butler Bulldogs vs Marquette Golden Eagles, 2026-01-23, 08",Butler Bulldogs,Marquette Golden Eagles,pinnacle,Spread,Butler Bulldogs,-4.5,,-141,
2026-01-23 17:09:11,"Butler Bulldogs vs Marquette Golden Eagles, 2026-01-23, 08",Butler Bulldogs,Marquette Golden Eagles,pinnacle,Spread,Marquette Golden Eagles,4.5,,+115,
2026-01-23 17:09:11,"Butler Bulldogs vs Marquette Golden Eagles, 2026-01-23, 08",Butler Bulldogs,Marquette Golden Eagles,pinnacle,Spread,Butler Bulldogs,-5.0,,-130,
2026-01-23 17:09:11,"Butler Bulldogs vs Marquette Golden Eagles, 2026-01-23, 08",Butler Bulldogs,Marquette Golden Eagles,pinnacle,Spread,Marquette Golden Eagles,5.0,,+107,
2026-01-23 17:09:11,"Butler Bulldogs vs Marquette Golden Eagles, 2026-01-23, 08",Butler Bulldogs,Marquette Golden Eagles,pinnacle,Spread,Butler Bulldogs,-5.5,,-120,
2026-01-23 17:09:11,"Butler Bulldogs vs Marquette Golden Eagles, 2026-01-23, 08",Butler Bulldogs,Marquette Golden Eagles,pinnacle,Spread,Marquette Golden Eagles,5.5,,-101,
2026-01-23 17:09:11,"Butler Bulldogs vs Marquette Golden Eagles, 2026-01-23, 08",Butler Bulldogs,Marquette Golden Eagles,pinnacle,Spread,Butler Bulldogs,-6.0,,-108,
2026-01-23 17:09:11,"Butler Bulldogs vs Marquette Golden Eagles, 2026-01-23, 08",Butler Bulldogs,Marquette Golden Eagles,pinnacle,Spread,Marquette Golden Eagles,6.0,,-108,
2026-01-23 17:09:11,"Butler Bulldogs vs Marquette Golden Eagles, 2026-01-23, 08",Butler Bulldogs,Marquette Golden Eagles,pinnacle,Spread,Butler Bulldogs,-6.5,,-101,
2026-01-23 17:09:11,"Butler Bulldogs vs Marquette Golden Eagles, 2026-01-23, 08",Butler Bulldogs,Marquette Golden Eagles,pinnacle,Spread,Marquette Golden Eagles,6.5,,-119,
2026-01-23 17:09:11,"Butler Bulldogs vs Marquette Golden Eagles, 2026-01-23, 08",Butler Bulldogs,Marquette Golden Eagles,pinnacle,Spread,Butler Bulldogs,-7.0,,+107,
2026-01-23 17:09:11,"Butler Bulldogs vs Marquette Golden Eagles, 2026-01-23, 08",Butler Bulldogs,Marquette Golden Eagles,pinnacle,Spread,Marquette Golden Eagles,7.0,,-129,
2026-01-23 17:09:11,"Butler Bulldogs vs Marquette Golden Eagles, 2026-01-23, 08",Butler Bulldogs,Marquette Golden Eagles,pinnacle,Spread,Butler Bulldogs,-7.5,,+115,
2026-01-23 17:09:11,"Butler Bulldogs vs Marquette Golden Eagles, 2026-01-23, 08",Butler Bulldogs,Marquette Golden Eagles,pinnacle,Spread,Butler Bulldogs,-8.0,,+122,
2026-01-23 17:09:11,"Butler Bulldogs vs Marquette Golden Eagles, 2026-01-23, 08",Butler Bulldogs,Marquette Golden Eagles,fanduel,Spread,Marquette Golden Eagles,0.5,,+235,https://sportsbook.fanduel.ca/addToBetslip?marketId=801.154158933&selectionId=292295
2026-01-23 17:09:11,"Butler Bulldogs vs Marquette Golden Eagles, 2026-01-23, 08",Butler Bulldogs,Marquette Golden Eagles,fanduel,Spread,Butler Bulldogs,-0.5,,-320,https://sportsbook.fanduel.ca/addToBetslip?marketId=801.154158933&selectionId=355909
2026-01-23 17:09:11,"Butler Bulldogs vs Marquette Golden Eagles, 2026-01-23, 08",Butler Bulldogs,Marquette Golden Eagles,fanduel,Spread,Marquette Golden Eagles,12.5,,-330,https://sportsbook.fanduel.ca/addToBetslip?marketId=801.154158967&selectionId=292295
2026-01-23 17:09:11,"Butler Bulldogs vs Marquette Golden Eagles, 2026-01-23, 08",Butler Bulldogs,Marquette Golden Eagles,fanduel,Spread,Butler Bulldogs,-12.5,,+240,https://sportsbook.fanduel.ca/addToBetslip?marketId=801.154158967&selectionId=355909
2026-01-23 17:09:11,"Butler Bulldogs vs Marquette Golden Eagles, 2026-01-23, 08",Butler Bulldogs,Marquette Golden Eagles,fanduel,Spread,Marquette Golden Eagles,-2.5,,+300,https://sportsbook.fanduel.ca/addToBetslip?marketId=801.154158941&selectionId=292295
2026-01-23 17:09:11,"Butler Bulldogs vs Marquette Golden Eagles, 2026-01-23, 08",Butler Bulldogs,Marquette Golden Eagles,fanduel,Spread,Butler Bulldogs,2.5,,-430,https://sportsbook.fanduel.ca/addToBetslip?marketId=801.154158941&selectionId=355909
2026-01-23 17:09:11,"Butler Bulldogs vs Marquette Golden Eagles, 2026-01-23, 08",Butler Bulldogs,Marquette Golden Eagles,fanduel,Spread,Marquette Golden Eagles,9.5,,-200,https://sportsbook.fanduel.ca/addToBetslip?marketId=801.154158940&selectionId=292295
2026-01-23 17:09:11,"Butler Bulldogs vs Marquette Golden Eagles, 2026-01-23, 08",Butler Bulldogs,Marquette Golden Eagles,fanduel,Spread,Butler Bulldogs,-9.5,,+154,https://sportsbook.fanduel.ca/addToBetslip?marketId=801.154158940&selectionId=355909
2026-01-23 17:09:11,"Butler Bulldogs vs Marquette Golden Eagles, 2026-01-23, 08",Butler Bulldogs,Marquette Golden Eagles,fanduel,Spread,Marquette Golden Eagles,3.5,,+140,https://sportsbook.fanduel.ca/addToBetslip?marketId=801.154158983&selectionId=292295
2026-01-23 17:09:11,"Butler Bulldogs vs Marquette Golden Eagles, 2026-01-23, 08",Butler Bulldogs,Marquette Golden Eagles,fanduel,Spread,Butler Bulldogs,-3.5,,-180,https://sportsbook.fanduel.ca/addToBetslip?marketId=801.154158983&selectionId=355909
2026-01-23 17:09:11,"Butler Bulldogs vs Marquette Golden Eagles, 2026-01-23, 08",Butler Bulldogs,Marquette Golden Eagles,fanduel,Spread,Marquette Golden Eagles,15.5,,-500,https://sportsbook.fanduel.ca/addToBetslip?marketId=801.154158946&selectionId=292295
2026-01-23 17:09:11,"Butler Bulldogs vs Marquette Golden Eagles, 2026-01-23, 08",Butler Bulldogs,Marquette Golden Eagles,fanduel,Spread,Butler Bulldogs,-6.5,,-102,https://sportsbook.fanduel.ca/addToBetslip?marketId=801.151482424&selectionId=355909
2026-01-23 17:09:11,"Butler Bulldogs vs Marquette Golden Eagles, 2026-01-23, 08",Butler Bulldogs,Marquette Golden Eagles,fanduel,Spread,Butler Bulldogs,-15.5,,+340,https://sportsbook.fanduel.ca/addToBetslip?marketId=801.154158946&selectionId=355909
2026-01-23 17:09:11,"Butler Bulldogs vs Marquette Golden Eagles, 2026-01-23, 08",Butler Bulldogs,Marquette Golden Eagles,fanduel,Spread,Marquette Golden Eagles,6.5,,-120,https://sportsbook.fanduel.ca/addToBetslip?marketId=801.151482424&selectionId=292295
2026-01-23 17:09:11,"Butler Bulldogs vs Marquette Golden Eagles, 2026-01-23, 08",Butler Bulldogs,Marquette Golden Eagles,betonline,Spread,Marquette Golden Eagles,6.0,,-110,
2026-01-23 17:09:11,"Butler Bulldogs vs Marquette Golden Eagles, 2026-01-23, 08",Butler Bulldogs,Marquette Golden Eagles,betonline,Spread,Butler Bulldogs,-6.0,,-110,
2026-01-23 17:09:11,"Butler Bulldogs vs Marquette Golden Eagles, 2026-01-23, 08",Butler Bulldogs,Marquette Golden Eagles,draftkings,Spread,Butler Bulldogs,-8.5,,+120,https://sportsbook.draftkings.com/event/marquette-%40-butler/33510246?outcomes=0HC83106929N850_1
2026-01-23 17:09:11,"Butler Bulldogs vs Marquette Golden Eagles, 2026-01-23, 08",Butler Bulldogs,Marquette Golden Eagles,draftkings,Spread,Marquette Golden Eagles,9.5,,-192,https://sportsbook.draftkings.com/event/marquette-%40-butler/33510246?outcomes=0HC83106929P950_3
2026-01-23 17:09:11,"Butler Bulldogs vs Marquette Golden Eagles, 2026-01-23, 08",Butler Bulldogs,Marquette Golden Eagles,draftkings,Spread,Butler Bulldogs,-9.5,,+139,https://sportsbook.draftkings.com/event/marquette-%40-butler/33510246?outcomes=0HC83106929N950_1
2026-01-23 17:09:11,"Butler Bulldogs vs Marquette Golden Eagles, 2026-01-23, 08",Butler Bulldogs,Marquette Golden Eagles,draftkings,Spread,Marquette Golden Eagles,10.5,,-230,https://sportsbook.draftkings.com/event/marquette-%40-butler/33510246?outcomes=0HC83106929P1050_3
2026-01-23 17:09:11,"Butler Bulldogs vs Marquette Golden Eagles, 2026-01-23, 08",Butler Bulldogs,Marquette Golden Eagles,draftkings,Spread,Butler Bulldogs,-10.5,,+164,https://sportsbook.draftkings.com/event/marquette-%40-butler/33510246?outcomes=0HC83106929N1050_1
2026-01-23 17:09:11,"Butler Bulldogs vs Marquette Golden Eagles, 2026-01-23, 08",Butler Bulldogs,Marquette Golden Eagles,draftkings,Spread,Marquette Golden Eagles,11.5,,-271,https://sportsbook.draftkings.com/event/marquette-%40-butler/33510246?outcomes=0HC83106929P1150_3
2026-01-23 17:09:11,"Butler Bulldogs vs Marquette Golden Eagles, 2026-01-23, 08",Butler Bulldogs,Marquette Golden Eagles,draftkings,Spread,Butler Bulldogs,-11.5,,+189,https://sportsbook.draftkings.com/event/marquette-%40-butler/33510246?outcomes=0HC83106929N1150_1
2026-01-23 17:09:11,"Butler Bulldogs vs Marquette Golden Eagles, 2026-01-23, 08",Butler Bulldogs,Marquette Golden Eagles,draftkings,Spread,Marquette Golden Eagles,12.5,,-315,https://sportsbook.draftkings.com/event/marquette-%40-butler/33510246?outcomes=0HC83106929P1250_3
2026-01-23 17:09:11,"Butler Bulldogs vs Marquette Golden Eagles, 2026-01-23, 08",Butler Bulldogs,Marquette Golden Eagles,draftkings,Spread,Butler Bulldogs,-12.5,,+216,https://sportsbook.draftkings.com/event/marquette-%40-butler/33510246?outcomes=0HC83106929N1250_1
2026-01-23 17:09:11,"Butler Bulldogs vs Marquette Golden Eagles, 2026-01-23, 08",Butler Bulldogs,Marquette Golden Eagles,draftkings,Spread,Marquette Golden Eagles,13.5,,-370,https://sportsbook.draftkings.com/event/marquette-%40-butler/33510246?outcomes=0HC83106929P1350_3
2026-01-23 17:09:11,"Butler Bulldogs vs Marquette Golden Eagles, 2026-01-23, 08",Butler Bulldogs,Marquette Golden Eagles,draftkings,Spread,Butler Bulldogs,-13.5,,+246,https://sportsbook.draftkings.com/event/marquette-%40-butler/33510246?outcomes=0HC83106929N1350_1
2026-01-23 17:09:11,"Butler Bulldogs vs Marquette Golden Eagles, 2026-01-23, 08",Butler Bulldogs,Marquette Golden Eagles,draftkings,Spread,Marquette Golden Eagles,14.5,,-452,https://sportsbook.draftkings.com/event/marquette-%40-butler/33510246?outcomes=0HC83106929P1450_3
2026-01-23 17:09:11,"Butler Bulldogs vs Marquette Golden Eagles, 2026-01-23, 08",Butler Bulldogs,Marquette Golden Eagles,draftkings,Spread,Butler Bulldogs,-14.5,,+290,https://sportsbook.draftkings.com/event/marquette-%40-butler/33510246?outcomes=0HC83106929N1450_1
2026-01-23 17:09:11,"Butler Bulldogs vs Marquette Golden Eagles, 2026-01-23, 08",Butler Bulldogs,Marquette Golden Eagles,draftkings,Spread,Marquette Golden Eagles,15.5,,-556,https://sportsbook.draftkings.com/event/marquette-%40-butler/33510246?outcomes=0HC83106929P1550_3
2026-01-23 17:09:11,"Butler Bulldogs vs Marquette Golden Eagles, 2026-01-23, 08",Butler Bulldogs,Marquette Golden Eagles,draftkings,Spread,Butler Bulldogs,-15.5,,+339,https://sportsbook.draftkings.com/event/marquette-%40-butler/33510246?outcomes=0HC83106929N1550_1
2026-01-23 17:09:11,"Butler Bulldogs vs Marquette Golden Eagles, 2026-01-23, 08",Butler Bulldogs,Marquette Golden Eagles,draftkings,Spread,Marquette Golden Eagles,16.5,,-710,https://sportsbook.draftkings.com/event/marquette-%40-butler/33510246?outcomes=0HC83106929P1650_3
2026-01-23 17:09:11,"Butler Bulldogs vs Marquette Golden Eagles, 2026-01-23, 08",Butler Bulldogs,Marquette Golden Eagles,draftkings,Spread,Butler Bulldogs,-16.5,,+400,https://sportsbook.draftkings.com/event/marquette-%40-butler/33510246?outcomes=0HC83106929N1650_1
2026-01-23 17:09:11,"Butler Bulldogs vs Marquette Golden Eagles, 2026-01-23, 08",Butler Bulldogs,Marquette Golden Eagles,draftkings,Spread,Marquette Golden Eagles,17.5,,-840,https://sportsbook.draftkings.com/event/marquette-%40-butler/33510246?outcomes=0HC83106929P1750_3
2026-01-23 17:09:11,"Butler Bulldogs vs Marquette Golden Eagles, 2026-01-23, 08",Butler Bulldogs,Marquette Golden Eagles,draftkings,Spread,Butler Bulldogs,-17.5,,+450,https://sportsbook.draftkings.com/event/marquette-%40-butler/33510246?outcomes=0HC83106929N1750_1
2026-01-23 17:09:11,"Butler Bulldogs vs Marquette Golden Eagles, 2026-01-23, 08",Butler Bulldogs,Marquette Golden Eagles,draftkings,Spread,Marquette Golden Eagles,18.5,,-1020,https://sportsbook.draftkings.com/event/marquette-%40-butler/33510246?outcomes=0HC83106929P1850_3
2026-01-23 17:09:11,"Butler Bulldogs vs Marquette Golden Eagles, 2026-01-23, 08",Butler Bulldogs,Marquette Golden Eagles,draftkings,Spread,Butler Bulldogs,-18.5,,+504,https://sportsbook.draftkings.com/event/marquette-%40-butler/33510246?outcomes=0HC83106929N1850_1
2026-01-23 17:09:11,"Butler Bulldogs vs Marquette Golden Eagles, 2026-01-23, 08",Butler Bulldogs,Marquette Golden Eagles,draftkings,Spread,Marquette Golden Eagles,8.5,,-164,https://sportsbook.draftkings.com/event/marquette-%40-butler/33510246?outcomes=0HC83106929P850_3
2026-01-23 17:09:11,"Butler Bulldogs vs Marquette Golden Eagles, 2026-01-23, 08",Butler Bulldogs,Marquette Golden Eagles,draftkings,Spread,Butler Bulldogs,-7.5,,+103,https://sportsbook.draftkings.com/event/marquette-%40-butler/33510246?outcomes=0HC83106929N750_1
2026-01-23 17:09:11,"Butler Bulldogs vs Marquette Golden Eagles, 2026-01-23, 08",Butler Bulldogs,Marquette Golden Eagles,draftkings,Spread,Butler Bulldogs,-6.5,,-108,https://sportsbook.draftkings.com/event/marquette-%40-butler/33510246?outcomes=0HC83106929N650_1
2026-01-23 17:09:11,"Butler Bulldogs vs Marquette Golden Eagles, 2026-01-23, 08",Butler Bulldogs,Marquette Golden Eagles,draftkings,Spread,Marquette Golden Eagles,-6.5,,+421,https://sportsbook.draftkings.com/event/marquette-%40-butler/33510246?outcomes=0HC83106929N650_3
2026-01-23 17:09:11,"Butler Bulldogs vs Marquette Golden Eagles, 2026-01-23, 08",Butler Bulldogs,Marquette Golden Eagles,draftkings,Spread,Butler Bulldogs,6.5,,-760,https://sportsbook.draftkings.com/event/marquette-%40-butler/33510246?outcomes=0HC83106929P650_1
2026-01-23 17:09:11,"Butler Bulldogs vs Marquette Golden Eagles, 2026-01-23, 08",Butler Bulldogs,Marquette Golden Eagles,draftkings,Spread,Marquette Golden Eagles,-5.5,,+378,https://sportsbook.draftkings.com/event/marquette-%40-butler/33510246?outcomes=0HC83106929N550_3
2026-01-23 17:09:11,"Butler Bulldogs vs Marquette Golden Eagles, 2026-01-23, 08",Butler Bulldogs,Marquette Golden Eagles,draftkings,Spread,Butler Bulldogs,5.5,,-650,https://sportsbook.draftkings.com/event/marquette-%40-butler/33510246?outcomes=0HC83106929P550_1
2026-01-23 17:09:11,"Butler Bulldogs vs Marquette Golden Eagles, 2026-01-23, 08",Butler Bulldogs,Marquette Golden Eagles,draftkings,Spread,Marquette Golden Eagles,-4.5,,+349,https://sportsbook.draftkings.com/event/marquette-%40-butler/33510246?outcomes=0HC83106929N450_3
2026-01-23 17:09:11,"Butler Bulldogs vs Marquette Golden Eagles, 2026-01-23, 08",Butler Bulldogs,Marquette Golden Eagles,draftkings,Spread,Butler Bulldogs,4.5,,-579,https://sportsbook.draftkings.com/event/marquette-%40-butler/33510246?outcomes=0HC83106929P450_1
2026-01-23 17:09:11,"Butler Bulldogs vs Marquette Golden Eagles, 2026-01-23, 08",Butler Bulldogs,Marquette Golden Eagles,draftkings,Spread,Marquette Golden Eagles,-3.5,,+305,https://sportsbook.draftkings.com/event/marquette-%40-butler/33510246?outcomes=0HC83106929N350_3
2026-01-23 17:09:11,"Butler Bulldogs vs Marquette Golden Eagles, 2026-01-23, 08",Butler Bulldogs,Marquette Golden Eagles,draftkings,Spread,Butler Bulldogs,3.5,,-484,https://sportsbook.draftkings.com/event/marquette-%40-butler/33510246?outcomes=0HC83106929P350_1
2026-01-23 17:09:11,"Butler Bulldogs vs Marquette Golden Eagles, 2026-01-23, 08",Butler Bulldogs,Marquette Golden Eagles,draftkings,Spread,Marquette Golden Eagles,-2.5,,+267,https://sportsbook.draftkings.com/event/marquette-%40-butler/33510246?outcomes=0HC83106929N250_3
2026-01-23 17:09:11,"Butler Bulldogs vs Marquette Golden Eagles, 2026-01-23, 08",Butler Bulldogs,Marquette Golden Eagles,draftkings,Spread,Butler Bulldogs,2.5,,-407,https://sportsbook.draftkings.com/event/marquette-%40-butler/33510246?outcomes=0HC83106929P250_1
2026-01-23 17:09:11,"Butler Bulldogs vs Marquette Golden Eagles, 2026-01-23, 08",Butler Bulldogs,Marquette Golden Eagles,draftkings,Spread,Marquette Golden Eagles,-1.5,,+232,https://sportsbook.draftkings.com/event/marquette-%40-butler/33510246?outcomes=0HC83106929N150_3
2026-01-23 17:09:11,"Butler Bulldogs vs Marquette Golden Eagles, 2026-01-23, 08",Butler Bulldogs,Marquette Golden Eagles,draftkings,Spread,Butler Bulldogs,1.5,,-343,https://sportsbook.draftkings.com/event/marquette-%40-butler/33510246?outcomes=0HC83106929P150_1
2026-01-23 17:09:11,"Butler Bulldogs vs Marquette Golden Eagles, 2026-01-23, 08",Butler Bulldogs,Marquette Golden Eagles,draftkings,Spread,Marquette Golden Eagles,1.5,,+174,https://sportsbook.draftkings.com/event/marquette-%40-butler/33510246?outcomes=0HC83106929P150_3
2026-01-23 17:09:11,"Butler Bulldogs vs Marquette Golden Eagles, 2026-01-23, 08",Butler Bulldogs,Marquette Golden Eagles,draftkings,Spread,Butler Bulldogs,-1.5,,-246,https://sportsbook.draftkings.com/event/marquette-%40-butler/33510246?outcomes=0HC83106929N150_1
2026-01-23 17:09:11,"Butler Bulldogs vs Marquette Golden Eagles, 2026-01-23, 08",Butler Bulldogs,Marquette Golden Eagles,draftkings,Spread,Marquette Golden Eagles,2.5,,+141,https://sportsbook.draftkings.com/event/marquette-%40-butler/33510246?outcomes=0HC83106929P250_3
2026-01-23 17:09:11,"Butler Bulldogs vs Marquette Golden Eagles, 2026-01-23, 08",Butler Bulldogs,Marquette Golden Eagles,draftkings,Spread,Butler Bulldogs,-2.5,,-196,https://sportsbook.draftkings.com/event/marquette-%40-butler/33510246?outcomes=0HC83106929N250_1
2026-01-23 17:09:11,"Butler Bulldogs vs Marquette Golden Eagles, 2026-01-23, 08",Butler Bulldogs,Marquette Golden Eagles,draftkings,Spread,Marquette Golden Eagles,3.5,,+118,https://sportsbook.draftkings.com/event/marquette-%40-butler/33510246?outcomes=0HC83106929P350_3
2026-01-23 17:09:11,"Butler Bulldogs vs Marquette Golden Eagles, 2026-01-23, 08",Butler Bulldogs,Marquette Golden Eagles,draftkings,Spread,Butler Bulldogs,-3.5,,-162,https://sportsbook.draftkings.com/event/marquette-%40-butler/33510246?outcomes=0HC83106929N350_1
2026-01-23 17:09:11,"Butler Bulldogs vs Marquette Golden Eagles, 2026-01-23, 08",Butler Bulldogs,Marquette Golden Eagles,draftkings,Spread,Marquette Golden Eagles,4.5,,+105,https://sportsbook.draftkings.com/event/marquette-%40-butler/33510246?outcomes=0HC83106929P450_3
2026-01-23 17:09:11,"Butler Bulldogs vs Marquette Golden Eagles, 2026-01-23, 08",Butler Bulldogs,Marquette Golden Eagles,draftkings,Spread,Butler Bulldogs,-4.5,,-144,https://sportsbook.draftkings.com/event/marquette-%40-butler/33510246?outcomes=0HC83106929N450_1
2026-01-23 17:09:11,"Butler Bulldogs vs Marquette Golden Eagles, 2026-01-23, 08",Butler Bulldogs,Marquette Golden Eagles,draftkings,Spread,Marquette Golden Eagles,6.5,,-126,https://sportsbook.draftkings.com/event/marquette-%40-butler/33510246?outcomes=0HC83106929P650_3
2026-01-23 17:09:11,"Butler Bulldogs vs Marquette Golden Eagles, 2026-01-23, 08",Butler Bulldogs,Marquette Golden Eagles,draftkings,Spread,Marquette Golden Eagles,7.5,,-141,https://sportsbook.draftkings.com/event/marquette-%40-butler/33510246?outcomes=0HC83106929P750_3
2026-01-23 17:09:11,"Butler Bulldogs vs Marquette Golden Eagles, 2026-01-23, 08",Butler Bulldogs,Marquette Golden Eagles,draftkings,Spread,Butler Bulldogs,7.5,,-870,https://sportsbook.draftkings.com/event/marquette-%40-butler/33510246?outcomes=0HC83106929P750_1
2026-01-23 17:09:11,"Butler Bulldogs vs Marquette Golden Eagles, 2026-01-23, 08",Butler Bulldogs,Marquette Golden Eagles,draftkings,Spread,Marquette Golden Eagles,-7.5,,+459,https://sportsbook.draftkings.com/event/marquette-%40-butler/33510246?outcomes=0HC83106929N750_3
2026-01-23 17:09:11,"Butler Bulldogs vs Marquette Golden Eagles, 2026-01-23, 08",Butler Bulldogs,Marquette Golden Eagles,draftkings,Spread,Butler Bulldogs,-5.5,,-118,https://sportsbook.draftkings.com/event/marquette-%40-butler/33510246?outcomes=0HC83102588N550_1
2026-01-23 17:09:11,"Butler Bulldogs vs Marquette Golden Eagles, 2026-01-23, 08",Butler Bulldogs,Marquette Golden Eagles,draftkings,Spread,Marquette Golden Eagles,5.5,,-102,https://sportsbook.draftkings.com/event/marquette-%40-butler/33510246?outcomes=0HC83102588P550_3
2026-01-23 17:09:11,"Butler Bulldogs vs Marquette Golden Eagles, 2026-01-23, 08",Butler Bulldogs,Marquette Golden Eagles,pinnacle,Total,,162.5,U,-137,
2026-01-23 17:09:11,"Butler Bulldogs vs Marquette Golden Eagles, 2026-01-23, 08",Butler Bulldogs,Marquette Golden Eagles,pinnacle,Total,,162.0,O,+104,
2026-01-23 17:09:11,"Butler Bulldogs vs Marquette Golden Eagles, 2026-01-23, 08",Butler Bulldogs,Marquette Golden Eagles,pinnacle,Total,,162.0,U,-131,
2026-01-23 17:09:11,"Butler Bulldogs vs Marquette Golden Eagles, 2026-01-23, 08",Butler Bulldogs,Marquette Golden Eagles,pinnacle,Total,,161.5,O,-101,
2026-01-23 17:09:11,"Butler Bulldogs vs Marquette Golden Eagles, 2026-01-23, 08",Butler Bulldogs,Marquette Golden Eagles,pinnacle,Total,,161.5,U,-124,
2026-01-23 17:09:11,"Butler Bulldogs vs Marquette Golden Eagles, 2026-01-23, 08",Butler Bulldogs,Marquette Golden Eagles,pinnacle,Total,,161.0,O,-107,
2026-01-23 17:09:11,"Butler Bulldogs vs Marquette Golden Eagles, 2026-01-23, 08",Butler Bulldogs,Marquette Golden Eagles,pinnacle,Total,,161.0,U,-117,
2026-01-23 17:09:11,"Butler Bulldogs vs Marquette Golden Eagles, 2026-01-23, 08",Butler Bulldogs,Marquette Golden Eagles,pinnacle,Total,,160.5,O,-111,
2026-01-23 17:09:11,"Butler Bulldogs vs Marquette Golden Eagles, 2026-01-23, 08",Butler Bulldogs,Marquette Golden Eagles,pinnacle,Total,,160.5,U,-109,
2026-01-23 17:09:11,"Butler Bulldogs vs Marquette Golden Eagles, 2026-01-23, 08",Butler Bulldogs,Marquette Golden Eagles,pinnacle,Total,,160.0,O,-121,
2026-01-23 17:09:11,"Butler Bulldogs vs Marquette Golden Eagles, 2026-01-23, 08",Butler Bulldogs,Marquette Golden Eagles,pinnacle,Total,,160.0,U,-104,
2026-01-23 17:09:11,"Butler Bulldogs vs Marquette Golden Eagles, 2026-01-23, 08",Butler Bulldogs,Marquette Golden Eagles,pinnacle,Total,,159.5,O,-129,
2026-01-23 17:09:11,"Butler Bulldogs vs Marquette Golden Eagles, 2026-01-23, 08",Butler Bulldogs,Marquette Golden Eagles,pinnacle,Total,,159.5,U,+103,
2026-01-23 17:09:11,"Butler Bulldogs vs Marquette Golden Eagles, 2026-01-23, 08",Butler Bulldogs,Marquette Golden Eagles,pinnacle,Total,,159.0,O,-137,
2026-01-23 17:09:11,"Butler Bulldogs vs Marquette Golden Eagles, 2026-01-23, 08",Butler Bulldogs,Marquette Golden Eagles,pinnacle,Total,,159.0,U,+108,
2026-01-23 17:09:11,"Butler Bulldogs vs Marquette Golden Eagles, 2026-01-23, 08",Butler Bulldogs,Marquette Golden Eagles,pinnacle,Total,,158.5,O,-143,
2026-01-23 17:09:11,"Butler Bulldogs vs Marquette Golden Eagles, 2026-01-23, 08",Butler Bulldogs,Marquette Golden Eagles,pinnacle,Total,,158.5,U,+113,
2026-01-23 17:09:11,"Butler Bulldogs vs Marquette Golden Eagles, 2026-01-23, 08",Butler Bulldogs,Marquette Golden Eagles,pinnacle,Total,,162.5,O,+109,
2026-01-23 17:09:11,"Butler Bulldogs vs Marquette Golden Eagles, 2026-01-23, 08",Butler Bulldogs,Marquette Golden Eagles,fanduel,Total,,163.5,O,+122,https://sportsbook.fanduel.ca/addToBetslip?marketId=801.154158917&selectionId=7017823
2026-01-23 17:09:11,"Butler Bulldogs vs Marquette Golden Eagles, 2026-01-23, 08",Butler Bulldogs,Marquette Golden Eagles,fanduel,Total,,163.5,U,-160,https://sportsbook.fanduel.ca/addToBetslip?marketId=801.154158917&selectionId=7017824
2026-01-23 17:09:11,"Butler Bulldogs vs Marquette Golden Eagles, 2026-01-23, 08",Butler Bulldogs,Marquette Golden Eagles,fanduel,Total,,151.5,O,-290,https://sportsbook.fanduel.ca/addToBetslip?marketId=801.154158960&selectionId=7017823
2026-01-23 17:09:11,"Butler Bulldogs vs Marquette Golden Eagles, 2026-01-23, 08",Butler Bulldogs,Marquette Golden Eagles,fanduel,Total,,151.5,U,+210,https://sportsbook.fanduel.ca/addToBetslip?marketId=801.154158960&selectionId=7017824
2026-01-23 17:09:11,"Butler Bulldogs vs Marquette Golden Eagles, 2026-01-23, 08",Butler Bulldogs,Marquette Golden Eagles,fanduel,Total,,157.5,O,-154,https://sportsbook.fanduel.ca/addToBetslip?marketId=801.154158943&selectionId=7017823
2026-01-23 17:09:11,"Butler Bulldogs vs Marquette Golden Eagles, 2026-01-23, 08",Butler Bulldogs,Marquette Golden Eagles,fanduel,Total,,157.5,U,+118,https://sportsbook.fanduel.ca/addToBetslip?marketId=801.154158943&selectionId=7017824
2026-01-23 17:09:11,"Butler Bulldogs vs Marquette Golden Eagles, 2026-01-23, 08",Butler Bulldogs,Marquette Golden Eagles,fanduel,Total,,169.5,O,+215,https://sportsbook.fanduel.ca/addToBetslip?marketId=801.154158942&selectionId=7017823
2026-01-23 17:09:11,"Butler Bulldogs vs Marquette Golden Eagles, 2026-01-23, 08",Butler Bulldogs,Marquette Golden Eagles,fanduel,Total,,169.5,U,-295,https://sportsbook.fanduel.ca/addToBetslip?marketId=801.154158942&selectionId=7017824
2026-01-23 17:09:11,"Butler Bulldogs vs Marquette Golden Eagles, 2026-01-23, 08",Butler Bulldogs,Marquette Golden Eagles,fanduel,Total,,159.5,O,-118,https://sportsbook.fanduel.ca/addToBetslip?marketId=801.151482425&selectionId=7017823
2026-01-23 17:09:11,"Butler Bulldogs vs Marquette Golden Eagles, 2026-01-23, 08",Butler Bulldogs,Marquette Golden Eagles,fanduel,Total,,159.5,U,-104,https://sportsbook.fanduel.ca/addToBetslip?marketId=801.151482425&selectionId=7017824
2026-01-23 17:09:11,"Butler Bulldogs vs Marquette Golden Eagles, 2026-01-23, 08",Butler Bulldogs,Marquette Golden Eagles,fanduel,Total,,154.5,O,-215,https://sportsbook.fanduel.ca/addToBetslip?marketId=801.154158932&selectionId=7017823
2026-01-23 17:09:11,"Butler Bulldogs vs Marquette Golden Eagles, 2026-01-23, 08",Butler Bulldogs,Marquette Golden Eagles,fanduel,Total,,154.5,U,+162,https://sportsbook.fanduel.ca/addToBetslip?marketId=801.154158932&selectionId=7017824
2026-01-23 17:09:11,"Butler Bulldogs vs Marquette Golden Eagles, 2026-01-23, 08",Butler Bulldogs,Marquette Golden Eagles,fanduel,Total,,166.5,O,+162,https://sportsbook.fanduel.ca/addToBetslip?marketId=801.154158945&selectionId=7017823
2026-01-23 17:09:11,"Butler Bulldogs vs Marquette Golden Eagles, 2026-01-23, 08",Butler Bulldogs,Marquette Golden Eagles,fanduel,Total,,166.5,U,-215,https://sportsbook.fanduel.ca/addToBetslip?marketId=801.154158945&selectionId=7017824
2026-01-23 17:09:11,"Butler Bulldogs vs Marquette Golden Eagles, 2026-01-23, 08",Butler Bulldogs,Marquette Golden Eagles,betonline,Total,,160.0,U,-110,
2026-01-23 17:09:11,"Butler Bulldogs vs Marquette Golden Eagles, 2026-01-23, 08",Butler Bulldogs,Marquette Golden Eagles,betonline,Total,,160.0,O,-110,
2026-01-23 17:09:11,"Butler Bulldogs vs Marquette Golden Eagles, 2026-01-23, 08",Butler Bulldogs,Marquette Golden Eagles,draftkings,Total,,160.5,O,-108,https://sportsbook.draftkings.com/event/marquette-%40-butler/33510246?outcomes=0OU83102588O16050_1
2026-01-23 17:09:11,"Butler Bulldogs vs Marquette Golden Eagles, 2026-01-23, 08",Butler Bulldogs,Marquette Golden Eagles,draftkings,Total,,160.5,U,-112,https://sportsbook.draftkings.com/event/marquette-%40-butler/33510246?outcomes=0OU83102588U16050_3
2026-01-23 17:09:11,"Butler Bulldogs vs Marquette Golden Eagles, 2026-01-23, 08",Butler Bulldogs,Marquette Golden Eagles,draftkings,Total,,148.5,O,-395,https://sportsbook.draftkings.com/event/marquette-%40-butler/33510246?outcomes=0OU83106929O14850_1
2026-01-23 17:09:11,"Butler Bulldogs vs Marquette Golden Eagles, 2026-01-23, 08",Butler Bulldogs,Marquette Golden Eagles,draftkings,Total,,148.5,U,+280,https://sportsbook.draftkings.com/event/marquette-%40-butler/33510246?outcomes=0OU83106929U14850_3
2026-01-23 17:09:11,"Butler Bulldogs vs Marquette Golden Eagles, 2026-01-23, 08",Butler Bulldogs,Marquette Golden Eagles,draftkings,Total,,163.5,O,+120,https://sportsbook.draftkings.com/event/marquette-%40-butler/33510246?outcomes=0OU83106929O16350_1
2026-01-23 17:09:11,"Butler Bulldogs vs Marquette Golden Eagles, 2026-01-23, 08",Butler Bulldogs,Marquette Golden Eagles,draftkings,Total,,163.5,U,-154,https://sportsbook.draftkings.com/event/marquette-%40-butler/33510246?outcomes=0OU83106929U16350_3
2026-01-23 17:09:11,"Butler Bulldogs vs Marquette Golden Eagles, 2026-01-23, 08",Butler Bulldogs,Marquette Golden Eagles,draftkings,Total,,164.5,O,+130,https://sportsbook.draftkings.com/event/marquette-%40-butler/33510246?outcomes=0OU83106929O16450_1
2026-01-23 17:09:11,"Butler Bulldogs vs Marquette Golden Eagles, 2026-01-23, 08",Butler Bulldogs,Marquette Golden Eagles,draftkings,Total,,164.5,U,-166,https://sportsbook.draftkings.com/event/marquette-%40-butler/33510246?outcomes=0OU83106929U16450_3
2026-01-23 17:09:11,"Butler Bulldogs vs Marquette Golden Eagles, 2026-01-23, 08",Butler Bulldogs,Marquette Golden Eagles,draftkings,Total,,165.5,O,+145,https://sportsbook.draftkings.com/event/marquette-%40-butler/33510246?outcomes=0OU83106929O16550_1
2026-01-23 17:09:11,"Butler Bulldogs vs Marquette Golden Eagles, 2026-01-23, 08",Butler Bulldogs,Marquette Golden Eagles,draftkings,Total,,165.5,U,-188,https://sportsbook.draftkings.com/event/marquette-%40-butler/33510246?outcomes=0OU83106929U16550_3
2026-01-23 17:09:11,"Butler Bulldogs vs Marquette Golden Eagles, 2026-01-23, 08",Butler Bulldogs,Marquette Golden Eagles,draftkings,Total,,166.5,O,+160,https://sportsbook.draftkings.com/event/marquette-%40-butler/33510246?outcomes=0OU83106929O16650_1
2026-01-23 17:09:11,"Butler Bulldogs vs Marquette Golden Eagles, 2026-01-23, 08",Butler Bulldogs,Marquette Golden Eagles,draftkings,Total,,166.5,U,-210,https://sportsbook.draftkings.com/event/marquette-%40-butler/33510246?outcomes=0OU83106929U16650_3
2026-01-23 17:09:11,"Butler Bulldogs vs Marquette Golden Eagles, 2026-01-23, 08",Butler Bulldogs,Marquette Golden Eagles,draftkings,Total,,167.5,O,+180,https://sportsbook.draftkings.com/event/marquette-%40-butler/33510246?outcomes=0OU83106929O16750_1
2026-01-23 17:09:11,"Butler Bulldogs vs Marquette Golden Eagles, 2026-01-23, 08",Butler Bulldogs,Marquette Golden Eagles,draftkings,Total,,167.5,U,-238,https://sportsbook.draftkings.com/event/marquette-%40-butler/33510246?outcomes=0OU83106929U16750_3
2026-01-23 17:09:11,"Butler Bulldogs vs Marquette Golden Eagles, 2026-01-23, 08",Butler Bulldogs,Marquette Golden Eagles,draftkings,Total,,168.5,O,+195,https://sportsbook.draftkings.com/event/marquette-%40-butler/33510246?outcomes=0OU83106929O16850_1
2026-01-23 17:09:11,"Butler Bulldogs vs Marquette Golden Eagles, 2026-01-23, 08",Butler Bulldogs,Marquette Golden Eagles,draftkings,Total,,168.5,U,-260,https://sportsbook.draftkings.com/event/marquette-%40-butler/33510246?outcomes=0OU83106929U16850_3
2026-01-23 17:09:11,"Butler Bulldogs vs Marquette Golden Eagles, 2026-01-23, 08",Butler Bulldogs,Marquette Golden Eagles,draftkings,Total,,169.5,O,+220,https://sportsbook.draftkings.com/event/marquette-%40-butler/33510246?outcomes=0OU83106929O16950_1
2026-01-23 17:09:11,"Butler Bulldogs vs Marquette Golden Eagles, 2026-01-23, 08",Butler Bulldogs,Marquette Golden Eagles,draftkings,Total,,169.5,U,-298,https://sportsbook.draftkings.com/event/marquette-%40-butler/33510246?outcomes=0OU83106929U16950_3
2026-01-23 17:09:11,"Butler Bulldogs vs Marquette Golden Eagles, 2026-01-23, 08",Butler Bulldogs,Marquette Golden Eagles,draftkings,Total,,170.5,O,+240,https://sportsbook.draftkings.com/event/marquette-%40-butler/33510246?outcomes=0OU83106929O17050_1
2026-01-23 17:09:11,"Butler Bulldogs vs Marquette Golden Eagles, 2026-01-23, 08",Butler Bulldogs,Marquette Golden Eagles,draftkings,Total,,170.5,U,-330,https://sportsbook.draftkings.com/event/marquette-%40-butler/33510246?outcomes=0OU83106929U17050_3
2026-01-23 17:09:11,"Butler Bulldogs vs Marquette Golden Eagles, 2026-01-23, 08",Butler Bulldogs,Marquette Golden Eagles,draftkings,Total,,171.5,O,+260,https://sportsbook.draftkings.com/event/marquette-%40-butler/33510246?outcomes=0OU83106929O17150_1
2026-01-23 17:09:11,"Butler Bulldogs vs Marquette Golden Eagles, 2026-01-23, 08",Butler Bulldogs,Marquette Golden Eagles,draftkings,Total,,171.5,U,-360,https://sportsbook.draftkings.com/event/marquette-%40-butler/33510246?outcomes=0OU83106929U17150_3
2026-01-23 17:09:11,"Butler Bulldogs vs Marquette Golden Eagles, 2026-01-23, 08",Butler Bulldogs,Marquette Golden Eagles,draftkings,Total,,172.5,O,+290,https://sportsbook.draftkings.com/event/marquette-%40-butler/33510246?outcomes=0OU83106929O17250_1
2026-01-23 17:09:11,"Butler Bulldogs vs Marquette Golden Eagles, 2026-01-23, 08",Butler Bulldogs,Marquette Golden Eagles,draftkings,Total,,172.5,U,-410,https://sportsbook.draftkings.com/event/marquette-%40-butler/33510246?outcomes=0OU83106929U17250_3
2026-01-23 17:09:11,"Butler Bulldogs vs Marquette Golden Eagles, 2026-01-23, 08",Butler Bulldogs,Marquette Golden Eagles,draftkings,Total,,162.5,U,-140,https://sportsbook.draftkings.com/event/marquette-%40-butler/33510246?outcomes=0OU83106929U16250_3
2026-01-23 17:09:11,"Butler Bulldogs vs Marquette Golden Eagles, 2026-01-23, 08",Butler Bulldogs,Marquette Golden Eagles,draftkings,Total,,162.5,O,+110,https://sportsbook.draftkings.com/event/marquette-%40-butler/33510246?outcomes=0OU83106929O16250_1
2026-01-23 17:09:11,"Butler Bulldogs vs Marquette Golden Eagles, 2026-01-23, 08",Butler Bulldogs,Marquette Golden Eagles,draftkings,Total,,161.5,U,-130,https://sportsbook.draftkings.com/event/marquette-%40-butler/33510246?outcomes=0OU83106929U16150_3
2026-01-23 17:09:11,"Butler Bulldogs vs Marquette Golden Eagles, 2026-01-23, 08",Butler Bulldogs,Marquette Golden Eagles,draftkings,Total,,161.5,O,+100,https://sportsbook.draftkings.com/event/marquette-%40-butler/33510246?outcomes=0OU83106929O16150_1
2026-01-23 17:09:11,"Butler Bulldogs vs Marquette Golden Eagles, 2026-01-23, 08",Butler Bulldogs,Marquette Golden Eagles,draftkings,Total,,149.5,O,-345,https://sportsbook.draftkings.com/event/marquette-%40-butler/33510246?outcomes=0OU83106929O14950_1
2026-01-23 17:09:11,"Butler Bulldogs vs Marquette Golden Eagles, 2026-01-23, 08",Butler Bulldogs,Marquette Golden Eagles,draftkings,Total,,149.5,U,+250,https://sportsbook.draftkings.com/event/marquette-%40-butler/33510246?outcomes=0OU83106929U14950_3
2026-01-23 17:09:11,"Butler Bulldogs vs Marquette Golden Eagles, 2026-01-23, 08",Butler Bulldogs,Marquette Golden Eagles,draftkings,Total,,150.5,O,-315,https://sportsbook.draftkings.com/event/marquette-%40-butler/33510246?outcomes=0OU83106929O15050_1
2026-01-23 17:09:11,"Butler Bulldogs vs Marquette Golden Eagles, 2026-01-23, 08",Butler Bulldogs,Marquette Golden Eagles,draftkings,Total,,150.5,U,+230,https://sportsbook.draftkings.com/event/marquette-%40-butler/33510246?outcomes=0OU83106929U15050_3
2026-01-23 17:09:11,"Butler Bulldogs vs Marquette Golden Eagles, 2026-01-23, 08",Butler Bulldogs,Marquette Golden Eagles,draftkings,Total,,151.5,O,-280,https://sportsbook.draftkings.com/event/marquette-%40-butler/33510246?outcomes=0OU83106929O15150_1
2026-01-23 17:09:11,"Butler Bulldogs vs Marquette Golden Eagles, 2026-01-23, 08",Butler Bulldogs,Marquette Golden Eagles,draftkings,Total,,151.5,U,+210,https://sportsbook.draftkings.com/event/marquette-%40-butler/33510246?outcomes=0OU83106929U15150_3
2026-01-23 17:09:11,"Butler Bulldogs vs Marquette Golden Eagles, 2026-01-23, 08",Butler Bulldogs,Marquette Golden Eagles,draftkings,Total,,152.5,O,-250,https://sportsbook.draftkings.com/event/marquette-%40-butler/33510246?outcomes=0OU83106929O15250_1
2026-01-23 17:09:11,"Butler Bulldogs vs Marquette Golden Eagles, 2026-01-23, 08",Butler Bulldogs,Marquette Golden Eagles,draftkings,Total,,152.5,U,+190,https://sportsbook.draftkings.com/event/marquette-%40-butler/33510246?outcomes=0OU83106929U15250_3
2026-01-23 17:09:11,"Butler Bulldogs vs Marquette Golden Eagles, 2026-01-23, 08",Butler Bulldogs,Marquette Golden Eagles,draftkings,Total,,153.5,O,-220,https://sportsbook.draftkings.com/event/marquette-%40-butler/33510246?outcomes=0OU83106929O15350_1
2026-01-23 17:09:11,"Butler Bulldogs vs Marquette Golden Eagles, 2026-01-23, 08",Butler Bulldogs,Marquette Golden Eagles,draftkings,Total,,153.5,U,+170,https://sportsbook.draftkings.com/event/marquette-%40-butler/33510246?outcomes=0OU83106929U15350_3
2026-01-23 17:09:11,"Butler Bulldogs vs Marquette Golden Eagles, 2026-01-23, 08",Butler Bulldogs,Marquette Golden Eagles,draftkings,Total,,154.5,O,-200,https://sportsbook.draftkings.com/event/marquette-%40-butler/33510246?outcomes=0OU83106929O15450_1
2026-01-23 17:09:11,"Butler Bulldogs vs Marquette Golden Eagles, 2026-01-23, 08",Butler Bulldogs,Marquette Golden Eagles,draftkings,Total,,155.5,O,-180,https://sportsbook.draftkings.com/event/marquette-%40-butler/33510246?outcomes=0OU83106929O15550_1
2026-01-23 17:09:11,"Butler Bulldogs vs Marquette Golden Eagles, 2026-01-23, 08",Butler Bulldogs,Marquette Golden Eagles,draftkings,Total,,155.5,U,+140,https://sportsbook.draftkings.com/event/marquette-%40-butler/33510246?outcomes=0OU83106929U15550_3
2026-01-23 17:09:11,"Butler Bulldogs vs Marquette Golden Eagles, 2026-01-23, 08",Butler Bulldogs,Marquette Golden Eagles,draftkings,Total,,156.5,O,-166,https://sportsbook.draftkings.com/event/marquette-%40-butler/33510246?outcomes=0OU83106929O15650_1
2026-01-23 17:09:11,"Butler Bulldogs vs Marquette Golden Eagles, 2026-01-23, 08",Butler Bulldogs,Marquette Golden Eagles,draftkings,Total,,156.5,U,+130,https://sportsbook.draftkings.com/event/marquette-%40-butler/33510246?outcomes=0OU83106929U15650_3
2026-01-23 17:09:11,"Butler Bulldogs vs Marquette Golden Eagles, 2026-01-23, 08",Butler Bulldogs,Marquette Golden Eagles,draftkings,Total,,157.5,O,-145,https://sportsbook.draftkings.com/event/marquette-%40-butler/33510246?outcomes=0OU83106929O15750_1
2026-01-23 17:09:11,"Butler Bulldogs vs Marquette Golden Eagles, 2026-01-23, 08",Butler Bulldogs,Marquette Golden Eagles,draftkings,Total,,157.5,U,+114,https://sportsbook.draftkings.com/event/marquette-%40-butler/33510246?outcomes=0OU83106929U15750_3
2026-01-23 17:09:11,"Butler Bulldogs vs Marquette Golden Eagles, 2026-01-23, 08",Butler Bulldogs,Marquette Golden Eagles,draftkings,Total,,158.5,O,-135,https://sportsbook.draftkings.com/event/marquette-%40-butler/33510246?outcomes=0OU83106929O15850_1
2026-01-23 17:09:11,"Butler Bulldogs vs Marquette Golden Eagles, 2026-01-23, 08",Butler Bulldogs,Marquette Golden Eagles,draftkings,Total,,158.5,U,+105,https://sportsbook.draftkings.com/event/marquette-%40-butler/33510246?outcomes=0OU83106929U15850_3
2026-01-23 17:09:11,"Butler Bulldogs vs Marquette Golden Eagles, 2026-01-23, 08",Butler Bulldogs,Marquette Golden Eagles,draftkings,Total,,159.5,O,-125,https://sportsbook.draftkings.com/event/marquette-%40-butler/33510246?outcomes=0OU83106929O15950_1
2026-01-23 17:09:11,"Butler Bulldogs vs Marquette Golden Eagles, 2026-01-23, 08",Butler Bulldogs,Marquette Golden Eagles,draftkings,Total,,159.5,U,-105,https://sportsbook.draftkings.com/event/marquette-%40-butler/33510246?outcomes=0OU83106929U15950_3
2026-01-23 17:09:11,"Butler Bulldogs vs Marquette Golden Eagles, 2026-01-23, 08",Butler Bulldogs,Marquette Golden Eagles,draftkings,Total,,154.5,U,+154,https://sportsbook.draftkings.com/event/marquette-%40-butler/33510246?outcomes=0OU83106929U15450_3
2026-01-23 17:09:11,"Colorado State Rams vs Utah State Aggies, 2026-01-23, 10",Colorado State Rams,Utah State Aggies,pinnacle,Spread,Utah State Aggies,-6.5,,+114,
2026-01-23 17:09:11,"Colorado State Rams vs Utah State Aggies, 2026-01-23, 10",Colorado State Rams,Utah State Aggies,pinnacle,Spread,Colorado State Rams,6.0,,-130,
2026-01-23 17:09:11,"Colorado State Rams vs Utah State Aggies, 2026-01-23, 10",Colorado State Rams,Utah State Aggies,pinnacle,Spread,Utah State Aggies,-6.0,,+107,
2026-01-23 17:09:11,"Colorado State Rams vs Utah State Aggies, 2026-01-23, 10",Colorado State Rams,Utah State Aggies,pinnacle,Spread,Colorado State Rams,5.5,,-121,
2026-01-23 17:09:11,"Colorado State Rams vs Utah State Aggies, 2026-01-23, 10",Colorado State Rams,Utah State Aggies,pinnacle,Spread,Utah State Aggies,-5.5,,-100,
2026-01-23 17:09:11,"Colorado State Rams vs Utah State Aggies, 2026-01-23, 10",Colorado State Rams,Utah State Aggies,pinnacle,Spread,Colorado State Rams,5.0,,-111,
2026-01-23 17:09:11,"Colorado State Rams vs Utah State Aggies, 2026-01-23, 10",Colorado State Rams,Utah State Aggies,pinnacle,Spread,Utah State Aggies,-5.0,,-109,
2026-01-23 17:09:11,"Colorado State Rams vs Utah State Aggies, 2026-01-23, 10",Colorado State Rams,Utah State Aggies,pinnacle,Spread,Colorado State Rams,4.5,,-100,
2026-01-23 17:09:11,"Colorado State Rams vs Utah State Aggies, 2026-01-23, 10",Colorado State Rams,Utah State Aggies,pinnacle,Spread,Utah State Aggies,-4.5,,-116,
2026-01-23 17:09:11,"Colorado State Rams vs Utah State Aggies, 2026-01-23, 10",Colorado State Rams,Utah State Aggies,pinnacle,Spread,Colorado State Rams,4.0,,+106,
2026-01-23 17:09:11,"Colorado State Rams vs Utah State Aggies, 2026-01-23, 10",Colorado State Rams,Utah State Aggies,pinnacle,Spread,Utah State Aggies,-4.0,,-129,
2026-01-23 17:09:11,"Colorado State Rams vs Utah State Aggies, 2026-01-23, 10",Colorado State Rams,Utah State Aggies,pinnacle,Spread,Colorado State Rams,3.5,,+115,
2026-01-23 17:09:11,"Colorado State Rams vs Utah State Aggies, 2026-01-23, 10",Colorado State Rams,Utah State Aggies,pinnacle,Spread,Utah State Aggies,-3.5,,-140,
2026-01-23 17:09:11,"Colorado State Rams vs Utah State Aggies, 2026-01-23, 10",Colorado State Rams,Utah State Aggies,pinnacle,Spread,Colorado State Rams,3.0,,+124,
2026-01-23 17:09:11,"Colorado State Rams vs Utah State Aggies, 2026-01-23, 10",Colorado State Rams,Utah State Aggies,pinnacle,Spread,Utah State Aggies,-3.0,,-151,
2026-01-23 17:09:11,"Colorado State Rams vs Utah State Aggies, 2026-01-23, 10",Colorado State Rams,Utah State Aggies,pinnacle,Spread,Colorado State Rams,2.5,,+132,
2026-01-23 17:09:11,"Colorado State Rams vs Utah State Aggies, 2026-01-23, 10",Colorado State Rams,Utah State Aggies,pinnacle,Spread,Utah State Aggies,-2.5,,-162,
2026-01-23 17:09:11,"Colorado State Rams vs Utah State Aggies, 2026-01-23, 10",Colorado State Rams,Utah State Aggies,pinnacle,Spread,Colorado State Rams,6.5,,-139,
2026-01-23 17:09:11,"Colorado State Rams vs Utah State Aggies, 2026-01-23, 10",Colorado State Rams,Utah State Aggies,fanduel,Spread,Utah State Aggies,-5.5,,-104,https://sportsbook.fanduel.ca/addToBetslip?marketId=801.154102797&selectionId=719433
2026-01-23 17:09:11,"Colorado State Rams vs Utah State Aggies, 2026-01-23, 10",Colorado State Rams,Utah State Aggies,fanduel,Spread,Colorado State Rams,5.5,,-118,https://sportsbook.fanduel.ca/addToBetslip?marketId=801.154102797&selectionId=702240
2026-01-23 17:09:11,"Colorado State Rams vs Utah State Aggies, 2026-01-23, 10",Colorado State Rams,Utah State Aggies,fanduel,Spread,Utah State Aggies,0.5,,-260,https://sportsbook.fanduel.ca/addToBetslip?marketId=801.154159185&selectionId=719433
2026-01-23 17:09:11,"Colorado State Rams vs Utah State Aggies, 2026-01-23, 10",Colorado State Rams,Utah State Aggies,fanduel,Spread,Colorado State Rams,-0.5,,+196,https://sportsbook.fanduel.ca/addToBetslip?marketId=801.154159185&selectionId=702240
2026-01-23 17:09:11,"Colorado State Rams vs Utah State Aggies, 2026-01-23, 10",Colorado State Rams,Utah State Aggies,fanduel,Spread,Utah State Aggies,-2.5,,-178,https://sportsbook.fanduel.ca/addToBetslip?marketId=801.154159203&selectionId=719433
2026-01-23 17:09:11,"Colorado State Rams vs Utah State Aggies, 2026-01-23, 10",Colorado State Rams,Utah State Aggies,fanduel,Spread,Colorado State Rams,2.5,,+138,https://sportsbook.fanduel.ca/addToBetslip?marketId=801.154159203&selectionId=702240
2026-01-23 17:09:11,"Colorado State Rams vs Utah State Aggies, 2026-01-23, 10",Colorado State Rams,Utah State Aggies,fanduel,Spread,Utah State Aggies,-14.5,,+350,https://sportsbook.fanduel.ca/addToBetslip?marketId=801.154159250&selectionId=719433
2026-01-23 17:09:11,"Colorado State Rams vs Utah State Aggies, 2026-01-23, 10",Colorado State Rams,Utah State Aggies,fanduel,Spread,Colorado State Rams,14.5,,-520,https://sportsbook.fanduel.ca/addToBetslip?marketId=801.154159250&selectionId=702240
2026-01-23 17:09:11,"Colorado State Rams vs Utah State Aggies, 2026-01-23, 10",Colorado State Rams,Utah State Aggies,fanduel,Spread,Utah State Aggies,3.5,,-430,https://sportsbook.fanduel.ca/addToBetslip?marketId=801.154159226&selectionId=719433
2026-01-23 17:09:11,"Colorado State Rams vs Utah State Aggies, 2026-01-23, 10",Colorado State Rams,Utah State Aggies,fanduel,Spread,Utah State Aggies,-11.5,,+240,https://sportsbook.fanduel.ca/addToBetslip?marketId=801.154159265&selectionId=719433
2026-01-23 17:09:11,"Colorado State Rams vs Utah State Aggies, 2026-01-23, 10",Colorado State Rams,Utah State Aggies,fanduel,Spread,Colorado State Rams,11.5,,-330,https://sportsbook.fanduel.ca/addToBetslip?marketId=801.154159265&selectionId=702240
2026-01-23 17:09:11,"Colorado State Rams vs Utah State Aggies, 2026-01-23, 10",Colorado State Rams,Utah State Aggies,fanduel,Spread,Utah State Aggies,-8.5,,+154,https://sportsbook.fanduel.ca/addToBetslip?marketId=801.154159234&selectionId=719433
2026-01-23 17:09:11,"Colorado State Rams vs Utah State Aggies, 2026-01-23, 10",Colorado State Rams,Utah State Aggies,fanduel,Spread,Colorado State Rams,8.5,,-200,https://sportsbook.fanduel.ca/addToBetslip?marketId=801.154159234&selectionId=702240
2026-01-23 17:09:11,"Colorado State Rams vs Utah State Aggies, 2026-01-23, 10",Colorado State Rams,Utah State Aggies,fanduel,Spread,Colorado State Rams,-3.5,,+300,https://sportsbook.fanduel.ca/addToBetslip?marketId=801.154159226&selectionId=702240
2026-01-23 17:09:11,"Colorado State Rams vs Utah State Aggies, 2026-01-23, 10",Colorado State Rams,Utah State Aggies,betonline,Spread,Utah State Aggies,-5.0,,-109,
2026-01-23 17:09:11,"Colorado State Rams vs Utah State Aggies, 2026-01-23, 10",Colorado State Rams,Utah State Aggies,betonline,Spread,Colorado State Rams,5.0,,-111,
2026-01-23 17:09:11,"Colorado State Rams vs Utah State Aggies, 2026-01-23, 10",Colorado State Rams,Utah State Aggies,draftkings,Spread,Colorado State Rams,4.5,,-108,https://sportsbook.draftkings.com/event/utah-state-%40-colorado-state/33510250?outcomes=0HC83106960P450_1
2026-01-23 17:09:11,"Colorado State Rams vs Utah State Aggies, 2026-01-23, 10",Colorado State Rams,Utah State Aggies,draftkings,Spread,Utah State Aggies,-3.5,,-144,https://sportsbook.draftkings.com/event/utah-state-%40-colorado-state/33510250?outcomes=0HC83106960N350_3
2026-01-23 17:09:11,"Colorado State Rams vs Utah State Aggies, 2026-01-23, 10",Colorado State Rams,Utah State Aggies,draftkings,Spread,Colorado State Rams,3.5,,+105,https://sportsbook.draftkings.com/event/utah-state-%40-colorado-state/33510250?outcomes=0HC83106960P350_1
2026-01-23 17:09:11,"Colorado State Rams vs Utah State Aggies, 2026-01-23, 10",Colorado State Rams,Utah State Aggies,draftkings,Spread,Utah State Aggies,-2.5,,-166,https://sportsbook.draftkings.com/event/utah-state-%40-colorado-state/33510250?outcomes=0HC83106960N250_3
2026-01-23 17:09:11,"Colorado State Rams vs Utah State Aggies, 2026-01-23, 10",Colorado State Rams,Utah State Aggies,draftkings,Spread,Colorado State Rams,2.5,,+121,https://sportsbook.draftkings.com/event/utah-state-%40-colorado-state/33510250?outcomes=0HC83106960P250_1
2026-01-23 17:09:11,"Colorado State Rams vs Utah State Aggies, 2026-01-23, 10",Colorado State Rams,Utah State Aggies,draftkings,Spread,Utah State Aggies,-1.5,,-198,https://sportsbook.draftkings.com/event/utah-state-%40-colorado-state/33510250?outcomes=0HC83106960N150_3
2026-01-23 17:09:11,"Colorado State Rams vs Utah State Aggies, 2026-01-23, 10",Colorado State Rams,Utah State Aggies,draftkings,Spread,Colorado State Rams,1.5,,+143,https://sportsbook.draftkings.com/event/utah-state-%40-colorado-state/33510250?outcomes=0HC83106960P150_1
2026-01-23 17:09:11,"Colorado State Rams vs Utah State Aggies, 2026-01-23, 10",Colorado State Rams,Utah State Aggies,draftkings,Spread,Utah State Aggies,1.5,,-275,https://sportsbook.draftkings.com/event/utah-state-%40-colorado-state/33510250?outcomes=0HC83106960P150_3
2026-01-23 17:09:11,"Colorado State Rams vs Utah State Aggies, 2026-01-23, 10",Colorado State Rams,Utah State Aggies,draftkings,Spread,Colorado State Rams,-1.5,,+192,https://sportsbook.draftkings.com/event/utah-state-%40-colorado-state/33510250?outcomes=0HC83106960N150_1
2026-01-23 17:09:11,"Colorado State Rams vs Utah State Aggies, 2026-01-23, 10",Colorado State Rams,Utah State Aggies,draftkings,Spread,Utah State Aggies,2.5,,-329,https://sportsbook.draftkings.com/event/utah-state-%40-colorado-state/33510250?outcomes=0HC83106960P250_3
2026-01-23 17:09:11,"Colorado State Rams vs Utah State Aggies, 2026-01-23, 10",Colorado State Rams,Utah State Aggies,draftkings,Spread,Colorado State Rams,-2.5,,+224,https://sportsbook.draftkings.com/event/utah-state-%40-colorado-state/33510250?outcomes=0HC83106960N250_1
2026-01-23 17:09:11,"Colorado State Rams vs Utah State Aggies, 2026-01-23, 10",Colorado State Rams,Utah State Aggies,draftkings,Spread,Utah State Aggies,3.5,,-395,https://sportsbook.draftkings.com/event/utah-state-%40-colorado-state/33510250?outcomes=0HC83106960P350_3
2026-01-23 17:09:11,"Colorado State Rams vs Utah State Aggies, 2026-01-23, 10",Colorado State Rams,Utah State Aggies,draftkings,Spread,Colorado State Rams,-3.5,,+260,https://sportsbook.draftkings.com/event/utah-state-%40-colorado-state/33510250?outcomes=0HC83106960N350_1
2026-01-23 17:09:11,"Colorado State Rams vs Utah State Aggies, 2026-01-23, 10",Colorado State Rams,Utah State Aggies,draftkings,Spread,Utah State Aggies,4.5,,-454,https://sportsbook.draftkings.com/event/utah-state-%40-colorado-state/33510250?outcomes=0HC83106960P450_3
2026-01-23 17:09:11,"Colorado State Rams vs Utah State Aggies, 2026-01-23, 10",Colorado State Rams,Utah State Aggies,draftkings,Spread,Colorado State Rams,-4.5,,+290,https://sportsbook.draftkings.com/event/utah-state-%40-colorado-state/33510250?outcomes=0HC83106960N450_1
2026-01-23 17:09:11,"Colorado State Rams vs Utah State Aggies, 2026-01-23, 10",Colorado State Rams,Utah State Aggies,draftkings,Spread,Utah State Aggies,5.5,,-532,https://sportsbook.draftkings.com/event/utah-state-%40-colorado-state/33510250?outcomes=0HC83106960P550_3
2026-01-23 17:09:11,"Colorado State Rams vs Utah State Aggies, 2026-01-23, 10",Colorado State Rams,Utah State Aggies,draftkings,Spread,Colorado State Rams,-5.5,,+328,https://sportsbook.draftkings.com/event/utah-state-%40-colorado-state/33510250?outcomes=0HC83106960N550_1
2026-01-23 17:09:11,"Colorado State Rams vs Utah State Aggies, 2026-01-23, 10",Colorado State Rams,Utah State Aggies,draftkings,Spread,Utah State Aggies,6.5,,-620,https://sportsbook.draftkings.com/event/utah-state-%40-colorado-state/33510250?outcomes=0HC83106960P650_3
2026-01-23 17:09:11,"Colorado State Rams vs Utah State Aggies, 2026-01-23, 10",Colorado State Rams,Utah State Aggies,draftkings,Spread,Colorado State Rams,-6.5,,+367,https://sportsbook.draftkings.com/event/utah-state-%40-colorado-state/33510250?outcomes=0HC83106960N650_1
2026-01-23 17:09:11,"Colorado State Rams vs Utah State Aggies, 2026-01-23, 10",Colorado State Rams,Utah State Aggies,draftkings,Spread,Utah State Aggies,7.5,,-730,https://sportsbook.draftkings.com/event/utah-state-%40-colorado-state/33510250?outcomes=0HC83106960P750_3
2026-01-23 17:09:11,"Colorado State Rams vs Utah State Aggies, 2026-01-23, 10",Colorado State Rams,Utah State Aggies,draftkings,Spread,Colorado State Rams,-7.5,,+411,https://sportsbook.draftkings.com/event/utah-state-%40-colorado-state/33510250?outcomes=0HC83106960N750_1
2026-01-23 17:09:11,"Colorado State Rams vs Utah State Aggies, 2026-01-23, 10",Colorado State Rams,Utah State Aggies,draftkings,Spread,Utah State Aggies,-4.5,,-126,https://sportsbook.draftkings.com/event/utah-state-%40-colorado-state/33510250?outcomes=0HC83106960N450_3
2026-01-23 17:09:11,"Colorado State Rams vs Utah State Aggies, 2026-01-23, 10",Colorado State Rams,Utah State Aggies,draftkings,Spread,Utah State Aggies,8.5,,-910,https://sportsbook.draftkings.com/event/utah-state-%40-colorado-state/33510250?outcomes=0HC83106960P850_3
2026-01-23 17:09:11,"Colorado State Rams vs Utah State Aggies, 2026-01-23, 10",Colorado State Rams,Utah State Aggies,draftkings,Spread,Colorado State Rams,6.5,,-140,https://sportsbook.draftkings.com/event/utah-state-%40-colorado-state/33510250?outcomes=0HC83106960P650_1
2026-01-23 17:09:11,"Colorado State Rams vs Utah State Aggies, 2026-01-23, 10",Colorado State Rams,Utah State Aggies,draftkings,Spread,Colorado State Rams,7.5,,-158,https://sportsbook.draftkings.com/event/utah-state-%40-colorado-state/33510250?outcomes=0HC83106960P750_1
2026-01-23 17:09:11,"Colorado State Rams vs Utah State Aggies, 2026-01-23, 10",Colorado State Rams,Utah State Aggies,draftkings,Spread,Utah State Aggies,-17.5,,+497,https://sportsbook.draftkings.com/event/utah-state-%40-colorado-state/33510250?outcomes=0HC83106960N1750_3
2026-01-23 17:09:11,"Colorado State Rams vs Utah State Aggies, 2026-01-23, 10",Colorado State Rams,Utah State Aggies,draftkings,Spread,Colorado State Rams,17.5,,-990,https://sportsbook.draftkings.com/event/utah-state-%40-colorado-state/33510250?outcomes=0HC83106960P1750_1
2026-01-23 17:09:11,"Colorado State Rams vs Utah State Aggies, 2026-01-23, 10",Colorado State Rams,Utah State Aggies,draftkings,Spread,Utah State Aggies,-16.5,,+433,https://sportsbook.draftkings.com/event/utah-state-%40-colorado-state/33510250?outcomes=0HC83106960N1650_3
2026-01-23 17:09:11,"Colorado State Rams vs Utah State Aggies, 2026-01-23, 10",Colorado State Rams,Utah State Aggies,draftkings,Spread,Colorado State Rams,16.5,,-790,https://sportsbook.draftkings.com/event/utah-state-%40-colorado-state/33510250?outcomes=0HC83106960P1650_1
2026-01-23 17:09:11,"Colorado State Rams vs Utah State Aggies, 2026-01-23, 10",Colorado State Rams,Utah State Aggies,draftkings,Spread,Utah State Aggies,-15.5,,+376,https://sportsbook.draftkings.com/event/utah-state-%40-colorado-state/33510250?outcomes=0HC83106960N1550_3
2026-01-23 17:09:11,"Colorado State Rams vs Utah State Aggies, 2026-01-23, 10",Colorado State Rams,Utah State Aggies,draftkings,Spread,Colorado State Rams,15.5,,-650,https://sportsbook.draftkings.com/event/utah-state-%40-colorado-state/33510250?outcomes=0HC83106960P1550_1
2026-01-23 17:09:11,"Colorado State Rams vs Utah State Aggies, 2026-01-23, 10",Colorado State Rams,Utah State Aggies,draftkings,Spread,Utah State Aggies,-14.5,,+325,https://sportsbook.draftkings.com/event/utah-state-%40-colorado-state/33510250?outcomes=0HC83106960N1450_3
2026-01-23 17:09:11,"Colorado State Rams vs Utah State Aggies, 2026-01-23, 10",Colorado State Rams,Utah State Aggies,draftkings,Spread,Colorado State Rams,14.5,,-526,https://sportsbook.draftkings.com/event/utah-state-%40-colorado-state/33510250?outcomes=0HC83106960P1450_1
2026-01-23 17:09:11,"Colorado State Rams vs Utah State Aggies, 2026-01-23, 10",Colorado State Rams,Utah State Aggies,draftkings,Spread,Utah State Aggies,-13.5,,+281,https://sportsbook.draftkings.com/event/utah-state-%40-colorado-state/33510250?outcomes=0HC83106960N1350_3
2026-01-23 17:09:11,"Colorado State Rams vs Utah State Aggies, 2026-01-23, 10",Colorado State Rams,Utah State Aggies,draftkings,Spread,Colorado State Rams,13.5,,-435,https://sportsbook.draftkings.com/event/utah-state-%40-colorado-state/33510250?outcomes=0HC83106960P1350_1
2026-01-23 17:09:11,"Colorado State Rams vs Utah State Aggies, 2026-01-23, 10",Colorado State Rams,Utah State Aggies,draftkings,Spread,Utah State Aggies,-12.5,,+245,https://sportsbook.draftkings.com/event/utah-state-%40-colorado-state/33510250?outcomes=0HC83106960N1250_3
2026-01-23 17:09:11,"Colorado State Rams vs Utah State Aggies, 2026-01-23, 10",Colorado State Rams,Utah State Aggies,draftkings,Spread,Colorado State Rams,12.5,,-367,https://sportsbook.draftkings.com/event/utah-state-%40-colorado-state/33510250?outcomes=0HC83106960P1250_1
2026-01-23 17:09:11,"Colorado State Rams vs Utah State Aggies, 2026-01-23, 10",Colorado State Rams,Utah State Aggies,draftkings,Spread,Utah State Aggies,-11.5,,+214,https://sportsbook.draftkings.com/event/utah-state-%40-colorado-state/33510250?outcomes=0HC83106960N1150_3
2026-01-23 17:09:11,"Colorado State Rams vs Utah State Aggies, 2026-01-23, 10",Colorado State Rams,Utah State Aggies,draftkings,Spread,Colorado State Rams,11.5,,-311,https://sportsbook.draftkings.com/event/utah-state-%40-colorado-state/33510250?outcomes=0HC83106960P1150_1
2026-01-23 17:09:11,"Colorado State Rams vs Utah State Aggies, 2026-01-23, 10",Colorado State Rams,Utah State Aggies,draftkings,Spread,Utah State Aggies,-10.5,,+185,https://sportsbook.draftkings.com/event/utah-state-%40-colorado-state/33510250?outcomes=0HC83106960N1050_3
2026-01-23 17:09:11,"Colorado State Rams vs Utah State Aggies, 2026-01-23, 10",Colorado State Rams,Utah State Aggies,draftkings,Spread,Colorado State Rams,10.5,,-263,https://sportsbook.draftkings.com/event/utah-state-%40-colorado-state/33510250?outcomes=0HC83106960P1050_1
2026-01-23 17:09:11,"Colorado State Rams vs Utah State Aggies, 2026-01-23, 10",Colorado State Rams,Utah State Aggies,draftkings,Spread,Utah State Aggies,-9.5,,+158,https://sportsbook.draftkings.com/event/utah-state-%40-colorado-state/33510250?outcomes=0HC83106960N950_3
2026-01-23 17:09:11,"Colorado State Rams vs Utah State Aggies, 2026-01-23, 10",Colorado State Rams,Utah State Aggies,draftkings,Spread,Colorado State Rams,9.5,,-221,https://sportsbook.draftkings.com/event/utah-state-%40-colorado-state/33510250?outcomes=0HC83106960P950_1
2026-01-23 17:09:11,"Colorado State Rams vs Utah State Aggies, 2026-01-23, 10",Colorado State Rams,Utah State Aggies,draftkings,Spread,Utah State Aggies,-8.5,,+134,https://sportsbook.draftkings.com/event/utah-state-%40-colorado-state/33510250?outcomes=0HC83106960N850_3
2026-01-23 17:09:11,"Colorado State Rams vs Utah State Aggies, 2026-01-23, 10",Colorado State Rams,Utah State Aggies,draftkings,Spread,Colorado State Rams,8.5,,-185,https://sportsbook.draftkings.com/event/utah-state-%40-colorado-state/33510250?outcomes=0HC83106960P850_1
2026-01-23 17:09:11,"Colorado State Rams vs Utah State Aggies, 2026-01-23, 10",Colorado State Rams,Utah State Aggies,draftkings,Spread,Utah State Aggies,-7.5,,+116,https://sportsbook.draftkings.com/event/utah-state-%40-colorado-state/33510250?outcomes=0HC83106960N750_3
2026-01-23 17:09:11,"Colorado State Rams vs Utah State Aggies, 2026-01-23, 10",Colorado State Rams,Utah State Aggies,draftkings,Spread,Utah State Aggies,-6.5,,+102,https://sportsbook.draftkings.com/event/utah-state-%40-colorado-state/33510250?outcomes=0HC83106960N650_3
2026-01-23 17:09:11,"Colorado State Rams vs Utah State Aggies, 2026-01-23, 10",Colorado State Rams,Utah State Aggies,draftkings,Spread,Colorado State Rams,-8.5,,+472,https://sportsbook.draftkings.com/event/utah-state-%40-colorado-state/33510250?outcomes=0HC83106960N850_1
2026-01-23 17:09:11,"Colorado State Rams vs Utah State Aggies, 2026-01-23, 10",Colorado State Rams,Utah State Aggies,draftkings,Spread,Colorado State Rams,5.5,,-118,https://sportsbook.draftkings.com/event/utah-state-%40-colorado-state/33510250?outcomes=0HC83102591P550_1
2026-01-23 17:09:11,"Colorado State Rams vs Utah State Aggies, 2026-01-23, 10",Colorado State Rams,Utah State Aggies,draftkings,Spread,Utah State Aggies,-5.5,,-102,https://sportsbook.draftkings.com/event/utah-state-%40-colorado-state/33510250?outcomes=0HC83102591N550_3
2026-01-23 17:09:11,"Colorado State Rams vs Utah State Aggies, 2026-01-23, 10",Colorado State Rams,Utah State Aggies,pinnacle,Total,,150.5,O,+110,
2026-01-23 17:09:11,"Colorado State Rams vs Utah State Aggies, 2026-01-23, 10",Colorado State Rams,Utah State Aggies,pinnacle,Total,,150.5,U,-139,
2026-01-23 17:09:11,"Colorado State Rams vs Utah State Aggies, 2026-01-23, 10",Colorado State Rams,Utah State Aggies,pinnacle,Total,,150.0,O,+105,
2026-01-23 17:09:11,"Colorado State Rams vs Utah State Aggies, 2026-01-23, 10",Colorado State Rams,Utah State Aggies,pinnacle,Total,,150.0,U,-133,
2026-01-23 17:09:11,"Colorado State Rams vs Utah State Aggies, 2026-01-23, 10",Colorado State Rams,Utah State Aggies,pinnacle,Total,,149.5,O,-100,
2026-01-23 17:09:11,"Colorado State Rams vs Utah State Aggies, 2026-01-23, 10",Colorado State Rams,Utah State Aggies,pinnacle,Total,,149.5,U,-126,
2026-01-23 17:09:11,"Colorado State Rams vs Utah State Aggies, 2026-01-23, 10",Colorado State Rams,Utah State Aggies,pinnacle,Total,,149.0,O,-106,
2026-01-23 17:09:11,"Colorado State Rams vs Utah State Aggies, 2026-01-23, 10",Colorado State Rams,Utah State Aggies,pinnacle,Total,,149.0,U,-119,
2026-01-23 17:09:11,"Colorado State Rams vs Utah State Aggies, 2026-01-23, 10",Colorado State Rams,Utah State Aggies,pinnacle,Total,,148.5,O,-110,
2026-01-23 17:09:11,"Colorado State Rams vs Utah State Aggies, 2026-01-23, 10",Colorado State Rams,Utah State Aggies,pinnacle,Total,,148.5,U,-110,
2026-01-23 17:09:11,"Colorado State Rams vs Utah State Aggies, 2026-01-23, 10",Colorado State Rams,Utah State Aggies,pinnacle,Total,,148.0,O,-119,
2026-01-23 17:09:11,"Colorado State Rams vs Utah State Aggies, 2026-01-23, 10",Colorado State Rams,Utah State Aggies,pinnacle,Total,,148.0,U,-106,
2026-01-23 17:09:11,"Colorado State Rams vs Utah State Aggies, 2026-01-23, 10",Colorado State Rams,Utah State Aggies,pinnacle,Total,,147.5,O,-126,
2026-01-23 17:09:11,"Colorado State Rams vs Utah State Aggies, 2026-01-23, 10",Colorado State Rams,Utah State Aggies,pinnacle,Total,,147.5,U,-100,
2026-01-23 17:09:11,"Colorado State Rams vs Utah State Aggies, 2026-01-23, 10",Colorado State Rams,Utah State Aggies,pinnacle,Total,,147.0,O,-133,
2026-01-23 17:09:11,"Colorado State Rams vs Utah State Aggies, 2026-01-23, 10",Colorado State Rams,Utah State Aggies,pinnacle,Total,,147.0,U,+106,
2026-01-23 17:09:11,"Colorado State Rams vs Utah State Aggies, 2026-01-23, 10",Colorado State Rams,Utah State Aggies,pinnacle,Total,,146.5,O,-139,
2026-01-23 17:09:11,"Colorado State Rams vs Utah State Aggies, 2026-01-23, 10",Colorado State Rams,Utah State Aggies,pinnacle,Total,,146.5,U,+110,
2026-01-23 17:09:11,"Colorado State Rams vs Utah State Aggies, 2026-01-23, 10",Colorado State Rams,Utah State Aggies,fanduel,Total,,139.5,O,-320,https://sportsbook.fanduel.ca/addToBetslip?marketId=801.154159211&selectionId=7017823
2026-01-23 17:09:11,"Colorado State Rams vs Utah State Aggies, 2026-01-23, 10",Colorado State Rams,Utah State Aggies,fanduel,Total,,139.5,U,+230,https://sportsbook.fanduel.ca/addToBetslip?marketId=801.154159211&selectionId=7017824
2026-01-23 17:09:11,"Colorado State Rams vs Utah State Aggies, 2026-01-23, 10",Colorado State Rams,Utah State Aggies,fanduel,Total,,154.5,O,+162,https://sportsbook.fanduel.ca/addToBetslip?marketId=801.154159259&selectionId=7017823
2026-01-23 17:09:11,"Colorado State Rams vs Utah State Aggies, 2026-01-23, 10",Colorado State Rams,Utah State Aggies,fanduel,Total,,154.5,U,-215,https://sportsbook.fanduel.ca/addToBetslip?marketId=801.154159259&selectionId=7017824
2026-01-23 17:09:11,"Colorado State Rams vs Utah State Aggies, 2026-01-23, 10",Colorado State Rams,Utah State Aggies,fanduel,Total,,151.5,O,+118,https://sportsbook.fanduel.ca/addToBetslip?marketId=801.154159270&selectionId=7017823
2026-01-23 17:09:11,"Colorado State Rams vs Utah State Aggies, 2026-01-23, 10",Colorado State Rams,Utah State Aggies,fanduel,Total,,151.5,U,-154,https://sportsbook.fanduel.ca/addToBetslip?marketId=801.154159270&selectionId=7017824
2026-01-23 17:09:11,"Colorado State Rams vs Utah State Aggies, 2026-01-23, 10",Colorado State Rams,Utah State Aggies,fanduel,Total,,148.5,O,-110,https://sportsbook.fanduel.ca/addToBetslip?marketId=801.154102796&selectionId=7017823
2026-01-23 17:09:11,"Colorado State Rams vs Utah State Aggies, 2026-01-23, 10",Colorado State Rams,Utah State Aggies,fanduel,Total,,148.5,U,-110,https://sportsbook.fanduel.ca/addToBetslip?marketId=801.154102796&selectionId=7017824
2026-01-23 17:09:11,"Colorado State Rams vs Utah State Aggies, 2026-01-23, 10",Colorado State Rams,Utah State Aggies,fanduel,Total,,157.5,O,+210,https://sportsbook.fanduel.ca/addToBetslip?marketId=801.154159215&selectionId=7017823
2026-01-23 17:09:11,"Colorado State Rams vs Utah State Aggies, 2026-01-23, 10",Colorado State Rams,Utah State Aggies,fanduel,Total,,157.5,U,-290,https://sportsbook.fanduel.ca/addToBetslip?marketId=801.154159215&selectionId=7017824
2026-01-23 17:09:11,"Colorado State Rams vs Utah State Aggies, 2026-01-23, 10",Colorado State Rams,Utah State Aggies,fanduel,Total,,142.5,O,-225,https://sportsbook.fanduel.ca/addToBetslip?marketId=801.154159257&selectionId=7017823
2026-01-23 17:09:11,"Colorado State Rams vs Utah State Aggies, 2026-01-23, 10",Colorado State Rams,Utah State Aggies,fanduel,Total,,142.5,U,+168,https://sportsbook.fanduel.ca/addToBetslip?marketId=801.154159257&selectionId=7017824
2026-01-23 17:09:11,"Colorado State Rams vs Utah State Aggies, 2026-01-23, 10",Colorado State Rams,Utah State Aggies,fanduel,Total,,145.5,O,-160,https://sportsbook.fanduel.ca/addToBetslip?marketId=801.154159268&selectionId=7017823
2026-01-23 17:09:11,"Colorado State Rams vs Utah State Aggies, 2026-01-23, 10",Colorado State Rams,Utah State Aggies,fanduel,Total,,145.5,U,+122,https://sportsbook.fanduel.ca/addToBetslip?marketId=801.154159268&selectionId=7017824
2026-01-23 17:09:11,"Colorado State Rams vs Utah State Aggies, 2026-01-23, 10",Colorado State Rams,Utah State Aggies,betonline,Total,,147.0,U,-110,
2026-01-23 17:09:11,"Colorado State Rams vs Utah State Aggies, 2026-01-23, 10",Colorado State Rams,Utah State Aggies,betonline,Total,,147.0,O,-110,
2026-01-23 17:09:11,"Colorado State Rams vs Utah State Aggies, 2026-01-23, 10",Colorado State Rams,Utah State Aggies,draftkings,Total,,148.5,O,-105,https://sportsbook.draftkings.com/event/utah-state-%40-colorado-state/33510250?outcomes=0OU83102591O14850_1
2026-01-23 17:09:11,"Colorado State Rams vs Utah State Aggies, 2026-01-23, 10",Colorado State Rams,Utah State Aggies,draftkings,Total,,148.5,U,-115,https://sportsbook.draftkings.com/event/utah-state-%40-colorado-state/33510250?outcomes=0OU83102591U14850_3
2026-01-23 17:09:11,"Colorado State Rams vs Utah State Aggies, 2026-01-23, 10",Colorado State Rams,Utah State Aggies,draftkings,Total,,150.5,O,+114,https://sportsbook.draftkings.com/event/utah-state-%40-colorado-state/33510250?outcomes=0OU83106960O15050_1
2026-01-23 17:09:11,"Colorado State Rams vs Utah State Aggies, 2026-01-23, 10",Colorado State Rams,Utah State Aggies,draftkings,Total,,150.5,U,-145,https://sportsbook.draftkings.com/event/utah-state-%40-colorado-state/33510250?outcomes=0OU83106960U15050_3
2026-01-23 17:09:11,"Colorado State Rams vs Utah State Aggies, 2026-01-23, 10",Colorado State Rams,Utah State Aggies,draftkings,Total,,151.5,O,+130,https://sportsbook.draftkings.com/event/utah-state-%40-colorado-state/33510250?outcomes=0OU83106960O15150_1
2026-01-23 17:09:11,"Colorado State Rams vs Utah State Aggies, 2026-01-23, 10",Colorado State Rams,Utah State Aggies,draftkings,Total,,151.5,U,-166,https://sportsbook.draftkings.com/event/utah-state-%40-colorado-state/33510250?outcomes=0OU83106960U15150_3
2026-01-23 17:09:11,"Colorado State Rams vs Utah State Aggies, 2026-01-23, 10",Colorado State Rams,Utah State Aggies,draftkings,Total,,152.5,O,+140,https://sportsbook.draftkings.com/event/utah-state-%40-colorado-state/33510250?outcomes=0OU83106960O15250_1
2026-01-23 17:09:11,"Colorado State Rams vs Utah State Aggies, 2026-01-23, 10",Colorado State Rams,Utah State Aggies,draftkings,Total,,152.5,U,-180,https://sportsbook.draftkings.com/event/utah-state-%40-colorado-state/33510250?outcomes=0OU83106960U15250_3
2026-01-23 17:09:11,"Colorado State Rams vs Utah State Aggies, 2026-01-23, 10",Colorado State Rams,Utah State Aggies,draftkings,Total,,153.5,O,+154,https://sportsbook.draftkings.com/event/utah-state-%40-colorado-state/33510250?outcomes=0OU83106960O15350_1
2026-01-23 17:09:11,"Colorado State Rams vs Utah State Aggies, 2026-01-23, 10",Colorado State Rams,Utah State Aggies,draftkings,Total,,153.5,U,-200,https://sportsbook.draftkings.com/event/utah-state-%40-colorado-state/33510250?outcomes=0OU83106960U15350_3
2026-01-23 17:09:11,"Colorado State Rams vs Utah State Aggies, 2026-01-23, 10",Colorado State Rams,Utah State Aggies,draftkings,Total,,154.5,O,+170,https://sportsbook.draftkings.com/event/utah-state-%40-colorado-state/33510250?outcomes=0OU83106960O15450_1
2026-01-23 17:09:11,"Colorado State Rams vs Utah State Aggies, 2026-01-23, 10",Colorado State Rams,Utah State Aggies,draftkings,Total,,154.5,U,-220,https://sportsbook.draftkings.com/event/utah-state-%40-colorado-state/33510250?outcomes=0OU83106960U15450_3
2026-01-23 17:09:11,"Colorado State Rams vs Utah State Aggies, 2026-01-23, 10",Colorado State Rams,Utah State Aggies,draftkings,Total,,155.5,O,+190,https://sportsbook.draftkings.com/event/utah-state-%40-colorado-state/33510250?outcomes=0OU83106960O15550_1
2026-01-23 17:09:11,"Colorado State Rams vs Utah State Aggies, 2026-01-23, 10",Colorado State Rams,Utah State Aggies,draftkings,Total,,155.5,U,-250,https://sportsbook.draftkings.com/event/utah-state-%40-colorado-state/33510250?outcomes=0OU83106960U15550_3
2026-01-23 17:09:11,"Colorado State Rams vs Utah State Aggies, 2026-01-23, 10",Colorado State Rams,Utah State Aggies,draftkings,Total,,156.5,O,+210,https://sportsbook.draftkings.com/event/utah-state-%40-colorado-state/33510250?outcomes=0OU83106960O15650_1
2026-01-23 17:09:11,"Colorado State Rams vs Utah State Aggies, 2026-01-23, 10",Colorado State Rams,Utah State Aggies,draftkings,Total,,156.5,U,-280,https://sportsbook.draftkings.com/event/utah-state-%40-colorado-state/33510250?outcomes=0OU83106960U15650_3
2026-01-23 17:09:11,"Colorado State Rams vs Utah State Aggies, 2026-01-23, 10",Colorado State Rams,Utah State Aggies,draftkings,Total,,157.5,O,+230,https://sportsbook.draftkings.com/event/utah-state-%40-colorado-state/33510250?outcomes=0OU83106960O15750_1
2026-01-23 17:09:11,"Colorado State Rams vs Utah State Aggies, 2026-01-23, 10",Colorado State Rams,Utah State Aggies,draftkings,Total,,157.5,U,-315,https://sportsbook.draftkings.com/event/utah-state-%40-colorado-state/33510250?outcomes=0OU83106960U15750_3
2026-01-23 17:09:11,"Colorado State Rams vs Utah State Aggies, 2026-01-23, 10",Colorado State Rams,Utah State Aggies,draftkings,Total,,158.5,O,+260,https://sportsbook.draftkings.com/event/utah-state-%40-colorado-state/33510250?outcomes=0OU83106960O15850_1
2026-01-23 17:09:11,"Colorado State Rams vs Utah State Aggies, 2026-01-23, 10",Colorado State Rams,Utah State Aggies,draftkings,Total,,158.5,U,-360,https://sportsbook.draftkings.com/event/utah-state-%40-colorado-state/33510250?outcomes=0OU83106960U15850_3
2026-01-23 17:09:11,"Colorado State Rams vs Utah State Aggies, 2026-01-23, 10",Colorado State Rams,Utah State Aggies,draftkings,Total,,159.5,O,+290,https://sportsbook.draftkings.com/event/utah-state-%40-colorado-state/33510250?outcomes=0OU83106960O15950_1
2026-01-23 17:09:11,"Colorado State Rams vs Utah State Aggies, 2026-01-23, 10",Colorado State Rams,Utah State Aggies,draftkings,Total,,159.5,U,-410,https://sportsbook.draftkings.com/event/utah-state-%40-colorado-state/33510250?outcomes=0OU83106960U15950_3
2026-01-23 17:09:11,"Colorado State Rams vs Utah State Aggies, 2026-01-23, 10",Colorado State Rams,Utah State Aggies,draftkings,Total,,160.5,O,+310,https://sportsbook.draftkings.com/event/utah-state-%40-colorado-state/33510250?outcomes=0OU83106960O16050_1
2026-01-23 17:09:11,"Colorado State Rams vs Utah State Aggies, 2026-01-23, 10",Colorado State Rams,Utah State Aggies,draftkings,Total,,149.5,U,-135,https://sportsbook.draftkings.com/event/utah-state-%40-colorado-state/33510250?outcomes=0OU83106960U14950_3
2026-01-23 17:09:11,"Colorado State Rams vs Utah State Aggies, 2026-01-23, 10",Colorado State Rams,Utah State Aggies,draftkings,Total,,149.5,O,+105,https://sportsbook.draftkings.com/event/utah-state-%40-colorado-state/33510250?outcomes=0OU83106960O14950_1
2026-01-23 17:09:11,"Colorado State Rams vs Utah State Aggies, 2026-01-23, 10",Colorado State Rams,Utah State Aggies,draftkings,Total,,147.5,U,-110,https://sportsbook.draftkings.com/event/utah-state-%40-colorado-state/33510250?outcomes=0OU83106960U14750_3
2026-01-23 17:09:11,"Colorado State Rams vs Utah State Aggies, 2026-01-23, 10",Colorado State Rams,Utah State Aggies,draftkings,Total,,147.5,O,-120,https://sportsbook.draftkings.com/event/utah-state-%40-colorado-state/33510250?outcomes=0OU83106960O14750_1
2026-01-23 17:09:11,"Colorado State Rams vs Utah State Aggies, 2026-01-23, 10",Colorado State Rams,Utah State Aggies,draftkings,Total,,136.5,O,-410,https://sportsbook.draftkings.com/event/utah-state-%40-colorado-state/33510250?outcomes=0OU83106960O13650_1
2026-01-23 17:09:11,"Colorado State Rams vs Utah State Aggies, 2026-01-23, 10",Colorado State Rams,Utah State Aggies,draftkings,Total,,136.5,U,+290,https://sportsbook.draftkings.com/event/utah-state-%40-colorado-state/33510250?outcomes=0OU83106960U13650_3
2026-01-23 17:09:11,"Colorado State Rams vs Utah State Aggies, 2026-01-23, 10",Colorado State Rams,Utah State Aggies,draftkings,Total,,137.5,O,-360,https://sportsbook.draftkings.com/event/utah-state-%40-colorado-state/33510250?outcomes=0OU83106960O13750_1
2026-01-23 17:09:11,"Colorado State Rams vs Utah State Aggies, 2026-01-23, 10",Colorado State Rams,Utah State Aggies,draftkings,Total,,137.5,U,+260,https://sportsbook.draftkings.com/event/utah-state-%40-colorado-state/33510250?outcomes=0OU83106960U13750_3
2026-01-23 17:09:11,"Colorado State Rams vs Utah State Aggies, 2026-01-23, 10",Colorado State Rams,Utah State Aggies,draftkings,Total,,138.5,O,-330,https://sportsbook.draftkings.com/event/utah-state-%40-colorado-state/33510250?outcomes=0OU83106960O13850_1
2026-01-23 17:09:11,"Colorado State Rams vs Utah State Aggies, 2026-01-23, 10",Colorado State Rams,Utah State Aggies,draftkings,Total,,138.5,U,+240,https://sportsbook.draftkings.com/event/utah-state-%40-colorado-state/33510250?outcomes=0OU83106960U13850_3
2026-01-23 17:09:11,"Colorado State Rams vs Utah State Aggies, 2026-01-23, 10",Colorado State Rams,Utah State Aggies,draftkings,Total,,139.5,O,-280,https://sportsbook.draftkings.com/event/utah-state-%40-colorado-state/33510250?outcomes=0OU83106960O13950_1
2026-01-23 17:09:11,"Colorado State Rams vs Utah State Aggies, 2026-01-23, 10",Colorado State Rams,Utah State Aggies,draftkings,Total,,139.5,U,+210,https://sportsbook.draftkings.com/event/utah-state-%40-colorado-state/33510250?outcomes=0OU83106960U13950_3
2026-01-23 17:09:11,"Colorado State Rams vs Utah State Aggies, 2026-01-23, 10",Colorado State Rams,Utah State Aggies,draftkings,Total,,140.5,O,-260,https://sportsbook.draftkings.com/event/utah-state-%40-colorado-state/33510250?outcomes=0OU83106960O14050_1
2026-01-23 17:09:11,"Colorado State Rams vs Utah State Aggies, 2026-01-23, 10",Colorado State Rams,Utah State Aggies,draftkings,Total,,140.5,U,+195,https://sportsbook.draftkings.com/event/utah-state-%40-colorado-state/33510250?outcomes=0OU83106960U14050_3
2026-01-23 17:09:11,"Colorado State Rams vs Utah State Aggies, 2026-01-23, 10",Colorado State Rams,Utah State Aggies,draftkings,Total,,141.5,O,-230,https://sportsbook.draftkings.com/event/utah-state-%40-colorado-state/33510250?outcomes=0OU83106960O14150_1
2026-01-23 17:09:11,"Colorado State Rams vs Utah State Aggies, 2026-01-23, 10",Colorado State Rams,Utah State Aggies,draftkings,Total,,142.5,O,-210,https://sportsbook.draftkings.com/event/utah-state-%40-colorado-state/33510250?outcomes=0OU83106960O14250_1
2026-01-23 17:09:11,"Colorado State Rams vs Utah State Aggies, 2026-01-23, 10",Colorado State Rams,Utah State Aggies,draftkings,Total,,142.5,U,+160,https://sportsbook.draftkings.com/event/utah-state-%40-colorado-state/33510250?outcomes=0OU83106960U14250_3
2026-01-23 17:09:11,"Colorado State Rams vs Utah State Aggies, 2026-01-23, 10",Colorado State Rams,Utah State Aggies,draftkings,Total,,143.5,O,-188,https://sportsbook.draftkings.com/event/utah-state-%40-colorado-state/33510250?outcomes=0OU83106960O14350_1
2026-01-23 17:09:11,"Colorado State Rams vs Utah State Aggies, 2026-01-23, 10",Colorado State Rams,Utah State Aggies,draftkings,Total,,143.5,U,+145,https://sportsbook.draftkings.com/event/utah-state-%40-colorado-state/33510250?outcomes=0OU83106960U14350_3
2026-01-23 17:09:11,"Colorado State Rams vs Utah State Aggies, 2026-01-23, 10",Colorado State Rams,Utah State Aggies,draftkings,Total,,144.5,O,-166,https://sportsbook.draftkings.com/event/utah-state-%40-colorado-state/33510250?outcomes=0OU83106960O14450_1
2026-01-23 17:09:11,"Colorado State Rams vs Utah State Aggies, 2026-01-23, 10",Colorado State Rams,Utah State Aggies,draftkings,Total,,144.5,U,+130,https://sportsbook.draftkings.com/event/utah-state-%40-colorado-state/33510250?outcomes=0OU83106960U14450_3
2026-01-23 17:09:11,"Colorado State Rams vs Utah State Aggies, 2026-01-23, 10",Colorado State Rams,Utah State Aggies,draftkings,Total,,145.5,O,-145,https://sportsbook.draftkings.com/event/utah-state-%40-colorado-state/33510250?outcomes=0OU83106960O14550_1
2026-01-23 17:09:11,"Colorado State Rams vs Utah State Aggies, 2026-01-23, 10",Colorado State Rams,Utah State Aggies,draftkings,Total,,145.5,U,+114,https://sportsbook.draftkings.com/event/utah-state-%40-colorado-state/33510250?outcomes=0OU83106960U14550_3
2026-01-23 17:09:11,"Colorado State Rams vs Utah State Aggies, 2026-01-23, 10",Colorado State Rams,Utah State Aggies,draftkings,Total,,146.5,O,-135,https://sportsbook.draftkings.com/event/utah-state-%40-colorado-state/33510250?outcomes=0OU83106960O14650_1
2026-01-23 17:09:11,"Colorado State Rams vs Utah State Aggies, 2026-01-23, 10",Colorado State Rams,Utah State Aggies,draftkings,Total,,146.5,U,+105,https://sportsbook.draftkings.com/event/utah-state-%40-colorado-state/33510250?outcomes=0OU83106960U14650_3
2026-01-23 17:09:11,"Colorado State Rams vs Utah State Aggies, 2026-01-23, 10",Colorado State Rams,Utah State Aggies,draftkings,Total,,141.5,U,+175,https://sportsbook.draftkings.com/event/utah-state-%40-colorado-state/33510250?outcomes=0OU83106960U14150_3
2026-01-23 17:09:11,"Colorado State Rams vs Utah State Aggies, 2026-01-23, 10",Colorado State Rams,Utah State Aggies,draftkings,Total,,160.5,U,-445,https://sportsbook.draftkings.com/event/utah-state-%40-colorado-state/33510250?outcomes=0OU83106960U16050_3
2026-01-23 17:09:11,"Connecticut Blue Devils vs Fairleigh Dickinson Knights, 2026-01-23, 07",Connecticut Blue Devils,Fairleigh Dickinson Knights,pinnacle,Spread,Fairleigh Dickinson Knights,8.5,,-141,
2026-01-23 17:09:11,"Connecticut Blue Devils vs Fairleigh Dickinson Knights, 2026-01-23, 07",Connecticut Blue Devils,Fairleigh Dickinson Knights,pinnacle,Spread,Connecticut Blue Devils,-9.0,,+119,
2026-01-23 17:09:11,"Connecticut Blue Devils vs Fairleigh Dickinson Knights, 2026-01-23, 07",Connecticut Blue Devils,Fairleigh Dickinson Knights,pinnacle,Spread,Fairleigh Dickinson Knights,9.0,,-151,
2026-01-23 17:09:11,"Connecticut Blue Devils vs Fairleigh Dickinson Knights, 2026-01-23, 07",Connecticut Blue Devils,Fairleigh Dickinson Knights,pinnacle,Spread,Connecticut Blue Devils,-8.5,,+111,
2026-01-23 17:09:11,"Connecticut Blue Devils vs Fairleigh Dickinson Knights, 2026-01-23, 07",Connecticut Blue Devils,Fairleigh Dickinson Knights,pinnacle,Spread,Fairleigh Dickinson Knights,8.0,,-130,
2026-01-23 17:09:11,"Connecticut Blue Devils vs Fairleigh Dickinson Knights, 2026-01-23, 07",Connecticut Blue Devils,Fairleigh Dickinson Knights,pinnacle,Spread,Fairleigh Dickinson Knights,7.5,,-120,
2026-01-23 17:09:11,"Connecticut Blue Devils vs Fairleigh Dickinson Knights, 2026-01-23, 07",Connecticut Blue Devils,Fairleigh Dickinson Knights,pinnacle,Spread,Connecticut Blue Devils,-5.0,,-155,
2026-01-23 17:09:11,"Connecticut Blue Devils vs Fairleigh Dickinson Knights, 2026-01-23, 07",Connecticut Blue Devils,Fairleigh Dickinson Knights,pinnacle,Spread,Fairleigh Dickinson Knights,5.0,,+122,
2026-01-23 17:09:11,"Connecticut Blue Devils vs Fairleigh Dickinson Knights, 2026-01-23, 07",Connecticut Blue Devils,Fairleigh Dickinson Knights,pinnacle,Spread,Connecticut Blue Devils,-5.5,,-145,
2026-01-23 17:09:11,"Connecticut Blue Devils vs Fairleigh Dickinson Knights, 2026-01-23, 07",Connecticut Blue Devils,Fairleigh Dickinson Knights,pinnacle,Spread,Fairleigh Dickinson Knights,5.5,,+115,
2026-01-23 17:09:11,"Connecticut Blue Devils vs Fairleigh Dickinson Knights, 2026-01-23, 07",Connecticut Blue Devils,Fairleigh Dickinson Knights,pinnacle,Spread,Connecticut Blue Devils,-6.0,,-134,
2026-01-23 17:09:11,"Connecticut Blue Devils vs Fairleigh Dickinson Knights, 2026-01-23, 07",Connecticut Blue Devils,Fairleigh Dickinson Knights,pinnacle,Spread,Fairleigh Dickinson Knights,6.0,,+107,
2026-01-23 17:09:11,"Connecticut Blue Devils vs Fairleigh Dickinson Knights, 2026-01-23, 07",Connecticut Blue Devils,Fairleigh Dickinson Knights,pinnacle,Spread,Connecticut Blue Devils,-6.5,,-124,
2026-01-23 17:09:11,"Connecticut Blue Devils vs Fairleigh Dickinson Knights, 2026-01-23, 07",Connecticut Blue Devils,Fairleigh Dickinson Knights,pinnacle,Spread,Fairleigh Dickinson Knights,6.5,,-101,
2026-01-23 17:09:11,"Connecticut Blue Devils vs Fairleigh Dickinson Knights, 2026-01-23, 07",Connecticut Blue Devils,Fairleigh Dickinson Knights,pinnacle,Spread,Connecticut Blue Devils,-7.0,,-112,
2026-01-23 17:09:11,"Connecticut Blue Devils vs Fairleigh Dickinson Knights, 2026-01-23, 07",Connecticut Blue Devils,Fairleigh Dickinson Knights,pinnacle,Spread,Fairleigh Dickinson Knights,7.0,,-108,
2026-01-23 17:09:11,"Connecticut Blue Devils vs Fairleigh Dickinson Knights, 2026-01-23, 07",Connecticut Blue Devils,Fairleigh Dickinson Knights,pinnacle,Spread,Connecticut Blue Devils,-7.5,,-104,
2026-01-23 17:09:11,"Connecticut Blue Devils vs Fairleigh Dickinson Knights, 2026-01-23, 07",Connecticut Blue Devils,Fairleigh Dickinson Knights,pinnacle,Spread,Connecticut Blue Devils,-8.0,,+104,
2026-01-23 17:09:11,"Connecticut Blue Devils vs Fairleigh Dickinson Knights, 2026-01-23, 07",Connecticut Blue Devils,Fairleigh Dickinson Knights,betonline,Spread,Connecticut Blue Devils,-7.0,,-110,
2026-01-23 17:09:11,"Connecticut Blue Devils vs Fairleigh Dickinson Knights, 2026-01-23, 07",Connecticut Blue Devils,Fairleigh Dickinson Knights,betonline,Spread,Fairleigh Dickinson Knights,7.0,,-110,
2026-01-23 17:09:11,"Connecticut Blue Devils vs Fairleigh Dickinson Knights, 2026-01-23, 07",Connecticut Blue Devils,Fairleigh Dickinson Knights,fanduel,Spread,Fairleigh Dickinson Knights,12.5,,-290,https://sportsbook.fanduel.ca/addToBetslip?marketId=801.154157377&selectionId=3482836
2026-01-23 17:09:11,"Connecticut Blue Devils vs Fairleigh Dickinson Knights, 2026-01-23, 07",Connecticut Blue Devils,Fairleigh Dickinson Knights,fanduel,Spread,Connecticut Blue Devils,-12.5,,+215,https://sportsbook.fanduel.ca/addToBetslip?marketId=801.154157377&selectionId=2340621
2026-01-23 17:09:11,"Connecticut Blue Devils vs Fairleigh Dickinson Knights, 2026-01-23, 07",Connecticut Blue Devils,Fairleigh Dickinson Knights,fanduel,Spread,Fairleigh Dickinson Knights,6.5,,-105,https://sportsbook.fanduel.ca/addToBetslip?marketId=801.154110504&selectionId=3482836
2026-01-23 17:09:11,"Connecticut Blue Devils vs Fairleigh Dickinson Knights, 2026-01-23, 07",Connecticut Blue Devils,Fairleigh Dickinson Knights,fanduel,Spread,Connecticut Blue Devils,-6.5,,-115,https://sportsbook.fanduel.ca/addToBetslip?marketId=801.154110504&selectionId=2340621
2026-01-23 17:09:11,"Connecticut Blue Devils vs Fairleigh Dickinson Knights, 2026-01-23, 07",Connecticut Blue Devils,Fairleigh Dickinson Knights,fanduel,Spread,Fairleigh Dickinson Knights,15.5,,-440,https://sportsbook.fanduel.ca/addToBetslip?marketId=801.154157382&selectionId=3482836
2026-01-23 17:09:11,"Connecticut Blue Devils vs Fairleigh Dickinson Knights, 2026-01-23, 07",Connecticut Blue Devils,Fairleigh Dickinson Knights,fanduel,Spread,Connecticut Blue Devils,-15.5,,+310,https://sportsbook.fanduel.ca/addToBetslip?marketId=801.154157382&selectionId=2340621
2026-01-23 17:09:11,"Connecticut Blue Devils vs Fairleigh Dickinson Knights, 2026-01-23, 07",Connecticut Blue Devils,Fairleigh Dickinson Knights,fanduel,Spread,Fairleigh Dickinson Knights,-2.5,,+330,https://sportsbook.fanduel.ca/addToBetslip?marketId=801.154157413&selectionId=3482836
2026-01-23 17:09:11,"Connecticut Blue Devils vs Fairleigh Dickinson Knights, 2026-01-23, 07",Connecticut Blue Devils,Fairleigh Dickinson Knights,fanduel,Spread,Connecticut Blue Devils,2.5,,-480,https://sportsbook.fanduel.ca/addToBetslip?marketId=801.154157413&selectionId=2340621
2026-01-23 17:09:11,"Connecticut Blue Devils vs Fairleigh Dickinson Knights, 2026-01-23, 07",Connecticut Blue Devils,Fairleigh Dickinson Knights,fanduel,Spread,Fairleigh Dickinson Knights,3.5,,+154,https://sportsbook.fanduel.ca/addToBetslip?marketId=801.154157415&selectionId=3482836
2026-01-23 17:09:11,"Connecticut Blue Devils vs Fairleigh Dickinson Knights, 2026-01-23, 07",Connecticut Blue Devils,Fairleigh Dickinson Knights,fanduel,Spread,Connecticut Blue Devils,-3.5,,-200,https://sportsbook.fanduel.ca/addToBetslip?marketId=801.154157415&selectionId=2340621
2026-01-23 17:09:11,"Connecticut Blue Devils vs Fairleigh Dickinson Knights, 2026-01-23, 07",Connecticut Blue Devils,Fairleigh Dickinson Knights,fanduel,Spread,Connecticut Blue Devils,-9.5,,+140,https://sportsbook.fanduel.ca/addToBetslip?marketId=801.154157398&selectionId=2340621
2026-01-23 17:09:11,"Connecticut Blue Devils vs Fairleigh Dickinson Knights, 2026-01-23, 07",Connecticut Blue Devils,Fairleigh Dickinson Knights,fanduel,Spread,Fairleigh Dickinson Knights,0.5,,+255,https://sportsbook.fanduel.ca/addToBetslip?marketId=801.154157438&selectionId=3482836
2026-01-23 17:09:11,"Connecticut Blue Devils vs Fairleigh Dickinson Knights, 2026-01-23, 07",Connecticut Blue Devils,Fairleigh Dickinson Knights,fanduel,Spread,Connecticut Blue Devils,-0.5,,-350,https://sportsbook.fanduel.ca/addToBetslip?marketId=801.154157438&selectionId=2340621
2026-01-23 17:09:11,"Connecticut Blue Devils vs Fairleigh Dickinson Knights, 2026-01-23, 07",Connecticut Blue Devils,Fairleigh Dickinson Knights,fanduel,Spread,Fairleigh Dickinson Knights,9.5,,-180,https://sportsbook.fanduel.ca/addToBetslip?marketId=801.154157398&selectionId=3482836
2026-01-23 17:09:11,"Connecticut Blue Devils vs Fairleigh Dickinson Knights, 2026-01-23, 07",Connecticut Blue Devils,Fairleigh Dickinson Knights,draftkings,Spread,Fairleigh Dickinson Knights,10.5,,-200,https://sportsbook.draftkings.com/event/fairleigh-dickinson-%40-central-connecticut-state/33511823?outcomes=0HC83106940P1050_3
2026-01-23 17:09:11,"Connecticut Blue Devils vs Fairleigh Dickinson Knights, 2026-01-23, 07",Connecticut Blue Devils,Fairleigh Dickinson Knights,draftkings,Spread,Connecticut Blue Devils,-10.5,,+145,https://sportsbook.draftkings.com/event/fairleigh-dickinson-%40-central-connecticut-state/33511823?outcomes=0HC83106940N1050_1
2026-01-23 17:09:11,"Connecticut Blue Devils vs Fairleigh Dickinson Knights, 2026-01-23, 07",Connecticut Blue Devils,Fairleigh Dickinson Knights,draftkings,Spread,Fairleigh Dickinson Knights,11.5,,-238,https://sportsbook.draftkings.com/event/fairleigh-dickinson-%40-central-connecticut-state/33511823?outcomes=0HC83106940P1150_3
2026-01-23 17:09:11,"Connecticut Blue Devils vs Fairleigh Dickinson Knights, 2026-01-23, 07",Connecticut Blue Devils,Fairleigh Dickinson Knights,draftkings,Spread,Connecticut Blue Devils,-11.5,,+169,https://sportsbook.draftkings.com/event/fairleigh-dickinson-%40-central-connecticut-state/33511823?outcomes=0HC83106940N1150_1
2026-01-23 17:09:11,"Connecticut Blue Devils vs Fairleigh Dickinson Knights, 2026-01-23, 07",Connecticut Blue Devils,Fairleigh Dickinson Knights,draftkings,Spread,Fairleigh Dickinson Knights,12.5,,-277,https://sportsbook.draftkings.com/event/fairleigh-dickinson-%40-central-connecticut-state/33511823?outcomes=0HC83106940P1250_3
2026-01-23 17:09:11,"Connecticut Blue Devils vs Fairleigh Dickinson Knights, 2026-01-23, 07",Connecticut Blue Devils,Fairleigh Dickinson Knights,draftkings,Spread,Connecticut Blue Devils,-12.5,,+193,https://sportsbook.draftkings.com/event/fairleigh-dickinson-%40-central-connecticut-state/33511823?outcomes=0HC83106940N1250_1
2026-01-23 17:09:11,"Connecticut Blue Devils vs Fairleigh Dickinson Knights, 2026-01-23, 07",Connecticut Blue Devils,Fairleigh Dickinson Knights,draftkings,Spread,Fairleigh Dickinson Knights,13.5,,-327,https://sportsbook.draftkings.com/event/fairleigh-dickinson-%40-central-connecticut-state/33511823?outcomes=0HC83106940P1350_3
2026-01-23 17:09:11,"Connecticut Blue Devils vs Fairleigh Dickinson Knights, 2026-01-23, 07",Connecticut Blue Devils,Fairleigh Dickinson Knights,draftkings,Spread,Connecticut Blue Devils,-13.5,,+223,https://sportsbook.draftkings.com/event/fairleigh-dickinson-%40-central-connecticut-state/33511823?outcomes=0HC83106940N1350_1
2026-01-23 17:09:11,"Connecticut Blue Devils vs Fairleigh Dickinson Knights, 2026-01-23, 07",Connecticut Blue Devils,Fairleigh Dickinson Knights,draftkings,Spread,Fairleigh Dickinson Knights,14.5,,-410,https://sportsbook.draftkings.com/event/fairleigh-dickinson-%40-central-connecticut-state/33511823?outcomes=0HC83106940P1450_3
2026-01-23 17:09:11,"Connecticut Blue Devils vs Fairleigh Dickinson Knights, 2026-01-23, 07",Connecticut Blue Devils,Fairleigh Dickinson Knights,draftkings,Spread,Connecticut Blue Devils,-14.5,,+268,https://sportsbook.draftkings.com/event/fairleigh-dickinson-%40-central-connecticut-state/33511823?outcomes=0HC83106940N1450_1
2026-01-23 17:09:11,"Connecticut Blue Devils vs Fairleigh Dickinson Knights, 2026-01-23, 07",Connecticut Blue Devils,Fairleigh Dickinson Knights,draftkings,Spread,Fairleigh Dickinson Knights,15.5,,-489,https://sportsbook.draftkings.com/event/fairleigh-dickinson-%40-central-connecticut-state/33511823?outcomes=0HC83106940P1550_3
2026-01-23 17:09:11,"Connecticut Blue Devils vs Fairleigh Dickinson Knights, 2026-01-23, 07",Connecticut Blue Devils,Fairleigh Dickinson Knights,draftkings,Spread,Connecticut Blue Devils,-15.5,,+308,https://sportsbook.draftkings.com/event/fairleigh-dickinson-%40-central-connecticut-state/33511823?outcomes=0HC83106940N1550_1
2026-01-23 17:09:11,"Connecticut Blue Devils vs Fairleigh Dickinson Knights, 2026-01-23, 07",Connecticut Blue Devils,Fairleigh Dickinson Knights,draftkings,Spread,Fairleigh Dickinson Knights,16.5,,-620,https://sportsbook.draftkings.com/event/fairleigh-dickinson-%40-central-connecticut-state/33511823?outcomes=0HC83106940P1650_3
2026-01-23 17:09:11,"Connecticut Blue Devils vs Fairleigh Dickinson Knights, 2026-01-23, 07",Connecticut Blue Devils,Fairleigh Dickinson Knights,draftkings,Spread,Connecticut Blue Devils,-16.5,,+365,https://sportsbook.draftkings.com/event/fairleigh-dickinson-%40-central-connecticut-state/33511823?outcomes=0HC83106940N1650_1
2026-01-23 17:09:11,"Connecticut Blue Devils vs Fairleigh Dickinson Knights, 2026-01-23, 07",Connecticut Blue Devils,Fairleigh Dickinson Knights,draftkings,Spread,Fairleigh Dickinson Knights,17.5,,-710,https://sportsbook.draftkings.com/event/fairleigh-dickinson-%40-central-connecticut-state/33511823?outcomes=0HC83106940P1750_3
2026-01-23 17:09:11,"Connecticut Blue Devils vs Fairleigh Dickinson Knights, 2026-01-23, 07",Connecticut Blue Devils,Fairleigh Dickinson Knights,draftkings,Spread,Connecticut Blue Devils,-17.5,,+401,https://sportsbook.draftkings.com/event/fairleigh-dickinson-%40-central-connecticut-state/33511823?outcomes=0HC83106940N1750_1
2026-01-23 17:09:11,"Connecticut Blue Devils vs Fairleigh Dickinson Knights, 2026-01-23, 07",Connecticut Blue Devils,Fairleigh Dickinson Knights,draftkings,Spread,Fairleigh Dickinson Knights,18.5,,-850,https://sportsbook.draftkings.com/event/fairleigh-dickinson-%40-central-connecticut-state/33511823?outcomes=0HC83106940P1850_3
2026-01-23 17:09:11,"Connecticut Blue Devils vs Fairleigh Dickinson Knights, 2026-01-23, 07",Connecticut Blue Devils,Fairleigh Dickinson Knights,draftkings,Spread,Connecticut Blue Devils,-18.5,,+453,https://sportsbook.draftkings.com/event/fairleigh-dickinson-%40-central-connecticut-state/33511823?outcomes=0HC83106940N1850_1
2026-01-23 17:09:11,"Connecticut Blue Devils vs Fairleigh Dickinson Knights, 2026-01-23, 07",Connecticut Blue Devils,Fairleigh Dickinson Knights,draftkings,Spread,Fairleigh Dickinson Knights,19.5,,-1080,https://sportsbook.draftkings.com/event/fairleigh-dickinson-%40-central-connecticut-state/33511823?outcomes=0HC83106940P1950_3
2026-01-23 17:09:11,"Connecticut Blue Devils vs Fairleigh Dickinson Knights, 2026-01-23, 07",Connecticut Blue Devils,Fairleigh Dickinson Knights,draftkings,Spread,Connecticut Blue Devils,-19.5,,+522,https://sportsbook.draftkings.com/event/fairleigh-dickinson-%40-central-connecticut-state/33511823?outcomes=0HC83106940N1950_1
2026-01-23 17:09:11,"Connecticut Blue Devils vs Fairleigh Dickinson Knights, 2026-01-23, 07",Connecticut Blue Devils,Fairleigh Dickinson Knights,draftkings,Spread,Connecticut Blue Devils,-9.5,,+123,https://sportsbook.draftkings.com/event/fairleigh-dickinson-%40-central-connecticut-state/33511823?outcomes=0HC83106940N950_1
2026-01-23 17:09:11,"Connecticut Blue Devils vs Fairleigh Dickinson Knights, 2026-01-23, 07",Connecticut Blue Devils,Fairleigh Dickinson Knights,draftkings,Spread,Fairleigh Dickinson Knights,9.5,,-169,https://sportsbook.draftkings.com/event/fairleigh-dickinson-%40-central-connecticut-state/33511823?outcomes=0HC83106940P950_3
2026-01-23 17:09:11,"Connecticut Blue Devils vs Fairleigh Dickinson Knights, 2026-01-23, 07",Connecticut Blue Devils,Fairleigh Dickinson Knights,draftkings,Spread,Fairleigh Dickinson Knights,8.5,,-144,https://sportsbook.draftkings.com/event/fairleigh-dickinson-%40-central-connecticut-state/33511823?outcomes=0HC83106940P850_3
2026-01-23 17:09:11,"Connecticut Blue Devils vs Fairleigh Dickinson Knights, 2026-01-23, 07",Connecticut Blue Devils,Fairleigh Dickinson Knights,draftkings,Spread,Connecticut Blue Devils,5.5,,-820,https://sportsbook.draftkings.com/event/fairleigh-dickinson-%40-central-connecticut-state/33511823?outcomes=0HC83106940P550_1
2026-01-23 17:09:11,"Connecticut Blue Devils vs Fairleigh Dickinson Knights, 2026-01-23, 07",Connecticut Blue Devils,Fairleigh Dickinson Knights,draftkings,Spread,Fairleigh Dickinson Knights,-4.5,,+399,https://sportsbook.draftkings.com/event/fairleigh-dickinson-%40-central-connecticut-state/33511823?outcomes=0HC83106940N450_3
2026-01-23 17:09:11,"Connecticut Blue Devils vs Fairleigh Dickinson Knights, 2026-01-23, 07",Connecticut Blue Devils,Fairleigh Dickinson Knights,draftkings,Spread,Connecticut Blue Devils,4.5,,-700,https://sportsbook.draftkings.com/event/fairleigh-dickinson-%40-central-connecticut-state/33511823?outcomes=0HC83106940P450_1
2026-01-23 17:09:11,"Connecticut Blue Devils vs Fairleigh Dickinson Knights, 2026-01-23, 07",Connecticut Blue Devils,Fairleigh Dickinson Knights,draftkings,Spread,Fairleigh Dickinson Knights,-3.5,,+355,https://sportsbook.draftkings.com/event/fairleigh-dickinson-%40-central-connecticut-state/33511823?outcomes=0HC83106940N350_3
2026-01-23 17:09:11,"Connecticut Blue Devils vs Fairleigh Dickinson Knights, 2026-01-23, 07",Connecticut Blue Devils,Fairleigh Dickinson Knights,draftkings,Spread,Connecticut Blue Devils,3.5,,-592,https://sportsbook.draftkings.com/event/fairleigh-dickinson-%40-central-connecticut-state/33511823?outcomes=0HC83106940P350_1
2026-01-23 17:09:11,"Connecticut Blue Devils vs Fairleigh Dickinson Knights, 2026-01-23, 07",Connecticut Blue Devils,Fairleigh Dickinson Knights,draftkings,Spread,Fairleigh Dickinson Knights,-2.5,,+311,https://sportsbook.draftkings.com/event/fairleigh-dickinson-%40-central-connecticut-state/33511823?outcomes=0HC83106940N250_3
2026-01-23 17:09:11,"Connecticut Blue Devils vs Fairleigh Dickinson Knights, 2026-01-23, 07",Connecticut Blue Devils,Fairleigh Dickinson Knights,draftkings,Spread,Connecticut Blue Devils,2.5,,-497,https://sportsbook.draftkings.com/event/fairleigh-dickinson-%40-central-connecticut-state/33511823?outcomes=0HC83106940P250_1
2026-01-23 17:09:11,"Connecticut Blue Devils vs Fairleigh Dickinson Knights, 2026-01-23, 07",Connecticut Blue Devils,Fairleigh Dickinson Knights,draftkings,Spread,Fairleigh Dickinson Knights,-1.5,,+272,https://sportsbook.draftkings.com/event/fairleigh-dickinson-%40-central-connecticut-state/33511823?outcomes=0HC83106940N150_3
2026-01-23 17:09:11,"Connecticut Blue Devils vs Fairleigh Dickinson Knights, 2026-01-23, 07",Connecticut Blue Devils,Fairleigh Dickinson Knights,draftkings,Spread,Connecticut Blue Devils,1.5,,-418,https://sportsbook.draftkings.com/event/fairleigh-dickinson-%40-central-connecticut-state/33511823?outcomes=0HC83106940P150_1
2026-01-23 17:09:11,"Connecticut Blue Devils vs Fairleigh Dickinson Knights, 2026-01-23, 07",Connecticut Blue Devils,Fairleigh Dickinson Knights,draftkings,Spread,Fairleigh Dickinson Knights,1.5,,+200,https://sportsbook.draftkings.com/event/fairleigh-dickinson-%40-central-connecticut-state/33511823?outcomes=0HC83106940P150_3
2026-01-23 17:09:11,"Connecticut Blue Devils vs Fairleigh Dickinson Knights, 2026-01-23, 07",Connecticut Blue Devils,Fairleigh Dickinson Knights,draftkings,Spread,Connecticut Blue Devils,-1.5,,-288,https://sportsbook.draftkings.com/event/fairleigh-dickinson-%40-central-connecticut-state/33511823?outcomes=0HC83106940N150_1
2026-01-23 17:09:11,"Connecticut Blue Devils vs Fairleigh Dickinson Knights, 2026-01-23, 07",Connecticut Blue Devils,Fairleigh Dickinson Knights,draftkings,Spread,Fairleigh Dickinson Knights,2.5,,+166,https://sportsbook.draftkings.com/event/fairleigh-dickinson-%40-central-connecticut-state/33511823?outcomes=0HC83106940P250_3
2026-01-23 17:09:11,"Connecticut Blue Devils vs Fairleigh Dickinson Knights, 2026-01-23, 07",Connecticut Blue Devils,Fairleigh Dickinson Knights,draftkings,Spread,Connecticut Blue Devils,-2.5,,-233,https://sportsbook.draftkings.com/event/fairleigh-dickinson-%40-central-connecticut-state/33511823?outcomes=0HC83106940N250_1
2026-01-23 17:09:11,"Connecticut Blue Devils vs Fairleigh Dickinson Knights, 2026-01-23, 07",Connecticut Blue Devils,Fairleigh Dickinson Knights,draftkings,Spread,Fairleigh Dickinson Knights,3.5,,+143,https://sportsbook.draftkings.com/event/fairleigh-dickinson-%40-central-connecticut-state/33511823?outcomes=0HC83106940P350_3
2026-01-23 17:09:11,"Connecticut Blue Devils vs Fairleigh Dickinson Knights, 2026-01-23, 07",Connecticut Blue Devils,Fairleigh Dickinson Knights,draftkings,Spread,Connecticut Blue Devils,-3.5,,-198,https://sportsbook.draftkings.com/event/fairleigh-dickinson-%40-central-connecticut-state/33511823?outcomes=0HC83106940N350_1
2026-01-23 17:09:11,"Connecticut Blue Devils vs Fairleigh Dickinson Knights, 2026-01-23, 07",Connecticut Blue Devils,Fairleigh Dickinson Knights,draftkings,Spread,Fairleigh Dickinson Knights,4.5,,+124,https://sportsbook.draftkings.com/event/fairleigh-dickinson-%40-central-connecticut-state/33511823?outcomes=0HC83106940P450_3
2026-01-23 17:09:11,"Connecticut Blue Devils vs Fairleigh Dickinson Knights, 2026-01-23, 07",Connecticut Blue Devils,Fairleigh Dickinson Knights,draftkings,Spread,Connecticut Blue Devils,-4.5,,-171,https://sportsbook.draftkings.com/event/fairleigh-dickinson-%40-central-connecticut-state/33511823?outcomes=0HC83106940N450_1
2026-01-23 17:09:11,"Connecticut Blue Devils vs Fairleigh Dickinson Knights, 2026-01-23, 07",Connecticut Blue Devils,Fairleigh Dickinson Knights,draftkings,Spread,Fairleigh Dickinson Knights,5.5,,+108,https://sportsbook.draftkings.com/event/fairleigh-dickinson-%40-central-connecticut-state/33511823?outcomes=0HC83106940P550_3
2026-01-23 17:09:11,"Connecticut Blue Devils vs Fairleigh Dickinson Knights, 2026-01-23, 07",Connecticut Blue Devils,Fairleigh Dickinson Knights,draftkings,Spread,Connecticut Blue Devils,-5.5,,-148,https://sportsbook.draftkings.com/event/fairleigh-dickinson-%40-central-connecticut-state/33511823?outcomes=0HC83106940N550_1
2026-01-23 17:09:11,"Connecticut Blue Devils vs Fairleigh Dickinson Knights, 2026-01-23, 07",Connecticut Blue Devils,Fairleigh Dickinson Knights,draftkings,Spread,Fairleigh Dickinson Knights,6.5,,-106,https://sportsbook.draftkings.com/event/fairleigh-dickinson-%40-central-connecticut-state/33511823?outcomes=0HC83106940P650_3
2026-01-23 17:09:11,"Connecticut Blue Devils vs Fairleigh Dickinson Knights, 2026-01-23, 07",Connecticut Blue Devils,Fairleigh Dickinson Knights,draftkings,Spread,Connecticut Blue Devils,-6.5,,-128,https://sportsbook.draftkings.com/event/fairleigh-dickinson-%40-central-connecticut-state/33511823?outcomes=0HC83106940N650_1
2026-01-23 17:09:11,"Connecticut Blue Devils vs Fairleigh Dickinson Knights, 2026-01-23, 07",Connecticut Blue Devils,Fairleigh Dickinson Knights,draftkings,Spread,Connecticut Blue Devils,-8.5,,+106,https://sportsbook.draftkings.com/event/fairleigh-dickinson-%40-central-connecticut-state/33511823?outcomes=0HC83106940N850_1
2026-01-23 17:09:11,"Connecticut Blue Devils vs Fairleigh Dickinson Knights, 2026-01-23, 07",Connecticut Blue Devils,Fairleigh Dickinson Knights,draftkings,Spread,Fairleigh Dickinson Knights,-5.5,,+441,https://sportsbook.draftkings.com/event/fairleigh-dickinson-%40-central-connecticut-state/33511823?outcomes=0HC83106940N550_3
2026-01-23 17:09:11,"Connecticut Blue Devils vs Fairleigh Dickinson Knights, 2026-01-23, 07",Connecticut Blue Devils,Fairleigh Dickinson Knights,draftkings,Spread,Connecticut Blue Devils,6.5,,-970,https://sportsbook.draftkings.com/event/fairleigh-dickinson-%40-central-connecticut-state/33511823?outcomes=0HC83106940P650_1
2026-01-23 17:09:11,"Connecticut Blue Devils vs Fairleigh Dickinson Knights, 2026-01-23, 07",Connecticut Blue Devils,Fairleigh Dickinson Knights,draftkings,Spread,Fairleigh Dickinson Knights,-6.5,,+490,https://sportsbook.draftkings.com/event/fairleigh-dickinson-%40-central-connecticut-state/33511823?outcomes=0HC83106940N650_3
2026-01-23 17:09:11,"Connecticut Blue Devils vs Fairleigh Dickinson Knights, 2026-01-23, 07",Connecticut Blue Devils,Fairleigh Dickinson Knights,draftkings,Spread,Connecticut Blue Devils,-7.5,,-105,https://sportsbook.draftkings.com/event/fairleigh-dickinson-%40-central-connecticut-state/33511823?outcomes=0HC83105932N750_1
2026-01-23 17:09:11,"Connecticut Blue Devils vs Fairleigh Dickinson Knights, 2026-01-23, 07",Connecticut Blue Devils,Fairleigh Dickinson Knights,draftkings,Spread,Fairleigh Dickinson Knights,7.5,,-115,https://sportsbook.draftkings.com/event/fairleigh-dickinson-%40-central-connecticut-state/33511823?outcomes=0HC83105932P750_3
2026-01-23 17:09:11,"Connecticut Blue Devils vs Fairleigh Dickinson Knights, 2026-01-23, 07",Connecticut Blue Devils,Fairleigh Dickinson Knights,pinnacle,Total,,142.5,O,+104,
2026-01-23 17:09:11,"Connecticut Blue Devils vs Fairleigh Dickinson Knights, 2026-01-23, 07",Connecticut Blue Devils,Fairleigh Dickinson Knights,pinnacle,Total,,142.5,U,-136,
2026-01-23 17:09:11,"Connecticut Blue Devils vs Fairleigh Dickinson Knights, 2026-01-23, 07",Connecticut Blue Devils,Fairleigh Dickinson Knights,pinnacle,Total,,142.0,O,-101,
2026-01-23 17:09:11,"Connecticut Blue Devils vs Fairleigh Dickinson Knights, 2026-01-23, 07",Connecticut Blue Devils,Fairleigh Dickinson Knights,pinnacle,Total,,142.0,U,-129,
2026-01-23 17:09:11,"Connecticut Blue Devils vs Fairleigh Dickinson Knights, 2026-01-23, 07",Connecticut Blue Devils,Fairleigh Dickinson Knights,pinnacle,Total,,141.5,O,-106,
2026-01-23 17:09:11,"Connecticut Blue Devils vs Fairleigh Dickinson Knights, 2026-01-23, 07",Connecticut Blue Devils,Fairleigh Dickinson Knights,pinnacle,Total,,141.5,U,-122,
2026-01-23 17:09:11,"Connecticut Blue Devils vs Fairleigh Dickinson Knights, 2026-01-23, 07",Connecticut Blue Devils,Fairleigh Dickinson Knights,pinnacle,Total,,141.0,O,-112,
2026-01-23 17:09:11,"Connecticut Blue Devils vs Fairleigh Dickinson Knights, 2026-01-23, 07",Connecticut Blue Devils,Fairleigh Dickinson Knights,pinnacle,Total,,141.0,U,-116,
2026-01-23 17:09:11,"Connecticut Blue Devils vs Fairleigh Dickinson Knights, 2026-01-23, 07",Connecticut Blue Devils,Fairleigh Dickinson Knights,pinnacle,Total,,140.5,O,-117,
2026-01-23 17:09:11,"Connecticut Blue Devils vs Fairleigh Dickinson Knights, 2026-01-23, 07",Connecticut Blue Devils,Fairleigh Dickinson Knights,pinnacle,Total,,140.5,U,-108,
2026-01-23 17:09:11,"Connecticut Blue Devils vs Fairleigh Dickinson Knights, 2026-01-23, 07",Connecticut Blue Devils,Fairleigh Dickinson Knights,pinnacle,Total,,140.0,O,-125,
2026-01-23 17:09:11,"Connecticut Blue Devils vs Fairleigh Dickinson Knights, 2026-01-23, 07",Connecticut Blue Devils,Fairleigh Dickinson Knights,pinnacle,Total,,140.0,U,-104,
2026-01-23 17:09:11,"Connecticut Blue Devils vs Fairleigh Dickinson Knights, 2026-01-23, 07",Connecticut Blue Devils,Fairleigh Dickinson Knights,pinnacle,Total,,139.5,O,-131,
2026-01-23 17:09:11,"Connecticut Blue Devils vs Fairleigh Dickinson Knights, 2026-01-23, 07",Connecticut Blue Devils,Fairleigh Dickinson Knights,pinnacle,Total,,139.5,U,+101,
2026-01-23 17:09:11,"Connecticut Blue Devils vs Fairleigh Dickinson Knights, 2026-01-23, 07",Connecticut Blue Devils,Fairleigh Dickinson Knights,pinnacle,Total,,139.0,O,-138,
2026-01-23 17:09:11,"Connecticut Blue Devils vs Fairleigh Dickinson Knights, 2026-01-23, 07",Connecticut Blue Devils,Fairleigh Dickinson Knights,pinnacle,Total,,139.0,U,+105,
2026-01-23 17:09:11,"Connecticut Blue Devils vs Fairleigh Dickinson Knights, 2026-01-23, 07",Connecticut Blue Devils,Fairleigh Dickinson Knights,pinnacle,Total,,138.5,O,-143,
2026-01-23 17:09:11,"Connecticut Blue Devils vs Fairleigh Dickinson Knights, 2026-01-23, 07",Connecticut Blue Devils,Fairleigh Dickinson Knights,pinnacle,Total,,138.5,U,+110,
2026-01-23 17:09:11,"Connecticut Blue Devils vs Fairleigh Dickinson Knights, 2026-01-23, 07",Connecticut Blue Devils,Fairleigh Dickinson Knights,fanduel,Total,,141.5,O,-112,https://sportsbook.fanduel.ca/addToBetslip?marketId=801.154110503&selectionId=7017823
2026-01-23 17:09:11,"Connecticut Blue Devils vs Fairleigh Dickinson Knights, 2026-01-23, 07",Connecticut Blue Devils,Fairleigh Dickinson Knights,fanduel,Total,,141.5,U,-108,https://sportsbook.fanduel.ca/addToBetslip?marketId=801.154110503&selectionId=7017824
2026-01-23 17:09:11,"Connecticut Blue Devils vs Fairleigh Dickinson Knights, 2026-01-23, 07",Connecticut Blue Devils,Fairleigh Dickinson Knights,fanduel,Total,,132.5,O,-330,https://sportsbook.fanduel.ca/addToBetslip?marketId=801.154157388&selectionId=7017823
2026-01-23 17:09:11,"Connecticut Blue Devils vs Fairleigh Dickinson Knights, 2026-01-23, 07",Connecticut Blue Devils,Fairleigh Dickinson Knights,betonline,Total,,141.0,O,-110,
2026-01-23 17:09:11,"Connecticut Blue Devils vs Fairleigh Dickinson Knights, 2026-01-23, 07",Connecticut Blue Devils,Fairleigh Dickinson Knights,betonline,Total,,141.0,U,-110,
2026-01-23 17:09:11,"Connecticut Blue Devils vs Fairleigh Dickinson Knights, 2026-01-23, 07",Connecticut Blue Devils,Fairleigh Dickinson Knights,fanduel,Total,,147.5,U,-220,https://sportsbook.fanduel.ca/addToBetslip?marketId=801.154157436&selectionId=7017824
2026-01-23 17:09:11,"Connecticut Blue Devils vs Fairleigh Dickinson Knights, 2026-01-23, 07",Connecticut Blue Devils,Fairleigh Dickinson Knights,fanduel,Total,,147.5,O,+165,https://sportsbook.fanduel.ca/addToBetslip?marketId=801.154157436&selectionId=7017823
2026-01-23 17:09:11,"Connecticut Blue Devils vs Fairleigh Dickinson Knights, 2026-01-23, 07",Connecticut Blue Devils,Fairleigh Dickinson Knights,fanduel,Total,,135.5,U,+172,https://sportsbook.fanduel.ca/addToBetslip?marketId=801.154157440&selectionId=7017824
2026-01-23 17:09:11,"Connecticut Blue Devils vs Fairleigh Dickinson Knights, 2026-01-23, 07",Connecticut Blue Devils,Fairleigh Dickinson Knights,fanduel,Total,,132.5,U,+235,https://sportsbook.fanduel.ca/addToBetslip?marketId=801.154157388&selectionId=7017824
2026-01-23 17:09:11,"Connecticut Blue Devils vs Fairleigh Dickinson Knights, 2026-01-23, 07",Connecticut Blue Devils,Fairleigh Dickinson Knights,fanduel,Total,,138.5,O,-160,https://sportsbook.fanduel.ca/addToBetslip?marketId=801.154157391&selectionId=7017823
2026-01-23 17:09:11,"Connecticut Blue Devils vs Fairleigh Dickinson Knights, 2026-01-23, 07",Connecticut Blue Devils,Fairleigh Dickinson Knights,fanduel,Total,,138.5,U,+122,https://sportsbook.fanduel.ca/addToBetslip?marketId=801.154157391&selectionId=7017824
2026-01-23 17:09:11,"Connecticut Blue Devils vs Fairleigh Dickinson Knights, 2026-01-23, 07",Connecticut Blue Devils,Fairleigh Dickinson Knights,fanduel,Total,,144.5,O,+122,https://sportsbook.fanduel.ca/addToBetslip?marketId=801.154157442&selectionId=7017823
2026-01-23 17:09:11,"Connecticut Blue Devils vs Fairleigh Dickinson Knights, 2026-01-23, 07",Connecticut Blue Devils,Fairleigh Dickinson Knights,fanduel,Total,,144.5,U,-160,https://sportsbook.fanduel.ca/addToBetslip?marketId=801.154157442&selectionId=7017824
2026-01-23 17:09:11,"Connecticut Blue Devils vs Fairleigh Dickinson Knights, 2026-01-23, 07",Connecticut Blue Devils,Fairleigh Dickinson Knights,fanduel,Total,,150.5,O,+225,https://sportsbook.fanduel.ca/addToBetslip?marketId=801.154157375&selectionId=7017823
2026-01-23 17:09:11,"Connecticut Blue Devils vs Fairleigh Dickinson Knights, 2026-01-23, 07",Connecticut Blue Devils,Fairleigh Dickinson Knights,fanduel,Total,,150.5,U,-310,https://sportsbook.fanduel.ca/addToBetslip?marketId=801.154157375&selectionId=7017824
2026-01-23 17:09:11,"Connecticut Blue Devils vs Fairleigh Dickinson Knights, 2026-01-23, 07",Connecticut Blue Devils,Fairleigh Dickinson Knights,fanduel,Total,,135.5,O,-230,https://sportsbook.fanduel.ca/addToBetslip?marketId=801.154157440&selectionId=7017823
2026-01-23 17:09:11,"Connecticut Blue Devils vs Fairleigh Dickinson Knights, 2026-01-23, 07",Connecticut Blue Devils,Fairleigh Dickinson Knights,draftkings,Total,,141.5,O,-105,https://sportsbook.draftkings.com/event/fairleigh-dickinson-%40-central-connecticut-state/33511823?outcomes=0OU83105932O14150_1
2026-01-23 17:09:11,"Connecticut Blue Devils vs Fairleigh Dickinson Knights, 2026-01-23, 07",Connecticut Blue Devils,Fairleigh Dickinson Knights,draftkings,Total,,141.5,U,-115,https://sportsbook.draftkings.com/event/fairleigh-dickinson-%40-central-connecticut-state/33511823?outcomes=0OU83105932U14150_3
2026-01-23 17:09:11,"Connecticut Blue Devils vs Fairleigh Dickinson Knights, 2026-01-23, 07",Connecticut Blue Devils,Fairleigh Dickinson Knights,draftkings,Total,,129.5,O,-425,https://sportsbook.draftkings.com/event/fairleigh-dickinson-%40-central-connecticut-state/33511823?outcomes=0OU83106940O12950_1
2026-01-23 17:09:11,"Connecticut Blue Devils vs Fairleigh Dickinson Knights, 2026-01-23, 07",Connecticut Blue Devils,Fairleigh Dickinson Knights,draftkings,Total,,129.5,U,+300,https://sportsbook.draftkings.com/event/fairleigh-dickinson-%40-central-connecticut-state/33511823?outcomes=0OU83106940U12950_3
2026-01-23 17:09:11,"Connecticut Blue Devils vs Fairleigh Dickinson Knights, 2026-01-23, 07",Connecticut Blue Devils,Fairleigh Dickinson Knights,draftkings,Total,,130.5,O,-375,https://sportsbook.draftkings.com/event/fairleigh-dickinson-%40-central-connecticut-state/33511823?outcomes=0OU83106940O13050_1
2026-01-23 17:09:11,"Connecticut Blue Devils vs Fairleigh Dickinson Knights, 2026-01-23, 07",Connecticut Blue Devils,Fairleigh Dickinson Knights,draftkings,Total,,144.5,U,-154,https://sportsbook.draftkings.com/event/fairleigh-dickinson-%40-central-connecticut-state/33511823?outcomes=0OU83106940U14450_3
2026-01-23 17:09:11,"Connecticut Blue Devils vs Fairleigh Dickinson Knights, 2026-01-23, 07",Connecticut Blue Devils,Fairleigh Dickinson Knights,draftkings,Total,,145.5,O,+135,https://sportsbook.draftkings.com/event/fairleigh-dickinson-%40-central-connecticut-state/33511823?outcomes=0OU83106940O14550_1
2026-01-23 17:09:11,"Connecticut Blue Devils vs Fairleigh Dickinson Knights, 2026-01-23, 07",Connecticut Blue Devils,Fairleigh Dickinson Knights,draftkings,Total,,145.5,U,-175,https://sportsbook.draftkings.com/event/fairleigh-dickinson-%40-central-connecticut-state/33511823?outcomes=0OU83106940U14550_3
2026-01-23 17:09:11,"Connecticut Blue Devils vs Fairleigh Dickinson Knights, 2026-01-23, 07",Connecticut Blue Devils,Fairleigh Dickinson Knights,draftkings,Total,,146.5,O,+150,https://sportsbook.draftkings.com/event/fairleigh-dickinson-%40-central-connecticut-state/33511823?outcomes=0OU83106940O14650_1
2026-01-23 17:09:11,"Connecticut Blue Devils vs Fairleigh Dickinson Knights, 2026-01-23, 07",Connecticut Blue Devils,Fairleigh Dickinson Knights,draftkings,Total,,146.5,U,-195,https://sportsbook.draftkings.com/event/fairleigh-dickinson-%40-central-connecticut-state/33511823?outcomes=0OU83106940U14650_3
2026-01-23 17:09:11,"Connecticut Blue Devils vs Fairleigh Dickinson Knights, 2026-01-23, 07",Connecticut Blue Devils,Fairleigh Dickinson Knights,draftkings,Total,,147.5,O,+165,https://sportsbook.draftkings.com/event/fairleigh-dickinson-%40-central-connecticut-state/33511823?outcomes=0OU83106940O14750_1
2026-01-23 17:09:11,"Connecticut Blue Devils vs Fairleigh Dickinson Knights, 2026-01-23, 07",Connecticut Blue Devils,Fairleigh Dickinson Knights,draftkings,Total,,147.5,U,-215,https://sportsbook.draftkings.com/event/fairleigh-dickinson-%40-central-connecticut-state/33511823?outcomes=0OU83106940U14750_3
2026-01-23 17:09:11,"Connecticut Blue Devils vs Fairleigh Dickinson Knights, 2026-01-23, 07",Connecticut Blue Devils,Fairleigh Dickinson Knights,draftkings,Total,,148.5,O,+185,https://sportsbook.draftkings.com/event/fairleigh-dickinson-%40-central-connecticut-state/33511823?outcomes=0OU83106940O14850_1
2026-01-23 17:09:11,"Connecticut Blue Devils vs Fairleigh Dickinson Knights, 2026-01-23, 07",Connecticut Blue Devils,Fairleigh Dickinson Knights,draftkings,Total,,148.5,U,-245,https://sportsbook.draftkings.com/event/fairleigh-dickinson-%40-central-connecticut-state/33511823?outcomes=0OU83106940U14850_3
2026-01-23 17:09:11,"Connecticut Blue Devils vs Fairleigh Dickinson Knights, 2026-01-23, 07",Connecticut Blue Devils,Fairleigh Dickinson Knights,draftkings,Total,,149.5,O,+210,https://sportsbook.draftkings.com/event/fairleigh-dickinson-%40-central-connecticut-state/33511823?outcomes=0OU83106940O14950_1
2026-01-23 17:09:11,"Connecticut Blue Devils vs Fairleigh Dickinson Knights, 2026-01-23, 07",Connecticut Blue Devils,Fairleigh Dickinson Knights,draftkings,Total,,149.5,U,-280,https://sportsbook.draftkings.com/event/fairleigh-dickinson-%40-central-connecticut-state/33511823?outcomes=0OU83106940U14950_3
2026-01-23 17:09:11,"Connecticut Blue Devils vs Fairleigh Dickinson Knights, 2026-01-23, 07",Connecticut Blue Devils,Fairleigh Dickinson Knights,draftkings,Total,,150.5,O,+230,https://sportsbook.draftkings.com/event/fairleigh-dickinson-%40-central-connecticut-state/33511823?outcomes=0OU83106940O15050_1
2026-01-23 17:09:11,"Connecticut Blue Devils vs Fairleigh Dickinson Knights, 2026-01-23, 07",Connecticut Blue Devils,Fairleigh Dickinson Knights,draftkings,Total,,150.5,U,-315,https://sportsbook.draftkings.com/event/fairleigh-dickinson-%40-central-connecticut-state/33511823?outcomes=0OU83106940U15050_3
2026-01-23 17:09:11,"Connecticut Blue Devils vs Fairleigh Dickinson Knights, 2026-01-23, 07",Connecticut Blue Devils,Fairleigh Dickinson Knights,draftkings,Total,,151.5,O,+250,https://sportsbook.draftkings.com/event/fairleigh-dickinson-%40-central-connecticut-state/33511823?outcomes=0OU83106940O15150_1
2026-01-23 17:09:11,"Connecticut Blue Devils vs Fairleigh Dickinson Knights, 2026-01-23, 07",Connecticut Blue Devils,Fairleigh Dickinson Knights,draftkings,Total,,151.5,U,-345,https://sportsbook.draftkings.com/event/fairleigh-dickinson-%40-central-connecticut-state/33511823?outcomes=0OU83106940U15150_3
2026-01-23 17:09:11,"Connecticut Blue Devils vs Fairleigh Dickinson Knights, 2026-01-23, 07",Connecticut Blue Devils,Fairleigh Dickinson Knights,draftkings,Total,,152.5,O,+270,https://sportsbook.draftkings.com/event/fairleigh-dickinson-%40-central-connecticut-state/33511823?outcomes=0OU83106940O15250_1
2026-01-23 17:09:11,"Connecticut Blue Devils vs Fairleigh Dickinson Knights, 2026-01-23, 07",Connecticut Blue Devils,Fairleigh Dickinson Knights,draftkings,Total,,152.5,U,-375,https://sportsbook.draftkings.com/event/fairleigh-dickinson-%40-central-connecticut-state/33511823?outcomes=0OU83106940U15250_3
2026-01-23 17:09:11,"Connecticut Blue Devils vs Fairleigh Dickinson Knights, 2026-01-23, 07",Connecticut Blue Devils,Fairleigh Dickinson Knights,draftkings,Total,,153.5,O,+310,https://sportsbook.draftkings.com/event/fairleigh-dickinson-%40-central-connecticut-state/33511823?outcomes=0OU83106940O15350_1
2026-01-23 17:09:11,"Connecticut Blue Devils vs Fairleigh Dickinson Knights, 2026-01-23, 07",Connecticut Blue Devils,Fairleigh Dickinson Knights,draftkings,Total,,153.5,U,-445,https://sportsbook.draftkings.com/event/fairleigh-dickinson-%40-central-connecticut-state/33511823?outcomes=0OU83106940U15350_3
2026-01-23 17:09:11,"Connecticut Blue Devils vs Fairleigh Dickinson Knights, 2026-01-23, 07",Connecticut Blue Devils,Fairleigh Dickinson Knights,draftkings,Total,,144.5,O,+120,https://sportsbook.draftkings.com/event/fairleigh-dickinson-%40-central-connecticut-state/33511823?outcomes=0OU83106940O14450_1
2026-01-23 17:09:11,"Connecticut Blue Devils vs Fairleigh Dickinson Knights, 2026-01-23, 07",Connecticut Blue Devils,Fairleigh Dickinson Knights,draftkings,Total,,143.5,U,-140,https://sportsbook.draftkings.com/event/fairleigh-dickinson-%40-central-connecticut-state/33511823?outcomes=0OU83106940U14350_3
2026-01-23 17:09:11,"Connecticut Blue Devils vs Fairleigh Dickinson Knights, 2026-01-23, 07",Connecticut Blue Devils,Fairleigh Dickinson Knights,draftkings,Total,,143.5,O,+110,https://sportsbook.draftkings.com/event/fairleigh-dickinson-%40-central-connecticut-state/33511823?outcomes=0OU83106940O14350_1
2026-01-23 17:09:11,"Connecticut Blue Devils vs Fairleigh Dickinson Knights, 2026-01-23, 07",Connecticut Blue Devils,Fairleigh Dickinson Knights,draftkings,Total,,142.5,U,-125,https://sportsbook.draftkings.com/event/fairleigh-dickinson-%40-central-connecticut-state/33511823?outcomes=0OU83106940U14250_3
2026-01-23 17:09:11,"Connecticut Blue Devils vs Fairleigh Dickinson Knights, 2026-01-23, 07",Connecticut Blue Devils,Fairleigh Dickinson Knights,draftkings,Total,,130.5,U,+270,https://sportsbook.draftkings.com/event/fairleigh-dickinson-%40-central-connecticut-state/33511823?outcomes=0OU83106940U13050_3
2026-01-23 17:09:11,"Connecticut Blue Devils vs Fairleigh Dickinson Knights, 2026-01-23, 07",Connecticut Blue Devils,Fairleigh Dickinson Knights,draftkings,Total,,131.5,O,-330,https://sportsbook.draftkings.com/event/fairleigh-dickinson-%40-central-connecticut-state/33511823?outcomes=0OU83106940O13150_1
2026-01-23 17:09:11,"Connecticut Blue Devils vs Fairleigh Dickinson Knights, 2026-01-23, 07",Connecticut Blue Devils,Fairleigh Dickinson Knights,draftkings,Total,,131.5,U,+240,https://sportsbook.draftkings.com/event/fairleigh-dickinson-%40-central-connecticut-state/33511823?outcomes=0OU83106940U13150_3
2026-01-23 17:09:11,"Connecticut Blue Devils vs Fairleigh Dickinson Knights, 2026-01-23, 07",Connecticut Blue Devils,Fairleigh Dickinson Knights,draftkings,Total,,132.5,O,-298,https://sportsbook.draftkings.com/event/fairleigh-dickinson-%40-central-connecticut-state/33511823?outcomes=0OU83106940O13250_1
2026-01-23 17:09:11,"Connecticut Blue Devils vs Fairleigh Dickinson Knights, 2026-01-23, 07",Connecticut Blue Devils,Fairleigh Dickinson Knights,draftkings,Total,,132.5,U,+220,https://sportsbook.draftkings.com/event/fairleigh-dickinson-%40-central-connecticut-state/33511823?outcomes=0OU83106940U13250_3
2026-01-23 17:09:11,"Connecticut Blue Devils vs Fairleigh Dickinson Knights, 2026-01-23, 07",Connecticut Blue Devils,Fairleigh Dickinson Knights,draftkings,Total,,133.5,O,-260,https://sportsbook.draftkings.com/event/fairleigh-dickinson-%40-central-connecticut-state/33511823?outcomes=0OU83106940O13350_1
2026-01-23 17:09:11,"Connecticut Blue Devils vs Fairleigh Dickinson Knights, 2026-01-23, 07",Connecticut Blue Devils,Fairleigh Dickinson Knights,draftkings,Total,,133.5,U,+195,https://sportsbook.draftkings.com/event/fairleigh-dickinson-%40-central-connecticut-state/33511823?outcomes=0OU83106940U13350_3
2026-01-23 17:09:11,"Connecticut Blue Devils vs Fairleigh Dickinson Knights, 2026-01-23, 07",Connecticut Blue Devils,Fairleigh Dickinson Knights,draftkings,Total,,134.5,O,-230,https://sportsbook.draftkings.com/event/fairleigh-dickinson-%40-central-connecticut-state/33511823?outcomes=0OU83106940O13450_1
2026-01-23 17:09:11,"Connecticut Blue Devils vs Fairleigh Dickinson Knights, 2026-01-23, 07",Connecticut Blue Devils,Fairleigh Dickinson Knights,draftkings,Total,,134.5,U,+175,https://sportsbook.draftkings.com/event/fairleigh-dickinson-%40-central-connecticut-state/33511823?outcomes=0OU83106940U13450_3
2026-01-23 17:09:11,"Connecticut Blue Devils vs Fairleigh Dickinson Knights, 2026-01-23, 07",Connecticut Blue Devils,Fairleigh Dickinson Knights,draftkings,Total,,135.5,O,-210,https://sportsbook.draftkings.com/event/fairleigh-dickinson-%40-central-connecticut-state/33511823?outcomes=0OU83106940O13550_1
2026-01-23 17:09:11,"Connecticut Blue Devils vs Fairleigh Dickinson Knights, 2026-01-23, 07",Connecticut Blue Devils,Fairleigh Dickinson Knights,draftkings,Total,,135.5,U,+160,https://sportsbook.draftkings.com/event/fairleigh-dickinson-%40-central-connecticut-state/33511823?outcomes=0OU83106940U13550_3
2026-01-23 17:09:11,"Connecticut Blue Devils vs Fairleigh Dickinson Knights, 2026-01-23, 07",Connecticut Blue Devils,Fairleigh Dickinson Knights,draftkings,Total,,136.5,U,+145,https://sportsbook.draftkings.com/event/fairleigh-dickinson-%40-central-connecticut-state/33511823?outcomes=0OU83106940U13650_3
2026-01-23 17:09:11,"Connecticut Blue Devils vs Fairleigh Dickinson Knights, 2026-01-23, 07",Connecticut Blue Devils,Fairleigh Dickinson Knights,draftkings,Total,,137.5,O,-166,https://sportsbook.draftkings.com/event/fairleigh-dickinson-%40-central-connecticut-state/33511823?outcomes=0OU83106940O13750_1
2026-01-23 17:09:11,"Connecticut Blue Devils vs Fairleigh Dickinson Knights, 2026-01-23, 07",Connecticut Blue Devils,Fairleigh Dickinson Knights,draftkings,Total,,137.5,U,+130,https://sportsbook.draftkings.com/event/fairleigh-dickinson-%40-central-connecticut-state/33511823?outcomes=0OU83106940U13750_3
2026-01-23 17:09:11,"Connecticut Blue Devils vs Fairleigh Dickinson Knights, 2026-01-23, 07",Connecticut Blue Devils,Fairleigh Dickinson Knights,draftkings,Total,,138.5,O,-154,https://sportsbook.draftkings.com/event/fairleigh-dickinson-%40-central-connecticut-state/33511823?outcomes=0OU83106940O13850_1
2026-01-23 17:09:11,"Connecticut Blue Devils vs Fairleigh Dickinson Knights, 2026-01-23, 07",Connecticut Blue Devils,Fairleigh Dickinson Knights,draftkings,Total,,138.5,U,+120,https://sportsbook.draftkings.com/event/fairleigh-dickinson-%40-central-connecticut-state/33511823?outcomes=0OU83106940U13850_3
2026-01-23 17:09:11,"Connecticut Blue Devils vs Fairleigh Dickinson Knights, 2026-01-23, 07",Connecticut Blue Devils,Fairleigh Dickinson Knights,draftkings,Total,,139.5,O,-135,https://sportsbook.draftkings.com/event/fairleigh-dickinson-%40-central-connecticut-state/33511823?outcomes=0OU83106940O13950_1
2026-01-23 17:09:11,"Connecticut Blue Devils vs Fairleigh Dickinson Knights, 2026-01-23, 07",Connecticut Blue Devils,Fairleigh Dickinson Knights,draftkings,Total,,139.5,U,+105,https://sportsbook.draftkings.com/event/fairleigh-dickinson-%40-central-connecticut-state/33511823?outcomes=0OU83106940U13950_3
2026-01-23 17:09:11,"Connecticut Blue Devils vs Fairleigh Dickinson Knights, 2026-01-23, 07",Connecticut Blue Devils,Fairleigh Dickinson Knights,draftkings,Total,,140.5,O,-125,https://sportsbook.draftkings.com/event/fairleigh-dickinson-%40-central-connecticut-state/33511823?outcomes=0OU83106940O14050_1
2026-01-23 17:09:11,"Connecticut Blue Devils vs Fairleigh Dickinson Knights, 2026-01-23, 07",Connecticut Blue Devils,Fairleigh Dickinson Knights,draftkings,Total,,140.5,U,-105,https://sportsbook.draftkings.com/event/fairleigh-dickinson-%40-central-connecticut-state/33511823?outcomes=0OU83106940U14050_3
2026-01-23 17:09:11,"Connecticut Blue Devils vs Fairleigh Dickinson Knights, 2026-01-23, 07",Connecticut Blue Devils,Fairleigh Dickinson Knights,draftkings,Total,,142.5,O,-105,https://sportsbook.draftkings.com/event/fairleigh-dickinson-%40-central-connecticut-state/33511823?outcomes=0OU83106940O14250_1
2026-01-23 17:09:11,"Connecticut Blue Devils vs Fairleigh Dickinson Knights, 2026-01-23, 07",Connecticut Blue Devils,Fairleigh Dickinson Knights,draftkings,Total,,136.5,O,-188,https://sportsbook.draftkings.com/event/fairleigh-dickinson-%40-central-connecticut-state/33511823?outcomes=0OU83106940O13650_1
2026-01-23 17:09:11,"Connecticut Huskies vs Villanova Wildcats, 2026-01-24, 12",Connecticut Huskies,Villanova Wildcats,betonline,Spread,Villanova Wildcats,10.0,,-110,
2026-01-23 17:09:11,"Connecticut Huskies vs Villanova Wildcats, 2026-01-24, 12",Connecticut Huskies,Villanova Wildcats,betonline,Spread,Connecticut Huskies,-10.0,,-110,
2026-01-23 17:09:11,"Connecticut Huskies vs Villanova Wildcats, 2026-01-24, 12",Connecticut Huskies,Villanova Wildcats,fanduel,Spread,Villanova Wildcats,9.5,,-102,https://sportsbook.fanduel.ca/addToBetslip?marketId=801.152222174&selectionId=675919
2026-01-23 17:09:11,"Connecticut Huskies vs Villanova Wildcats, 2026-01-24, 12",Connecticut Huskies,Villanova Wildcats,fanduel,Spread,Connecticut Huskies,-9.5,,-120,https://sportsbook.fanduel.ca/addToBetslip?marketId=801.152222174&selectionId=332194
2026-01-23 17:09:11,"Connecticut Huskies vs Villanova Wildcats, 2026-01-24, 12",Connecticut Huskies,Villanova Wildcats,pinnacle,Spread,Villanova Wildcats,12.0,,-147,
2026-01-23 17:09:11,"Connecticut Huskies vs Villanova Wildcats, 2026-01-24, 12",Connecticut Huskies,Villanova Wildcats,pinnacle,Spread,Connecticut Huskies,-8.0,,-160,
2026-01-23 17:09:11,"Connecticut Huskies vs Villanova Wildcats, 2026-01-24, 12",Connecticut Huskies,Villanova Wildcats,pinnacle,Spread,Villanova Wildcats,8.0,,+126,
2026-01-23 17:09:11,"Connecticut Huskies vs Villanova Wildcats, 2026-01-24, 12",Connecticut Huskies,Villanova Wildcats,pinnacle,Spread,Connecticut Huskies,-8.5,,-149,
2026-01-23 17:09:11,"Connecticut Huskies vs Villanova Wildcats, 2026-01-24, 12",Connecticut Huskies,Villanova Wildcats,pinnacle,Spread,Villanova Wildcats,8.5,,+118,
2026-01-23 17:09:11,"Connecticut Huskies vs Villanova Wildcats, 2026-01-24, 12",Connecticut Huskies,Villanova Wildcats,pinnacle,Spread,Connecticut Huskies,-9.0,,-138,
2026-01-23 17:09:11,"Connecticut Huskies vs Villanova Wildcats, 2026-01-24, 12",Connecticut Huskies,Villanova Wildcats,pinnacle,Spread,Villanova Wildcats,9.0,,+110,
2026-01-23 17:09:11,"Connecticut Huskies vs Villanova Wildcats, 2026-01-24, 12",Connecticut Huskies,Villanova Wildcats,pinnacle,Spread,Connecticut Huskies,-9.5,,-127,
2026-01-23 17:09:11,"Connecticut Huskies vs Villanova Wildcats, 2026-01-24, 12",Connecticut Huskies,Villanova Wildcats,pinnacle,Spread,Villanova Wildcats,9.5,,+101,
2026-01-23 17:09:11,"Connecticut Huskies vs Villanova Wildcats, 2026-01-24, 12",Connecticut Huskies,Villanova Wildcats,pinnacle,Spread,Connecticut Huskies,-10.0,,-115,
2026-01-23 17:09:11,"Connecticut Huskies vs Villanova Wildcats, 2026-01-24, 12",Connecticut Huskies,Villanova Wildcats,pinnacle,Spread,Villanova Wildcats,10.0,,-106,
2026-01-23 17:09:11,"Connecticut Huskies vs Villanova Wildcats, 2026-01-24, 12",Connecticut Huskies,Villanova Wildcats,pinnacle,Spread,Connecticut Huskies,-10.5,,-107,
2026-01-23 17:09:11,"Connecticut Huskies vs Villanova Wildcats, 2026-01-24, 12",Connecticut Huskies,Villanova Wildcats,pinnacle,Spread,Villanova Wildcats,10.5,,-117,
2026-01-23 17:09:11,"Connecticut Huskies vs Villanova Wildcats, 2026-01-24, 12",Connecticut Huskies,Villanova Wildcats,pinnacle,Spread,Connecticut Huskies,-11.0,,+101,
2026-01-23 17:09:11,"Connecticut Huskies vs Villanova Wildcats, 2026-01-24, 12",Connecticut Huskies,Villanova Wildcats,pinnacle,Spread,Villanova Wildcats,11.0,,-127,
2026-01-23 17:09:11,"Connecticut Huskies vs Villanova Wildcats, 2026-01-24, 12",Connecticut Huskies,Villanova Wildcats,pinnacle,Spread,Connecticut Huskies,-11.5,,+108,
2026-01-23 17:09:11,"Connecticut Huskies vs Villanova Wildcats, 2026-01-24, 12",Connecticut Huskies,Villanova Wildcats,pinnacle,Spread,Villanova Wildcats,11.5,,-137,
2026-01-23 17:09:11,"Connecticut Huskies vs Villanova Wildcats, 2026-01-24, 12",Connecticut Huskies,Villanova Wildcats,pinnacle,Spread,Connecticut Huskies,-12.0,,+116,
2026-01-23 17:09:11,"Connecticut Huskies vs Villanova Wildcats, 2026-01-24, 12",Connecticut Huskies,Villanova Wildcats,betonline,Total,,135.5,U,-110,
2026-01-23 17:09:11,"Connecticut Huskies vs Villanova Wildcats, 2026-01-24, 12",Connecticut Huskies,Villanova Wildcats,betonline,Total,,135.5,O,-110,
2026-01-23 17:09:11,"Connecticut Huskies vs Villanova Wildcats, 2026-01-24, 12",Connecticut Huskies,Villanova Wildcats,fanduel,Total,,135.5,U,-110,https://sportsbook.fanduel.ca/addToBetslip?marketId=801.152222175&selectionId=7017824
2026-01-23 17:09:11,"Connecticut Huskies vs Villanova Wildcats, 2026-01-24, 12",Connecticut Huskies,Villanova Wildcats,fanduel,Total,,135.5,O,-110,https://sportsbook.fanduel.ca/addToBetslip?marketId=801.152222175&selectionId=7017823
2026-01-23 17:09:11,"Connecticut Huskies vs Villanova Wildcats, 2026-01-24, 12",Connecticut Huskies,Villanova Wildcats,pinnacle,Total,,137.0,U,-128,
2026-01-23 17:09:11,"Connecticut Huskies vs Villanova Wildcats, 2026-01-24, 12",Connecticut Huskies,Villanova Wildcats,pinnacle,Total,,136.5,O,-107,
2026-01-23 17:09:11,"Connecticut Huskies vs Villanova Wildcats, 2026-01-24, 12",Connecticut Huskies,Villanova Wildcats,pinnacle,Total,,136.5,U,-121,
2026-01-23 17:09:11,"Connecticut Huskies vs Villanova Wildcats, 2026-01-24, 12",Connecticut Huskies,Villanova Wildcats,pinnacle,Total,,136.0,O,-113,
2026-01-23 17:09:11,"Connecticut Huskies vs Villanova Wildcats, 2026-01-24, 12",Connecticut Huskies,Villanova Wildcats,pinnacle,Total,,136.0,U,-115,
2026-01-23 17:09:11,"Connecticut Huskies vs Villanova Wildcats, 2026-01-24, 12",Connecticut Huskies,Villanova Wildcats,pinnacle,Total,,135.5,O,-117,
2026-01-23 17:09:11,"Connecticut Huskies vs Villanova Wildcats, 2026-01-24, 12",Connecticut Huskies,Villanova Wildcats,pinnacle,Total,,135.5,U,-107,
2026-01-23 17:09:11,"Connecticut Huskies vs Villanova Wildcats, 2026-01-24, 12",Connecticut Huskies,Villanova Wildcats,pinnacle,Total,,135.0,O,-127,
2026-01-23 17:09:11,"Connecticut Huskies vs Villanova Wildcats, 2026-01-24, 12",Connecticut Huskies,Villanova Wildcats,pinnacle,Total,,135.0,U,-103,
2026-01-23 17:09:11,"Connecticut Huskies vs Villanova Wildcats, 2026-01-24, 12",Connecticut Huskies,Villanova Wildcats,pinnacle,Total,,134.5,O,-134,
2026-01-23 17:09:11,"Connecticut Huskies vs Villanova Wildcats, 2026-01-24, 12",Connecticut Huskies,Villanova Wildcats,pinnacle,Total,,134.5,U,+102,
2026-01-23 17:09:11,"Connecticut Huskies vs Villanova Wildcats, 2026-01-24, 12",Connecticut Huskies,Villanova Wildcats,pinnacle,Total,,134.0,O,-141,
2026-01-23 17:09:11,"Connecticut Huskies vs Villanova Wildcats, 2026-01-24, 12",Connecticut Huskies,Villanova Wildcats,pinnacle,Total,,134.0,U,+108,
2026-01-23 17:09:11,"Connecticut Huskies vs Villanova Wildcats, 2026-01-24, 12",Connecticut Huskies,Villanova Wildcats,pinnacle,Total,,133.5,O,-148,
2026-01-23 17:09:11,"Connecticut Huskies vs Villanova Wildcats, 2026-01-24, 12",Connecticut Huskies,Villanova Wildcats,pinnacle,Total,,133.5,U,+113,
2026-01-23 17:09:11,"Connecticut Huskies vs Villanova Wildcats, 2026-01-24, 12",Connecticut Huskies,Villanova Wildcats,pinnacle,Total,,137.0,O,-102,
2026-01-23 17:09:11,"Connecticut Huskies vs Villanova Wildcats, 2026-01-24, 12",Connecticut Huskies,Villanova Wildcats,pinnacle,Total,,137.5,U,-134,
2026-01-23 17:09:11,"Connecticut Huskies vs Villanova Wildcats, 2026-01-24, 12",Connecticut Huskies,Villanova Wildcats,pinnacle,Total,,137.5,O,+103,
2026-01-23 17:09:11,"DePaul Blue Demons vs Seton Hall Pirates, 2026-01-24, 05",DePaul Blue Demons,Seton Hall Pirates,draftkings,Spread,Seton Hall Pirates,-2.5,,-110,https://sportsbook.draftkings.com/event/seton-hall-%40-depaul/33516992?outcomes=0HC83118233N250_3
2026-01-23 17:09:11,"DePaul Blue Demons vs Seton Hall Pirates, 2026-01-24, 05",DePaul Blue Demons,Seton Hall Pirates,draftkings,Spread,DePaul Blue Demons,2.5,,-110,https://sportsbook.draftkings.com/event/seton-hall-%40-depaul/33516992?outcomes=0HC83118233P250_1
2026-01-23 17:09:11,"DePaul Blue Demons vs Seton Hall Pirates, 2026-01-24, 05",DePaul Blue Demons,Seton Hall Pirates,draftkings,Total,,131.5,O,-110,https://sportsbook.draftkings.com/event/seton-hall-%40-depaul/33516992?outcomes=0OU83118233O13150_1
2026-01-23 17:09:11,"DePaul Blue Demons vs Seton Hall Pirates, 2026-01-24, 05",DePaul Blue Demons,Seton Hall Pirates,draftkings,Total,,131.5,U,-110,https://sportsbook.draftkings.com/event/seton-hall-%40-depaul/33516992?outcomes=0OU83118233U13150_3
2026-01-23 17:09:11,"Duke Blue Devils vs Wake Forest Demon Deacons, 2026-01-24, 12",Duke Blue Devils,Wake Forest Demon Deacons,pinnacle,Spread,Wake Forest Demon Deacons,16.5,,+114,
2026-01-23 17:09:11,"Duke Blue Devils vs Wake Forest Demon Deacons, 2026-01-24, 12",Duke Blue Devils,Wake Forest Demon Deacons,pinnacle,Spread,Duke Blue Devils,-17.0,,-129,
2026-01-23 17:09:11,"Duke Blue Devils vs Wake Forest Demon Deacons, 2026-01-24, 12",Duke Blue Devils,Wake Forest Demon Deacons,pinnacle,Spread,Wake Forest Demon Deacons,17.0,,+106,
2026-01-23 17:09:11,"Duke Blue Devils vs Wake Forest Demon Deacons, 2026-01-24, 12",Duke Blue Devils,Wake Forest Demon Deacons,pinnacle,Spread,Duke Blue Devils,-17.5,,-119,
2026-01-23 17:09:11,"Duke Blue Devils vs Wake Forest Demon Deacons, 2026-01-24, 12",Duke Blue Devils,Wake Forest Demon Deacons,pinnacle,Spread,Wake Forest Demon Deacons,17.5,,-102,
2026-01-23 17:09:11,"Duke Blue Devils vs Wake Forest Demon Deacons, 2026-01-24, 12",Duke Blue Devils,Wake Forest Demon Deacons,pinnacle,Spread,Duke Blue Devils,-18.0,,-109,
2026-01-23 17:09:11,"Duke Blue Devils vs Wake Forest Demon Deacons, 2026-01-24, 12",Duke Blue Devils,Wake Forest Demon Deacons,pinnacle,Spread,Wake Forest Demon Deacons,18.0,,-111,
2026-01-23 17:09:11,"Duke Blue Devils vs Wake Forest Demon Deacons, 2026-01-24, 12",Duke Blue Devils,Wake Forest Demon Deacons,pinnacle,Spread,Duke Blue Devils,-18.5,,-100,
2026-01-23 17:09:11,"Duke Blue Devils vs Wake Forest Demon Deacons, 2026-01-24, 12",Duke Blue Devils,Wake Forest Demon Deacons,pinnacle,Spread,Wake Forest Demon Deacons,18.5,,-121,
2026-01-23 17:09:11,"Duke Blue Devils vs Wake Forest Demon Deacons, 2026-01-24, 12",Duke Blue Devils,Wake Forest Demon Deacons,pinnacle,Spread,Duke Blue Devils,-19.0,,+108,
2026-01-23 17:09:11,"Duke Blue Devils vs Wake Forest Demon Deacons, 2026-01-24, 12",Duke Blue Devils,Wake Forest Demon Deacons,pinnacle,Spread,Wake Forest Demon Deacons,19.0,,-131,
2026-01-23 17:09:11,"Duke Blue Devils vs Wake Forest Demon Deacons, 2026-01-24, 12",Duke Blue Devils,Wake Forest Demon Deacons,pinnacle,Spread,Duke Blue Devils,-19.5,,+116,
2026-01-23 17:09:11,"Duke Blue Devils vs Wake Forest Demon Deacons, 2026-01-24, 12",Duke Blue Devils,Wake Forest Demon Deacons,pinnacle,Spread,Wake Forest Demon Deacons,19.5,,-141,
2026-01-23 17:09:11,"Duke Blue Devils vs Wake Forest Demon Deacons, 2026-01-24, 12",Duke Blue Devils,Wake Forest Demon Deacons,pinnacle,Spread,Duke Blue Devils,-20.0,,+124,
2026-01-23 17:09:11,"Duke Blue Devils vs Wake Forest Demon Deacons, 2026-01-24, 12",Duke Blue Devils,Wake Forest Demon Deacons,pinnacle,Spread,Wake Forest Demon Deacons,20.0,,-151,
2026-01-23 17:09:11,"Duke Blue Devils vs Wake Forest Demon Deacons, 2026-01-24, 12",Duke Blue Devils,Wake Forest Demon Deacons,pinnacle,Spread,Duke Blue Devils,-16.5,,-139,
2026-01-23 17:09:11,"Duke Blue Devils vs Wake Forest Demon Deacons, 2026-01-24, 12",Duke Blue Devils,Wake Forest Demon Deacons,pinnacle,Spread,Wake Forest Demon Deacons,16.0,,+122,
2026-01-23 17:09:11,"Duke Blue Devils vs Wake Forest Demon Deacons, 2026-01-24, 12",Duke Blue Devils,Wake Forest Demon Deacons,pinnacle,Spread,Duke Blue Devils,-16.0,,-149,
2026-01-23 17:09:11,"Duke Blue Devils vs Wake Forest Demon Deacons, 2026-01-24, 12",Duke Blue Devils,Wake Forest Demon Deacons,fanduel,Spread,Wake Forest Demon Deacons,17.5,,-102,https://sportsbook.fanduel.ca/addToBetslip?marketId=801.152222740&selectionId=352102
2026-01-23 17:09:11,"Duke Blue Devils vs Wake Forest Demon Deacons, 2026-01-24, 12",Duke Blue Devils,Wake Forest Demon Deacons,fanduel,Spread,Duke Blue Devils,-17.5,,-120,https://sportsbook.fanduel.ca/addToBetslip?marketId=801.152222740&selectionId=29829
2026-01-23 17:09:11,"Duke Blue Devils vs Wake Forest Demon Deacons, 2026-01-24, 12",Duke Blue Devils,Wake Forest Demon Deacons,draftkings,Spread,Wake Forest Demon Deacons,17.5,,-105,https://sportsbook.draftkings.com/event/wake-forest-%40-duke/33516277?outcomes=0HC83116661P1750_3
2026-01-23 17:09:11,"Duke Blue Devils vs Wake Forest Demon Deacons, 2026-01-24, 12",Duke Blue Devils,Wake Forest Demon Deacons,draftkings,Spread,Duke Blue Devils,-17.5,,-115,https://sportsbook.draftkings.com/event/wake-forest-%40-duke/33516277?outcomes=0HC83116661N1750_1
2026-01-23 17:09:11,"Duke Blue Devils vs Wake Forest Demon Deacons, 2026-01-24, 12",Duke Blue Devils,Wake Forest Demon Deacons,pinnacle,Total,,153.0,O,+112,
2026-01-23 17:09:11,"Duke Blue Devils vs Wake Forest Demon Deacons, 2026-01-24, 12",Duke Blue Devils,Wake Forest Demon Deacons,pinnacle,Total,,153.0,U,-142,
2026-01-23 17:09:11,"Duke Blue Devils vs Wake Forest Demon Deacons, 2026-01-24, 12",Duke Blue Devils,Wake Forest Demon Deacons,pinnacle,Total,,152.5,O,+107,
2026-01-23 17:09:11,"Duke Blue Devils vs Wake Forest Demon Deacons, 2026-01-24, 12",Duke Blue Devils,Wake Forest Demon Deacons,pinnacle,Total,,152.5,U,-135,
2026-01-23 17:09:11,"Duke Blue Devils vs Wake Forest Demon Deacons, 2026-01-24, 12",Duke Blue Devils,Wake Forest Demon Deacons,pinnacle,Total,,152.0,O,+102,
2026-01-23 17:09:11,"Duke Blue Devils vs Wake Forest Demon Deacons, 2026-01-24, 12",Duke Blue Devils,Wake Forest Demon Deacons,pinnacle,Total,,152.0,U,-128,
2026-01-23 17:09:11,"Duke Blue Devils vs Wake Forest Demon Deacons, 2026-01-24, 12",Duke Blue Devils,Wake Forest Demon Deacons,pinnacle,Total,,151.5,O,-104,
2026-01-23 17:09:11,"Duke Blue Devils vs Wake Forest Demon Deacons, 2026-01-24, 12",Duke Blue Devils,Wake Forest Demon Deacons,pinnacle,Total,,151.5,U,-121,
2026-01-23 17:09:11,"Duke Blue Devils vs Wake Forest Demon Deacons, 2026-01-24, 12",Duke Blue Devils,Wake Forest Demon Deacons,pinnacle,Total,,151.0,U,-114,
2026-01-23 17:09:11,"Duke Blue Devils vs Wake Forest Demon Deacons, 2026-01-24, 12",Duke Blue Devils,Wake Forest Demon Deacons,fanduel,Total,,150.5,O,-115,https://sportsbook.fanduel.ca/addToBetslip?marketId=801.152222739&selectionId=7017823
2026-01-23 17:09:11,"Duke Blue Devils vs Wake Forest Demon Deacons, 2026-01-24, 12",Duke Blue Devils,Wake Forest Demon Deacons,fanduel,Total,,150.5,U,-105,https://sportsbook.fanduel.ca/addToBetslip?marketId=801.152222739&selectionId=7017824
2026-01-23 17:09:11,"Duke Blue Devils vs Wake Forest Demon Deacons, 2026-01-24, 12",Duke Blue Devils,Wake Forest Demon Deacons,pinnacle,Total,,151.0,O,-110,
2026-01-23 17:09:11,"Duke Blue Devils vs Wake Forest Demon Deacons, 2026-01-24, 12",Duke Blue Devils,Wake Forest Demon Deacons,pinnacle,Total,,150.5,O,-117,
2026-01-23 17:09:11,"Duke Blue Devils vs Wake Forest Demon Deacons, 2026-01-24, 12",Duke Blue Devils,Wake Forest Demon Deacons,pinnacle,Total,,150.5,U,-108,
2026-01-23 17:09:11,"Duke Blue Devils vs Wake Forest Demon Deacons, 2026-01-24, 12",Duke Blue Devils,Wake Forest Demon Deacons,pinnacle,Total,,150.0,O,-124,
2026-01-23 17:09:11,"Duke Blue Devils vs Wake Forest Demon Deacons, 2026-01-24, 12",Duke Blue Devils,Wake Forest Demon Deacons,pinnacle,Total,,150.0,U,-102,
2026-01-23 17:09:11,"Duke Blue Devils vs Wake Forest Demon Deacons, 2026-01-24, 12",Duke Blue Devils,Wake Forest Demon Deacons,pinnacle,Total,,149.5,O,-130,
2026-01-23 17:09:11,"Duke Blue Devils vs Wake Forest Demon Deacons, 2026-01-24, 12",Duke Blue Devils,Wake Forest Demon Deacons,pinnacle,Total,,149.5,U,+104,
2026-01-23 17:09:11,"Duke Blue Devils vs Wake Forest Demon Deacons, 2026-01-24, 12",Duke Blue Devils,Wake Forest Demon Deacons,pinnacle,Total,,149.0,O,-138,
2026-01-23 17:09:11,"Duke Blue Devils vs Wake Forest Demon Deacons, 2026-01-24, 12",Duke Blue Devils,Wake Forest Demon Deacons,pinnacle,Total,,149.0,U,+109,
2026-01-23 17:09:11,"Duke Blue Devils vs Wake Forest Demon Deacons, 2026-01-24, 12",Duke Blue Devils,Wake Forest Demon Deacons,draftkings,Total,,150.5,U,-108,https://sportsbook.draftkings.com/event/wake-forest-%40-duke/33516277?outcomes=0OU83116661U15050_3
2026-01-23 17:09:11,"Duke Blue Devils vs Wake Forest Demon Deacons, 2026-01-24, 12",Duke Blue Devils,Wake Forest Demon Deacons,draftkings,Total,,150.5,O,-112,https://sportsbook.draftkings.com/event/wake-forest-%40-duke/33516277?outcomes=0OU83116661O15050_1
2026-01-23 17:09:11,"Florida Gators vs Auburn Tigers, 2026-01-24, 04",Florida Gators,Auburn Tigers,fanduel,Spread,Auburn Tigers,9.5,,-106,https://sportsbook.fanduel.ca/addToBetslip?marketId=801.152220923&selectionId=356182
2026-01-23 17:09:11,"Florida Gators vs Auburn Tigers, 2026-01-24, 04",Florida Gators,Auburn Tigers,fanduel,Spread,Florida Gators,-9.5,,-114,https://sportsbook.fanduel.ca/addToBetslip?marketId=801.152220923&selectionId=332192
2026-01-23 17:09:11,"Florida Gators vs Auburn Tigers, 2026-01-24, 04",Florida Gators,Auburn Tigers,pinnacle,Spread,Florida Gators,-7.5,,-164,
2026-01-23 17:09:11,"Florida Gators vs Auburn Tigers, 2026-01-24, 04",Florida Gators,Auburn Tigers,pinnacle,Spread,Auburn Tigers,7.5,,+128,
2026-01-23 17:09:11,"Florida Gators vs Auburn Tigers, 2026-01-24, 04",Florida Gators,Auburn Tigers,pinnacle,Spread,Florida Gators,-8.0,,-152,
2026-01-23 17:09:11,"Florida Gators vs Auburn Tigers, 2026-01-24, 04",Florida Gators,Auburn Tigers,pinnacle,Spread,Auburn Tigers,8.0,,+120,
2026-01-23 17:09:11,"Florida Gators vs Auburn Tigers, 2026-01-24, 04",Florida Gators,Auburn Tigers,pinnacle,Spread,Florida Gators,-8.5,,-141,
2026-01-23 17:09:11,"Florida Gators vs Auburn Tigers, 2026-01-24, 04",Florida Gators,Auburn Tigers,pinnacle,Spread,Auburn Tigers,8.5,,+112,
2026-01-23 17:09:11,"Florida Gators vs Auburn Tigers, 2026-01-24, 04",Florida Gators,Auburn Tigers,pinnacle,Spread,Florida Gators,-9.0,,-130,
2026-01-23 17:09:11,"Florida Gators vs Auburn Tigers, 2026-01-24, 04",Florida Gators,Auburn Tigers,pinnacle,Spread,Auburn Tigers,9.0,,+103,
2026-01-23 17:09:11,"Florida Gators vs Auburn Tigers, 2026-01-24, 04",Florida Gators,Auburn Tigers,pinnacle,Spread,Florida Gators,-9.5,,-117,
2026-01-23 17:09:11,"Florida Gators vs Auburn Tigers, 2026-01-24, 04",Florida Gators,Auburn Tigers,pinnacle,Spread,Auburn Tigers,9.5,,-103,
2026-01-23 17:09:11,"Florida Gators vs Auburn Tigers, 2026-01-24, 04",Florida Gators,Auburn Tigers,pinnacle,Spread,Florida Gators,-10.0,,-109,
2026-01-23 17:09:11,"Florida Gators vs Auburn Tigers, 2026-01-24, 04",Florida Gators,Auburn Tigers,pinnacle,Spread,Auburn Tigers,10.0,,-115,
2026-01-23 17:09:11,"Florida Gators vs Auburn Tigers, 2026-01-24, 04",Florida Gators,Auburn Tigers,pinnacle,Spread,Florida Gators,-10.5,,-101,
2026-01-23 17:09:11,"Florida Gators vs Auburn Tigers, 2026-01-24, 04",Florida Gators,Auburn Tigers,pinnacle,Spread,Auburn Tigers,10.5,,-124,
2026-01-23 17:09:11,"Florida Gators vs Auburn Tigers, 2026-01-24, 04",Florida Gators,Auburn Tigers,pinnacle,Spread,Florida Gators,-11.0,,+106,
2026-01-23 17:09:11,"Florida Gators vs Auburn Tigers, 2026-01-24, 04",Florida Gators,Auburn Tigers,pinnacle,Spread,Auburn Tigers,11.0,,-134,
2026-01-23 17:09:11,"Florida Gators vs Auburn Tigers, 2026-01-24, 04",Florida Gators,Auburn Tigers,pinnacle,Spread,Florida Gators,-11.5,,+113,
2026-01-23 17:09:11,"Florida Gators vs Auburn Tigers, 2026-01-24, 04",Florida Gators,Auburn Tigers,pinnacle,Spread,Auburn Tigers,11.5,,-143,
2026-01-23 17:09:11,"Florida Gators vs Auburn Tigers, 2026-01-24, 04",Florida Gators,Auburn Tigers,draftkings,Spread,Auburn Tigers,9.5,,-110,https://sportsbook.draftkings.com/event/auburn-%40-florida/33510332?outcomes=0HC83102757P950_3
2026-01-23 17:09:11,"Florida Gators vs Auburn Tigers, 2026-01-24, 04",Florida Gators,Auburn Tigers,draftkings,Spread,Florida Gators,-9.5,,-110,https://sportsbook.draftkings.com/event/auburn-%40-florida/33510332?outcomes=0HC83102757N950_1
2026-01-23 17:09:11,"Florida Gators vs Auburn Tigers, 2026-01-24, 04",Florida Gators,Auburn Tigers,fanduel,Total,,163.5,O,-115,https://sportsbook.fanduel.ca/addToBetslip?marketId=801.152220922&selectionId=7017823
2026-01-23 17:09:11,"Florida Gators vs Auburn Tigers, 2026-01-24, 04",Florida Gators,Auburn Tigers,fanduel,Total,,163.5,U,-105,https://sportsbook.fanduel.ca/addToBetslip?marketId=801.152220922&selectionId=7017824
2026-01-23 17:09:11,"Florida Gators vs Auburn Tigers, 2026-01-24, 04",Florida Gators,Auburn Tigers,pinnacle,Total,,166.0,O,+112,
2026-01-23 17:09:11,"Florida Gators vs Auburn Tigers, 2026-01-24, 04",Florida Gators,Auburn Tigers,pinnacle,Total,,166.0,U,-147,
2026-01-23 17:09:11,"Florida Gators vs Auburn Tigers, 2026-01-24, 04",Florida Gators,Auburn Tigers,pinnacle,Total,,165.5,O,+106,
2026-01-23 17:09:11,"Florida Gators vs Auburn Tigers, 2026-01-24, 04",Florida Gators,Auburn Tigers,pinnacle,Total,,165.5,U,-139,
2026-01-23 17:09:11,"Florida Gators vs Auburn Tigers, 2026-01-24, 04",Florida Gators,Auburn Tigers,pinnacle,Total,,165.0,O,+102,
2026-01-23 17:09:11,"Florida Gators vs Auburn Tigers, 2026-01-24, 04",Florida Gators,Auburn Tigers,pinnacle,Total,,165.0,U,-132,
2026-01-23 17:09:11,"Florida Gators vs Auburn Tigers, 2026-01-24, 04",Florida Gators,Auburn Tigers,pinnacle,Total,,164.5,O,-104,
2026-01-23 17:09:11,"Florida Gators vs Auburn Tigers, 2026-01-24, 04",Florida Gators,Auburn Tigers,pinnacle,Total,,164.5,U,-125,
2026-01-23 17:09:11,"Florida Gators vs Auburn Tigers, 2026-01-24, 04",Florida Gators,Auburn Tigers,pinnacle,Total,,164.0,O,-108,
2026-01-23 17:09:11,"Florida Gators vs Auburn Tigers, 2026-01-24, 04",Florida Gators,Auburn Tigers,pinnacle,Total,,164.0,U,-116,
2026-01-23 17:09:11,"Florida Gators vs Auburn Tigers, 2026-01-24, 04",Florida Gators,Auburn Tigers,pinnacle,Total,,163.5,O,-117,
2026-01-23 17:09:11,"Florida Gators vs Auburn Tigers, 2026-01-24, 04",Florida Gators,Auburn Tigers,pinnacle,Total,,163.5,U,-111,
2026-01-23 17:09:11,"Florida Gators vs Auburn Tigers, 2026-01-24, 04",Florida Gators,Auburn Tigers,pinnacle,Total,,163.0,O,-124,
2026-01-23 17:09:11,"Florida Gators vs Auburn Tigers, 2026-01-24, 04",Florida Gators,Auburn Tigers,pinnacle,Total,,163.0,U,-105,
2026-01-23 17:09:11,"Florida Gators vs Auburn Tigers, 2026-01-24, 04",Florida Gators,Auburn Tigers,pinnacle,Total,,162.5,O,-130,
2026-01-23 17:09:11,"Florida Gators vs Auburn Tigers, 2026-01-24, 04",Florida Gators,Auburn Tigers,pinnacle,Total,,162.0,O,-138,
2026-01-23 17:09:11,"Florida Gators vs Auburn Tigers, 2026-01-24, 04",Florida Gators,Auburn Tigers,pinnacle,Total,,162.0,U,+106,
2026-01-23 17:09:11,"Florida Gators vs Auburn Tigers, 2026-01-24, 04",Florida Gators,Auburn Tigers,pinnacle,Total,,162.5,U,+100,
2026-01-23 17:09:11,"Florida Gators vs Auburn Tigers, 2026-01-24, 04",Florida Gators,Auburn Tigers,draftkings,Total,,163.5,O,-105,https://sportsbook.draftkings.com/event/auburn-%40-florida/33510332?outcomes=0OU83102757O16350_1
2026-01-23 17:09:11,"Florida Gators vs Auburn Tigers, 2026-01-24, 04",Florida Gators,Auburn Tigers,draftkings,Total,,163.5,U,-115,https://sportsbook.draftkings.com/event/auburn-%40-florida/33510332?outcomes=0OU83102757U16350_3
2026-01-23 17:09:11,"Gardner Webb Runnin' Bulldogs vs South Carolina Upstate Spartans, 2026-01-23, 07",Gardner Webb Runnin' Bulldogs,South Carolina Upstate Spartans,pinnacle,Spread,South Carolina Upstate Spartans,-11.5,,-103,
2026-01-23 17:09:11,"Gardner Webb Runnin' Bulldogs vs South Carolina Upstate Spartans, 2026-01-23, 07",Gardner Webb Runnin' Bulldogs,South Carolina Upstate Spartans,pinnacle,Spread,Gardner Webb Runnin' Bulldogs,11.0,,-109,
2026-01-23 17:09:11,"Gardner Webb Runnin' Bulldogs vs South Carolina Upstate Spartans, 2026-01-23, 07",Gardner Webb Runnin' Bulldogs,South Carolina Upstate Spartans,pinnacle,Spread,South Carolina Upstate Spartans,-11.0,,-111,
2026-01-23 17:09:11,"Gardner Webb Runnin' Bulldogs vs South Carolina Upstate Spartans, 2026-01-23, 07",Gardner Webb Runnin' Bulldogs,South Carolina Upstate Spartans,pinnacle,Spread,Gardner Webb Runnin' Bulldogs,10.5,,-102,
2026-01-23 17:09:11,"Gardner Webb Runnin' Bulldogs vs South Carolina Upstate Spartans, 2026-01-23, 07",Gardner Webb Runnin' Bulldogs,South Carolina Upstate Spartans,pinnacle,Spread,South Carolina Upstate Spartans,-10.5,,-123,
2026-01-23 17:09:11,"Gardner Webb Runnin' Bulldogs vs South Carolina Upstate Spartans, 2026-01-23, 07",Gardner Webb Runnin' Bulldogs,South Carolina Upstate Spartans,pinnacle,Spread,Gardner Webb Runnin' Bulldogs,10.0,,+106,
2026-01-23 17:09:11,"Gardner Webb Runnin' Bulldogs vs South Carolina Upstate Spartans, 2026-01-23, 07",Gardner Webb Runnin' Bulldogs,South Carolina Upstate Spartans,pinnacle,Spread,South Carolina Upstate Spartans,-10.0,,-133,
2026-01-23 17:09:11,"Gardner Webb Runnin' Bulldogs vs South Carolina Upstate Spartans, 2026-01-23, 07",Gardner Webb Runnin' Bulldogs,South Carolina Upstate Spartans,pinnacle,Spread,Gardner Webb Runnin' Bulldogs,9.5,,+114,
2026-01-23 17:09:11,"Gardner Webb Runnin' Bulldogs vs South Carolina Upstate Spartans, 2026-01-23, 07",Gardner Webb Runnin' Bulldogs,South Carolina Upstate Spartans,pinnacle,Spread,South Carolina Upstate Spartans,-9.5,,-143,
2026-01-23 17:09:11,"Gardner Webb Runnin' Bulldogs vs South Carolina Upstate Spartans, 2026-01-23, 07",Gardner Webb Runnin' Bulldogs,South Carolina Upstate Spartans,pinnacle,Spread,Gardner Webb Runnin' Bulldogs,9.0,,+121,
2026-01-23 17:09:11,"Gardner Webb Runnin' Bulldogs vs South Carolina Upstate Spartans, 2026-01-23, 07",Gardner Webb Runnin' Bulldogs,South Carolina Upstate Spartans,pinnacle,Spread,South Carolina Upstate Spartans,-9.0,,-154,
2026-01-23 17:09:11,"Gardner Webb Runnin' Bulldogs vs South Carolina Upstate Spartans, 2026-01-23, 07",Gardner Webb Runnin' Bulldogs,South Carolina Upstate Spartans,pinnacle,Spread,Gardner Webb Runnin' Bulldogs,11.5,,-121,
2026-01-23 17:09:11,"Gardner Webb Runnin' Bulldogs vs South Carolina Upstate Spartans, 2026-01-23, 07",Gardner Webb Runnin' Bulldogs,South Carolina Upstate Spartans,pinnacle,Spread,South Carolina Upstate Spartans,-12.0,,+105,
2026-01-23 17:09:11,"Gardner Webb Runnin' Bulldogs vs South Carolina Upstate Spartans, 2026-01-23, 07",Gardner Webb Runnin' Bulldogs,South Carolina Upstate Spartans,pinnacle,Spread,Gardner Webb Runnin' Bulldogs,12.0,,-132,
2026-01-23 17:09:11,"Gardner Webb Runnin' Bulldogs vs South Carolina Upstate Spartans, 2026-01-23, 07",Gardner Webb Runnin' Bulldogs,South Carolina Upstate Spartans,pinnacle,Spread,South Carolina Upstate Spartans,-12.5,,+112,
2026-01-23 17:09:11,"Gardner Webb Runnin' Bulldogs vs South Carolina Upstate Spartans, 2026-01-23, 07",Gardner Webb Runnin' Bulldogs,South Carolina Upstate Spartans,pinnacle,Spread,Gardner Webb Runnin' Bulldogs,13.0,,-152,
2026-01-23 17:09:11,"Gardner Webb Runnin' Bulldogs vs South Carolina Upstate Spartans, 2026-01-23, 07",Gardner Webb Runnin' Bulldogs,South Carolina Upstate Spartans,pinnacle,Spread,South Carolina Upstate Spartans,-13.0,,+120,
2026-01-23 17:09:11,"Gardner Webb Runnin' Bulldogs vs South Carolina Upstate Spartans, 2026-01-23, 07",Gardner Webb Runnin' Bulldogs,South Carolina Upstate Spartans,pinnacle,Spread,Gardner Webb Runnin' Bulldogs,12.5,,-142,
2026-01-23 17:09:11,"Gardner Webb Runnin' Bulldogs vs South Carolina Upstate Spartans, 2026-01-23, 07",Gardner Webb Runnin' Bulldogs,South Carolina Upstate Spartans,betonline,Spread,Gardner Webb Runnin' Bulldogs,11.0,,-112,
2026-01-23 17:09:11,"Gardner Webb Runnin' Bulldogs vs South Carolina Upstate Spartans, 2026-01-23, 07",Gardner Webb Runnin' Bulldogs,South Carolina Upstate Spartans,betonline,Spread,South Carolina Upstate Spartans,-11.0,,-108,
2026-01-23 17:09:11,"Gardner Webb Runnin' Bulldogs vs South Carolina Upstate Spartans, 2026-01-23, 07",Gardner Webb Runnin' Bulldogs,South Carolina Upstate Spartans,draftkings,Spread,South Carolina Upstate Spartans,-11.5,,-105,https://sportsbook.draftkings.com/event/usc-upstate-%40-gardner-webb/33513153?outcomes=0HC83109935N1150_3
2026-01-23 17:09:11,"Gardner Webb Runnin' Bulldogs vs South Carolina Upstate Spartans, 2026-01-23, 07",Gardner Webb Runnin' Bulldogs,South Carolina Upstate Spartans,draftkings,Spread,Gardner Webb Runnin' Bulldogs,11.5,,-115,https://sportsbook.draftkings.com/event/usc-upstate-%40-gardner-webb/33513153?outcomes=0HC83109935P1150_1
2026-01-23 17:09:11,"Gardner Webb Runnin' Bulldogs vs South Carolina Upstate Spartans, 2026-01-23, 07",Gardner Webb Runnin' Bulldogs,South Carolina Upstate Spartans,pinnacle,Total,,154.5,O,+107,
2026-01-23 17:09:11,"Gardner Webb Runnin' Bulldogs vs South Carolina Upstate Spartans, 2026-01-23, 07",Gardner Webb Runnin' Bulldogs,South Carolina Upstate Spartans,pinnacle,Total,,154.5,U,-140,
2026-01-23 17:09:11,"Gardner Webb Runnin' Bulldogs vs South Carolina Upstate Spartans, 2026-01-23, 07",Gardner Webb Runnin' Bulldogs,South Carolina Upstate Spartans,pinnacle,Total,,154.0,O,+103,
2026-01-23 17:09:11,"Gardner Webb Runnin' Bulldogs vs South Carolina Upstate Spartans, 2026-01-23, 07",Gardner Webb Runnin' Bulldogs,South Carolina Upstate Spartans,pinnacle,Total,,154.0,U,-134,
2026-01-23 17:09:11,"Gardner Webb Runnin' Bulldogs vs South Carolina Upstate Spartans, 2026-01-23, 07",Gardner Webb Runnin' Bulldogs,South Carolina Upstate Spartans,pinnacle,Total,,153.5,O,-103,
2026-01-23 17:09:11,"Gardner Webb Runnin' Bulldogs vs South Carolina Upstate Spartans, 2026-01-23, 07",Gardner Webb Runnin' Bulldogs,South Carolina Upstate Spartans,pinnacle,Total,,153.5,U,-127,
2026-01-23 17:09:11,"Gardner Webb Runnin' Bulldogs vs South Carolina Upstate Spartans, 2026-01-23, 07",Gardner Webb Runnin' Bulldogs,South Carolina Upstate Spartans,pinnacle,Total,,153.0,O,-109,
2026-01-23 17:09:11,"Gardner Webb Runnin' Bulldogs vs South Carolina Upstate Spartans, 2026-01-23, 07",Gardner Webb Runnin' Bulldogs,South Carolina Upstate Spartans,pinnacle,Total,,153.0,U,-120,
2026-01-23 17:09:11,"Gardner Webb Runnin' Bulldogs vs South Carolina Upstate Spartans, 2026-01-23, 07",Gardner Webb Runnin' Bulldogs,South Carolina Upstate Spartans,pinnacle,Total,,152.5,O,-113,
2026-01-23 17:09:11,"Gardner Webb Runnin' Bulldogs vs South Carolina Upstate Spartans, 2026-01-23, 07",Gardner Webb Runnin' Bulldogs,South Carolina Upstate Spartans,pinnacle,Total,,152.5,U,-111,
2026-01-23 17:09:11,"Gardner Webb Runnin' Bulldogs vs South Carolina Upstate Spartans, 2026-01-23, 07",Gardner Webb Runnin' Bulldogs,South Carolina Upstate Spartans,pinnacle,Total,,152.0,O,-122,
2026-01-23 17:09:11,"Gardner Webb Runnin' Bulldogs vs South Carolina Upstate Spartans, 2026-01-23, 07",Gardner Webb Runnin' Bulldogs,South Carolina Upstate Spartans,pinnacle,Total,,152.0,U,-107,
2026-01-23 17:09:11,"Gardner Webb Runnin' Bulldogs vs South Carolina Upstate Spartans, 2026-01-23, 07",Gardner Webb Runnin' Bulldogs,South Carolina Upstate Spartans,pinnacle,Total,,151.5,O,-129,
2026-01-23 17:09:11,"Gardner Webb Runnin' Bulldogs vs South Carolina Upstate Spartans, 2026-01-23, 07",Gardner Webb Runnin' Bulldogs,South Carolina Upstate Spartans,pinnacle,Total,,151.5,U,-101,
2026-01-23 17:09:11,"Gardner Webb Runnin' Bulldogs vs South Carolina Upstate Spartans, 2026-01-23, 07",Gardner Webb Runnin' Bulldogs,South Carolina Upstate Spartans,pinnacle,Total,,151.0,O,-136,
2026-01-23 17:09:11,"Gardner Webb Runnin' Bulldogs vs South Carolina Upstate Spartans, 2026-01-23, 07",Gardner Webb Runnin' Bulldogs,South Carolina Upstate Spartans,pinnacle,Total,,151.0,U,+105,
2026-01-23 17:09:11,"Gardner Webb Runnin' Bulldogs vs South Carolina Upstate Spartans, 2026-01-23, 07",Gardner Webb Runnin' Bulldogs,South Carolina Upstate Spartans,pinnacle,Total,,150.5,O,-143,
2026-01-23 17:09:11,"Gardner Webb Runnin' Bulldogs vs South Carolina Upstate Spartans, 2026-01-23, 07",Gardner Webb Runnin' Bulldogs,South Carolina Upstate Spartans,pinnacle,Total,,150.5,U,+109,
2026-01-23 17:09:11,"Gardner Webb Runnin' Bulldogs vs South Carolina Upstate Spartans, 2026-01-23, 07",Gardner Webb Runnin' Bulldogs,South Carolina Upstate Spartans,betonline,Total,,152.5,O,-110,
2026-01-23 17:09:11,"Gardner Webb Runnin' Bulldogs vs South Carolina Upstate Spartans, 2026-01-23, 07",Gardner Webb Runnin' Bulldogs,South Carolina Upstate Spartans,betonline,Total,,152.5,U,-110,
2026-01-23 17:09:11,"Gardner Webb Runnin' Bulldogs vs South Carolina Upstate Spartans, 2026-01-23, 07",Gardner Webb Runnin' Bulldogs,South Carolina Upstate Spartans,draftkings,Total,,152.5,O,-115,https://sportsbook.draftkings.com/event/usc-upstate-%40-gardner-webb/33513153?outcomes=0OU83109935O15250_1
2026-01-23 17:09:11,"Gardner Webb Runnin' Bulldogs vs South Carolina Upstate Spartans, 2026-01-23, 07",Gardner Webb Runnin' Bulldogs,South Carolina Upstate Spartans,draftkings,Total,,152.5,U,-105,https://sportsbook.draftkings.com/event/usc-upstate-%40-gardner-webb/33513153?outcomes=0OU83109935U15250_3
2026-01-23 17:09:11,"Georgia Yellow Jackets vs Clemson Tigers, 2026-01-24, 12",Georgia Yellow Jackets,Clemson Tigers,pinnacle,Spread,Georgia Yellow Jackets,7.0,,-106,
2026-01-23 17:09:11,"Georgia Yellow Jackets vs Clemson Tigers, 2026-01-24, 12",Georgia Yellow Jackets,Clemson Tigers,pinnacle,Spread,Clemson Tigers,-7.0,,-118,
2026-01-23 17:09:11,"Georgia Yellow Jackets vs Clemson Tigers, 2026-01-24, 12",Georgia Yellow Jackets,Clemson Tigers,pinnacle,Spread,Georgia Yellow Jackets,6.5,,+102,
2026-01-23 17:09:11,"Georgia Yellow Jackets vs Clemson Tigers, 2026-01-24, 12",Georgia Yellow Jackets,Clemson Tigers,pinnacle,Spread,Clemson Tigers,-6.5,,-128,
2026-01-23 17:09:11,"Georgia Yellow Jackets vs Clemson Tigers, 2026-01-24, 12",Georgia Yellow Jackets,Clemson Tigers,pinnacle,Spread,Georgia Yellow Jackets,6.0,,+109,
2026-01-23 17:09:11,"Georgia Yellow Jackets vs Clemson Tigers, 2026-01-24, 12",Georgia Yellow Jackets,Clemson Tigers,pinnacle,Spread,Clemson Tigers,-6.0,,-138,
2026-01-23 17:09:11,"Georgia Yellow Jackets vs Clemson Tigers, 2026-01-24, 12",Georgia Yellow Jackets,Clemson Tigers,pinnacle,Spread,Georgia Yellow Jackets,5.5,,+117,
2026-01-23 17:09:11,"Georgia Yellow Jackets vs Clemson Tigers, 2026-01-24, 12",Georgia Yellow Jackets,Clemson Tigers,pinnacle,Spread,Clemson Tigers,-5.5,,-148,
2026-01-23 17:09:11,"Georgia Yellow Jackets vs Clemson Tigers, 2026-01-24, 12",Georgia Yellow Jackets,Clemson Tigers,pinnacle,Spread,Clemson Tigers,-7.5,,-106,
2026-01-23 17:09:11,"Georgia Yellow Jackets vs Clemson Tigers, 2026-01-24, 12",Georgia Yellow Jackets,Clemson Tigers,pinnacle,Spread,Georgia Yellow Jackets,7.5,,-114,
2026-01-23 17:09:11,"Georgia Yellow Jackets vs Clemson Tigers, 2026-01-24, 12",Georgia Yellow Jackets,Clemson Tigers,pinnacle,Spread,Clemson Tigers,-8.0,,+100,
2026-01-23 17:09:11,"Georgia Yellow Jackets vs Clemson Tigers, 2026-01-24, 12",Georgia Yellow Jackets,Clemson Tigers,pinnacle,Spread,Georgia Yellow Jackets,8.0,,-126,
2026-01-23 17:09:11,"Georgia Yellow Jackets vs Clemson Tigers, 2026-01-24, 12",Georgia Yellow Jackets,Clemson Tigers,pinnacle,Spread,Georgia Yellow Jackets,9.5,,-158,
2026-01-23 17:09:11,"Georgia Yellow Jackets vs Clemson Tigers, 2026-01-24, 12",Georgia Yellow Jackets,Clemson Tigers,pinnacle,Spread,Clemson Tigers,-9.5,,+125,
2026-01-23 17:09:11,"Georgia Yellow Jackets vs Clemson Tigers, 2026-01-24, 12",Georgia Yellow Jackets,Clemson Tigers,pinnacle,Spread,Georgia Yellow Jackets,9.0,,-148,
2026-01-23 17:09:11,"Georgia Yellow Jackets vs Clemson Tigers, 2026-01-24, 12",Georgia Yellow Jackets,Clemson Tigers,pinnacle,Spread,Clemson Tigers,-9.0,,+117,
2026-01-23 17:09:11,"Georgia Yellow Jackets vs Clemson Tigers, 2026-01-24, 12",Georgia Yellow Jackets,Clemson Tigers,pinnacle,Spread,Georgia Yellow Jackets,8.5,,-137,
2026-01-23 17:09:11,"Georgia Yellow Jackets vs Clemson Tigers, 2026-01-24, 12",Georgia Yellow Jackets,Clemson Tigers,pinnacle,Spread,Clemson Tigers,-8.5,,+109,
2026-01-23 17:09:11,"Georgia Yellow Jackets vs Clemson Tigers, 2026-01-24, 12",Georgia Yellow Jackets,Clemson Tigers,betonline,Spread,Georgia Yellow Jackets,7.5,,-110,
2026-01-23 17:09:11,"Georgia Yellow Jackets vs Clemson Tigers, 2026-01-24, 12",Georgia Yellow Jackets,Clemson Tigers,betonline,Spread,Clemson Tigers,-7.5,,-110,
2026-01-23 17:09:11,"Georgia Yellow Jackets vs Clemson Tigers, 2026-01-24, 12",Georgia Yellow Jackets,Clemson Tigers,fanduel,Spread,Georgia Yellow Jackets,7.5,,-110,https://sportsbook.fanduel.ca/addToBetslip?marketId=801.152222510&selectionId=690519
2026-01-23 17:09:11,"Georgia Yellow Jackets vs Clemson Tigers, 2026-01-24, 12",Georgia Yellow Jackets,Clemson Tigers,fanduel,Spread,Clemson Tigers,-7.5,,-110,https://sportsbook.fanduel.ca/addToBetslip?marketId=801.152222510&selectionId=671869
2026-01-23 17:09:11,"Georgia Yellow Jackets vs Clemson Tigers, 2026-01-24, 12",Georgia Yellow Jackets,Clemson Tigers,draftkings,Spread,Georgia Yellow Jackets,7.5,,-112,https://sportsbook.draftkings.com/event/clemson-%40-georgia-tech/33516268?outcomes=0HC83116635P750_1
2026-01-23 17:09:11,"Georgia Yellow Jackets vs Clemson Tigers, 2026-01-24, 12",Georgia Yellow Jackets,Clemson Tigers,draftkings,Spread,Clemson Tigers,-7.5,,-108,https://sportsbook.draftkings.com/event/clemson-%40-georgia-tech/33516268?outcomes=0HC83116635N750_3
2026-01-23 17:09:11,"Georgia Yellow Jackets vs Clemson Tigers, 2026-01-24, 12",Georgia Yellow Jackets,Clemson Tigers,pinnacle,Total,,142.0,U,+107,
2026-01-23 17:09:11,"Georgia Yellow Jackets vs Clemson Tigers, 2026-01-24, 12",Georgia Yellow Jackets,Clemson Tigers,pinnacle,Total,,142.0,O,-140,
2026-01-23 17:09:11,"Georgia Yellow Jackets vs Clemson Tigers, 2026-01-24, 12",Georgia Yellow Jackets,Clemson Tigers,pinnacle,Total,,142.5,U,+102,
2026-01-23 17:09:11,"Georgia Yellow Jackets vs Clemson Tigers, 2026-01-24, 12",Georgia Yellow Jackets,Clemson Tigers,pinnacle,Total,,142.5,O,-133,
2026-01-23 17:09:11,"Georgia Yellow Jackets vs Clemson Tigers, 2026-01-24, 12",Georgia Yellow Jackets,Clemson Tigers,pinnacle,Total,,143.0,U,-102,
2026-01-23 17:09:11,"Georgia Yellow Jackets vs Clemson Tigers, 2026-01-24, 12",Georgia Yellow Jackets,Clemson Tigers,pinnacle,Total,,146.0,O,+111,
2026-01-23 17:09:11,"Georgia Yellow Jackets vs Clemson Tigers, 2026-01-24, 12",Georgia Yellow Jackets,Clemson Tigers,pinnacle,Total,,146.0,U,-145,
2026-01-23 17:09:11,"Georgia Yellow Jackets vs Clemson Tigers, 2026-01-24, 12",Georgia Yellow Jackets,Clemson Tigers,pinnacle,Total,,145.5,O,+105,
2026-01-23 17:09:11,"Georgia Yellow Jackets vs Clemson Tigers, 2026-01-24, 12",Georgia Yellow Jackets,Clemson Tigers,pinnacle,Total,,145.5,U,-137,
2026-01-23 17:09:11,"Georgia Yellow Jackets vs Clemson Tigers, 2026-01-24, 12",Georgia Yellow Jackets,Clemson Tigers,pinnacle,Total,,145.0,O,-101,
2026-01-23 17:09:11,"Georgia Yellow Jackets vs Clemson Tigers, 2026-01-24, 12",Georgia Yellow Jackets,Clemson Tigers,pinnacle,Total,,145.0,U,-129,
2026-01-23 17:09:11,"Georgia Yellow Jackets vs Clemson Tigers, 2026-01-24, 12",Georgia Yellow Jackets,Clemson Tigers,pinnacle,Total,,144.5,O,-108,
2026-01-23 17:09:11,"Georgia Yellow Jackets vs Clemson Tigers, 2026-01-24, 12",Georgia Yellow Jackets,Clemson Tigers,pinnacle,Total,,144.5,U,-121,
2026-01-23 17:09:11,"Georgia Yellow Jackets vs Clemson Tigers, 2026-01-24, 12",Georgia Yellow Jackets,Clemson Tigers,pinnacle,Total,,144.0,O,-112,
2026-01-23 17:09:11,"Georgia Yellow Jackets vs Clemson Tigers, 2026-01-24, 12",Georgia Yellow Jackets,Clemson Tigers,pinnacle,Total,,144.0,U,-112,
2026-01-23 17:09:11,"Georgia Yellow Jackets vs Clemson Tigers, 2026-01-24, 12",Georgia Yellow Jackets,Clemson Tigers,pinnacle,Total,,143.5,O,-121,
2026-01-23 17:09:11,"Georgia Yellow Jackets vs Clemson Tigers, 2026-01-24, 12",Georgia Yellow Jackets,Clemson Tigers,pinnacle,Total,,143.5,U,-108,
2026-01-23 17:09:11,"Georgia Yellow Jackets vs Clemson Tigers, 2026-01-24, 12",Georgia Yellow Jackets,Clemson Tigers,pinnacle,Total,,143.0,O,-127,
2026-01-23 17:09:11,"Georgia Yellow Jackets vs Clemson Tigers, 2026-01-24, 12",Georgia Yellow Jackets,Clemson Tigers,betonline,Total,,145.0,U,-115,
2026-01-23 17:09:11,"Georgia Yellow Jackets vs Clemson Tigers, 2026-01-24, 12",Georgia Yellow Jackets,Clemson Tigers,betonline,Total,,145.0,O,-105,
2026-01-23 17:09:11,"Georgia Yellow Jackets vs Clemson Tigers, 2026-01-24, 12",Georgia Yellow Jackets,Clemson Tigers,fanduel,Total,,145.5,O,-110,https://sportsbook.fanduel.ca/addToBetslip?marketId=801.152222509&selectionId=7017823
2026-01-23 17:09:11,"Georgia Yellow Jackets vs Clemson Tigers, 2026-01-24, 12",Georgia Yellow Jackets,Clemson Tigers,fanduel,Total,,145.5,U,-110,https://sportsbook.fanduel.ca/addToBetslip?marketId=801.152222509&selectionId=7017824
2026-01-23 17:09:11,"Georgia Yellow Jackets vs Clemson Tigers, 2026-01-24, 12",Georgia Yellow Jackets,Clemson Tigers,draftkings,Total,,145.5,O,-105,https://sportsbook.draftkings.com/event/clemson-%40-georgia-tech/33516268?outcomes=0OU83116635O14550_1
2026-01-23 17:09:11,"Georgia Yellow Jackets vs Clemson Tigers, 2026-01-24, 12",Georgia Yellow Jackets,Clemson Tigers,draftkings,Total,,145.5,U,-115,https://sportsbook.draftkings.com/event/clemson-%40-georgia-tech/33516268?outcomes=0OU83116635U14550_3
2026-01-23 17:09:11,"Gonzaga Bulldogs vs San Francisco Dons, 2026-01-24, 08",Gonzaga Bulldogs,San Francisco Dons,draftkings,Spread,Gonzaga Bulldogs,-18.5,,-110,https://sportsbook.draftkings.com/event/san-francisco-%40-gonzaga/33516279?outcomes=0HC83116663N1850_1
2026-01-23 17:09:11,"Gonzaga Bulldogs vs San Francisco Dons, 2026-01-24, 08",Gonzaga Bulldogs,San Francisco Dons,draftkings,Spread,San Francisco Dons,18.5,,-110,https://sportsbook.draftkings.com/event/san-francisco-%40-gonzaga/33516279?outcomes=0HC83116663P1850_3
2026-01-23 17:09:11,"Gonzaga Bulldogs vs San Francisco Dons, 2026-01-24, 08",Gonzaga Bulldogs,San Francisco Dons,draftkings,Total,,150.5,O,-110,https://sportsbook.draftkings.com/event/san-francisco-%40-gonzaga/33516279?outcomes=0OU83116663O15050_1
2026-01-23 17:09:11,"Gonzaga Bulldogs vs San Francisco Dons, 2026-01-24, 08",Gonzaga Bulldogs,San Francisco Dons,draftkings,Total,,150.5,U,-110,https://sportsbook.draftkings.com/event/san-francisco-%40-gonzaga/33516279?outcomes=0OU83116663U15050_3
2026-01-23 17:09:11,"Jacksonville State Gamecocks vs Tennessee Blue Raiders, 2026-01-23, 07",Jacksonville State Gamecocks,Tennessee Blue Raiders,pinnacle,Spread,Jacksonville State Gamecocks,1.5,,-106,
2026-01-23 17:09:11,"Jacksonville State Gamecocks vs Tennessee Blue Raiders, 2026-01-23, 07",Jacksonville State Gamecocks,Tennessee Blue Raiders,pinnacle,Spread,Tennessee Blue Raiders,-1.5,,-114,
2026-01-23 17:09:11,"Jacksonville State Gamecocks vs Tennessee Blue Raiders, 2026-01-23, 07",Jacksonville State Gamecocks,Tennessee Blue Raiders,pinnacle,Spread,Jacksonville State Gamecocks,1.0,,+100,
2026-01-23 17:09:11,"Jacksonville State Gamecocks vs Tennessee Blue Raiders, 2026-01-23, 07",Jacksonville State Gamecocks,Tennessee Blue Raiders,pinnacle,Spread,Tennessee Blue Raiders,-1.0,,-122,
2026-01-23 17:09:11,"Jacksonville State Gamecocks vs Tennessee Blue Raiders, 2026-01-23, 07",Jacksonville State Gamecocks,Tennessee Blue Raiders,pinnacle,Spread,Jacksonville State Gamecocks,-1.0,,+112,
2026-01-23 17:09:11,"Jacksonville State Gamecocks vs Tennessee Blue Raiders, 2026-01-23, 07",Jacksonville State Gamecocks,Tennessee Blue Raiders,pinnacle,Spread,Tennessee Blue Raiders,1.0,,-136,
2026-01-23 17:09:11,"Jacksonville State Gamecocks vs Tennessee Blue Raiders, 2026-01-23, 07",Jacksonville State Gamecocks,Tennessee Blue Raiders,pinnacle,Spread,Jacksonville State Gamecocks,-1.5,,+118,
2026-01-23 17:09:11,"Jacksonville State Gamecocks vs Tennessee Blue Raiders, 2026-01-23, 07",Jacksonville State Gamecocks,Tennessee Blue Raiders,pinnacle,Spread,Tennessee Blue Raiders,1.5,,-143,
2026-01-23 17:09:11,"Jacksonville State Gamecocks vs Tennessee Blue Raiders, 2026-01-23, 07",Jacksonville State Gamecocks,Tennessee Blue Raiders,pinnacle,Spread,Tennessee Blue Raiders,-2.0,,-101,
2026-01-23 17:09:11,"Jacksonville State Gamecocks vs Tennessee Blue Raiders, 2026-01-23, 07",Jacksonville State Gamecocks,Tennessee Blue Raiders,betonline,Spread,Jacksonville State Gamecocks,1.5,,-110,
2026-01-23 17:09:11,"Jacksonville State Gamecocks vs Tennessee Blue Raiders, 2026-01-23, 07",Jacksonville State Gamecocks,Tennessee Blue Raiders,betonline,Spread,Tennessee Blue Raiders,-1.5,,-110,
2026-01-23 17:09:11,"Jacksonville State Gamecocks vs Tennessee Blue Raiders, 2026-01-23, 07",Jacksonville State Gamecocks,Tennessee Blue Raiders,pinnacle,Spread,Jacksonville State Gamecocks,2.0,,-115,
2026-01-23 17:09:11,"Jacksonville State Gamecocks vs Tennessee Blue Raiders, 2026-01-23, 07",Jacksonville State Gamecocks,Tennessee Blue Raiders,pinnacle,Spread,Tennessee Blue Raiders,-2.5,,+108,
2026-01-23 17:09:11,"Jacksonville State Gamecocks vs Tennessee Blue Raiders, 2026-01-23, 07",Jacksonville State Gamecocks,Tennessee Blue Raiders,pinnacle,Spread,Jacksonville State Gamecocks,2.5,,-131,
2026-01-23 17:09:11,"Jacksonville State Gamecocks vs Tennessee Blue Raiders, 2026-01-23, 07",Jacksonville State Gamecocks,Tennessee Blue Raiders,draftkings,Spread,Jacksonville State Gamecocks,-3.5,,+154,https://sportsbook.draftkings.com/event/middle-tennessee-%40-jacksonville-state/33511824?outcomes=0HC83106958N350_1
2026-01-23 17:09:11,"Jacksonville State Gamecocks vs Tennessee Blue Raiders, 2026-01-23, 07",Jacksonville State Gamecocks,Tennessee Blue Raiders,draftkings,Spread,Tennessee Blue Raiders,4.5,,-244,https://sportsbook.draftkings.com/event/middle-tennessee-%40-jacksonville-state/33511824?outcomes=0HC83106958P450_3
2026-01-23 17:09:11,"Jacksonville State Gamecocks vs Tennessee Blue Raiders, 2026-01-23, 07",Jacksonville State Gamecocks,Tennessee Blue Raiders,draftkings,Spread,Jacksonville State Gamecocks,-4.5,,+173,https://sportsbook.draftkings.com/event/middle-tennessee-%40-jacksonville-state/33511824?outcomes=0HC83106958N450_1
2026-01-23 17:09:11,"Jacksonville State Gamecocks vs Tennessee Blue Raiders, 2026-01-23, 07",Jacksonville State Gamecocks,Tennessee Blue Raiders,draftkings,Spread,Tennessee Blue Raiders,5.5,,-280,https://sportsbook.draftkings.com/event/middle-tennessee-%40-jacksonville-state/33511824?outcomes=0HC83106958P550_3
2026-01-23 17:09:11,"Jacksonville State Gamecocks vs Tennessee Blue Raiders, 2026-01-23, 07",Jacksonville State Gamecocks,Tennessee Blue Raiders,draftkings,Spread,Jacksonville State Gamecocks,-5.5,,+195,https://sportsbook.draftkings.com/event/middle-tennessee-%40-jacksonville-state/33511824?outcomes=0HC83106958N550_1
2026-01-23 17:09:11,"Jacksonville State Gamecocks vs Tennessee Blue Raiders, 2026-01-23, 07",Jacksonville State Gamecocks,Tennessee Blue Raiders,draftkings,Spread,Tennessee Blue Raiders,6.5,,-321,https://sportsbook.draftkings.com/event/middle-tennessee-%40-jacksonville-state/33511824?outcomes=0HC83106958P650_3
2026-01-23 17:09:11,"Jacksonville State Gamecocks vs Tennessee Blue Raiders, 2026-01-23, 07",Jacksonville State Gamecocks,Tennessee Blue Raiders,draftkings,Spread,Jacksonville State Gamecocks,-6.5,,+219,https://sportsbook.draftkings.com/event/middle-tennessee-%40-jacksonville-state/33511824?outcomes=0HC83106958N650_1
2026-01-23 17:09:11,"Jacksonville State Gamecocks vs Tennessee Blue Raiders, 2026-01-23, 07",Jacksonville State Gamecocks,Tennessee Blue Raiders,draftkings,Spread,Tennessee Blue Raiders,7.5,,-369,https://sportsbook.draftkings.com/event/middle-tennessee-%40-jacksonville-state/33511824?outcomes=0HC83106958P750_3
2026-01-23 17:09:11,"Jacksonville State Gamecocks vs Tennessee Blue Raiders, 2026-01-23, 07",Jacksonville State Gamecocks,Tennessee Blue Raiders,draftkings,Spread,Jacksonville State Gamecocks,-7.5,,+246,https://sportsbook.draftkings.com/event/middle-tennessee-%40-jacksonville-state/33511824?outcomes=0HC83106958N750_1
2026-01-23 17:09:11,"Jacksonville State Gamecocks vs Tennessee Blue Raiders, 2026-01-23, 07",Jacksonville State Gamecocks,Tennessee Blue Raiders,draftkings,Spread,Tennessee Blue Raiders,8.5,,-441,https://sportsbook.draftkings.com/event/middle-tennessee-%40-jacksonville-state/33511824?outcomes=0HC83106958P850_3
2026-01-23 17:09:11,"Jacksonville State Gamecocks vs Tennessee Blue Raiders, 2026-01-23, 07",Jacksonville State Gamecocks,Tennessee Blue Raiders,draftkings,Spread,Jacksonville State Gamecocks,-8.5,,+284,https://sportsbook.draftkings.com/event/middle-tennessee-%40-jacksonville-state/33511824?outcomes=0HC83106958N850_1
2026-01-23 17:09:11,"Jacksonville State Gamecocks vs Tennessee Blue Raiders, 2026-01-23, 07",Jacksonville State Gamecocks,Tennessee Blue Raiders,draftkings,Spread,Tennessee Blue Raiders,9.5,,-535,https://sportsbook.draftkings.com/event/middle-tennessee-%40-jacksonville-state/33511824?outcomes=0HC83106958P950_3
2026-01-23 17:09:11,"Jacksonville State Gamecocks vs Tennessee Blue Raiders, 2026-01-23, 07",Jacksonville State Gamecocks,Tennessee Blue Raiders,draftkings,Spread,Jacksonville State Gamecocks,-9.5,,+329,https://sportsbook.draftkings.com/event/middle-tennessee-%40-jacksonville-state/33511824?outcomes=0HC83106958N950_1
2026-01-23 17:09:11,"Jacksonville State Gamecocks vs Tennessee Blue Raiders, 2026-01-23, 07",Jacksonville State Gamecocks,Tennessee Blue Raiders,draftkings,Spread,Tennessee Blue Raiders,10.5,,-660,https://sportsbook.draftkings.com/event/middle-tennessee-%40-jacksonville-state/33511824?outcomes=0HC83106958P1050_3
2026-01-23 17:09:11,"Jacksonville State Gamecocks vs Tennessee Blue Raiders, 2026-01-23, 07",Jacksonville State Gamecocks,Tennessee Blue Raiders,draftkings,Spread,Jacksonville State Gamecocks,-10.5,,+384,https://sportsbook.draftkings.com/event/middle-tennessee-%40-jacksonville-state/33511824?outcomes=0HC83106958N1050_1
2026-01-23 17:09:11,"Jacksonville State Gamecocks vs Tennessee Blue Raiders, 2026-01-23, 07",Jacksonville State Gamecocks,Tennessee Blue Raiders,draftkings,Spread,Tennessee Blue Raiders,11.5,,-810,https://sportsbook.draftkings.com/event/middle-tennessee-%40-jacksonville-state/33511824?outcomes=0HC83106958P1150_3
2026-01-23 17:09:11,"Jacksonville State Gamecocks vs Tennessee Blue Raiders, 2026-01-23, 07",Jacksonville State Gamecocks,Tennessee Blue Raiders,draftkings,Spread,Jacksonville State Gamecocks,-11.5,,+439,https://sportsbook.draftkings.com/event/middle-tennessee-%40-jacksonville-state/33511824?outcomes=0HC83106958N1150_1
2026-01-23 17:09:11,"Jacksonville State Gamecocks vs Tennessee Blue Raiders, 2026-01-23, 07",Jacksonville State Gamecocks,Tennessee Blue Raiders,draftkings,Spread,Tennessee Blue Raiders,12.5,,-990,https://sportsbook.draftkings.com/event/middle-tennessee-%40-jacksonville-state/33511824?outcomes=0HC83106958P1250_3
2026-01-23 17:09:11,"Jacksonville State Gamecocks vs Tennessee Blue Raiders, 2026-01-23, 07",Jacksonville State Gamecocks,Tennessee Blue Raiders,draftkings,Spread,Jacksonville State Gamecocks,-12.5,,+497,https://sportsbook.draftkings.com/event/middle-tennessee-%40-jacksonville-state/33511824?outcomes=0HC83106958N1250_1
2026-01-23 17:09:11,"Jacksonville State Gamecocks vs Tennessee Blue Raiders, 2026-01-23, 07",Jacksonville State Gamecocks,Tennessee Blue Raiders,draftkings,Spread,Tennessee Blue Raiders,3.5,,-214,https://sportsbook.draftkings.com/event/middle-tennessee-%40-jacksonville-state/33511824?outcomes=0HC83106958P350_3
2026-01-23 17:09:11,"Jacksonville State Gamecocks vs Tennessee Blue Raiders, 2026-01-23, 07",Jacksonville State Gamecocks,Tennessee Blue Raiders,draftkings,Spread,Jacksonville State Gamecocks,-2.5,,+133,https://sportsbook.draftkings.com/event/middle-tennessee-%40-jacksonville-state/33511824?outcomes=0HC83106958N250_1
2026-01-23 17:09:11,"Jacksonville State Gamecocks vs Tennessee Blue Raiders, 2026-01-23, 07",Jacksonville State Gamecocks,Tennessee Blue Raiders,draftkings,Spread,Jacksonville State Gamecocks,-1.5,,+113,https://sportsbook.draftkings.com/event/middle-tennessee-%40-jacksonville-state/33511824?outcomes=0HC83106958N150_1
2026-01-23 17:09:11,"Jacksonville State Gamecocks vs Tennessee Blue Raiders, 2026-01-23, 07",Jacksonville State Gamecocks,Tennessee Blue Raiders,draftkings,Spread,Tennessee Blue Raiders,-11.5,,+357,https://sportsbook.draftkings.com/event/middle-tennessee-%40-jacksonville-state/33511824?outcomes=0HC83106958N1150_3
2026-01-23 17:09:11,"Jacksonville State Gamecocks vs Tennessee Blue Raiders, 2026-01-23, 07",Jacksonville State Gamecocks,Tennessee Blue Raiders,draftkings,Spread,Jacksonville State Gamecocks,11.5,,-597,https://sportsbook.draftkings.com/event/middle-tennessee-%40-jacksonville-state/33511824?outcomes=0HC83106958P1150_1
2026-01-23 17:09:11,"Jacksonville State Gamecocks vs Tennessee Blue Raiders, 2026-01-23, 07",Jacksonville State Gamecocks,Tennessee Blue Raiders,draftkings,Spread,Tennessee Blue Raiders,-10.5,,+304,https://sportsbook.draftkings.com/event/middle-tennessee-%40-jacksonville-state/33511824?outcomes=0HC83106958N1050_3
2026-01-23 17:09:11,"Jacksonville State Gamecocks vs Tennessee Blue Raiders, 2026-01-23, 07",Jacksonville State Gamecocks,Tennessee Blue Raiders,draftkings,Spread,Jacksonville State Gamecocks,10.5,,-482,https://sportsbook.draftkings.com/event/middle-tennessee-%40-jacksonville-state/33511824?outcomes=0HC83106958P1050_1
2026-01-23 17:09:11,"Jacksonville State Gamecocks vs Tennessee Blue Raiders, 2026-01-23, 07",Jacksonville State Gamecocks,Tennessee Blue Raiders,draftkings,Spread,Tennessee Blue Raiders,-9.5,,+261,https://sportsbook.draftkings.com/event/middle-tennessee-%40-jacksonville-state/33511824?outcomes=0HC83106958N950_3
2026-01-23 17:09:11,"Jacksonville State Gamecocks vs Tennessee Blue Raiders, 2026-01-23, 07",Jacksonville State Gamecocks,Tennessee Blue Raiders,draftkings,Spread,Jacksonville State Gamecocks,9.5,,-397,https://sportsbook.draftkings.com/event/middle-tennessee-%40-jacksonville-state/33511824?outcomes=0HC83106958P950_1
2026-01-23 17:09:11,"Jacksonville State Gamecocks vs Tennessee Blue Raiders, 2026-01-23, 07",Jacksonville State Gamecocks,Tennessee Blue Raiders,draftkings,Spread,Tennessee Blue Raiders,-8.5,,+223,https://sportsbook.draftkings.com/event/middle-tennessee-%40-jacksonville-state/33511824?outcomes=0HC83106958N850_3
2026-01-23 17:09:11,"Jacksonville State Gamecocks vs Tennessee Blue Raiders, 2026-01-23, 07",Jacksonville State Gamecocks,Tennessee Blue Raiders,draftkings,Spread,Jacksonville State Gamecocks,8.5,,-328,https://sportsbook.draftkings.com/event/middle-tennessee-%40-jacksonville-state/33511824?outcomes=0HC83106958P850_1
2026-01-23 17:09:11,"Jacksonville State Gamecocks vs Tennessee Blue Raiders, 2026-01-23, 07",Jacksonville State Gamecocks,Tennessee Blue Raiders,draftkings,Spread,Tennessee Blue Raiders,-7.5,,+192,https://sportsbook.draftkings.com/event/middle-tennessee-%40-jacksonville-state/33511824?outcomes=0HC83106958N750_3
2026-01-23 17:09:11,"Jacksonville State Gamecocks vs Tennessee Blue Raiders, 2026-01-23, 07",Jacksonville State Gamecocks,Tennessee Blue Raiders,draftkings,Spread,Jacksonville State Gamecocks,7.5,,-275,https://sportsbook.draftkings.com/event/middle-tennessee-%40-jacksonville-state/33511824?outcomes=0HC83106958P750_1
2026-01-23 17:09:11,"Jacksonville State Gamecocks vs Tennessee Blue Raiders, 2026-01-23, 07",Jacksonville State Gamecocks,Tennessee Blue Raiders,draftkings,Spread,Tennessee Blue Raiders,-6.5,,+170,https://sportsbook.draftkings.com/event/middle-tennessee-%40-jacksonville-state/33511824?outcomes=0HC83106958N650_3
2026-01-23 17:09:11,"Jacksonville State Gamecocks vs Tennessee Blue Raiders, 2026-01-23, 07",Jacksonville State Gamecocks,Tennessee Blue Raiders,draftkings,Spread,Jacksonville State Gamecocks,6.5,,-239,https://sportsbook.draftkings.com/event/middle-tennessee-%40-jacksonville-state/33511824?outcomes=0HC83106958P650_1
2026-01-23 17:09:11,"Jacksonville State Gamecocks vs Tennessee Blue Raiders, 2026-01-23, 07",Jacksonville State Gamecocks,Tennessee Blue Raiders,draftkings,Spread,Tennessee Blue Raiders,-5.5,,+151,https://sportsbook.draftkings.com/event/middle-tennessee-%40-jacksonville-state/33511824?outcomes=0HC83106958N550_3
2026-01-23 17:09:11,"Jacksonville State Gamecocks vs Tennessee Blue Raiders, 2026-01-23, 07",Jacksonville State Gamecocks,Tennessee Blue Raiders,draftkings,Spread,Jacksonville State Gamecocks,5.5,,-210,https://sportsbook.draftkings.com/event/middle-tennessee-%40-jacksonville-state/33511824?outcomes=0HC83106958P550_1
2026-01-23 17:09:11,"Jacksonville State Gamecocks vs Tennessee Blue Raiders, 2026-01-23, 07",Jacksonville State Gamecocks,Tennessee Blue Raiders,draftkings,Spread,Tennessee Blue Raiders,-4.5,,+133,https://sportsbook.draftkings.com/event/middle-tennessee-%40-jacksonville-state/33511824?outcomes=0HC83106958N450_3
2026-01-23 17:09:11,"Jacksonville State Gamecocks vs Tennessee Blue Raiders, 2026-01-23, 07",Jacksonville State Gamecocks,Tennessee Blue Raiders,draftkings,Spread,Jacksonville State Gamecocks,4.5,,-184,https://sportsbook.draftkings.com/event/middle-tennessee-%40-jacksonville-state/33511824?outcomes=0HC83106958P450_1
2026-01-23 17:09:11,"Jacksonville State Gamecocks vs Tennessee Blue Raiders, 2026-01-23, 07",Jacksonville State Gamecocks,Tennessee Blue Raiders,draftkings,Spread,Tennessee Blue Raiders,-3.5,,+117,https://sportsbook.draftkings.com/event/middle-tennessee-%40-jacksonville-state/33511824?outcomes=0HC83106958N350_3
2026-01-23 17:09:11,"Jacksonville State Gamecocks vs Tennessee Blue Raiders, 2026-01-23, 07",Jacksonville State Gamecocks,Tennessee Blue Raiders,draftkings,Spread,Jacksonville State Gamecocks,3.5,,-161,https://sportsbook.draftkings.com/event/middle-tennessee-%40-jacksonville-state/33511824?outcomes=0HC83106958P350_1
2026-01-23 17:09:11,"Jacksonville State Gamecocks vs Tennessee Blue Raiders, 2026-01-23, 07",Jacksonville State Gamecocks,Tennessee Blue Raiders,draftkings,Spread,Tennessee Blue Raiders,-2.5,,+101,https://sportsbook.draftkings.com/event/middle-tennessee-%40-jacksonville-state/33511824?outcomes=0HC83106958N250_3
2026-01-23 17:09:11,"Jacksonville State Gamecocks vs Tennessee Blue Raiders, 2026-01-23, 07",Jacksonville State Gamecocks,Tennessee Blue Raiders,draftkings,Spread,Jacksonville State Gamecocks,2.5,,-138,https://sportsbook.draftkings.com/event/middle-tennessee-%40-jacksonville-state/33511824?outcomes=0HC83106958P250_1
2026-01-23 17:09:11,"Jacksonville State Gamecocks vs Tennessee Blue Raiders, 2026-01-23, 07",Jacksonville State Gamecocks,Tennessee Blue Raiders,draftkings,Spread,Tennessee Blue Raiders,1.5,,-155,https://sportsbook.draftkings.com/event/middle-tennessee-%40-jacksonville-state/33511824?outcomes=0HC83106958P150_3
2026-01-23 17:09:11,"Jacksonville State Gamecocks vs Tennessee Blue Raiders, 2026-01-23, 07",Jacksonville State Gamecocks,Tennessee Blue Raiders,draftkings,Spread,Tennessee Blue Raiders,2.5,,-184,https://sportsbook.draftkings.com/event/middle-tennessee-%40-jacksonville-state/33511824?outcomes=0HC83106958P250_3
2026-01-23 17:09:11,"Jacksonville State Gamecocks vs Tennessee Blue Raiders, 2026-01-23, 07",Jacksonville State Gamecocks,Tennessee Blue Raiders,draftkings,Spread,Jacksonville State Gamecocks,12.5,,-710,https://sportsbook.draftkings.com/event/middle-tennessee-%40-jacksonville-state/33511824?outcomes=0HC83106958P1250_1
2026-01-23 17:09:11,"Jacksonville State Gamecocks vs Tennessee Blue Raiders, 2026-01-23, 07",Jacksonville State Gamecocks,Tennessee Blue Raiders,draftkings,Spread,Tennessee Blue Raiders,-12.5,,+401,https://sportsbook.draftkings.com/event/middle-tennessee-%40-jacksonville-state/33511824?outcomes=0HC83106958N1250_3
2026-01-23 17:09:11,"Jacksonville State Gamecocks vs Tennessee Blue Raiders, 2026-01-23, 07",Jacksonville State Gamecocks,Tennessee Blue Raiders,draftkings,Spread,Tennessee Blue Raiders,-13.5,,+455,https://sportsbook.draftkings.com/event/middle-tennessee-%40-jacksonville-state/33511824?outcomes=0HC83106958N1350_3
2026-01-23 17:09:11,"Jacksonville State Gamecocks vs Tennessee Blue Raiders, 2026-01-23, 07",Jacksonville State Gamecocks,Tennessee Blue Raiders,draftkings,Spread,Tennessee Blue Raiders,-1.5,,-110,https://sportsbook.draftkings.com/event/middle-tennessee-%40-jacksonville-state/33511824?outcomes=0HC83105931N150_3
2026-01-23 17:09:11,"Jacksonville State Gamecocks vs Tennessee Blue Raiders, 2026-01-23, 07",Jacksonville State Gamecocks,Tennessee Blue Raiders,draftkings,Spread,Jacksonville State Gamecocks,1.5,,-110,https://sportsbook.draftkings.com/event/middle-tennessee-%40-jacksonville-state/33511824?outcomes=0HC83105931P150_1
2026-01-23 17:09:11,"Jacksonville State Gamecocks vs Tennessee Blue Raiders, 2026-01-23, 07",Jacksonville State Gamecocks,Tennessee Blue Raiders,draftkings,Spread,Jacksonville State Gamecocks,13.5,,-860,https://sportsbook.draftkings.com/event/middle-tennessee-%40-jacksonville-state/33511824?outcomes=0HC83106958P1350_1
2026-01-23 17:09:11,"Jacksonville State Gamecocks vs Tennessee Blue Raiders, 2026-01-23, 07",Jacksonville State Gamecocks,Tennessee Blue Raiders,pinnacle,Spread,Jacksonville State Gamecocks,4.0,,-163,
2026-01-23 17:09:11,"Jacksonville State Gamecocks vs Tennessee Blue Raiders, 2026-01-23, 07",Jacksonville State Gamecocks,Tennessee Blue Raiders,pinnacle,Spread,Tennessee Blue Raiders,-4.0,,+133,
2026-01-23 17:09:11,"Jacksonville State Gamecocks vs Tennessee Blue Raiders, 2026-01-23, 07",Jacksonville State Gamecocks,Tennessee Blue Raiders,pinnacle,Spread,Jacksonville State Gamecocks,3.5,,-152,
2026-01-23 17:09:11,"Jacksonville State Gamecocks vs Tennessee Blue Raiders, 2026-01-23, 07",Jacksonville State Gamecocks,Tennessee Blue Raiders,pinnacle,Spread,Tennessee Blue Raiders,-3.5,,+125,
2026-01-23 17:09:11,"Jacksonville State Gamecocks vs Tennessee Blue Raiders, 2026-01-23, 07",Jacksonville State Gamecocks,Tennessee Blue Raiders,pinnacle,Spread,Jacksonville State Gamecocks,3.0,,-141,
2026-01-23 17:09:11,"Jacksonville State Gamecocks vs Tennessee Blue Raiders, 2026-01-23, 07",Jacksonville State Gamecocks,Tennessee Blue Raiders,pinnacle,Spread,Tennessee Blue Raiders,-3.0,,+116,
2026-01-23 17:09:11,"Jacksonville State Gamecocks vs Tennessee Blue Raiders, 2026-01-23, 07",Jacksonville State Gamecocks,Tennessee Blue Raiders,pinnacle,Total,,133.0,U,+104,
2026-01-23 17:09:11,"Jacksonville State Gamecocks vs Tennessee Blue Raiders, 2026-01-23, 07",Jacksonville State Gamecocks,Tennessee Blue Raiders,pinnacle,Total,,133.0,O,-131,
2026-01-23 17:09:11,"Jacksonville State Gamecocks vs Tennessee Blue Raiders, 2026-01-23, 07",Jacksonville State Gamecocks,Tennessee Blue Raiders,pinnacle,Total,,133.5,U,-101,
2026-01-23 17:09:11,"Jacksonville State Gamecocks vs Tennessee Blue Raiders, 2026-01-23, 07",Jacksonville State Gamecocks,Tennessee Blue Raiders,pinnacle,Total,,134.0,U,-108,
2026-01-23 17:09:11,"Jacksonville State Gamecocks vs Tennessee Blue Raiders, 2026-01-23, 07",Jacksonville State Gamecocks,Tennessee Blue Raiders,pinnacle,Total,,137.0,O,+118,
2026-01-23 17:09:11,"Jacksonville State Gamecocks vs Tennessee Blue Raiders, 2026-01-23, 07",Jacksonville State Gamecocks,Tennessee Blue Raiders,pinnacle,Total,,137.0,U,-149,
2026-01-23 17:09:11,"Jacksonville State Gamecocks vs Tennessee Blue Raiders, 2026-01-23, 07",Jacksonville State Gamecocks,Tennessee Blue Raiders,pinnacle,Total,,136.5,O,+112,
2026-01-23 17:09:11,"Jacksonville State Gamecocks vs Tennessee Blue Raiders, 2026-01-23, 07",Jacksonville State Gamecocks,Tennessee Blue Raiders,pinnacle,Total,,136.5,U,-142,
2026-01-23 17:09:11,"Jacksonville State Gamecocks vs Tennessee Blue Raiders, 2026-01-23, 07",Jacksonville State Gamecocks,Tennessee Blue Raiders,pinnacle,Total,,136.0,O,+107,
2026-01-23 17:09:11,"Jacksonville State Gamecocks vs Tennessee Blue Raiders, 2026-01-23, 07",Jacksonville State Gamecocks,Tennessee Blue Raiders,pinnacle,Total,,136.0,U,-135,
2026-01-23 17:09:11,"Jacksonville State Gamecocks vs Tennessee Blue Raiders, 2026-01-23, 07",Jacksonville State Gamecocks,Tennessee Blue Raiders,pinnacle,Total,,135.5,O,+102,
2026-01-23 17:09:11,"Jacksonville State Gamecocks vs Tennessee Blue Raiders, 2026-01-23, 07",Jacksonville State Gamecocks,Tennessee Blue Raiders,pinnacle,Total,,135.5,U,-128,
2026-01-23 17:09:11,"Jacksonville State Gamecocks vs Tennessee Blue Raiders, 2026-01-23, 07",Jacksonville State Gamecocks,Tennessee Blue Raiders,pinnacle,Total,,135.0,O,-102,
2026-01-23 17:09:11,"Jacksonville State Gamecocks vs Tennessee Blue Raiders, 2026-01-23, 07",Jacksonville State Gamecocks,Tennessee Blue Raiders,pinnacle,Total,,135.0,U,-119,
2026-01-23 17:09:11,"Jacksonville State Gamecocks vs Tennessee Blue Raiders, 2026-01-23, 07",Jacksonville State Gamecocks,Tennessee Blue Raiders,pinnacle,Total,,134.5,O,-110,
2026-01-23 17:09:11,"Jacksonville State Gamecocks vs Tennessee Blue Raiders, 2026-01-23, 07",Jacksonville State Gamecocks,Tennessee Blue Raiders,pinnacle,Total,,134.5,U,-114,
2026-01-23 17:09:11,"Jacksonville State Gamecocks vs Tennessee Blue Raiders, 2026-01-23, 07",Jacksonville State Gamecocks,Tennessee Blue Raiders,pinnacle,Total,,134.0,O,-117,
2026-01-23 17:09:11,"Jacksonville State Gamecocks vs Tennessee Blue Raiders, 2026-01-23, 07",Jacksonville State Gamecocks,Tennessee Blue Raiders,pinnacle,Total,,133.5,O,-124,
2026-01-23 17:09:11,"Jacksonville State Gamecocks vs Tennessee Blue Raiders, 2026-01-23, 07",Jacksonville State Gamecocks,Tennessee Blue Raiders,betonline,Total,,134.5,U,-110,
2026-01-23 17:09:11,"Jacksonville State Gamecocks vs Tennessee Blue Raiders, 2026-01-23, 07",Jacksonville State Gamecocks,Tennessee Blue Raiders,betonline,Total,,134.5,O,-110,
2026-01-23 17:09:11,"Jacksonville State Gamecocks vs Tennessee Blue Raiders, 2026-01-23, 07",Jacksonville State Gamecocks,Tennessee Blue Raiders,draftkings,Total,,134.5,O,-108,https://sportsbook.draftkings.com/event/middle-tennessee-%40-jacksonville-state/33511824?outcomes=0OU83105931O13450_1
2026-01-23 17:09:11,"Jacksonville State Gamecocks vs Tennessee Blue Raiders, 2026-01-23, 07",Jacksonville State Gamecocks,Tennessee Blue Raiders,draftkings,Total,,134.5,U,-112,https://sportsbook.draftkings.com/event/middle-tennessee-%40-jacksonville-state/33511824?outcomes=0OU83105931U13450_3
2026-01-23 17:09:11,"Jacksonville State Gamecocks vs Tennessee Blue Raiders, 2026-01-23, 07",Jacksonville State Gamecocks,Tennessee Blue Raiders,draftkings,Total,,122.5,O,-445,https://sportsbook.draftkings.com/event/middle-tennessee-%40-jacksonville-state/33511824?outcomes=0OU83106958O12250_1
2026-01-23 17:09:11,"Jacksonville State Gamecocks vs Tennessee Blue Raiders, 2026-01-23, 07",Jacksonville State Gamecocks,Tennessee Blue Raiders,draftkings,Total,,122.5,U,+310,https://sportsbook.draftkings.com/event/middle-tennessee-%40-jacksonville-state/33511824?outcomes=0OU83106958U12250_3
2026-01-23 17:09:11,"Jacksonville State Gamecocks vs Tennessee Blue Raiders, 2026-01-23, 07",Jacksonville State Gamecocks,Tennessee Blue Raiders,draftkings,Total,,123.5,O,-375,https://sportsbook.draftkings.com/event/middle-tennessee-%40-jacksonville-state/33511824?outcomes=0OU83106958O12350_1
2026-01-23 17:09:11,"Jacksonville State Gamecocks vs Tennessee Blue Raiders, 2026-01-23, 07",Jacksonville State Gamecocks,Tennessee Blue Raiders,draftkings,Total,,123.5,U,+270,https://sportsbook.draftkings.com/event/middle-tennessee-%40-jacksonville-state/33511824?outcomes=0OU83106958U12350_3
2026-01-23 17:09:11,"Jacksonville State Gamecocks vs Tennessee Blue Raiders, 2026-01-23, 07",Jacksonville State Gamecocks,Tennessee Blue Raiders,draftkings,Total,,138.5,O,+135,https://sportsbook.draftkings.com/event/middle-tennessee-%40-jacksonville-state/33511824?outcomes=0OU83106958O13850_1
2026-01-23 17:09:11,"Jacksonville State Gamecocks vs Tennessee Blue Raiders, 2026-01-23, 07",Jacksonville State Gamecocks,Tennessee Blue Raiders,draftkings,Total,,138.5,U,-175,https://sportsbook.draftkings.com/event/middle-tennessee-%40-jacksonville-state/33511824?outcomes=0OU83106958U13850_3
2026-01-23 17:09:11,"Jacksonville State Gamecocks vs Tennessee Blue Raiders, 2026-01-23, 07",Jacksonville State Gamecocks,Tennessee Blue Raiders,draftkings,Total,,139.5,O,+150,https://sportsbook.draftkings.com/event/middle-tennessee-%40-jacksonville-state/33511824?outcomes=0OU83106958O13950_1
2026-01-23 17:09:11,"Jacksonville State Gamecocks vs Tennessee Blue Raiders, 2026-01-23, 07",Jacksonville State Gamecocks,Tennessee Blue Raiders,draftkings,Total,,139.5,U,-195,https://sportsbook.draftkings.com/event/middle-tennessee-%40-jacksonville-state/33511824?outcomes=0OU83106958U13950_3
2026-01-23 17:09:11,"Jacksonville State Gamecocks vs Tennessee Blue Raiders, 2026-01-23, 07",Jacksonville State Gamecocks,Tennessee Blue Raiders,draftkings,Total,,140.5,O,+165,https://sportsbook.draftkings.com/event/middle-tennessee-%40-jacksonville-state/33511824?outcomes=0OU83106958O14050_1
2026-01-23 17:09:11,"Jacksonville State Gamecocks vs Tennessee Blue Raiders, 2026-01-23, 07",Jacksonville State Gamecocks,Tennessee Blue Raiders,draftkings,Total,,140.5,U,-215,https://sportsbook.draftkings.com/event/middle-tennessee-%40-jacksonville-state/33511824?outcomes=0OU83106958U14050_3
2026-01-23 17:09:11,"Jacksonville State Gamecocks vs Tennessee Blue Raiders, 2026-01-23, 07",Jacksonville State Gamecocks,Tennessee Blue Raiders,draftkings,Total,,141.5,O,+185,https://sportsbook.draftkings.com/event/middle-tennessee-%40-jacksonville-state/33511824?outcomes=0OU83106958O14150_1
2026-01-23 17:09:11,"Jacksonville State Gamecocks vs Tennessee Blue Raiders, 2026-01-23, 07",Jacksonville State Gamecocks,Tennessee Blue Raiders,draftkings,Total,,141.5,U,-245,https://sportsbook.draftkings.com/event/middle-tennessee-%40-jacksonville-state/33511824?outcomes=0OU83106958U14150_3
2026-01-23 17:09:11,"Jacksonville State Gamecocks vs Tennessee Blue Raiders, 2026-01-23, 07",Jacksonville State Gamecocks,Tennessee Blue Raiders,draftkings,Total,,142.5,O,+210,https://sportsbook.draftkings.com/event/middle-tennessee-%40-jacksonville-state/33511824?outcomes=0OU83106958O14250_1
2026-01-23 17:09:11,"Jacksonville State Gamecocks vs Tennessee Blue Raiders, 2026-01-23, 07",Jacksonville State Gamecocks,Tennessee Blue Raiders,draftkings,Total,,142.5,U,-280,https://sportsbook.draftkings.com/event/middle-tennessee-%40-jacksonville-state/33511824?outcomes=0OU83106958U14250_3
2026-01-23 17:09:11,"Jacksonville State Gamecocks vs Tennessee Blue Raiders, 2026-01-23, 07",Jacksonville State Gamecocks,Tennessee Blue Raiders,draftkings,Total,,143.5,O,+220,https://sportsbook.draftkings.com/event/middle-tennessee-%40-jacksonville-state/33511824?outcomes=0OU83106958O14350_1
2026-01-23 17:09:11,"Jacksonville State Gamecocks vs Tennessee Blue Raiders, 2026-01-23, 07",Jacksonville State Gamecocks,Tennessee Blue Raiders,draftkings,Total,,143.5,U,-298,https://sportsbook.draftkings.com/event/middle-tennessee-%40-jacksonville-state/33511824?outcomes=0OU83106958U14350_3
2026-01-23 17:09:11,"Jacksonville State Gamecocks vs Tennessee Blue Raiders, 2026-01-23, 07",Jacksonville State Gamecocks,Tennessee Blue Raiders,draftkings,Total,,144.5,O,+250,https://sportsbook.draftkings.com/event/middle-tennessee-%40-jacksonville-state/33511824?outcomes=0OU83106958O14450_1
2026-01-23 17:09:11,"Jacksonville State Gamecocks vs Tennessee Blue Raiders, 2026-01-23, 07",Jacksonville State Gamecocks,Tennessee Blue Raiders,draftkings,Total,,144.5,U,-345,https://sportsbook.draftkings.com/event/middle-tennessee-%40-jacksonville-state/33511824?outcomes=0OU83106958U14450_3
2026-01-23 17:09:11,"Jacksonville State Gamecocks vs Tennessee Blue Raiders, 2026-01-23, 07",Jacksonville State Gamecocks,Tennessee Blue Raiders,draftkings,Total,,145.5,O,+280,https://sportsbook.draftkings.com/event/middle-tennessee-%40-jacksonville-state/33511824?outcomes=0OU83106958O14550_1
2026-01-23 17:09:11,"Jacksonville State Gamecocks vs Tennessee Blue Raiders, 2026-01-23, 07",Jacksonville State Gamecocks,Tennessee Blue Raiders,draftkings,Total,,145.5,U,-395,https://sportsbook.draftkings.com/event/middle-tennessee-%40-jacksonville-state/33511824?outcomes=0OU83106958U14550_3
2026-01-23 17:09:11,"Jacksonville State Gamecocks vs Tennessee Blue Raiders, 2026-01-23, 07",Jacksonville State Gamecocks,Tennessee Blue Raiders,draftkings,Total,,146.5,O,+310,https://sportsbook.draftkings.com/event/middle-tennessee-%40-jacksonville-state/33511824?outcomes=0OU83106958O14650_1
2026-01-23 17:09:11,"Jacksonville State Gamecocks vs Tennessee Blue Raiders, 2026-01-23, 07",Jacksonville State Gamecocks,Tennessee Blue Raiders,draftkings,Total,,146.5,U,-445,https://sportsbook.draftkings.com/event/middle-tennessee-%40-jacksonville-state/33511824?outcomes=0OU83106958U14650_3
2026-01-23 17:09:11,"Jacksonville State Gamecocks vs Tennessee Blue Raiders, 2026-01-23, 07",Jacksonville State Gamecocks,Tennessee Blue Raiders,draftkings,Total,,137.5,U,-160,https://sportsbook.draftkings.com/event/middle-tennessee-%40-jacksonville-state/33511824?outcomes=0OU83106958U13750_3
2026-01-23 17:09:11,"Jacksonville State Gamecocks vs Tennessee Blue Raiders, 2026-01-23, 07",Jacksonville State Gamecocks,Tennessee Blue Raiders,draftkings,Total,,137.5,O,+124,https://sportsbook.draftkings.com/event/middle-tennessee-%40-jacksonville-state/33511824?outcomes=0OU83106958O13750_1
2026-01-23 17:09:11,"Jacksonville State Gamecocks vs Tennessee Blue Raiders, 2026-01-23, 07",Jacksonville State Gamecocks,Tennessee Blue Raiders,draftkings,Total,,136.5,U,-140,https://sportsbook.draftkings.com/event/middle-tennessee-%40-jacksonville-state/33511824?outcomes=0OU83106958U13650_3
2026-01-23 17:09:11,"Jacksonville State Gamecocks vs Tennessee Blue Raiders, 2026-01-23, 07",Jacksonville State Gamecocks,Tennessee Blue Raiders,draftkings,Total,,136.5,O,+110,https://sportsbook.draftkings.com/event/middle-tennessee-%40-jacksonville-state/33511824?outcomes=0OU83106958O13650_1
2026-01-23 17:09:11,"Jacksonville State Gamecocks vs Tennessee Blue Raiders, 2026-01-23, 07",Jacksonville State Gamecocks,Tennessee Blue Raiders,draftkings,Total,,124.5,O,-330,https://sportsbook.draftkings.com/event/middle-tennessee-%40-jacksonville-state/33511824?outcomes=0OU83106958O12450_1
2026-01-23 17:09:11,"Jacksonville State Gamecocks vs Tennessee Blue Raiders, 2026-01-23, 07",Jacksonville State Gamecocks,Tennessee Blue Raiders,draftkings,Total,,124.5,U,+240,https://sportsbook.draftkings.com/event/middle-tennessee-%40-jacksonville-state/33511824?outcomes=0OU83106958U12450_3
2026-01-23 17:09:11,"Jacksonville State Gamecocks vs Tennessee Blue Raiders, 2026-01-23, 07",Jacksonville State Gamecocks,Tennessee Blue Raiders,draftkings,Total,,125.5,O,-280,https://sportsbook.draftkings.com/event/middle-tennessee-%40-jacksonville-state/33511824?outcomes=0OU83106958O12550_1
2026-01-23 17:09:11,"Jacksonville State Gamecocks vs Tennessee Blue Raiders, 2026-01-23, 07",Jacksonville State Gamecocks,Tennessee Blue Raiders,draftkings,Total,,125.5,U,+210,https://sportsbook.draftkings.com/event/middle-tennessee-%40-jacksonville-state/33511824?outcomes=0OU83106958U12550_3
2026-01-23 17:09:11,"Jacksonville State Gamecocks vs Tennessee Blue Raiders, 2026-01-23, 07",Jacksonville State Gamecocks,Tennessee Blue Raiders,draftkings,Total,,126.5,O,-270,https://sportsbook.draftkings.com/event/middle-tennessee-%40-jacksonville-state/33511824?outcomes=0OU83106958O12650_1
2026-01-23 17:09:11,"Jacksonville State Gamecocks vs Tennessee Blue Raiders, 2026-01-23, 07",Jacksonville State Gamecocks,Tennessee Blue Raiders,draftkings,Total,,126.5,U,+200,https://sportsbook.draftkings.com/event/middle-tennessee-%40-jacksonville-state/33511824?outcomes=0OU83106958U12650_3
2026-01-23 17:09:11,"Jacksonville State Gamecocks vs Tennessee Blue Raiders, 2026-01-23, 07",Jacksonville State Gamecocks,Tennessee Blue Raiders,draftkings,Total,,127.5,O,-238,https://sportsbook.draftkings.com/event/middle-tennessee-%40-jacksonville-state/33511824?outcomes=0OU83106958O12750_1
2026-01-23 17:09:11,"Jacksonville State Gamecocks vs Tennessee Blue Raiders, 2026-01-23, 07",Jacksonville State Gamecocks,Tennessee Blue Raiders,draftkings,Total,,127.5,U,+180,https://sportsbook.draftkings.com/event/middle-tennessee-%40-jacksonville-state/33511824?outcomes=0OU83106958U12750_3
2026-01-23 17:09:11,"Jacksonville State Gamecocks vs Tennessee Blue Raiders, 2026-01-23, 07",Jacksonville State Gamecocks,Tennessee Blue Raiders,draftkings,Total,,128.5,O,-210,https://sportsbook.draftkings.com/event/middle-tennessee-%40-jacksonville-state/33511824?outcomes=0OU83106958O12850_1
2026-01-23 17:09:11,"Jacksonville State Gamecocks vs Tennessee Blue Raiders, 2026-01-23, 07",Jacksonville State Gamecocks,Tennessee Blue Raiders,draftkings,Total,,128.5,U,+160,https://sportsbook.draftkings.com/event/middle-tennessee-%40-jacksonville-state/33511824?outcomes=0OU83106958U12850_3
2026-01-23 17:09:11,"Jacksonville State Gamecocks vs Tennessee Blue Raiders, 2026-01-23, 07",Jacksonville State Gamecocks,Tennessee Blue Raiders,draftkings,Total,,129.5,O,-188,https://sportsbook.draftkings.com/event/middle-tennessee-%40-jacksonville-state/33511824?outcomes=0OU83106958O12950_1
2026-01-23 17:09:11,"Jacksonville State Gamecocks vs Tennessee Blue Raiders, 2026-01-23, 07",Jacksonville State Gamecocks,Tennessee Blue Raiders,draftkings,Total,,130.5,O,-166,https://sportsbook.draftkings.com/event/middle-tennessee-%40-jacksonville-state/33511824?outcomes=0OU83106958O13050_1
2026-01-23 17:09:11,"Jacksonville State Gamecocks vs Tennessee Blue Raiders, 2026-01-23, 07",Jacksonville State Gamecocks,Tennessee Blue Raiders,draftkings,Total,,130.5,U,+130,https://sportsbook.draftkings.com/event/middle-tennessee-%40-jacksonville-state/33511824?outcomes=0OU83106958U13050_3
2026-01-23 17:09:11,"Jacksonville State Gamecocks vs Tennessee Blue Raiders, 2026-01-23, 07",Jacksonville State Gamecocks,Tennessee Blue Raiders,draftkings,Total,,131.5,O,-145,https://sportsbook.draftkings.com/event/middle-tennessee-%40-jacksonville-state/33511824?outcomes=0OU83106958O13150_1
2026-01-23 17:09:11,"Jacksonville State Gamecocks vs Tennessee Blue Raiders, 2026-01-23, 07",Jacksonville State Gamecocks,Tennessee Blue Raiders,draftkings,Total,,131.5,U,+114,https://sportsbook.draftkings.com/event/middle-tennessee-%40-jacksonville-state/33511824?outcomes=0OU83106958U13150_3
2026-01-23 17:09:11,"Jacksonville State Gamecocks vs Tennessee Blue Raiders, 2026-01-23, 07",Jacksonville State Gamecocks,Tennessee Blue Raiders,draftkings,Total,,132.5,O,-140,https://sportsbook.draftkings.com/event/middle-tennessee-%40-jacksonville-state/33511824?outcomes=0OU83106958O13250_1
2026-01-23 17:09:11,"Jacksonville State Gamecocks vs Tennessee Blue Raiders, 2026-01-23, 07",Jacksonville State Gamecocks,Tennessee Blue Raiders,draftkings,Total,,132.5,U,+110,https://sportsbook.draftkings.com/event/middle-tennessee-%40-jacksonville-state/33511824?outcomes=0OU83106958U13250_3
2026-01-23 17:09:11,"Jacksonville State Gamecocks vs Tennessee Blue Raiders, 2026-01-23, 07",Jacksonville State Gamecocks,Tennessee Blue Raiders,draftkings,Total,,133.5,O,-125,https://sportsbook.draftkings.com/event/middle-tennessee-%40-jacksonville-state/33511824?outcomes=0OU83106958O13350_1
2026-01-23 17:09:11,"Jacksonville State Gamecocks vs Tennessee Blue Raiders, 2026-01-23, 07",Jacksonville State Gamecocks,Tennessee Blue Raiders,draftkings,Total,,133.5,U,-105,https://sportsbook.draftkings.com/event/middle-tennessee-%40-jacksonville-state/33511824?outcomes=0OU83106958U13350_3
2026-01-23 17:09:11,"Jacksonville State Gamecocks vs Tennessee Blue Raiders, 2026-01-23, 07",Jacksonville State Gamecocks,Tennessee Blue Raiders,draftkings,Total,,135.5,O,+100,https://sportsbook.draftkings.com/event/middle-tennessee-%40-jacksonville-state/33511824?outcomes=0OU83106958O13550_1
2026-01-23 17:09:11,"Jacksonville State Gamecocks vs Tennessee Blue Raiders, 2026-01-23, 07",Jacksonville State Gamecocks,Tennessee Blue Raiders,draftkings,Total,,135.5,U,-130,https://sportsbook.draftkings.com/event/middle-tennessee-%40-jacksonville-state/33511824?outcomes=0OU83106958U13550_3
2026-01-23 17:09:11,"Jacksonville State Gamecocks vs Tennessee Blue Raiders, 2026-01-23, 07",Jacksonville State Gamecocks,Tennessee Blue Raiders,draftkings,Total,,129.5,U,+145,https://sportsbook.draftkings.com/event/middle-tennessee-%40-jacksonville-state/33511824?outcomes=0OU83106958U12950_3
2026-01-23 17:09:11,"Kansas State Wildcats vs Kansas Jayhawks, 2026-01-24, 08",Kansas State Wildcats,Kansas Jayhawks,draftkings,Spread,Kansas Jayhawks,-5.5,,-110,https://sportsbook.draftkings.com/event/kansas-%40-kansas-state/33516280?outcomes=0HC83116664N550_3
2026-01-23 17:09:11,"Kansas State Wildcats vs Kansas Jayhawks, 2026-01-24, 08",Kansas State Wildcats,Kansas Jayhawks,draftkings,Spread,Kansas State Wildcats,5.5,,-110,https://sportsbook.draftkings.com/event/kansas-%40-kansas-state/33516280?outcomes=0HC83116664P550_1
2026-01-23 17:09:11,"Kansas State Wildcats vs Kansas Jayhawks, 2026-01-24, 08",Kansas State Wildcats,Kansas Jayhawks,draftkings,Total,,157.5,O,-110,https://sportsbook.draftkings.com/event/kansas-%40-kansas-state/33516280?outcomes=0OU83116664O15750_1
2026-01-23 17:09:11,"Kansas State Wildcats vs Kansas Jayhawks, 2026-01-24, 08",Kansas State Wildcats,Kansas Jayhawks,draftkings,Total,,157.5,U,-110,https://sportsbook.draftkings.com/event/kansas-%40-kansas-state/33516280?outcomes=0OU83116664U15750_3
2026-01-23 17:09:11,"Kentucky Wildcats vs Mississippi Rebels, 2026-01-24, 11",Kentucky Wildcats,Mississippi Rebels,pinnacle,Spread,Kentucky Wildcats,-11.5,,+118,
2026-01-23 17:09:11,"Kentucky Wildcats vs Mississippi Rebels, 2026-01-24, 11",Kentucky Wildcats,Mississippi Rebels,pinnacle,Spread,Mississippi Rebels,11.5,,-149,
2026-01-23 17:09:11,"Kentucky Wildcats vs Mississippi Rebels, 2026-01-24, 11",Kentucky Wildcats,Mississippi Rebels,pinnacle,Spread,Mississippi Rebels,11.0,,-139,
2026-01-23 17:09:11,"Kentucky Wildcats vs Mississippi Rebels, 2026-01-24, 11",Kentucky Wildcats,Mississippi Rebels,pinnacle,Spread,Kentucky Wildcats,-11.0,,+110,
2026-01-23 17:09:11,"Kentucky Wildcats vs Mississippi Rebels, 2026-01-24, 11",Kentucky Wildcats,Mississippi Rebels,pinnacle,Spread,Mississippi Rebels,10.5,,-129,
2026-01-23 17:09:11,"Kentucky Wildcats vs Mississippi Rebels, 2026-01-24, 11",Kentucky Wildcats,Mississippi Rebels,pinnacle,Spread,Kentucky Wildcats,-10.5,,+103,
2026-01-23 17:09:11,"Kentucky Wildcats vs Mississippi Rebels, 2026-01-24, 11",Kentucky Wildcats,Mississippi Rebels,pinnacle,Spread,Kentucky Wildcats,-7.5,,-157,
2026-01-23 17:09:11,"Kentucky Wildcats vs Mississippi Rebels, 2026-01-24, 11",Kentucky Wildcats,Mississippi Rebels,pinnacle,Spread,Kentucky Wildcats,-8.0,,-146,
2026-01-23 17:09:11,"Kentucky Wildcats vs Mississippi Rebels, 2026-01-24, 11",Kentucky Wildcats,Mississippi Rebels,pinnacle,Spread,Mississippi Rebels,8.0,,+116,
2026-01-23 17:09:11,"Kentucky Wildcats vs Mississippi Rebels, 2026-01-24, 11",Kentucky Wildcats,Mississippi Rebels,pinnacle,Spread,Kentucky Wildcats,-8.5,,-136,
2026-01-23 17:09:11,"Kentucky Wildcats vs Mississippi Rebels, 2026-01-24, 11",Kentucky Wildcats,Mississippi Rebels,pinnacle,Spread,Mississippi Rebels,8.5,,+108,
2026-01-23 17:09:11,"Kentucky Wildcats vs Mississippi Rebels, 2026-01-24, 11",Kentucky Wildcats,Mississippi Rebels,pinnacle,Spread,Kentucky Wildcats,-9.0,,-125,
2026-01-23 17:09:11,"Kentucky Wildcats vs Mississippi Rebels, 2026-01-24, 11",Kentucky Wildcats,Mississippi Rebels,pinnacle,Spread,Mississippi Rebels,9.0,,-100,
2026-01-23 17:09:11,"Kentucky Wildcats vs Mississippi Rebels, 2026-01-24, 11",Kentucky Wildcats,Mississippi Rebels,pinnacle,Spread,Kentucky Wildcats,-9.5,,-113,
2026-01-23 17:09:11,"Kentucky Wildcats vs Mississippi Rebels, 2026-01-24, 11",Kentucky Wildcats,Mississippi Rebels,pinnacle,Spread,Mississippi Rebels,9.5,,-107,
2026-01-23 17:09:11,"Kentucky Wildcats vs Mississippi Rebels, 2026-01-24, 11",Kentucky Wildcats,Mississippi Rebels,pinnacle,Spread,Kentucky Wildcats,-10.0,,-105,
2026-01-23 17:09:11,"Kentucky Wildcats vs Mississippi Rebels, 2026-01-24, 11",Kentucky Wildcats,Mississippi Rebels,pinnacle,Spread,Mississippi Rebels,10.0,,-119,
2026-01-23 17:09:11,"Kentucky Wildcats vs Mississippi Rebels, 2026-01-24, 11",Kentucky Wildcats,Mississippi Rebels,pinnacle,Spread,Mississippi Rebels,7.5,,+123,
2026-01-23 17:09:11,"Kentucky Wildcats vs Mississippi Rebels, 2026-01-24, 11",Kentucky Wildcats,Mississippi Rebels,fanduel,Spread,Mississippi Rebels,9.5,,-110,https://sportsbook.fanduel.ca/addToBetslip?marketId=801.152222293&selectionId=5991319
2026-01-23 17:09:11,"Kentucky Wildcats vs Mississippi Rebels, 2026-01-24, 11",Kentucky Wildcats,Mississippi Rebels,fanduel,Spread,Kentucky Wildcats,-9.5,,-110,https://sportsbook.fanduel.ca/addToBetslip?marketId=801.152222293&selectionId=332189
2026-01-23 17:09:11,"Kentucky Wildcats vs Mississippi Rebels, 2026-01-24, 11",Kentucky Wildcats,Mississippi Rebels,betonline,Spread,Mississippi Rebels,9.5,,-110,
2026-01-23 17:09:11,"Kentucky Wildcats vs Mississippi Rebels, 2026-01-24, 11",Kentucky Wildcats,Mississippi Rebels,betonline,Spread,Kentucky Wildcats,-9.5,,-110,
2026-01-23 17:09:11,"Kentucky Wildcats vs Mississippi Rebels, 2026-01-24, 11",Kentucky Wildcats,Mississippi Rebels,draftkings,Spread,Mississippi Rebels,9.5,,-112,https://sportsbook.draftkings.com/event/ole-miss-%40-kentucky/33516269?outcomes=0HC83116636P950_3
2026-01-23 17:09:11,"Kentucky Wildcats vs Mississippi Rebels, 2026-01-24, 11",Kentucky Wildcats,Mississippi Rebels,draftkings,Spread,Kentucky Wildcats,-9.5,,-108,https://sportsbook.draftkings.com/event/ole-miss-%40-kentucky/33516269?outcomes=0HC83116636N950_1
2026-01-23 17:09:11,"Kentucky Wildcats vs Mississippi Rebels, 2026-01-24, 11",Kentucky Wildcats,Mississippi Rebels,pinnacle,Total,,146.0,O,+112,
2026-01-23 17:09:11,"Kentucky Wildcats vs Mississippi Rebels, 2026-01-24, 11",Kentucky Wildcats,Mississippi Rebels,pinnacle,Total,,146.0,U,-147,
2026-01-23 17:09:11,"Kentucky Wildcats vs Mississippi Rebels, 2026-01-24, 11",Kentucky Wildcats,Mississippi Rebels,pinnacle,Total,,145.5,O,+106,
2026-01-23 17:09:11,"Kentucky Wildcats vs Mississippi Rebels, 2026-01-24, 11",Kentucky Wildcats,Mississippi Rebels,pinnacle,Total,,145.5,U,-139,
2026-01-23 17:09:11,"Kentucky Wildcats vs Mississippi Rebels, 2026-01-24, 11",Kentucky Wildcats,Mississippi Rebels,pinnacle,Total,,145.0,O,+102,
2026-01-23 17:09:11,"Kentucky Wildcats vs Mississippi Rebels, 2026-01-24, 11",Kentucky Wildcats,Mississippi Rebels,pinnacle,Total,,145.0,U,-132,
2026-01-23 17:09:11,"Kentucky Wildcats vs Mississippi Rebels, 2026-01-24, 11",Kentucky Wildcats,Mississippi Rebels,pinnacle,Total,,144.5,O,-104,
2026-01-23 17:09:11,"Kentucky Wildcats vs Mississippi Rebels, 2026-01-24, 11",Kentucky Wildcats,Mississippi Rebels,pinnacle,Total,,144.5,U,-125,
2026-01-23 17:09:11,"Kentucky Wildcats vs Mississippi Rebels, 2026-01-24, 11",Kentucky Wildcats,Mississippi Rebels,pinnacle,Total,,144.0,O,-108,
2026-01-23 17:09:11,"Kentucky Wildcats vs Mississippi Rebels, 2026-01-24, 11",Kentucky Wildcats,Mississippi Rebels,pinnacle,Total,,144.0,U,-116,
2026-01-23 17:09:11,"Kentucky Wildcats vs Mississippi Rebels, 2026-01-24, 11",Kentucky Wildcats,Mississippi Rebels,pinnacle,Total,,143.5,O,-117,
2026-01-23 17:09:11,"Kentucky Wildcats vs Mississippi Rebels, 2026-01-24, 11",Kentucky Wildcats,Mississippi Rebels,pinnacle,Total,,143.5,U,-111,
2026-01-23 17:09:11,"Kentucky Wildcats vs Mississippi Rebels, 2026-01-24, 11",Kentucky Wildcats,Mississippi Rebels,pinnacle,Total,,143.0,O,-124,
2026-01-23 17:09:11,"Kentucky Wildcats vs Mississippi Rebels, 2026-01-24, 11",Kentucky Wildcats,Mississippi Rebels,pinnacle,Total,,143.0,U,-105,
2026-01-23 17:09:11,"Kentucky Wildcats vs Mississippi Rebels, 2026-01-24, 11",Kentucky Wildcats,Mississippi Rebels,pinnacle,Total,,142.5,O,-130,
2026-01-23 17:09:11,"Kentucky Wildcats vs Mississippi Rebels, 2026-01-24, 11",Kentucky Wildcats,Mississippi Rebels,pinnacle,Total,,142.5,U,+100,
2026-01-23 17:09:11,"Kentucky Wildcats vs Mississippi Rebels, 2026-01-24, 11",Kentucky Wildcats,Mississippi Rebels,pinnacle,Total,,142.0,O,-138,
2026-01-23 17:09:11,"Kentucky Wildcats vs Mississippi Rebels, 2026-01-24, 11",Kentucky Wildcats,Mississippi Rebels,pinnacle,Total,,142.0,U,+106,
2026-01-23 17:09:11,"Kentucky Wildcats vs Mississippi Rebels, 2026-01-24, 11",Kentucky Wildcats,Mississippi Rebels,fanduel,Total,,143.5,O,-115,https://sportsbook.fanduel.ca/addToBetslip?marketId=801.152222290&selectionId=7017823
2026-01-23 17:09:11,"Kentucky Wildcats vs Mississippi Rebels, 2026-01-24, 11",Kentucky Wildcats,Mississippi Rebels,fanduel,Total,,143.5,U,-105,https://sportsbook.fanduel.ca/addToBetslip?marketId=801.152222290&selectionId=7017824
2026-01-23 17:09:11,"Kentucky Wildcats vs Mississippi Rebels, 2026-01-24, 11",Kentucky Wildcats,Mississippi Rebels,betonline,Total,,145.0,U,-110,
2026-01-23 17:09:11,"Kentucky Wildcats vs Mississippi Rebels, 2026-01-24, 11",Kentucky Wildcats,Mississippi Rebels,betonline,Total,,145.0,O,-110,
2026-01-23 17:09:11,"Kentucky Wildcats vs Mississippi Rebels, 2026-01-24, 11",Kentucky Wildcats,Mississippi Rebels,draftkings,Total,,144.5,O,-108,https://sportsbook.draftkings.com/event/ole-miss-%40-kentucky/33516269?outcomes=0OU83116636O14450_1
2026-01-23 17:09:11,"Kentucky Wildcats vs Mississippi Rebels, 2026-01-24, 11",Kentucky Wildcats,Mississippi Rebels,draftkings,Total,,144.5,U,-112,https://sportsbook.draftkings.com/event/ole-miss-%40-kentucky/33516269?outcomes=0OU83116636U14450_3
2026-01-23 17:09:11,"Le Moyne Dolphins vs Wagner Seahawks, 2026-01-23, 07",Le Moyne Dolphins,Wagner Seahawks,pinnacle,Spread,Le Moyne Dolphins,-6.0,,-161,
2026-01-23 17:09:11,"Le Moyne Dolphins vs Wagner Seahawks, 2026-01-23, 07",Le Moyne Dolphins,Wagner Seahawks,pinnacle,Spread,Wagner Seahawks,6.0,,+126,
2026-01-23 17:09:11,"Le Moyne Dolphins vs Wagner Seahawks, 2026-01-23, 07",Le Moyne Dolphins,Wagner Seahawks,pinnacle,Spread,Le Moyne Dolphins,-6.5,,-150,
2026-01-23 17:09:11,"Le Moyne Dolphins vs Wagner Seahawks, 2026-01-23, 07",Le Moyne Dolphins,Wagner Seahawks,pinnacle,Spread,Wagner Seahawks,6.5,,+118,
2026-01-23 17:09:11,"Le Moyne Dolphins vs Wagner Seahawks, 2026-01-23, 07",Le Moyne Dolphins,Wagner Seahawks,pinnacle,Spread,Le Moyne Dolphins,-7.0,,-139,
2026-01-23 17:09:11,"Le Moyne Dolphins vs Wagner Seahawks, 2026-01-23, 07",Le Moyne Dolphins,Wagner Seahawks,pinnacle,Spread,Wagner Seahawks,7.0,,+110,
2026-01-23 17:09:11,"Le Moyne Dolphins vs Wagner Seahawks, 2026-01-23, 07",Le Moyne Dolphins,Wagner Seahawks,pinnacle,Spread,Le Moyne Dolphins,-7.5,,-128,
2026-01-23 17:09:11,"Le Moyne Dolphins vs Wagner Seahawks, 2026-01-23, 07",Le Moyne Dolphins,Wagner Seahawks,pinnacle,Spread,Wagner Seahawks,7.5,,+102,
2026-01-23 17:09:11,"Le Moyne Dolphins vs Wagner Seahawks, 2026-01-23, 07",Le Moyne Dolphins,Wagner Seahawks,pinnacle,Spread,Le Moyne Dolphins,-8.0,,-115,
2026-01-23 17:09:11,"Le Moyne Dolphins vs Wagner Seahawks, 2026-01-23, 07",Le Moyne Dolphins,Wagner Seahawks,pinnacle,Spread,Le Moyne Dolphins,-8.5,,-108,
2026-01-23 17:09:11,"Le Moyne Dolphins vs Wagner Seahawks, 2026-01-23, 07",Le Moyne Dolphins,Wagner Seahawks,pinnacle,Spread,Wagner Seahawks,8.5,,-117,
2026-01-23 17:09:11,"Le Moyne Dolphins vs Wagner Seahawks, 2026-01-23, 07",Le Moyne Dolphins,Wagner Seahawks,pinnacle,Spread,Le Moyne Dolphins,-9.0,,+100,
2026-01-23 17:09:11,"Le Moyne Dolphins vs Wagner Seahawks, 2026-01-23, 07",Le Moyne Dolphins,Wagner Seahawks,pinnacle,Spread,Wagner Seahawks,9.0,,-126,
2026-01-23 17:09:11,"Le Moyne Dolphins vs Wagner Seahawks, 2026-01-23, 07",Le Moyne Dolphins,Wagner Seahawks,pinnacle,Spread,Le Moyne Dolphins,-9.5,,+108,
2026-01-23 17:09:11,"Le Moyne Dolphins vs Wagner Seahawks, 2026-01-23, 07",Le Moyne Dolphins,Wagner Seahawks,pinnacle,Spread,Wagner Seahawks,9.5,,-136,
2026-01-23 17:09:11,"Le Moyne Dolphins vs Wagner Seahawks, 2026-01-23, 07",Le Moyne Dolphins,Wagner Seahawks,pinnacle,Spread,Le Moyne Dolphins,-10.0,,+115,
2026-01-23 17:09:11,"Le Moyne Dolphins vs Wagner Seahawks, 2026-01-23, 07",Le Moyne Dolphins,Wagner Seahawks,pinnacle,Spread,Wagner Seahawks,10.0,,-146,
2026-01-23 17:09:11,"Le Moyne Dolphins vs Wagner Seahawks, 2026-01-23, 07",Le Moyne Dolphins,Wagner Seahawks,pinnacle,Spread,Wagner Seahawks,8.0,,-105,
2026-01-23 17:09:11,"Le Moyne Dolphins vs Wagner Seahawks, 2026-01-23, 07",Le Moyne Dolphins,Wagner Seahawks,betonline,Spread,Le Moyne Dolphins,-8.0,,-115,
2026-01-23 17:09:11,"Le Moyne Dolphins vs Wagner Seahawks, 2026-01-23, 07",Le Moyne Dolphins,Wagner Seahawks,betonline,Spread,Wagner Seahawks,8.0,,-105,
2026-01-23 17:09:11,"Le Moyne Dolphins vs Wagner Seahawks, 2026-01-23, 07",Le Moyne Dolphins,Wagner Seahawks,draftkings,Spread,Wagner Seahawks,8.5,,-112,https://sportsbook.draftkings.com/event/wagner-%40-le-moyne/33511821?outcomes=0HC83105928P850_3
2026-01-23 17:09:11,"Le Moyne Dolphins vs Wagner Seahawks, 2026-01-23, 07",Le Moyne Dolphins,Wagner Seahawks,draftkings,Spread,Le Moyne Dolphins,-8.5,,-108,https://sportsbook.draftkings.com/event/wagner-%40-le-moyne/33511821?outcomes=0HC83105928N850_1
2026-01-23 17:09:11,"Le Moyne Dolphins vs Wagner Seahawks, 2026-01-23, 07",Le Moyne Dolphins,Wagner Seahawks,draftkings,Spread,Wagner Seahawks,-5.5,,+544,https://sportsbook.draftkings.com/event/wagner-%40-le-moyne/33511821?outcomes=0HC83106962N550_3
2026-01-23 17:09:11,"Le Moyne Dolphins vs Wagner Seahawks, 2026-01-23, 07",Le Moyne Dolphins,Wagner Seahawks,draftkings,Spread,Le Moyne Dolphins,5.5,,-1160,https://sportsbook.draftkings.com/event/wagner-%40-le-moyne/33511821?outcomes=0HC83106962P550_1
2026-01-23 17:09:11,"Le Moyne Dolphins vs Wagner Seahawks, 2026-01-23, 07",Le Moyne Dolphins,Wagner Seahawks,draftkings,Spread,Wagner Seahawks,-4.5,,+485,https://sportsbook.draftkings.com/event/wagner-%40-le-moyne/33511821?outcomes=0HC83106962N450_3
2026-01-23 17:09:11,"Le Moyne Dolphins vs Wagner Seahawks, 2026-01-23, 07",Le Moyne Dolphins,Wagner Seahawks,draftkings,Spread,Le Moyne Dolphins,4.5,,-950,https://sportsbook.draftkings.com/event/wagner-%40-le-moyne/33511821?outcomes=0HC83106962P450_1
2026-01-23 17:09:11,"Le Moyne Dolphins vs Wagner Seahawks, 2026-01-23, 07",Le Moyne Dolphins,Wagner Seahawks,draftkings,Spread,Wagner Seahawks,-3.5,,+426,https://sportsbook.draftkings.com/event/wagner-%40-le-moyne/33511821?outcomes=0HC83106962N350_3
2026-01-23 17:09:11,"Le Moyne Dolphins vs Wagner Seahawks, 2026-01-23, 07",Le Moyne Dolphins,Wagner Seahawks,draftkings,Spread,Le Moyne Dolphins,3.5,,-770,https://sportsbook.draftkings.com/event/wagner-%40-le-moyne/33511821?outcomes=0HC83106962P350_1
2026-01-23 17:09:11,"Le Moyne Dolphins vs Wagner Seahawks, 2026-01-23, 07",Le Moyne Dolphins,Wagner Seahawks,draftkings,Spread,Wagner Seahawks,-2.5,,+380,https://sportsbook.draftkings.com/event/wagner-%40-le-moyne/33511821?outcomes=0HC83106962N250_3
2026-01-23 17:09:11,"Le Moyne Dolphins vs Wagner Seahawks, 2026-01-23, 07",Le Moyne Dolphins,Wagner Seahawks,draftkings,Spread,Le Moyne Dolphins,2.5,,-660,https://sportsbook.draftkings.com/event/wagner-%40-le-moyne/33511821?outcomes=0HC83106962P250_1
2026-01-23 17:09:11,"Le Moyne Dolphins vs Wagner Seahawks, 2026-01-23, 07",Le Moyne Dolphins,Wagner Seahawks,draftkings,Spread,Wagner Seahawks,-1.5,,+330,https://sportsbook.draftkings.com/event/wagner-%40-le-moyne/33511821?outcomes=0HC83106962N150_3
2026-01-23 17:09:11,"Le Moyne Dolphins vs Wagner Seahawks, 2026-01-23, 07",Le Moyne Dolphins,Wagner Seahawks,draftkings,Spread,Le Moyne Dolphins,-14.5,,+218,https://sportsbook.draftkings.com/event/wagner-%40-le-moyne/33511821?outcomes=0HC83106962N1450_1
2026-01-23 17:09:11,"Le Moyne Dolphins vs Wagner Seahawks, 2026-01-23, 07",Le Moyne Dolphins,Wagner Seahawks,draftkings,Spread,Wagner Seahawks,15.5,,-390,https://sportsbook.draftkings.com/event/wagner-%40-le-moyne/33511821?outcomes=0HC83106962P1550_3
2026-01-23 17:09:11,"Le Moyne Dolphins vs Wagner Seahawks, 2026-01-23, 07",Le Moyne Dolphins,Wagner Seahawks,draftkings,Spread,Le Moyne Dolphins,-15.5,,+257,https://sportsbook.draftkings.com/event/wagner-%40-le-moyne/33511821?outcomes=0HC83106962N1550_1
2026-01-23 17:09:11,"Le Moyne Dolphins vs Wagner Seahawks, 2026-01-23, 07",Le Moyne Dolphins,Wagner Seahawks,draftkings,Spread,Wagner Seahawks,16.5,,-470,https://sportsbook.draftkings.com/event/wagner-%40-le-moyne/33511821?outcomes=0HC83106962P1650_3
2026-01-23 17:09:11,"Le Moyne Dolphins vs Wagner Seahawks, 2026-01-23, 07",Le Moyne Dolphins,Wagner Seahawks,draftkings,Spread,Le Moyne Dolphins,-16.5,,+298,https://sportsbook.draftkings.com/event/wagner-%40-le-moyne/33511821?outcomes=0HC83106962N1650_1
2026-01-23 17:09:11,"Le Moyne Dolphins vs Wagner Seahawks, 2026-01-23, 07",Le Moyne Dolphins,Wagner Seahawks,draftkings,Spread,Wagner Seahawks,17.5,,-538,https://sportsbook.draftkings.com/event/wagner-%40-le-moyne/33511821?outcomes=0HC83106962P1750_3
2026-01-23 17:09:11,"Le Moyne Dolphins vs Wagner Seahawks, 2026-01-23, 07",Le Moyne Dolphins,Wagner Seahawks,draftkings,Spread,Le Moyne Dolphins,-17.5,,+330,https://sportsbook.draftkings.com/event/wagner-%40-le-moyne/33511821?outcomes=0HC83106962N1750_1
2026-01-23 17:09:11,"Le Moyne Dolphins vs Wagner Seahawks, 2026-01-23, 07",Le Moyne Dolphins,Wagner Seahawks,draftkings,Spread,Wagner Seahawks,18.5,,-650,https://sportsbook.draftkings.com/event/wagner-%40-le-moyne/33511821?outcomes=0HC83106962P1850_3
2026-01-23 17:09:11,"Le Moyne Dolphins vs Wagner Seahawks, 2026-01-23, 07",Le Moyne Dolphins,Wagner Seahawks,draftkings,Spread,Le Moyne Dolphins,-18.5,,+379,https://sportsbook.draftkings.com/event/wagner-%40-le-moyne/33511821?outcomes=0HC83106962N1850_1
2026-01-23 17:09:11,"Le Moyne Dolphins vs Wagner Seahawks, 2026-01-23, 07",Le Moyne Dolphins,Wagner Seahawks,draftkings,Spread,Wagner Seahawks,19.5,,-820,https://sportsbook.draftkings.com/event/wagner-%40-le-moyne/33511821?outcomes=0HC83106962P1950_3
2026-01-23 17:09:11,"Le Moyne Dolphins vs Wagner Seahawks, 2026-01-23, 07",Le Moyne Dolphins,Wagner Seahawks,draftkings,Spread,Le Moyne Dolphins,-19.5,,+441,https://sportsbook.draftkings.com/event/wagner-%40-le-moyne/33511821?outcomes=0HC83106962N1950_1
2026-01-23 17:09:11,"Le Moyne Dolphins vs Wagner Seahawks, 2026-01-23, 07",Le Moyne Dolphins,Wagner Seahawks,draftkings,Spread,Wagner Seahawks,20.5,,-1040,https://sportsbook.draftkings.com/event/wagner-%40-le-moyne/33511821?outcomes=0HC83106962P2050_3
2026-01-23 17:09:11,"Le Moyne Dolphins vs Wagner Seahawks, 2026-01-23, 07",Le Moyne Dolphins,Wagner Seahawks,draftkings,Spread,Le Moyne Dolphins,-20.5,,+514,https://sportsbook.draftkings.com/event/wagner-%40-le-moyne/33511821?outcomes=0HC83106962N2050_1
2026-01-23 17:09:11,"Le Moyne Dolphins vs Wagner Seahawks, 2026-01-23, 07",Le Moyne Dolphins,Wagner Seahawks,draftkings,Spread,Wagner Seahawks,14.5,,-319,https://sportsbook.draftkings.com/event/wagner-%40-le-moyne/33511821?outcomes=0HC83106962P1450_3
2026-01-23 17:09:11,"Le Moyne Dolphins vs Wagner Seahawks, 2026-01-23, 07",Le Moyne Dolphins,Wagner Seahawks,draftkings,Spread,Le Moyne Dolphins,-13.5,,+187,https://sportsbook.draftkings.com/event/wagner-%40-le-moyne/33511821?outcomes=0HC83106962N1350_1
2026-01-23 17:09:11,"Le Moyne Dolphins vs Wagner Seahawks, 2026-01-23, 07",Le Moyne Dolphins,Wagner Seahawks,draftkings,Spread,Wagner Seahawks,13.5,,-267,https://sportsbook.draftkings.com/event/wagner-%40-le-moyne/33511821?outcomes=0HC83106962P1350_3
2026-01-23 17:09:11,"Le Moyne Dolphins vs Wagner Seahawks, 2026-01-23, 07",Le Moyne Dolphins,Wagner Seahawks,draftkings,Spread,Le Moyne Dolphins,-12.5,,+163,https://sportsbook.draftkings.com/event/wagner-%40-le-moyne/33511821?outcomes=0HC83106962N1250_1
2026-01-23 17:09:11,"Le Moyne Dolphins vs Wagner Seahawks, 2026-01-23, 07",Le Moyne Dolphins,Wagner Seahawks,draftkings,Spread,Le Moyne Dolphins,1.5,,-536,https://sportsbook.draftkings.com/event/wagner-%40-le-moyne/33511821?outcomes=0HC83106962P150_1
2026-01-23 17:09:11,"Le Moyne Dolphins vs Wagner Seahawks, 2026-01-23, 07",Le Moyne Dolphins,Wagner Seahawks,draftkings,Spread,Wagner Seahawks,1.5,,+242,https://sportsbook.draftkings.com/event/wagner-%40-le-moyne/33511821?outcomes=0HC83106962P150_3
2026-01-23 17:09:11,"Le Moyne Dolphins vs Wagner Seahawks, 2026-01-23, 07",Le Moyne Dolphins,Wagner Seahawks,draftkings,Spread,Le Moyne Dolphins,-1.5,,-362,https://sportsbook.draftkings.com/event/wagner-%40-le-moyne/33511821?outcomes=0HC83106962N150_1
2026-01-23 17:09:11,"Le Moyne Dolphins vs Wagner Seahawks, 2026-01-23, 07",Le Moyne Dolphins,Wagner Seahawks,draftkings,Spread,Wagner Seahawks,2.5,,+199,https://sportsbook.draftkings.com/event/wagner-%40-le-moyne/33511821?outcomes=0HC83106962P250_3
2026-01-23 17:09:11,"Le Moyne Dolphins vs Wagner Seahawks, 2026-01-23, 07",Le Moyne Dolphins,Wagner Seahawks,draftkings,Spread,Le Moyne Dolphins,-2.5,,-287,https://sportsbook.draftkings.com/event/wagner-%40-le-moyne/33511821?outcomes=0HC83106962N250_1
2026-01-23 17:09:11,"Le Moyne Dolphins vs Wagner Seahawks, 2026-01-23, 07",Le Moyne Dolphins,Wagner Seahawks,draftkings,Spread,Wagner Seahawks,3.5,,+168,https://sportsbook.draftkings.com/event/wagner-%40-le-moyne/33511821?outcomes=0HC83106962P350_3
2026-01-23 17:09:11,"Le Moyne Dolphins vs Wagner Seahawks, 2026-01-23, 07",Le Moyne Dolphins,Wagner Seahawks,draftkings,Spread,Le Moyne Dolphins,-3.5,,-237,https://sportsbook.draftkings.com/event/wagner-%40-le-moyne/33511821?outcomes=0HC83106962N350_1
2026-01-23 17:09:11,"Le Moyne Dolphins vs Wagner Seahawks, 2026-01-23, 07",Le Moyne Dolphins,Wagner Seahawks,draftkings,Spread,Wagner Seahawks,4.5,,+147,https://sportsbook.draftkings.com/event/wagner-%40-le-moyne/33511821?outcomes=0HC83106962P450_3
2026-01-23 17:09:11,"Le Moyne Dolphins vs Wagner Seahawks, 2026-01-23, 07",Le Moyne Dolphins,Wagner Seahawks,draftkings,Spread,Le Moyne Dolphins,-4.5,,-204,https://sportsbook.draftkings.com/event/wagner-%40-le-moyne/33511821?outcomes=0HC83106962N450_1
2026-01-23 17:09:11,"Le Moyne Dolphins vs Wagner Seahawks, 2026-01-23, 07",Le Moyne Dolphins,Wagner Seahawks,draftkings,Spread,Wagner Seahawks,5.5,,+129,https://sportsbook.draftkings.com/event/wagner-%40-le-moyne/33511821?outcomes=0HC83106962P550_3
2026-01-23 17:09:11,"Le Moyne Dolphins vs Wagner Seahawks, 2026-01-23, 07",Le Moyne Dolphins,Wagner Seahawks,draftkings,Spread,Le Moyne Dolphins,-5.5,,-178,https://sportsbook.draftkings.com/event/wagner-%40-le-moyne/33511821?outcomes=0HC83106962N550_1
2026-01-23 17:09:11,"Le Moyne Dolphins vs Wagner Seahawks, 2026-01-23, 07",Le Moyne Dolphins,Wagner Seahawks,draftkings,Spread,Le Moyne Dolphins,-6.5,,-157,https://sportsbook.draftkings.com/event/wagner-%40-le-moyne/33511821?outcomes=0HC83106962N650_1
2026-01-23 17:09:11,"Le Moyne Dolphins vs Wagner Seahawks, 2026-01-23, 07",Le Moyne Dolphins,Wagner Seahawks,draftkings,Spread,Wagner Seahawks,7.5,,+100,https://sportsbook.draftkings.com/event/wagner-%40-le-moyne/33511821?outcomes=0HC83106962P750_3
2026-01-23 17:09:11,"Le Moyne Dolphins vs Wagner Seahawks, 2026-01-23, 07",Le Moyne Dolphins,Wagner Seahawks,draftkings,Spread,Le Moyne Dolphins,-7.5,,-137,https://sportsbook.draftkings.com/event/wagner-%40-le-moyne/33511821?outcomes=0HC83106962N750_1
2026-01-23 17:09:11,"Le Moyne Dolphins vs Wagner Seahawks, 2026-01-23, 07",Le Moyne Dolphins,Wagner Seahawks,draftkings,Spread,Wagner Seahawks,9.5,,-140,https://sportsbook.draftkings.com/event/wagner-%40-le-moyne/33511821?outcomes=0HC83106962P950_3
2026-01-23 17:09:11,"Le Moyne Dolphins vs Wagner Seahawks, 2026-01-23, 07",Le Moyne Dolphins,Wagner Seahawks,draftkings,Spread,Le Moyne Dolphins,-9.5,,+102,https://sportsbook.draftkings.com/event/wagner-%40-le-moyne/33511821?outcomes=0HC83106962N950_1
2026-01-23 17:09:11,"Le Moyne Dolphins vs Wagner Seahawks, 2026-01-23, 07",Le Moyne Dolphins,Wagner Seahawks,draftkings,Spread,Wagner Seahawks,10.5,,-166,https://sportsbook.draftkings.com/event/wagner-%40-le-moyne/33511821?outcomes=0HC83106962P1050_3
2026-01-23 17:09:11,"Le Moyne Dolphins vs Wagner Seahawks, 2026-01-23, 07",Le Moyne Dolphins,Wagner Seahawks,draftkings,Spread,Le Moyne Dolphins,-10.5,,+121,https://sportsbook.draftkings.com/event/wagner-%40-le-moyne/33511821?outcomes=0HC83106962N1050_1
2026-01-23 17:09:11,"Le Moyne Dolphins vs Wagner Seahawks, 2026-01-23, 07",Le Moyne Dolphins,Wagner Seahawks,draftkings,Spread,Wagner Seahawks,11.5,,-195,https://sportsbook.draftkings.com/event/wagner-%40-le-moyne/33511821?outcomes=0HC83106962P1150_3
2026-01-23 17:09:11,"Le Moyne Dolphins vs Wagner Seahawks, 2026-01-23, 07",Le Moyne Dolphins,Wagner Seahawks,draftkings,Spread,Le Moyne Dolphins,-11.5,,+141,https://sportsbook.draftkings.com/event/wagner-%40-le-moyne/33511821?outcomes=0HC83106962N1150_1
2026-01-23 17:09:11,"Le Moyne Dolphins vs Wagner Seahawks, 2026-01-23, 07",Le Moyne Dolphins,Wagner Seahawks,draftkings,Spread,Wagner Seahawks,12.5,,-229,https://sportsbook.draftkings.com/event/wagner-%40-le-moyne/33511821?outcomes=0HC83106962P1250_3
2026-01-23 17:09:11,"Le Moyne Dolphins vs Wagner Seahawks, 2026-01-23, 07",Le Moyne Dolphins,Wagner Seahawks,draftkings,Spread,Wagner Seahawks,6.5,,+115,https://sportsbook.draftkings.com/event/wagner-%40-le-moyne/33511821?outcomes=0HC83106962P650_3
2026-01-23 17:09:11,"Le Moyne Dolphins vs Wagner Seahawks, 2026-01-23, 07",Le Moyne Dolphins,Wagner Seahawks,pinnacle,Total,,143.0,U,+109,
2026-01-23 17:09:11,"Le Moyne Dolphins vs Wagner Seahawks, 2026-01-23, 07",Le Moyne Dolphins,Wagner Seahawks,pinnacle,Total,,143.0,O,-143,
2026-01-23 17:09:11,"Le Moyne Dolphins vs Wagner Seahawks, 2026-01-23, 07",Le Moyne Dolphins,Wagner Seahawks,pinnacle,Total,,143.5,U,+104,
2026-01-23 17:09:11,"Le Moyne Dolphins vs Wagner Seahawks, 2026-01-23, 07",Le Moyne Dolphins,Wagner Seahawks,pinnacle,Total,,147.0,O,+108,
2026-01-23 17:09:11,"Le Moyne Dolphins vs Wagner Seahawks, 2026-01-23, 07",Le Moyne Dolphins,Wagner Seahawks,pinnacle,Total,,147.0,U,-141,
2026-01-23 17:09:11,"Le Moyne Dolphins vs Wagner Seahawks, 2026-01-23, 07",Le Moyne Dolphins,Wagner Seahawks,pinnacle,Total,,146.5,O,+101,
2026-01-23 17:09:11,"Le Moyne Dolphins vs Wagner Seahawks, 2026-01-23, 07",Le Moyne Dolphins,Wagner Seahawks,pinnacle,Total,,146.5,U,-132,
2026-01-23 17:09:11,"Le Moyne Dolphins vs Wagner Seahawks, 2026-01-23, 07",Le Moyne Dolphins,Wagner Seahawks,pinnacle,Total,,146.0,U,-124,
2026-01-23 17:09:11,"Le Moyne Dolphins vs Wagner Seahawks, 2026-01-23, 07",Le Moyne Dolphins,Wagner Seahawks,pinnacle,Total,,145.5,O,-111,
2026-01-23 17:09:11,"Le Moyne Dolphins vs Wagner Seahawks, 2026-01-23, 07",Le Moyne Dolphins,Wagner Seahawks,pinnacle,Total,,145.5,U,-117,
2026-01-23 17:09:11,"Le Moyne Dolphins vs Wagner Seahawks, 2026-01-23, 07",Le Moyne Dolphins,Wagner Seahawks,pinnacle,Total,,145.0,O,-115,
2026-01-23 17:09:11,"Le Moyne Dolphins vs Wagner Seahawks, 2026-01-23, 07",Le Moyne Dolphins,Wagner Seahawks,pinnacle,Total,,145.0,U,-109,
2026-01-23 17:09:11,"Le Moyne Dolphins vs Wagner Seahawks, 2026-01-23, 07",Le Moyne Dolphins,Wagner Seahawks,pinnacle,Total,,144.5,O,-123,
2026-01-23 17:09:11,"Le Moyne Dolphins vs Wagner Seahawks, 2026-01-23, 07",Le Moyne Dolphins,Wagner Seahawks,pinnacle,Total,,144.5,U,-105,
2026-01-23 17:09:11,"Le Moyne Dolphins vs Wagner Seahawks, 2026-01-23, 07",Le Moyne Dolphins,Wagner Seahawks,pinnacle,Total,,144.0,O,-130,
2026-01-23 17:09:11,"Le Moyne Dolphins vs Wagner Seahawks, 2026-01-23, 07",Le Moyne Dolphins,Wagner Seahawks,pinnacle,Total,,144.0,U,-100,
2026-01-23 17:09:11,"Le Moyne Dolphins vs Wagner Seahawks, 2026-01-23, 07",Le Moyne Dolphins,Wagner Seahawks,pinnacle,Total,,143.5,O,-136,
2026-01-23 17:09:11,"Le Moyne Dolphins vs Wagner Seahawks, 2026-01-23, 07",Le Moyne Dolphins,Wagner Seahawks,pinnacle,Total,,146.0,O,-105,
2026-01-23 17:09:11,"Le Moyne Dolphins vs Wagner Seahawks, 2026-01-23, 07",Le Moyne Dolphins,Wagner Seahawks,betonline,Total,,145.0,O,-110,
2026-01-23 17:09:11,"Le Moyne Dolphins vs Wagner Seahawks, 2026-01-23, 07",Le Moyne Dolphins,Wagner Seahawks,betonline,Total,,145.0,U,-110,
2026-01-23 17:09:11,"Le Moyne Dolphins vs Wagner Seahawks, 2026-01-23, 07",Le Moyne Dolphins,Wagner Seahawks,draftkings,Total,,144.5,O,-115,https://sportsbook.draftkings.com/event/wagner-%40-le-moyne/33511821?outcomes=0OU83105928O14450_1
2026-01-23 17:09:11,"Le Moyne Dolphins vs Wagner Seahawks, 2026-01-23, 07",Le Moyne Dolphins,Wagner Seahawks,draftkings,Total,,144.5,U,-105,https://sportsbook.draftkings.com/event/wagner-%40-le-moyne/33511821?outcomes=0OU83105928U14450_3
2026-01-23 17:09:11,"Le Moyne Dolphins vs Wagner Seahawks, 2026-01-23, 07",Le Moyne Dolphins,Wagner Seahawks,draftkings,Total,,132.5,O,-475,https://sportsbook.draftkings.com/event/wagner-%40-le-moyne/33511821?outcomes=0OU83106962O13250_1
2026-01-23 17:09:11,"Le Moyne Dolphins vs Wagner Seahawks, 2026-01-23, 07",Le Moyne Dolphins,Wagner Seahawks,draftkings,Total,,132.5,U,+325,https://sportsbook.draftkings.com/event/wagner-%40-le-moyne/33511821?outcomes=0OU83106962U13250_3
2026-01-23 17:09:11,"Le Moyne Dolphins vs Wagner Seahawks, 2026-01-23, 07",Le Moyne Dolphins,Wagner Seahawks,draftkings,Total,,133.5,O,-410,https://sportsbook.draftkings.com/event/wagner-%40-le-moyne/33511821?outcomes=0OU83106962O13350_1
2026-01-23 17:09:11,"Le Moyne Dolphins vs Wagner Seahawks, 2026-01-23, 07",Le Moyne Dolphins,Wagner Seahawks,draftkings,Total,,133.5,U,+290,https://sportsbook.draftkings.com/event/wagner-%40-le-moyne/33511821?outcomes=0OU83106962U13350_3
2026-01-23 17:09:11,"Le Moyne Dolphins vs Wagner Seahawks, 2026-01-23, 07",Le Moyne Dolphins,Wagner Seahawks,draftkings,Total,,134.5,O,-375,https://sportsbook.draftkings.com/event/wagner-%40-le-moyne/33511821?outcomes=0OU83106962O13450_1
2026-01-23 17:09:11,"Le Moyne Dolphins vs Wagner Seahawks, 2026-01-23, 07",Le Moyne Dolphins,Wagner Seahawks,draftkings,Total,,134.5,U,+270,https://sportsbook.draftkings.com/event/wagner-%40-le-moyne/33511821?outcomes=0OU83106962U13450_3
2026-01-23 17:09:11,"Le Moyne Dolphins vs Wagner Seahawks, 2026-01-23, 07",Le Moyne Dolphins,Wagner Seahawks,draftkings,Total,,135.5,O,-330,https://sportsbook.draftkings.com/event/wagner-%40-le-moyne/33511821?outcomes=0OU83106962O13550_1
2026-01-23 17:09:11,"Le Moyne Dolphins vs Wagner Seahawks, 2026-01-23, 07",Le Moyne Dolphins,Wagner Seahawks,draftkings,Total,,135.5,U,+240,https://sportsbook.draftkings.com/event/wagner-%40-le-moyne/33511821?outcomes=0OU83106962U13550_3
2026-01-23 17:09:11,"Le Moyne Dolphins vs Wagner Seahawks, 2026-01-23, 07",Le Moyne Dolphins,Wagner Seahawks,draftkings,Total,,136.5,U,+210,https://sportsbook.draftkings.com/event/wagner-%40-le-moyne/33511821?outcomes=0OU83106962U13650_3
2026-01-23 17:09:11,"Le Moyne Dolphins vs Wagner Seahawks, 2026-01-23, 07",Le Moyne Dolphins,Wagner Seahawks,draftkings,Total,,151.5,O,+175,https://sportsbook.draftkings.com/event/wagner-%40-le-moyne/33511821?outcomes=0OU83106962O15150_1
2026-01-23 17:09:11,"Le Moyne Dolphins vs Wagner Seahawks, 2026-01-23, 07",Le Moyne Dolphins,Wagner Seahawks,draftkings,Total,,151.5,U,-230,https://sportsbook.draftkings.com/event/wagner-%40-le-moyne/33511821?outcomes=0OU83106962U15150_3
2026-01-23 17:09:11,"Le Moyne Dolphins vs Wagner Seahawks, 2026-01-23, 07",Le Moyne Dolphins,Wagner Seahawks,draftkings,Total,,152.5,O,+195,https://sportsbook.draftkings.com/event/wagner-%40-le-moyne/33511821?outcomes=0OU83106962O15250_1
2026-01-23 17:09:11,"Le Moyne Dolphins vs Wagner Seahawks, 2026-01-23, 07",Le Moyne Dolphins,Wagner Seahawks,draftkings,Total,,152.5,U,-260,https://sportsbook.draftkings.com/event/wagner-%40-le-moyne/33511821?outcomes=0OU83106962U15250_3
2026-01-23 17:09:11,"Le Moyne Dolphins vs Wagner Seahawks, 2026-01-23, 07",Le Moyne Dolphins,Wagner Seahawks,draftkings,Total,,153.5,O,+220,https://sportsbook.draftkings.com/event/wagner-%40-le-moyne/33511821?outcomes=0OU83106962O15350_1
2026-01-23 17:09:11,"Le Moyne Dolphins vs Wagner Seahawks, 2026-01-23, 07",Le Moyne Dolphins,Wagner Seahawks,draftkings,Total,,153.5,U,-298,https://sportsbook.draftkings.com/event/wagner-%40-le-moyne/33511821?outcomes=0OU83106962U15350_3
2026-01-23 17:09:11,"Le Moyne Dolphins vs Wagner Seahawks, 2026-01-23, 07",Le Moyne Dolphins,Wagner Seahawks,draftkings,Total,,154.5,O,+240,https://sportsbook.draftkings.com/event/wagner-%40-le-moyne/33511821?outcomes=0OU83106962O15450_1
2026-01-23 17:09:11,"Le Moyne Dolphins vs Wagner Seahawks, 2026-01-23, 07",Le Moyne Dolphins,Wagner Seahawks,draftkings,Total,,154.5,U,-330,https://sportsbook.draftkings.com/event/wagner-%40-le-moyne/33511821?outcomes=0OU83106962U15450_3
2026-01-23 17:09:11,"Le Moyne Dolphins vs Wagner Seahawks, 2026-01-23, 07",Le Moyne Dolphins,Wagner Seahawks,draftkings,Total,,155.5,O,+270,https://sportsbook.draftkings.com/event/wagner-%40-le-moyne/33511821?outcomes=0OU83106962O15550_1
2026-01-23 17:09:11,"Le Moyne Dolphins vs Wagner Seahawks, 2026-01-23, 07",Le Moyne Dolphins,Wagner Seahawks,draftkings,Total,,155.5,U,-375,https://sportsbook.draftkings.com/event/wagner-%40-le-moyne/33511821?outcomes=0OU83106962U15550_3
2026-01-23 17:09:11,"Le Moyne Dolphins vs Wagner Seahawks, 2026-01-23, 07",Le Moyne Dolphins,Wagner Seahawks,draftkings,Total,,156.5,O,+300,https://sportsbook.draftkings.com/event/wagner-%40-le-moyne/33511821?outcomes=0OU83106962O15650_1
2026-01-23 17:09:11,"Le Moyne Dolphins vs Wagner Seahawks, 2026-01-23, 07",Le Moyne Dolphins,Wagner Seahawks,draftkings,Total,,156.5,U,-425,https://sportsbook.draftkings.com/event/wagner-%40-le-moyne/33511821?outcomes=0OU83106962U15650_3
2026-01-23 17:09:11,"Le Moyne Dolphins vs Wagner Seahawks, 2026-01-23, 07",Le Moyne Dolphins,Wagner Seahawks,draftkings,Total,,150.5,U,-210,https://sportsbook.draftkings.com/event/wagner-%40-le-moyne/33511821?outcomes=0OU83106962U15050_3
2026-01-23 17:09:11,"Le Moyne Dolphins vs Wagner Seahawks, 2026-01-23, 07",Le Moyne Dolphins,Wagner Seahawks,draftkings,Total,,150.5,O,+160,https://sportsbook.draftkings.com/event/wagner-%40-le-moyne/33511821?outcomes=0OU83106962O15050_1
2026-01-23 17:09:11,"Le Moyne Dolphins vs Wagner Seahawks, 2026-01-23, 07",Le Moyne Dolphins,Wagner Seahawks,draftkings,Total,,149.5,U,-188,https://sportsbook.draftkings.com/event/wagner-%40-le-moyne/33511821?outcomes=0OU83106962U14950_3
2026-01-23 17:09:11,"Le Moyne Dolphins vs Wagner Seahawks, 2026-01-23, 07",Le Moyne Dolphins,Wagner Seahawks,draftkings,Total,,149.5,O,+145,https://sportsbook.draftkings.com/event/wagner-%40-le-moyne/33511821?outcomes=0OU83106962O14950_1
2026-01-23 17:09:11,"Le Moyne Dolphins vs Wagner Seahawks, 2026-01-23, 07",Le Moyne Dolphins,Wagner Seahawks,draftkings,Total,,137.5,O,-250,https://sportsbook.draftkings.com/event/wagner-%40-le-moyne/33511821?outcomes=0OU83106962O13750_1
2026-01-23 17:09:11,"Le Moyne Dolphins vs Wagner Seahawks, 2026-01-23, 07",Le Moyne Dolphins,Wagner Seahawks,draftkings,Total,,137.5,U,+190,https://sportsbook.draftkings.com/event/wagner-%40-le-moyne/33511821?outcomes=0OU83106962U13750_3
2026-01-23 17:09:11,"Le Moyne Dolphins vs Wagner Seahawks, 2026-01-23, 07",Le Moyne Dolphins,Wagner Seahawks,draftkings,Total,,138.5,O,-220,https://sportsbook.draftkings.com/event/wagner-%40-le-moyne/33511821?outcomes=0OU83106962O13850_1
2026-01-23 17:09:11,"Le Moyne Dolphins vs Wagner Seahawks, 2026-01-23, 07",Le Moyne Dolphins,Wagner Seahawks,draftkings,Total,,138.5,U,+170,https://sportsbook.draftkings.com/event/wagner-%40-le-moyne/33511821?outcomes=0OU83106962U13850_3
2026-01-23 17:09:11,"Le Moyne Dolphins vs Wagner Seahawks, 2026-01-23, 07",Le Moyne Dolphins,Wagner Seahawks,draftkings,Total,,139.5,O,-200,https://sportsbook.draftkings.com/event/wagner-%40-le-moyne/33511821?outcomes=0OU83106962O13950_1
2026-01-23 17:09:11,"Le Moyne Dolphins vs Wagner Seahawks, 2026-01-23, 07",Le Moyne Dolphins,Wagner Seahawks,draftkings,Total,,139.5,U,+154,https://sportsbook.draftkings.com/event/wagner-%40-le-moyne/33511821?outcomes=0OU83106962U13950_3
2026-01-23 17:09:11,"Le Moyne Dolphins vs Wagner Seahawks, 2026-01-23, 07",Le Moyne Dolphins,Wagner Seahawks,draftkings,Total,,140.5,O,-180,https://sportsbook.draftkings.com/event/wagner-%40-le-moyne/33511821?outcomes=0OU83106962O14050_1
2026-01-23 17:09:11,"Le Moyne Dolphins vs Wagner Seahawks, 2026-01-23, 07",Le Moyne Dolphins,Wagner Seahawks,draftkings,Total,,140.5,U,+140,https://sportsbook.draftkings.com/event/wagner-%40-le-moyne/33511821?outcomes=0OU83106962U14050_3
2026-01-23 17:09:11,"Le Moyne Dolphins vs Wagner Seahawks, 2026-01-23, 07",Le Moyne Dolphins,Wagner Seahawks,draftkings,Total,,141.5,O,-160,https://sportsbook.draftkings.com/event/wagner-%40-le-moyne/33511821?outcomes=0OU83106962O14150_1
2026-01-23 17:09:11,"Le Moyne Dolphins vs Wagner Seahawks, 2026-01-23, 07",Le Moyne Dolphins,Wagner Seahawks,draftkings,Total,,141.5,U,+124,https://sportsbook.draftkings.com/event/wagner-%40-le-moyne/33511821?outcomes=0OU83106962U14150_3
2026-01-23 17:09:11,"Le Moyne Dolphins vs Wagner Seahawks, 2026-01-23, 07",Le Moyne Dolphins,Wagner Seahawks,draftkings,Total,,136.5,O,-280,https://sportsbook.draftkings.com/event/wagner-%40-le-moyne/33511821?outcomes=0OU83106962O13650_1
2026-01-23 17:09:11,"Le Moyne Dolphins vs Wagner Seahawks, 2026-01-23, 07",Le Moyne Dolphins,Wagner Seahawks,draftkings,Total,,142.5,O,-145,https://sportsbook.draftkings.com/event/wagner-%40-le-moyne/33511821?outcomes=0OU83106962O14250_1
2026-01-23 17:09:11,"Le Moyne Dolphins vs Wagner Seahawks, 2026-01-23, 07",Le Moyne Dolphins,Wagner Seahawks,draftkings,Total,,143.5,O,-130,https://sportsbook.draftkings.com/event/wagner-%40-le-moyne/33511821?outcomes=0OU83106962O14350_1
2026-01-23 17:09:11,"Le Moyne Dolphins vs Wagner Seahawks, 2026-01-23, 07",Le Moyne Dolphins,Wagner Seahawks,draftkings,Total,,143.5,U,+100,https://sportsbook.draftkings.com/event/wagner-%40-le-moyne/33511821?outcomes=0OU83106962U14350_3
2026-01-23 17:09:11,"Le Moyne Dolphins vs Wagner Seahawks, 2026-01-23, 07",Le Moyne Dolphins,Wagner Seahawks,draftkings,Total,,145.5,O,-105,https://sportsbook.draftkings.com/event/wagner-%40-le-moyne/33511821?outcomes=0OU83106962O14550_1
2026-01-23 17:09:11,"Le Moyne Dolphins vs Wagner Seahawks, 2026-01-23, 07",Le Moyne Dolphins,Wagner Seahawks,draftkings,Total,,145.5,U,-125,https://sportsbook.draftkings.com/event/wagner-%40-le-moyne/33511821?outcomes=0OU83106962U14550_3
2026-01-23 17:09:11,"Le Moyne Dolphins vs Wagner Seahawks, 2026-01-23, 07",Le Moyne Dolphins,Wagner Seahawks,draftkings,Total,,146.5,O,+105,https://sportsbook.draftkings.com/event/wagner-%40-le-moyne/33511821?outcomes=0OU83106962O14650_1
2026-01-23 17:09:11,"Le Moyne Dolphins vs Wagner Seahawks, 2026-01-23, 07",Le Moyne Dolphins,Wagner Seahawks,draftkings,Total,,146.5,U,-135,https://sportsbook.draftkings.com/event/wagner-%40-le-moyne/33511821?outcomes=0OU83106962U14650_3
2026-01-23 17:09:11,"Le Moyne Dolphins vs Wagner Seahawks, 2026-01-23, 07",Le Moyne Dolphins,Wagner Seahawks,draftkings,Total,,147.5,O,+120,https://sportsbook.draftkings.com/event/wagner-%40-le-moyne/33511821?outcomes=0OU83106962O14750_1
2026-01-23 17:09:11,"Le Moyne Dolphins vs Wagner Seahawks, 2026-01-23, 07",Le Moyne Dolphins,Wagner Seahawks,draftkings,Total,,147.5,U,-154,https://sportsbook.draftkings.com/event/wagner-%40-le-moyne/33511821?outcomes=0OU83106962U14750_3
2026-01-23 17:09:11,"Le Moyne Dolphins vs Wagner Seahawks, 2026-01-23, 07",Le Moyne Dolphins,Wagner Seahawks,draftkings,Total,,148.5,O,+130,https://sportsbook.draftkings.com/event/wagner-%40-le-moyne/33511821?outcomes=0OU83106962O14850_1
2026-01-23 17:09:11,"Le Moyne Dolphins vs Wagner Seahawks, 2026-01-23, 07",Le Moyne Dolphins,Wagner Seahawks,draftkings,Total,,148.5,U,-166,https://sportsbook.draftkings.com/event/wagner-%40-le-moyne/33511821?outcomes=0OU83106962U14850_3
2026-01-23 17:09:11,"Le Moyne Dolphins vs Wagner Seahawks, 2026-01-23, 07",Le Moyne Dolphins,Wagner Seahawks,draftkings,Total,,142.5,U,+114,https://sportsbook.draftkings.com/event/wagner-%40-le-moyne/33511821?outcomes=0OU83106962U14250_3
2026-01-23 17:09:11,"Longwood Lancers vs Charleston Southern Buccaneers, 2026-01-23, 07",Longwood Lancers,Charleston Southern Buccaneers,pinnacle,Spread,Longwood Lancers,4.0,,-161,
2026-01-23 17:09:11,"Longwood Lancers vs Charleston Southern Buccaneers, 2026-01-23, 07",Longwood Lancers,Charleston Southern Buccaneers,pinnacle,Spread,Charleston Southern Buccaneers,-4.0,,+126,
2026-01-23 17:09:11,"Longwood Lancers vs Charleston Southern Buccaneers, 2026-01-23, 07",Longwood Lancers,Charleston Southern Buccaneers,pinnacle,Spread,Longwood Lancers,3.5,,-150,
2026-01-23 17:09:11,"Longwood Lancers vs Charleston Southern Buccaneers, 2026-01-23, 07",Longwood Lancers,Charleston Southern Buccaneers,pinnacle,Spread,Charleston Southern Buccaneers,-3.5,,+118,
2026-01-23 17:09:11,"Longwood Lancers vs Charleston Southern Buccaneers, 2026-01-23, 07",Longwood Lancers,Charleston Southern Buccaneers,pinnacle,Spread,Longwood Lancers,3.0,,-139,
2026-01-23 17:09:11,"Longwood Lancers vs Charleston Southern Buccaneers, 2026-01-23, 07",Longwood Lancers,Charleston Southern Buccaneers,pinnacle,Spread,Charleston Southern Buccaneers,-3.0,,+110,
2026-01-23 17:09:11,"Longwood Lancers vs Charleston Southern Buccaneers, 2026-01-23, 07",Longwood Lancers,Charleston Southern Buccaneers,pinnacle,Spread,Longwood Lancers,2.5,,-128,
2026-01-23 17:09:11,"Longwood Lancers vs Charleston Southern Buccaneers, 2026-01-23, 07",Longwood Lancers,Charleston Southern Buccaneers,pinnacle,Spread,Charleston Southern Buccaneers,-2.5,,+102,
2026-01-23 17:09:11,"Longwood Lancers vs Charleston Southern Buccaneers, 2026-01-23, 07",Longwood Lancers,Charleston Southern Buccaneers,pinnacle,Spread,Longwood Lancers,2.0,,-113,
2026-01-23 17:09:11,"Longwood Lancers vs Charleston Southern Buccaneers, 2026-01-23, 07",Longwood Lancers,Charleston Southern Buccaneers,pinnacle,Spread,Charleston Southern Buccaneers,-2.0,,-107,
2026-01-23 17:09:11,"Longwood Lancers vs Charleston Southern Buccaneers, 2026-01-23, 07",Longwood Lancers,Charleston Southern Buccaneers,pinnacle,Spread,Longwood Lancers,1.5,,-104,
2026-01-23 17:09:11,"Longwood Lancers vs Charleston Southern Buccaneers, 2026-01-23, 07",Longwood Lancers,Charleston Southern Buccaneers,pinnacle,Spread,Charleston Southern Buccaneers,-1.5,,-121,
2026-01-23 17:09:11,"Longwood Lancers vs Charleston Southern Buccaneers, 2026-01-23, 07",Longwood Lancers,Charleston Southern Buccaneers,pinnacle,Spread,Longwood Lancers,1.0,,+102,
2026-01-23 17:09:11,"Longwood Lancers vs Charleston Southern Buccaneers, 2026-01-23, 07",Longwood Lancers,Charleston Southern Buccaneers,pinnacle,Spread,Charleston Southern Buccaneers,-1.0,,-128,
2026-01-23 17:09:11,"Longwood Lancers vs Charleston Southern Buccaneers, 2026-01-23, 07",Longwood Lancers,Charleston Southern Buccaneers,pinnacle,Spread,Longwood Lancers,-1.0,,+114,
2026-01-23 17:09:11,"Longwood Lancers vs Charleston Southern Buccaneers, 2026-01-23, 07",Longwood Lancers,Charleston Southern Buccaneers,pinnacle,Spread,Charleston Southern Buccaneers,1.0,,-144,
2026-01-23 17:09:11,"Longwood Lancers vs Charleston Southern Buccaneers, 2026-01-23, 07",Longwood Lancers,Charleston Southern Buccaneers,pinnacle,Spread,Longwood Lancers,-1.5,,+119,
2026-01-23 17:09:11,"Longwood Lancers vs Charleston Southern Buccaneers, 2026-01-23, 07",Longwood Lancers,Charleston Southern Buccaneers,pinnacle,Spread,Charleston Southern Buccaneers,1.5,,-151,
2026-01-23 17:09:11,"Longwood Lancers vs Charleston Southern Buccaneers, 2026-01-23, 07",Longwood Lancers,Charleston Southern Buccaneers,betonline,Spread,Charleston Southern Buccaneers,-1.5,,-110,
2026-01-23 17:09:11,"Longwood Lancers vs Charleston Southern Buccaneers, 2026-01-23, 07",Longwood Lancers,Charleston Southern Buccaneers,betonline,Spread,Longwood Lancers,1.5,,-110,
2026-01-23 17:09:11,"Longwood Lancers vs Charleston Southern Buccaneers, 2026-01-23, 07",Longwood Lancers,Charleston Southern Buccaneers,draftkings,Spread,Longwood Lancers,1.5,,-118,https://sportsbook.draftkings.com/event/charleston-southern-%40-longwood/33516152?outcomes=0HC83116334P150_1
2026-01-23 17:09:11,"Longwood Lancers vs Charleston Southern Buccaneers, 2026-01-23, 07",Longwood Lancers,Charleston Southern Buccaneers,draftkings,Spread,Charleston Southern Buccaneers,-1.5,,-102,https://sportsbook.draftkings.com/event/charleston-southern-%40-longwood/33516152?outcomes=0HC83116334N150_3
2026-01-23 17:09:11,"Longwood Lancers vs Charleston Southern Buccaneers, 2026-01-23, 07",Longwood Lancers,Charleston Southern Buccaneers,pinnacle,Total,,158.0,O,+109,
2026-01-23 17:09:11,"Longwood Lancers vs Charleston Southern Buccaneers, 2026-01-23, 07",Longwood Lancers,Charleston Southern Buccaneers,pinnacle,Total,,158.0,U,-142,
2026-01-23 17:09:11,"Longwood Lancers vs Charleston Southern Buccaneers, 2026-01-23, 07",Longwood Lancers,Charleston Southern Buccaneers,pinnacle,Total,,157.5,O,+103,
2026-01-23 17:09:11,"Longwood Lancers vs Charleston Southern Buccaneers, 2026-01-23, 07",Longwood Lancers,Charleston Southern Buccaneers,pinnacle,Total,,157.5,U,-135,
2026-01-23 17:09:11,"Longwood Lancers vs Charleston Southern Buccaneers, 2026-01-23, 07",Longwood Lancers,Charleston Southern Buccaneers,pinnacle,Total,,157.0,O,-102,
2026-01-23 17:09:11,"Longwood Lancers vs Charleston Southern Buccaneers, 2026-01-23, 07",Longwood Lancers,Charleston Southern Buccaneers,pinnacle,Total,,157.0,U,-128,
2026-01-23 17:09:11,"Longwood Lancers vs Charleston Southern Buccaneers, 2026-01-23, 07",Longwood Lancers,Charleston Southern Buccaneers,pinnacle,Total,,156.5,O,-108,
2026-01-23 17:09:11,"Longwood Lancers vs Charleston Southern Buccaneers, 2026-01-23, 07",Longwood Lancers,Charleston Southern Buccaneers,pinnacle,Total,,156.5,U,-121,
2026-01-23 17:09:11,"Longwood Lancers vs Charleston Southern Buccaneers, 2026-01-23, 07",Longwood Lancers,Charleston Southern Buccaneers,pinnacle,Total,,156.0,O,-112,
2026-01-23 17:09:11,"Longwood Lancers vs Charleston Southern Buccaneers, 2026-01-23, 07",Longwood Lancers,Charleston Southern Buccaneers,pinnacle,Total,,156.0,U,-112,
2026-01-23 17:09:11,"Longwood Lancers vs Charleston Southern Buccaneers, 2026-01-23, 07",Longwood Lancers,Charleston Southern Buccaneers,pinnacle,Total,,155.5,U,-108,
2026-01-23 17:09:11,"Longwood Lancers vs Charleston Southern Buccaneers, 2026-01-23, 07",Longwood Lancers,Charleston Southern Buccaneers,pinnacle,Total,,155.0,O,-128,
2026-01-23 17:09:11,"Longwood Lancers vs Charleston Southern Buccaneers, 2026-01-23, 07",Longwood Lancers,Charleston Southern Buccaneers,pinnacle,Total,,155.0,U,-102,
2026-01-23 17:09:11,"Longwood Lancers vs Charleston Southern Buccaneers, 2026-01-23, 07",Longwood Lancers,Charleston Southern Buccaneers,pinnacle,Total,,154.5,O,-135,
2026-01-23 17:09:11,"Longwood Lancers vs Charleston Southern Buccaneers, 2026-01-23, 07",Longwood Lancers,Charleston Southern Buccaneers,pinnacle,Total,,154.5,U,+103,
2026-01-23 17:09:11,"Longwood Lancers vs Charleston Southern Buccaneers, 2026-01-23, 07",Longwood Lancers,Charleston Southern Buccaneers,pinnacle,Total,,154.0,O,-142,
2026-01-23 17:09:11,"Longwood Lancers vs Charleston Southern Buccaneers, 2026-01-23, 07",Longwood Lancers,Charleston Southern Buccaneers,pinnacle,Total,,154.0,U,+109,
2026-01-23 17:09:11,"Longwood Lancers vs Charleston Southern Buccaneers, 2026-01-23, 07",Longwood Lancers,Charleston Southern Buccaneers,pinnacle,Total,,155.5,O,-121,
2026-01-23 17:09:11,"Longwood Lancers vs Charleston Southern Buccaneers, 2026-01-23, 07",Longwood Lancers,Charleston Southern Buccaneers,betonline,Total,,156.0,U,-110,
2026-01-23 17:09:11,"Longwood Lancers vs Charleston Southern Buccaneers, 2026-01-23, 07",Longwood Lancers,Charleston Southern Buccaneers,betonline,Total,,156.0,O,-110,
2026-01-23 17:09:11,"Longwood Lancers vs Charleston Southern Buccaneers, 2026-01-23, 07",Longwood Lancers,Charleston Southern Buccaneers,draftkings,Total,,156.5,U,-115,https://sportsbook.draftkings.com/event/charleston-southern-%40-longwood/33516152?outcomes=0OU83116334U15650_3
2026-01-23 17:09:11,"Longwood Lancers vs Charleston Southern Buccaneers, 2026-01-23, 07",Longwood Lancers,Charleston Southern Buccaneers,draftkings,Total,,156.5,O,-105,https://sportsbook.draftkings.com/event/charleston-southern-%40-longwood/33516152?outcomes=0OU83116334O15650_1
2026-01-23 17:09:11,"Louisville Cardinals vs Virginia Hokies, 2026-01-24, 02",Louisville Cardinals,Virginia Hokies,draftkings,Spread,Virginia Hokies,10.5,,-110,https://sportsbook.draftkings.com/event/virginia-tech-%40-louisville/33516273?outcomes=0HC83116648P1050_3
2026-01-23 17:09:11,"Louisville Cardinals vs Virginia Hokies, 2026-01-24, 02",Louisville Cardinals,Virginia Hokies,draftkings,Spread,Louisville Cardinals,-10.5,,-110,https://sportsbook.draftkings.com/event/virginia-tech-%40-louisville/33516273?outcomes=0HC83116648N1050_1
2026-01-23 17:09:11,"Louisville Cardinals vs Virginia Hokies, 2026-01-24, 02",Louisville Cardinals,Virginia Hokies,draftkings,Total,,159.5,O,-110,https://sportsbook.draftkings.com/event/virginia-tech-%40-louisville/33516273?outcomes=0OU83116648O15950_1
2026-01-23 17:09:11,"Louisville Cardinals vs Virginia Hokies, 2026-01-24, 02",Louisville Cardinals,Virginia Hokies,draftkings,Total,,159.5,U,-110,https://sportsbook.draftkings.com/event/virginia-tech-%40-louisville/33516273?outcomes=0OU83116648U15950_3
2026-01-23 17:09:11,"Louisville Cardinals vs Virginia Hokies, 2026-01-24, 03",Louisville Cardinals,Virginia Hokies,fanduel,Spread,Virginia Hokies,10.5,,-102,https://sportsbook.fanduel.ca/addToBetslip?marketId=801.152222651&selectionId=708786
2026-01-23 17:09:11,"Louisville Cardinals vs Virginia Hokies, 2026-01-24, 03",Louisville Cardinals,Virginia Hokies,fanduel,Spread,Louisville Cardinals,-10.5,,-120,https://sportsbook.fanduel.ca/addToBetslip?marketId=801.152222651&selectionId=332190
2026-01-23 17:09:11,"Louisville Cardinals vs Virginia Hokies, 2026-01-24, 03",Louisville Cardinals,Virginia Hokies,fanduel,Total,,160.5,U,-110,https://sportsbook.fanduel.ca/addToBetslip?marketId=801.152222650&selectionId=7017824
2026-01-23 17:09:11,"Louisville Cardinals vs Virginia Hokies, 2026-01-24, 03",Louisville Cardinals,Virginia Hokies,fanduel,Total,,160.5,O,-110,https://sportsbook.fanduel.ca/addToBetslip?marketId=801.152222650&selectionId=7017823
2026-01-23 17:09:11,"Michigan State Spartans vs Maryland Terrapins, 2026-01-24, 12",Michigan State Spartans,Maryland Terrapins,pinnacle,Spread,Michigan State Spartans,-16.0,,-155,
2026-01-23 17:09:11,"Michigan State Spartans vs Maryland Terrapins, 2026-01-24, 12",Michigan State Spartans,Maryland Terrapins,pinnacle,Spread,Maryland Terrapins,16.0,,+122,
2026-01-23 17:09:11,"Michigan State Spartans vs Maryland Terrapins, 2026-01-24, 12",Michigan State Spartans,Maryland Terrapins,pinnacle,Spread,Michigan State Spartans,-16.5,,-144,
2026-01-23 17:09:11,"Michigan State Spartans vs Maryland Terrapins, 2026-01-24, 12",Michigan State Spartans,Maryland Terrapins,pinnacle,Spread,Maryland Terrapins,16.5,,+114,
2026-01-23 17:09:11,"Michigan State Spartans vs Maryland Terrapins, 2026-01-24, 12",Michigan State Spartans,Maryland Terrapins,pinnacle,Spread,Michigan State Spartans,-17.0,,-134,
2026-01-23 17:09:11,"Michigan State Spartans vs Maryland Terrapins, 2026-01-24, 12",Michigan State Spartans,Maryland Terrapins,pinnacle,Spread,Maryland Terrapins,17.0,,+106,
2026-01-23 17:09:11,"Michigan State Spartans vs Maryland Terrapins, 2026-01-24, 12",Michigan State Spartans,Maryland Terrapins,pinnacle,Spread,Michigan State Spartans,-17.5,,-123,
2026-01-23 17:09:11,"Michigan State Spartans vs Maryland Terrapins, 2026-01-24, 12",Michigan State Spartans,Maryland Terrapins,pinnacle,Spread,Maryland Terrapins,17.5,,-102,
2026-01-23 17:09:11,"Michigan State Spartans vs Maryland Terrapins, 2026-01-24, 12",Michigan State Spartans,Maryland Terrapins,pinnacle,Spread,Michigan State Spartans,-18.0,,-111,
2026-01-23 17:09:11,"Michigan State Spartans vs Maryland Terrapins, 2026-01-24, 12",Michigan State Spartans,Maryland Terrapins,pinnacle,Spread,Maryland Terrapins,18.0,,-109,
2026-01-23 17:09:11,"Michigan State Spartans vs Maryland Terrapins, 2026-01-24, 12",Michigan State Spartans,Maryland Terrapins,pinnacle,Spread,Michigan State Spartans,-18.5,,-104,
2026-01-23 17:09:11,"Michigan State Spartans vs Maryland Terrapins, 2026-01-24, 12",Michigan State Spartans,Maryland Terrapins,pinnacle,Spread,Maryland Terrapins,18.5,,-121,
2026-01-23 17:09:11,"Michigan State Spartans vs Maryland Terrapins, 2026-01-24, 12",Michigan State Spartans,Maryland Terrapins,pinnacle,Spread,Michigan State Spartans,-19.0,,+104,
2026-01-23 17:09:11,"Michigan State Spartans vs Maryland Terrapins, 2026-01-24, 12",Michigan State Spartans,Maryland Terrapins,pinnacle,Spread,Maryland Terrapins,19.0,,-131,
2026-01-23 17:09:11,"Michigan State Spartans vs Maryland Terrapins, 2026-01-24, 12",Michigan State Spartans,Maryland Terrapins,pinnacle,Spread,Michigan State Spartans,-19.5,,+112,
2026-01-23 17:09:11,"Michigan State Spartans vs Maryland Terrapins, 2026-01-24, 12",Michigan State Spartans,Maryland Terrapins,pinnacle,Spread,Maryland Terrapins,19.5,,-141,
2026-01-23 17:09:11,"Michigan State Spartans vs Maryland Terrapins, 2026-01-24, 12",Michigan State Spartans,Maryland Terrapins,pinnacle,Spread,Michigan State Spartans,-20.0,,+119,
2026-01-23 17:09:11,"Michigan State Spartans vs Maryland Terrapins, 2026-01-24, 12",Michigan State Spartans,Maryland Terrapins,pinnacle,Spread,Maryland Terrapins,20.0,,-151,
2026-01-23 17:09:11,"Michigan State Spartans vs Maryland Terrapins, 2026-01-24, 12",Michigan State Spartans,Maryland Terrapins,fanduel,Spread,Maryland Terrapins,17.5,,-102,https://sportsbook.fanduel.ca/addToBetslip?marketId=801.152222946&selectionId=29832
2026-01-23 17:09:11,"Michigan State Spartans vs Maryland Terrapins, 2026-01-24, 12",Michigan State Spartans,Maryland Terrapins,fanduel,Spread,Michigan State Spartans,-17.5,,-120,https://sportsbook.fanduel.ca/addToBetslip?marketId=801.152222946&selectionId=29834
2026-01-23 17:09:11,"Michigan State Spartans vs Maryland Terrapins, 2026-01-24, 12",Michigan State Spartans,Maryland Terrapins,betonline,Spread,Michigan State Spartans,-18.5,,-110,
2026-01-23 17:09:11,"Michigan State Spartans vs Maryland Terrapins, 2026-01-24, 12",Michigan State Spartans,Maryland Terrapins,betonline,Spread,Maryland Terrapins,18.5,,-110,
2026-01-23 17:09:11,"Michigan State Spartans vs Maryland Terrapins, 2026-01-24, 12",Michigan State Spartans,Maryland Terrapins,draftkings,Spread,Michigan State Spartans,-17.5,,-115,https://sportsbook.draftkings.com/event/maryland-%40-michigan-state/33516267?outcomes=0HC83116634N1750_1
2026-01-23 17:09:11,"Michigan State Spartans vs Maryland Terrapins, 2026-01-24, 12",Michigan State Spartans,Maryland Terrapins,draftkings,Spread,Maryland Terrapins,17.5,,-105,https://sportsbook.draftkings.com/event/maryland-%40-michigan-state/33516267?outcomes=0HC83116634P1750_3
2026-01-23 17:09:11,"Michigan State Spartans vs Maryland Terrapins, 2026-01-24, 12",Michigan State Spartans,Maryland Terrapins,pinnacle,Total,,140.5,O,-103,
2026-01-23 17:09:11,"Michigan State Spartans vs Maryland Terrapins, 2026-01-24, 12",Michigan State Spartans,Maryland Terrapins,pinnacle,Total,,140.5,U,-126,
2026-01-23 17:09:11,"Michigan State Spartans vs Maryland Terrapins, 2026-01-24, 12",Michigan State Spartans,Maryland Terrapins,pinnacle,Total,,140.0,O,-107,
2026-01-23 17:09:11,"Michigan State Spartans vs Maryland Terrapins, 2026-01-24, 12",Michigan State Spartans,Maryland Terrapins,pinnacle,Total,,140.0,U,-117,
2026-01-23 17:09:11,"Michigan State Spartans vs Maryland Terrapins, 2026-01-24, 12",Michigan State Spartans,Maryland Terrapins,pinnacle,Total,,139.5,O,-115,
2026-01-23 17:09:11,"Michigan State Spartans vs Maryland Terrapins, 2026-01-24, 12",Michigan State Spartans,Maryland Terrapins,pinnacle,Total,,139.5,U,-113,
2026-01-23 17:09:11,"Michigan State Spartans vs Maryland Terrapins, 2026-01-24, 12",Michigan State Spartans,Maryland Terrapins,pinnacle,Total,,139.0,O,-122,
2026-01-23 17:09:11,"Michigan State Spartans vs Maryland Terrapins, 2026-01-24, 12",Michigan State Spartans,Maryland Terrapins,pinnacle,Total,,139.0,U,-106,
2026-01-23 17:09:11,"Michigan State Spartans vs Maryland Terrapins, 2026-01-24, 12",Michigan State Spartans,Maryland Terrapins,pinnacle,Total,,138.5,O,-129,
2026-01-23 17:09:11,"Michigan State Spartans vs Maryland Terrapins, 2026-01-24, 12",Michigan State Spartans,Maryland Terrapins,pinnacle,Total,,138.5,U,-101,
2026-01-23 17:09:11,"Michigan State Spartans vs Maryland Terrapins, 2026-01-24, 12",Michigan State Spartans,Maryland Terrapins,pinnacle,Total,,138.0,O,-137,
2026-01-23 17:09:11,"Michigan State Spartans vs Maryland Terrapins, 2026-01-24, 12",Michigan State Spartans,Maryland Terrapins,pinnacle,Total,,138.0,U,+105,
2026-01-23 17:09:11,"Michigan State Spartans vs Maryland Terrapins, 2026-01-24, 12",Michigan State Spartans,Maryland Terrapins,pinnacle,Total,,141.0,U,-134,
2026-01-23 17:09:11,"Michigan State Spartans vs Maryland Terrapins, 2026-01-24, 12",Michigan State Spartans,Maryland Terrapins,pinnacle,Total,,141.0,O,+102,
2026-01-23 17:09:11,"Michigan State Spartans vs Maryland Terrapins, 2026-01-24, 12",Michigan State Spartans,Maryland Terrapins,pinnacle,Total,,141.5,O,+107,
2026-01-23 17:09:11,"Michigan State Spartans vs Maryland Terrapins, 2026-01-24, 12",Michigan State Spartans,Maryland Terrapins,pinnacle,Total,,142.0,O,+113,
2026-01-23 17:09:11,"Michigan State Spartans vs Maryland Terrapins, 2026-01-24, 12",Michigan State Spartans,Maryland Terrapins,pinnacle,Total,,142.0,U,-148,
2026-01-23 17:09:11,"Michigan State Spartans vs Maryland Terrapins, 2026-01-24, 12",Michigan State Spartans,Maryland Terrapins,pinnacle,Total,,141.5,U,-140,
2026-01-23 17:09:11,"Michigan State Spartans vs Maryland Terrapins, 2026-01-24, 12",Michigan State Spartans,Maryland Terrapins,fanduel,Total,,139.5,O,-115,https://sportsbook.fanduel.ca/addToBetslip?marketId=801.152222945&selectionId=7017823
2026-01-23 17:09:11,"Michigan State Spartans vs Maryland Terrapins, 2026-01-24, 12",Michigan State Spartans,Maryland Terrapins,fanduel,Total,,139.5,U,-105,https://sportsbook.fanduel.ca/addToBetslip?marketId=801.152222945&selectionId=7017824
2026-01-23 17:09:11,"Michigan State Spartans vs Maryland Terrapins, 2026-01-24, 12",Michigan State Spartans,Maryland Terrapins,betonline,Total,,139.5,O,-110,
2026-01-23 17:09:11,"Michigan State Spartans vs Maryland Terrapins, 2026-01-24, 12",Michigan State Spartans,Maryland Terrapins,betonline,Total,,139.5,U,-110,
2026-01-23 17:09:11,"Michigan State Spartans vs Maryland Terrapins, 2026-01-24, 12",Michigan State Spartans,Maryland Terrapins,draftkings,Total,,139.5,U,-110,https://sportsbook.draftkings.com/event/maryland-%40-michigan-state/33516267?outcomes=0OU83116634U13950_3
2026-01-23 17:09:11,"Michigan State Spartans vs Maryland Terrapins, 2026-01-24, 12",Michigan State Spartans,Maryland Terrapins,draftkings,Total,,139.5,O,-110,https://sportsbook.draftkings.com/event/maryland-%40-michigan-state/33516267?outcomes=0OU83116634O13950_1
2026-01-23 17:09:11,"Michigan Wolverines vs Ohio State Buckeyes, 2026-01-23, 08",Michigan Wolverines,Ohio State Buckeyes,pinnacle,Spread,Michigan Wolverines,-14.0,,-154,
2026-01-23 17:09:11,"Michigan Wolverines vs Ohio State Buckeyes, 2026-01-23, 08",Michigan Wolverines,Ohio State Buckeyes,pinnacle,Spread,Ohio State Buckeyes,14.0,,+126,
2026-01-23 17:09:11,"Michigan Wolverines vs Ohio State Buckeyes, 2026-01-23, 08",Michigan Wolverines,Ohio State Buckeyes,pinnacle,Spread,Michigan Wolverines,-14.5,,-143,
2026-01-23 17:09:11,"Michigan Wolverines vs Ohio State Buckeyes, 2026-01-23, 08",Michigan Wolverines,Ohio State Buckeyes,pinnacle,Spread,Ohio State Buckeyes,14.5,,+118,
2026-01-23 17:09:11,"Michigan Wolverines vs Ohio State Buckeyes, 2026-01-23, 08",Michigan Wolverines,Ohio State Buckeyes,pinnacle,Spread,Michigan Wolverines,-15.0,,-133,
2026-01-23 17:09:11,"Michigan Wolverines vs Ohio State Buckeyes, 2026-01-23, 08",Michigan Wolverines,Ohio State Buckeyes,pinnacle,Spread,Ohio State Buckeyes,15.0,,+110,
2026-01-23 17:09:11,"Michigan Wolverines vs Ohio State Buckeyes, 2026-01-23, 08",Michigan Wolverines,Ohio State Buckeyes,pinnacle,Spread,Michigan Wolverines,-15.5,,-123,
2026-01-23 17:09:11,"Michigan Wolverines vs Ohio State Buckeyes, 2026-01-23, 08",Michigan Wolverines,Ohio State Buckeyes,pinnacle,Spread,Ohio State Buckeyes,15.5,,+101,
2026-01-23 17:09:11,"Michigan Wolverines vs Ohio State Buckeyes, 2026-01-23, 08",Michigan Wolverines,Ohio State Buckeyes,pinnacle,Spread,Ohio State Buckeyes,16.0,,-106,
2026-01-23 17:09:11,"Michigan Wolverines vs Ohio State Buckeyes, 2026-01-23, 08",Michigan Wolverines,Ohio State Buckeyes,pinnacle,Spread,Michigan Wolverines,-16.5,,-103,
2026-01-23 17:09:11,"Michigan Wolverines vs Ohio State Buckeyes, 2026-01-23, 08",Michigan Wolverines,Ohio State Buckeyes,pinnacle,Spread,Ohio State Buckeyes,16.5,,-117,
2026-01-23 17:09:11,"Michigan Wolverines vs Ohio State Buckeyes, 2026-01-23, 08",Michigan Wolverines,Ohio State Buckeyes,pinnacle,Spread,Michigan Wolverines,-17.0,,+105,
2026-01-23 17:09:11,"Michigan Wolverines vs Ohio State Buckeyes, 2026-01-23, 08",Michigan Wolverines,Ohio State Buckeyes,pinnacle,Spread,Ohio State Buckeyes,17.0,,-127,
2026-01-23 17:09:11,"Michigan Wolverines vs Ohio State Buckeyes, 2026-01-23, 08",Michigan Wolverines,Ohio State Buckeyes,pinnacle,Spread,Michigan Wolverines,-17.5,,+112,
2026-01-23 17:09:11,"Michigan Wolverines vs Ohio State Buckeyes, 2026-01-23, 08",Michigan Wolverines,Ohio State Buckeyes,pinnacle,Spread,Ohio State Buckeyes,17.5,,-137,
2026-01-23 17:09:11,"Michigan Wolverines vs Ohio State Buckeyes, 2026-01-23, 08",Michigan Wolverines,Ohio State Buckeyes,pinnacle,Spread,Michigan Wolverines,-18.0,,+120,
2026-01-23 17:09:11,"Michigan Wolverines vs Ohio State Buckeyes, 2026-01-23, 08",Michigan Wolverines,Ohio State Buckeyes,pinnacle,Spread,Ohio State Buckeyes,18.0,,-147,
2026-01-23 17:09:11,"Michigan Wolverines vs Ohio State Buckeyes, 2026-01-23, 08",Michigan Wolverines,Ohio State Buckeyes,pinnacle,Spread,Michigan Wolverines,-16.0,,-111,
2026-01-23 17:09:11,"Michigan Wolverines vs Ohio State Buckeyes, 2026-01-23, 08",Michigan Wolverines,Ohio State Buckeyes,betonline,Spread,Michigan Wolverines,-16.0,,-109,
2026-01-23 17:09:11,"Michigan Wolverines vs Ohio State Buckeyes, 2026-01-23, 08",Michigan Wolverines,Ohio State Buckeyes,betonline,Spread,Ohio State Buckeyes,16.0,,-111,
2026-01-23 17:09:11,"Michigan Wolverines vs Ohio State Buckeyes, 2026-01-23, 08",Michigan Wolverines,Ohio State Buckeyes,fanduel,Spread,Ohio State Buckeyes,24.5,,-340,https://sportsbook.fanduel.ca/addToBetslip?marketId=801.154158805&selectionId=284245
2026-01-23 17:09:11,"Michigan Wolverines vs Ohio State Buckeyes, 2026-01-23, 08",Michigan Wolverines,Ohio State Buckeyes,fanduel,Spread,Michigan Wolverines,-24.5,,+250,https://sportsbook.fanduel.ca/addToBetslip?marketId=801.154158805&selectionId=697627
2026-01-23 17:09:11,"Michigan Wolverines vs Ohio State Buckeyes, 2026-01-23, 08",Michigan Wolverines,Ohio State Buckeyes,fanduel,Spread,Ohio State Buckeyes,6.5,,+330,https://sportsbook.fanduel.ca/addToBetslip?marketId=801.154158739&selectionId=284245
2026-01-23 17:09:11,"Michigan Wolverines vs Ohio State Buckeyes, 2026-01-23, 08",Michigan Wolverines,Ohio State Buckeyes,fanduel,Spread,Michigan Wolverines,-6.5,,-480,https://sportsbook.fanduel.ca/addToBetslip?marketId=801.154158739&selectionId=697627
2026-01-23 17:09:11,"Michigan Wolverines vs Ohio State Buckeyes, 2026-01-23, 08",Michigan Wolverines,Ohio State Buckeyes,fanduel,Spread,Ohio State Buckeyes,16.5,,-115,https://sportsbook.fanduel.ca/addToBetslip?marketId=801.151482440&selectionId=284245
2026-01-23 17:09:11,"Michigan Wolverines vs Ohio State Buckeyes, 2026-01-23, 08",Michigan Wolverines,Ohio State Buckeyes,fanduel,Spread,Michigan Wolverines,-16.5,,-105,https://sportsbook.fanduel.ca/addToBetslip?marketId=801.151482440&selectionId=697627
2026-01-23 17:09:11,"Michigan Wolverines vs Ohio State Buckeyes, 2026-01-23, 08",Michigan Wolverines,Ohio State Buckeyes,fanduel,Spread,Ohio State Buckeyes,21.5,,-235,https://sportsbook.fanduel.ca/addToBetslip?marketId=801.154158784&selectionId=284245
2026-01-23 17:09:11,"Michigan Wolverines vs Ohio State Buckeyes, 2026-01-23, 08",Michigan Wolverines,Ohio State Buckeyes,fanduel,Spread,Michigan Wolverines,-21.5,,+180,https://sportsbook.fanduel.ca/addToBetslip?marketId=801.154158784&selectionId=697627
2026-01-23 17:09:11,"Michigan Wolverines vs Ohio State Buckeyes, 2026-01-23, 08",Michigan Wolverines,Ohio State Buckeyes,fanduel,Spread,Michigan Wolverines,-18.5,,+126,https://sportsbook.fanduel.ca/addToBetslip?marketId=801.154158750&selectionId=697627
2026-01-23 17:09:11,"Michigan Wolverines vs Ohio State Buckeyes, 2026-01-23, 08",Michigan Wolverines,Ohio State Buckeyes,fanduel,Spread,Ohio State Buckeyes,18.5,,-162,https://sportsbook.fanduel.ca/addToBetslip?marketId=801.154158750&selectionId=284245
2026-01-23 17:09:11,"Michigan Wolverines vs Ohio State Buckeyes, 2026-01-23, 08",Michigan Wolverines,Ohio State Buckeyes,fanduel,Spread,Michigan Wolverines,-9.5,,-290,https://sportsbook.fanduel.ca/addToBetslip?marketId=801.154158813&selectionId=697627
2026-01-23 17:09:11,"Michigan Wolverines vs Ohio State Buckeyes, 2026-01-23, 08",Michigan Wolverines,Ohio State Buckeyes,fanduel,Spread,Ohio State Buckeyes,9.5,,+215,https://sportsbook.fanduel.ca/addToBetslip?marketId=801.154158813&selectionId=284245
2026-01-23 17:09:11,"Michigan Wolverines vs Ohio State Buckeyes, 2026-01-23, 08",Michigan Wolverines,Ohio State Buckeyes,fanduel,Spread,Ohio State Buckeyes,12.5,,+136,https://sportsbook.fanduel.ca/addToBetslip?marketId=801.154158783&selectionId=284245
2026-01-23 17:09:11,"Michigan Wolverines vs Ohio State Buckeyes, 2026-01-23, 08",Michigan Wolverines,Ohio State Buckeyes,fanduel,Spread,Michigan Wolverines,-12.5,,-174,https://sportsbook.fanduel.ca/addToBetslip?marketId=801.154158783&selectionId=697627
2026-01-23 17:09:11,"Michigan Wolverines vs Ohio State Buckeyes, 2026-01-23, 08",Michigan Wolverines,Ohio State Buckeyes,draftkings,Spread,Michigan Wolverines,-16.5,,-102,https://sportsbook.draftkings.com/event/ohio-state-%40-michigan/33510248?outcomes=0HC83102594N1650_1
2026-01-23 17:09:11,"Michigan Wolverines vs Ohio State Buckeyes, 2026-01-23, 08",Michigan Wolverines,Ohio State Buckeyes,draftkings,Spread,Ohio State Buckeyes,18.5,,-160,https://sportsbook.draftkings.com/event/ohio-state-%40-michigan/33510248?outcomes=0HC83106926P1850_3
2026-01-23 17:09:11,"Michigan Wolverines vs Ohio State Buckeyes, 2026-01-23, 08",Michigan Wolverines,Ohio State Buckeyes,draftkings,Spread,Michigan Wolverines,-18.5,,+117,https://sportsbook.draftkings.com/event/ohio-state-%40-michigan/33510248?outcomes=0HC83106926N1850_1
2026-01-23 17:09:11,"Michigan Wolverines vs Ohio State Buckeyes, 2026-01-23, 08",Michigan Wolverines,Ohio State Buckeyes,draftkings,Spread,Ohio State Buckeyes,19.5,,-188,https://sportsbook.draftkings.com/event/ohio-state-%40-michigan/33510248?outcomes=0HC83106926P1950_3
2026-01-23 17:09:11,"Michigan Wolverines vs Ohio State Buckeyes, 2026-01-23, 08",Michigan Wolverines,Ohio State Buckeyes,draftkings,Spread,Michigan Wolverines,-19.5,,+136,https://sportsbook.draftkings.com/event/ohio-state-%40-michigan/33510248?outcomes=0HC83106926N1950_1
2026-01-23 17:09:11,"Michigan Wolverines vs Ohio State Buckeyes, 2026-01-23, 08",Michigan Wolverines,Ohio State Buckeyes,draftkings,Spread,Ohio State Buckeyes,20.5,,-218,https://sportsbook.draftkings.com/event/ohio-state-%40-michigan/33510248?outcomes=0HC83106926P2050_3
2026-01-23 17:09:11,"Michigan Wolverines vs Ohio State Buckeyes, 2026-01-23, 08",Michigan Wolverines,Ohio State Buckeyes,draftkings,Spread,Michigan Wolverines,-20.5,,+156,https://sportsbook.draftkings.com/event/ohio-state-%40-michigan/33510248?outcomes=0HC83106926N2050_1
2026-01-23 17:09:11,"Michigan Wolverines vs Ohio State Buckeyes, 2026-01-23, 08",Michigan Wolverines,Ohio State Buckeyes,draftkings,Spread,Ohio State Buckeyes,21.5,,-251,https://sportsbook.draftkings.com/event/ohio-state-%40-michigan/33510248?outcomes=0HC83106926P2150_3
2026-01-23 17:09:11,"Michigan Wolverines vs Ohio State Buckeyes, 2026-01-23, 08",Michigan Wolverines,Ohio State Buckeyes,draftkings,Spread,Michigan Wolverines,-21.5,,+177,https://sportsbook.draftkings.com/event/ohio-state-%40-michigan/33510248?outcomes=0HC83106926N2150_1
2026-01-23 17:09:11,"Michigan Wolverines vs Ohio State Buckeyes, 2026-01-23, 08",Michigan Wolverines,Ohio State Buckeyes,draftkings,Spread,Ohio State Buckeyes,22.5,,-289,https://sportsbook.draftkings.com/event/ohio-state-%40-michigan/33510248?outcomes=0HC83106926P2250_3
2026-01-23 17:09:11,"Michigan Wolverines vs Ohio State Buckeyes, 2026-01-23, 08",Michigan Wolverines,Ohio State Buckeyes,draftkings,Spread,Michigan Wolverines,-22.5,,+200,https://sportsbook.draftkings.com/event/ohio-state-%40-michigan/33510248?outcomes=0HC83106926N2250_1
2026-01-23 17:09:11,"Michigan Wolverines vs Ohio State Buckeyes, 2026-01-23, 08",Michigan Wolverines,Ohio State Buckeyes,draftkings,Spread,Ohio State Buckeyes,23.5,,-333,https://sportsbook.draftkings.com/event/ohio-state-%40-michigan/33510248?outcomes=0HC83106926P2350_3
2026-01-23 17:09:11,"Michigan Wolverines vs Ohio State Buckeyes, 2026-01-23, 08",Michigan Wolverines,Ohio State Buckeyes,draftkings,Spread,Michigan Wolverines,-23.5,,+226,https://sportsbook.draftkings.com/event/ohio-state-%40-michigan/33510248?outcomes=0HC83106926N2350_1
2026-01-23 17:09:11,"Michigan Wolverines vs Ohio State Buckeyes, 2026-01-23, 08",Michigan Wolverines,Ohio State Buckeyes,draftkings,Spread,Ohio State Buckeyes,24.5,,-388,https://sportsbook.draftkings.com/event/ohio-state-%40-michigan/33510248?outcomes=0HC83106926P2450_3
2026-01-23 17:09:11,"Michigan Wolverines vs Ohio State Buckeyes, 2026-01-23, 08",Michigan Wolverines,Ohio State Buckeyes,draftkings,Spread,Michigan Wolverines,-24.5,,+256,https://sportsbook.draftkings.com/event/ohio-state-%40-michigan/33510248?outcomes=0HC83106926N2450_1
2026-01-23 17:09:11,"Michigan Wolverines vs Ohio State Buckeyes, 2026-01-23, 08",Michigan Wolverines,Ohio State Buckeyes,draftkings,Spread,Ohio State Buckeyes,25.5,,-453,https://sportsbook.draftkings.com/event/ohio-state-%40-michigan/33510248?outcomes=0HC83106926P2550_3
2026-01-23 17:09:11,"Michigan Wolverines vs Ohio State Buckeyes, 2026-01-23, 08",Michigan Wolverines,Ohio State Buckeyes,draftkings,Spread,Michigan Wolverines,-25.5,,+290,https://sportsbook.draftkings.com/event/ohio-state-%40-michigan/33510248?outcomes=0HC83106926N2550_1
2026-01-23 17:09:11,"Michigan Wolverines vs Ohio State Buckeyes, 2026-01-23, 08",Michigan Wolverines,Ohio State Buckeyes,draftkings,Spread,Ohio State Buckeyes,26.5,,-522,https://sportsbook.draftkings.com/event/ohio-state-%40-michigan/33510248?outcomes=0HC83106926P2650_3
2026-01-23 17:09:11,"Michigan Wolverines vs Ohio State Buckeyes, 2026-01-23, 08",Michigan Wolverines,Ohio State Buckeyes,draftkings,Spread,Michigan Wolverines,-26.5,,+323,https://sportsbook.draftkings.com/event/ohio-state-%40-michigan/33510248?outcomes=0HC83106926N2650_1
2026-01-23 17:09:11,"Michigan Wolverines vs Ohio State Buckeyes, 2026-01-23, 08",Michigan Wolverines,Ohio State Buckeyes,draftkings,Spread,Ohio State Buckeyes,27.5,,-600,https://sportsbook.draftkings.com/event/ohio-state-%40-michigan/33510248?outcomes=0HC83106926P2750_3
2026-01-23 17:09:11,"Michigan Wolverines vs Ohio State Buckeyes, 2026-01-23, 08",Michigan Wolverines,Ohio State Buckeyes,draftkings,Spread,Michigan Wolverines,-27.5,,+359,https://sportsbook.draftkings.com/event/ohio-state-%40-michigan/33510248?outcomes=0HC83106926N2750_1
2026-01-23 17:09:11,"Michigan Wolverines vs Ohio State Buckeyes, 2026-01-23, 08",Michigan Wolverines,Ohio State Buckeyes,draftkings,Spread,Ohio State Buckeyes,28.5,,-700,https://sportsbook.draftkings.com/event/ohio-state-%40-michigan/33510248?outcomes=0HC83106926P2850_3
2026-01-23 17:09:11,"Michigan Wolverines vs Ohio State Buckeyes, 2026-01-23, 08",Michigan Wolverines,Ohio State Buckeyes,draftkings,Spread,Michigan Wolverines,-17.5,,+104,https://sportsbook.draftkings.com/event/ohio-state-%40-michigan/33510248?outcomes=0HC83106926N1750_1
2026-01-23 17:09:11,"Michigan Wolverines vs Ohio State Buckeyes, 2026-01-23, 08",Michigan Wolverines,Ohio State Buckeyes,draftkings,Spread,Ohio State Buckeyes,17.5,,-142,https://sportsbook.draftkings.com/event/ohio-state-%40-michigan/33510248?outcomes=0HC83106926P1750_3
2026-01-23 17:09:11,"Michigan Wolverines vs Ohio State Buckeyes, 2026-01-23, 08",Michigan Wolverines,Ohio State Buckeyes,draftkings,Spread,Michigan Wolverines,-15.5,,-126,https://sportsbook.draftkings.com/event/ohio-state-%40-michigan/33510248?outcomes=0HC83106926N1550_1
2026-01-23 17:09:11,"Michigan Wolverines vs Ohio State Buckeyes, 2026-01-23, 08",Michigan Wolverines,Ohio State Buckeyes,draftkings,Spread,Ohio State Buckeyes,15.5,,-108,https://sportsbook.draftkings.com/event/ohio-state-%40-michigan/33510248?outcomes=0HC83106926P1550_3
2026-01-23 17:09:11,"Michigan Wolverines vs Ohio State Buckeyes, 2026-01-23, 08",Michigan Wolverines,Ohio State Buckeyes,draftkings,Spread,Ohio State Buckeyes,4.5,,+436,https://sportsbook.draftkings.com/event/ohio-state-%40-michigan/33510248?outcomes=0HC83106926P450_3
2026-01-23 17:09:11,"Michigan Wolverines vs Ohio State Buckeyes, 2026-01-23, 08",Michigan Wolverines,Ohio State Buckeyes,draftkings,Spread,Michigan Wolverines,-4.5,,-800,https://sportsbook.draftkings.com/event/ohio-state-%40-michigan/33510248?outcomes=0HC83106926N450_1
2026-01-23 17:09:11,"Michigan Wolverines vs Ohio State Buckeyes, 2026-01-23, 08",Michigan Wolverines,Ohio State Buckeyes,draftkings,Spread,Ohio State Buckeyes,5.5,,+391,https://sportsbook.draftkings.com/event/ohio-state-%40-michigan/33510248?outcomes=0HC83106926P550_3
2026-01-23 17:09:11,"Michigan Wolverines vs Ohio State Buckeyes, 2026-01-23, 08",Michigan Wolverines,Ohio State Buckeyes,draftkings,Spread,Michigan Wolverines,-5.5,,-680,https://sportsbook.draftkings.com/event/ohio-state-%40-michigan/33510248?outcomes=0HC83106926N550_1
2026-01-23 17:09:11,"Michigan Wolverines vs Ohio State Buckeyes, 2026-01-23, 08",Michigan Wolverines,Ohio State Buckeyes,draftkings,Spread,Ohio State Buckeyes,6.5,,+350,https://sportsbook.draftkings.com/event/ohio-state-%40-michigan/33510248?outcomes=0HC83106926P650_3
2026-01-23 17:09:11,"Michigan Wolverines vs Ohio State Buckeyes, 2026-01-23, 08",Michigan Wolverines,Ohio State Buckeyes,draftkings,Spread,Michigan Wolverines,-6.5,,-581,https://sportsbook.draftkings.com/event/ohio-state-%40-michigan/33510248?outcomes=0HC83106926N650_1
2026-01-23 17:09:11,"Michigan Wolverines vs Ohio State Buckeyes, 2026-01-23, 08",Michigan Wolverines,Ohio State Buckeyes,draftkings,Spread,Ohio State Buckeyes,7.5,,+310,https://sportsbook.draftkings.com/event/ohio-state-%40-michigan/33510248?outcomes=0HC83106926P750_3
2026-01-23 17:09:11,"Michigan Wolverines vs Ohio State Buckeyes, 2026-01-23, 08",Michigan Wolverines,Ohio State Buckeyes,draftkings,Spread,Michigan Wolverines,-7.5,,-494,https://sportsbook.draftkings.com/event/ohio-state-%40-michigan/33510248?outcomes=0HC83106926N750_1
2026-01-23 17:09:11,"Michigan Wolverines vs Ohio State Buckeyes, 2026-01-23, 08",Michigan Wolverines,Ohio State Buckeyes,draftkings,Spread,Ohio State Buckeyes,8.5,,+258,https://sportsbook.draftkings.com/event/ohio-state-%40-michigan/33510248?outcomes=0HC83106926P850_3
2026-01-23 17:09:11,"Michigan Wolverines vs Ohio State Buckeyes, 2026-01-23, 08",Michigan Wolverines,Ohio State Buckeyes,draftkings,Spread,Michigan Wolverines,-8.5,,-392,https://sportsbook.draftkings.com/event/ohio-state-%40-michigan/33510248?outcomes=0HC83106926N850_1
2026-01-23 17:09:11,"Michigan Wolverines vs Ohio State Buckeyes, 2026-01-23, 08",Michigan Wolverines,Ohio State Buckeyes,draftkings,Spread,Michigan Wolverines,-28.5,,+399,https://sportsbook.draftkings.com/event/ohio-state-%40-michigan/33510248?outcomes=0HC83106926N2850_1
2026-01-23 17:09:11,"Michigan Wolverines vs Ohio State Buckeyes, 2026-01-23, 08",Michigan Wolverines,Ohio State Buckeyes,draftkings,Spread,Ohio State Buckeyes,9.5,,+222,https://sportsbook.draftkings.com/event/ohio-state-%40-michigan/33510248?outcomes=0HC83106926P950_3
2026-01-23 17:09:11,"Michigan Wolverines vs Ohio State Buckeyes, 2026-01-23, 08",Michigan Wolverines,Ohio State Buckeyes,draftkings,Spread,Ohio State Buckeyes,10.5,,+189,https://sportsbook.draftkings.com/event/ohio-state-%40-michigan/33510248?outcomes=0HC83106926P1050_3
2026-01-23 17:09:11,"Michigan Wolverines vs Ohio State Buckeyes, 2026-01-23, 08",Michigan Wolverines,Ohio State Buckeyes,draftkings,Spread,Michigan Wolverines,-10.5,,-271,https://sportsbook.draftkings.com/event/ohio-state-%40-michigan/33510248?outcomes=0HC83106926N1050_1
2026-01-23 17:09:11,"Michigan Wolverines vs Ohio State Buckeyes, 2026-01-23, 08",Michigan Wolverines,Ohio State Buckeyes,draftkings,Spread,Ohio State Buckeyes,11.5,,+164,https://sportsbook.draftkings.com/event/ohio-state-%40-michigan/33510248?outcomes=0HC83106926P1150_3
2026-01-23 17:09:11,"Michigan Wolverines vs Ohio State Buckeyes, 2026-01-23, 08",Michigan Wolverines,Ohio State Buckeyes,draftkings,Spread,Michigan Wolverines,-11.5,,-230,https://sportsbook.draftkings.com/event/ohio-state-%40-michigan/33510248?outcomes=0HC83106926N1150_1
2026-01-23 17:09:11,"Michigan Wolverines vs Ohio State Buckeyes, 2026-01-23, 08",Michigan Wolverines,Ohio State Buckeyes,draftkings,Spread,Ohio State Buckeyes,12.5,,+148,https://sportsbook.draftkings.com/event/ohio-state-%40-michigan/33510248?outcomes=0HC83106926P1250_3
2026-01-23 17:09:11,"Michigan Wolverines vs Ohio State Buckeyes, 2026-01-23, 08",Michigan Wolverines,Ohio State Buckeyes,draftkings,Spread,Michigan Wolverines,-12.5,,-206,https://sportsbook.draftkings.com/event/ohio-state-%40-michigan/33510248?outcomes=0HC83106926N1250_1
2026-01-23 17:09:11,"Michigan Wolverines vs Ohio State Buckeyes, 2026-01-23, 08",Michigan Wolverines,Ohio State Buckeyes,draftkings,Spread,Ohio State Buckeyes,13.5,,+124,https://sportsbook.draftkings.com/event/ohio-state-%40-michigan/33510248?outcomes=0HC83106926P1350_3
2026-01-23 17:09:11,"Michigan Wolverines vs Ohio State Buckeyes, 2026-01-23, 08",Michigan Wolverines,Ohio State Buckeyes,draftkings,Spread,Michigan Wolverines,-13.5,,-170,https://sportsbook.draftkings.com/event/ohio-state-%40-michigan/33510248?outcomes=0HC83106926N1350_1
2026-01-23 17:09:11,"Michigan Wolverines vs Ohio State Buckeyes, 2026-01-23, 08",Michigan Wolverines,Ohio State Buckeyes,draftkings,Spread,Ohio State Buckeyes,14.5,,+108,https://sportsbook.draftkings.com/event/ohio-state-%40-michigan/33510248?outcomes=0HC83106926P1450_3
2026-01-23 17:09:11,"Michigan Wolverines vs Ohio State Buckeyes, 2026-01-23, 08",Michigan Wolverines,Ohio State Buckeyes,draftkings,Spread,Michigan Wolverines,-14.5,,-147,https://sportsbook.draftkings.com/event/ohio-state-%40-michigan/33510248?outcomes=0HC83106926N1450_1
2026-01-23 17:09:11,"Michigan Wolverines vs Ohio State Buckeyes, 2026-01-23, 08",Michigan Wolverines,Ohio State Buckeyes,draftkings,Spread,Michigan Wolverines,-9.5,,-326,https://sportsbook.draftkings.com/event/ohio-state-%40-michigan/33510248?outcomes=0HC83106926N950_1
2026-01-23 17:09:11,"Michigan Wolverines vs Ohio State Buckeyes, 2026-01-23, 08",Michigan Wolverines,Ohio State Buckeyes,draftkings,Spread,Ohio State Buckeyes,16.5,,-118,https://sportsbook.draftkings.com/event/ohio-state-%40-michigan/33510248?outcomes=0HC83102594P1650_3
2026-01-23 17:09:11,"Michigan Wolverines vs Ohio State Buckeyes, 2026-01-23, 08",Michigan Wolverines,Ohio State Buckeyes,pinnacle,Total,,166.5,U,-126,
2026-01-23 17:09:11,"Michigan Wolverines vs Ohio State Buckeyes, 2026-01-23, 08",Michigan Wolverines,Ohio State Buckeyes,pinnacle,Total,,166.0,O,-104,
2026-01-23 17:09:11,"Michigan Wolverines vs Ohio State Buckeyes, 2026-01-23, 08",Michigan Wolverines,Ohio State Buckeyes,pinnacle,Total,,166.0,U,-120,
2026-01-23 17:09:11,"Michigan Wolverines vs Ohio State Buckeyes, 2026-01-23, 08",Michigan Wolverines,Ohio State Buckeyes,pinnacle,Total,,165.5,O,-108,
2026-01-23 17:09:11,"Michigan Wolverines vs Ohio State Buckeyes, 2026-01-23, 08",Michigan Wolverines,Ohio State Buckeyes,pinnacle,Total,,165.5,U,-112,
2026-01-23 17:09:11,"Michigan Wolverines vs Ohio State Buckeyes, 2026-01-23, 08",Michigan Wolverines,Ohio State Buckeyes,pinnacle,Total,,165.0,O,-116,
2026-01-23 17:09:11,"Michigan Wolverines vs Ohio State Buckeyes, 2026-01-23, 08",Michigan Wolverines,Ohio State Buckeyes,pinnacle,Total,,165.0,U,-108,
2026-01-23 17:09:11,"Michigan Wolverines vs Ohio State Buckeyes, 2026-01-23, 08",Michigan Wolverines,Ohio State Buckeyes,pinnacle,Total,,164.5,O,-123,
2026-01-23 17:09:11,"Michigan Wolverines vs Ohio State Buckeyes, 2026-01-23, 08",Michigan Wolverines,Ohio State Buckeyes,pinnacle,Total,,164.5,U,-102,
2026-01-23 17:09:11,"Michigan Wolverines vs Ohio State Buckeyes, 2026-01-23, 08",Michigan Wolverines,Ohio State Buckeyes,pinnacle,Total,,164.0,O,-131,
2026-01-23 17:09:11,"Michigan Wolverines vs Ohio State Buckeyes, 2026-01-23, 08",Michigan Wolverines,Ohio State Buckeyes,pinnacle,Total,,164.0,U,+104,
2026-01-23 17:09:11,"Michigan Wolverines vs Ohio State Buckeyes, 2026-01-23, 08",Michigan Wolverines,Ohio State Buckeyes,pinnacle,Total,,163.5,O,-138,
2026-01-23 17:09:11,"Michigan Wolverines vs Ohio State Buckeyes, 2026-01-23, 08",Michigan Wolverines,Ohio State Buckeyes,pinnacle,Total,,163.5,U,+109,
2026-01-23 17:09:11,"Michigan Wolverines vs Ohio State Buckeyes, 2026-01-23, 08",Michigan Wolverines,Ohio State Buckeyes,pinnacle,Total,,166.5,O,+100,
2026-01-23 17:09:11,"Michigan Wolverines vs Ohio State Buckeyes, 2026-01-23, 08",Michigan Wolverines,Ohio State Buckeyes,pinnacle,Total,,167.0,U,-133,
2026-01-23 17:09:11,"Michigan Wolverines vs Ohio State Buckeyes, 2026-01-23, 08",Michigan Wolverines,Ohio State Buckeyes,pinnacle,Total,,167.0,O,+105,
2026-01-23 17:09:11,"Michigan Wolverines vs Ohio State Buckeyes, 2026-01-23, 08",Michigan Wolverines,Ohio State Buckeyes,pinnacle,Total,,167.5,U,-139,
2026-01-23 17:09:11,"Michigan Wolverines vs Ohio State Buckeyes, 2026-01-23, 08",Michigan Wolverines,Ohio State Buckeyes,pinnacle,Total,,167.5,O,+110,
2026-01-23 17:09:11,"Michigan Wolverines vs Ohio State Buckeyes, 2026-01-23, 08",Michigan Wolverines,Ohio State Buckeyes,betonline,Total,,165.5,O,-110,
2026-01-23 17:09:11,"Michigan Wolverines vs Ohio State Buckeyes, 2026-01-23, 08",Michigan Wolverines,Ohio State Buckeyes,betonline,Total,,165.5,U,-110,
2026-01-23 17:09:11,"Michigan Wolverines vs Ohio State Buckeyes, 2026-01-23, 08",Michigan Wolverines,Ohio State Buckeyes,fanduel,Total,,173.5,O,+205,https://sportsbook.fanduel.ca/addToBetslip?marketId=801.154158756&selectionId=7017823
2026-01-23 17:09:11,"Michigan Wolverines vs Ohio State Buckeyes, 2026-01-23, 08",Michigan Wolverines,Ohio State Buckeyes,fanduel,Total,,173.5,U,-280,https://sportsbook.fanduel.ca/addToBetslip?marketId=801.154158756&selectionId=7017824
2026-01-23 17:09:11,"Michigan Wolverines vs Ohio State Buckeyes, 2026-01-23, 08",Michigan Wolverines,Ohio State Buckeyes,fanduel,Total,,155.5,O,-320,https://sportsbook.fanduel.ca/addToBetslip?marketId=801.154158772&selectionId=7017823
2026-01-23 17:09:11,"Michigan Wolverines vs Ohio State Buckeyes, 2026-01-23, 08",Michigan Wolverines,Ohio State Buckeyes,fanduel,Total,,155.5,U,+230,https://sportsbook.fanduel.ca/addToBetslip?marketId=801.154158772&selectionId=7017824
2026-01-23 17:09:11,"Michigan Wolverines vs Ohio State Buckeyes, 2026-01-23, 08",Michigan Wolverines,Ohio State Buckeyes,fanduel,Total,,164.5,O,-115,https://sportsbook.fanduel.ca/addToBetslip?marketId=801.151482441&selectionId=7017823
2026-01-23 17:09:11,"Michigan Wolverines vs Ohio State Buckeyes, 2026-01-23, 08",Michigan Wolverines,Ohio State Buckeyes,fanduel,Total,,164.5,U,-105,https://sportsbook.fanduel.ca/addToBetslip?marketId=801.151482441&selectionId=7017824
2026-01-23 17:09:11,"Michigan Wolverines vs Ohio State Buckeyes, 2026-01-23, 08",Michigan Wolverines,Ohio State Buckeyes,fanduel,Total,,167.5,O,+116,https://sportsbook.fanduel.ca/addToBetslip?marketId=801.154158740&selectionId=7017823
2026-01-23 17:09:11,"Michigan Wolverines vs Ohio State Buckeyes, 2026-01-23, 08",Michigan Wolverines,Ohio State Buckeyes,fanduel,Total,,167.5,U,-152,https://sportsbook.fanduel.ca/addToBetslip?marketId=801.154158740&selectionId=7017824
2026-01-23 17:09:11,"Michigan Wolverines vs Ohio State Buckeyes, 2026-01-23, 08",Michigan Wolverines,Ohio State Buckeyes,fanduel,Total,,170.5,O,+158,https://sportsbook.fanduel.ca/addToBetslip?marketId=801.154158802&selectionId=7017823
2026-01-23 17:09:11,"Michigan Wolverines vs Ohio State Buckeyes, 2026-01-23, 08",Michigan Wolverines,Ohio State Buckeyes,fanduel,Total,,170.5,U,-210,https://sportsbook.fanduel.ca/addToBetslip?marketId=801.154158802&selectionId=7017824
2026-01-23 17:09:11,"Michigan Wolverines vs Ohio State Buckeyes, 2026-01-23, 08",Michigan Wolverines,Ohio State Buckeyes,fanduel,Total,,161.5,O,-164,https://sportsbook.fanduel.ca/addToBetslip?marketId=801.154158752&selectionId=7017823
2026-01-23 17:09:11,"Michigan Wolverines vs Ohio State Buckeyes, 2026-01-23, 08",Michigan Wolverines,Ohio State Buckeyes,fanduel,Total,,161.5,U,+125,https://sportsbook.fanduel.ca/addToBetslip?marketId=801.154158752&selectionId=7017824
2026-01-23 17:09:11,"Michigan Wolverines vs Ohio State Buckeyes, 2026-01-23, 08",Michigan Wolverines,Ohio State Buckeyes,fanduel,Total,,158.5,O,-230,https://sportsbook.fanduel.ca/addToBetslip?marketId=801.154158747&selectionId=7017823
2026-01-23 17:09:11,"Michigan Wolverines vs Ohio State Buckeyes, 2026-01-23, 08",Michigan Wolverines,Ohio State Buckeyes,fanduel,Total,,158.5,U,+172,https://sportsbook.fanduel.ca/addToBetslip?marketId=801.154158747&selectionId=7017824
2026-01-23 17:09:11,"Michigan Wolverines vs Ohio State Buckeyes, 2026-01-23, 08",Michigan Wolverines,Ohio State Buckeyes,draftkings,Total,,165.5,O,-105,https://sportsbook.draftkings.com/event/ohio-state-%40-michigan/33510248?outcomes=0OU83102594O16550_1
2026-01-23 17:09:11,"Michigan Wolverines vs Ohio State Buckeyes, 2026-01-23, 08",Michigan Wolverines,Ohio State Buckeyes,draftkings,Total,,153.5,O,-410,https://sportsbook.draftkings.com/event/ohio-state-%40-michigan/33510248?outcomes=0OU83106926O15350_1
2026-01-23 17:09:11,"Michigan Wolverines vs Ohio State Buckeyes, 2026-01-23, 08",Michigan Wolverines,Ohio State Buckeyes,draftkings,Total,,167.5,U,-140,https://sportsbook.draftkings.com/event/ohio-state-%40-michigan/33510248?outcomes=0OU83106926U16750_3
2026-01-23 17:09:11,"Michigan Wolverines vs Ohio State Buckeyes, 2026-01-23, 08",Michigan Wolverines,Ohio State Buckeyes,draftkings,Total,,168.5,O,+120,https://sportsbook.draftkings.com/event/ohio-state-%40-michigan/33510248?outcomes=0OU83106926O16850_1
2026-01-23 17:09:11,"Michigan Wolverines vs Ohio State Buckeyes, 2026-01-23, 08",Michigan Wolverines,Ohio State Buckeyes,draftkings,Total,,168.5,U,-154,https://sportsbook.draftkings.com/event/ohio-state-%40-michigan/33510248?outcomes=0OU83106926U16850_3
2026-01-23 17:09:11,"Michigan Wolverines vs Ohio State Buckeyes, 2026-01-23, 08",Michigan Wolverines,Ohio State Buckeyes,draftkings,Total,,169.5,O,+135,https://sportsbook.draftkings.com/event/ohio-state-%40-michigan/33510248?outcomes=0OU83106926O16950_1
2026-01-23 17:09:11,"Michigan Wolverines vs Ohio State Buckeyes, 2026-01-23, 08",Michigan Wolverines,Ohio State Buckeyes,draftkings,Total,,169.5,U,-175,https://sportsbook.draftkings.com/event/ohio-state-%40-michigan/33510248?outcomes=0OU83106926U16950_3
2026-01-23 17:09:11,"Michigan Wolverines vs Ohio State Buckeyes, 2026-01-23, 08",Michigan Wolverines,Ohio State Buckeyes,draftkings,Total,,170.5,O,+150,https://sportsbook.draftkings.com/event/ohio-state-%40-michigan/33510248?outcomes=0OU83106926O17050_1
2026-01-23 17:09:11,"Michigan Wolverines vs Ohio State Buckeyes, 2026-01-23, 08",Michigan Wolverines,Ohio State Buckeyes,draftkings,Total,,170.5,U,-195,https://sportsbook.draftkings.com/event/ohio-state-%40-michigan/33510248?outcomes=0OU83106926U17050_3
2026-01-23 17:09:11,"Michigan Wolverines vs Ohio State Buckeyes, 2026-01-23, 08",Michigan Wolverines,Ohio State Buckeyes,draftkings,Total,,171.5,O,+165,https://sportsbook.draftkings.com/event/ohio-state-%40-michigan/33510248?outcomes=0OU83106926O17150_1
2026-01-23 17:09:11,"Michigan Wolverines vs Ohio State Buckeyes, 2026-01-23, 08",Michigan Wolverines,Ohio State Buckeyes,draftkings,Total,,171.5,U,-215,https://sportsbook.draftkings.com/event/ohio-state-%40-michigan/33510248?outcomes=0OU83106926U17150_3
2026-01-23 17:09:11,"Michigan Wolverines vs Ohio State Buckeyes, 2026-01-23, 08",Michigan Wolverines,Ohio State Buckeyes,draftkings,Total,,172.5,O,+185,https://sportsbook.draftkings.com/event/ohio-state-%40-michigan/33510248?outcomes=0OU83106926O17250_1
2026-01-23 17:09:11,"Michigan Wolverines vs Ohio State Buckeyes, 2026-01-23, 08",Michigan Wolverines,Ohio State Buckeyes,draftkings,Total,,172.5,U,-245,https://sportsbook.draftkings.com/event/ohio-state-%40-michigan/33510248?outcomes=0OU83106926U17250_3
2026-01-23 17:09:11,"Michigan Wolverines vs Ohio State Buckeyes, 2026-01-23, 08",Michigan Wolverines,Ohio State Buckeyes,draftkings,Total,,173.5,O,+200,https://sportsbook.draftkings.com/event/ohio-state-%40-michigan/33510248?outcomes=0OU83106926O17350_1
2026-01-23 17:09:11,"Michigan Wolverines vs Ohio State Buckeyes, 2026-01-23, 08",Michigan Wolverines,Ohio State Buckeyes,draftkings,Total,,173.5,U,-270,https://sportsbook.draftkings.com/event/ohio-state-%40-michigan/33510248?outcomes=0OU83106926U17350_3
2026-01-23 17:09:11,"Michigan Wolverines vs Ohio State Buckeyes, 2026-01-23, 08",Michigan Wolverines,Ohio State Buckeyes,draftkings,Total,,174.5,O,+220,https://sportsbook.draftkings.com/event/ohio-state-%40-michigan/33510248?outcomes=0OU83106926O17450_1
2026-01-23 17:09:11,"Michigan Wolverines vs Ohio State Buckeyes, 2026-01-23, 08",Michigan Wolverines,Ohio State Buckeyes,draftkings,Total,,174.5,U,-298,https://sportsbook.draftkings.com/event/ohio-state-%40-michigan/33510248?outcomes=0OU83106926U17450_3
2026-01-23 17:09:11,"Michigan Wolverines vs Ohio State Buckeyes, 2026-01-23, 08",Michigan Wolverines,Ohio State Buckeyes,draftkings,Total,,175.5,O,+240,https://sportsbook.draftkings.com/event/ohio-state-%40-michigan/33510248?outcomes=0OU83106926O17550_1
2026-01-23 17:09:11,"Michigan Wolverines vs Ohio State Buckeyes, 2026-01-23, 08",Michigan Wolverines,Ohio State Buckeyes,draftkings,Total,,175.5,U,-330,https://sportsbook.draftkings.com/event/ohio-state-%40-michigan/33510248?outcomes=0OU83106926U17550_3
2026-01-23 17:09:11,"Michigan Wolverines vs Ohio State Buckeyes, 2026-01-23, 08",Michigan Wolverines,Ohio State Buckeyes,draftkings,Total,,176.5,O,+270,https://sportsbook.draftkings.com/event/ohio-state-%40-michigan/33510248?outcomes=0OU83106926O17650_1
2026-01-23 17:09:11,"Michigan Wolverines vs Ohio State Buckeyes, 2026-01-23, 08",Michigan Wolverines,Ohio State Buckeyes,draftkings,Total,,176.5,U,-375,https://sportsbook.draftkings.com/event/ohio-state-%40-michigan/33510248?outcomes=0OU83106926U17650_3
2026-01-23 17:09:11,"Michigan Wolverines vs Ohio State Buckeyes, 2026-01-23, 08",Michigan Wolverines,Ohio State Buckeyes,draftkings,Total,,177.5,O,+290,https://sportsbook.draftkings.com/event/ohio-state-%40-michigan/33510248?outcomes=0OU83106926O17750_1
2026-01-23 17:09:11,"Michigan Wolverines vs Ohio State Buckeyes, 2026-01-23, 08",Michigan Wolverines,Ohio State Buckeyes,draftkings,Total,,177.5,U,-410,https://sportsbook.draftkings.com/event/ohio-state-%40-michigan/33510248?outcomes=0OU83106926U17750_3
2026-01-23 17:09:11,"Michigan Wolverines vs Ohio State Buckeyes, 2026-01-23, 08",Michigan Wolverines,Ohio State Buckeyes,draftkings,Total,,167.5,O,+110,https://sportsbook.draftkings.com/event/ohio-state-%40-michigan/33510248?outcomes=0OU83106926O16750_1
2026-01-23 17:09:11,"Michigan Wolverines vs Ohio State Buckeyes, 2026-01-23, 08",Michigan Wolverines,Ohio State Buckeyes,draftkings,Total,,166.5,U,-125,https://sportsbook.draftkings.com/event/ohio-state-%40-michigan/33510248?outcomes=0OU83106926U16650_3
2026-01-23 17:09:11,"Michigan Wolverines vs Ohio State Buckeyes, 2026-01-23, 08",Michigan Wolverines,Ohio State Buckeyes,draftkings,Total,,166.5,O,-105,https://sportsbook.draftkings.com/event/ohio-state-%40-michigan/33510248?outcomes=0OU83106926O16650_1
2026-01-23 17:09:11,"Michigan Wolverines vs Ohio State Buckeyes, 2026-01-23, 08",Michigan Wolverines,Ohio State Buckeyes,draftkings,Total,,164.5,U,-105,https://sportsbook.draftkings.com/event/ohio-state-%40-michigan/33510248?outcomes=0OU83106926U16450_3
2026-01-23 17:09:11,"Michigan Wolverines vs Ohio State Buckeyes, 2026-01-23, 08",Michigan Wolverines,Ohio State Buckeyes,draftkings,Total,,153.5,U,+290,https://sportsbook.draftkings.com/event/ohio-state-%40-michigan/33510248?outcomes=0OU83106926U15350_3
2026-01-23 17:09:11,"Michigan Wolverines vs Ohio State Buckeyes, 2026-01-23, 08",Michigan Wolverines,Ohio State Buckeyes,draftkings,Total,,154.5,O,-360,https://sportsbook.draftkings.com/event/ohio-state-%40-michigan/33510248?outcomes=0OU83106926O15450_1
2026-01-23 17:09:11,"Michigan Wolverines vs Ohio State Buckeyes, 2026-01-23, 08",Michigan Wolverines,Ohio State Buckeyes,draftkings,Total,,154.5,U,+260,https://sportsbook.draftkings.com/event/ohio-state-%40-michigan/33510248?outcomes=0OU83106926U15450_3
2026-01-23 17:09:11,"Michigan Wolverines vs Ohio State Buckeyes, 2026-01-23, 08",Michigan Wolverines,Ohio State Buckeyes,draftkings,Total,,155.5,O,-330,https://sportsbook.draftkings.com/event/ohio-state-%40-michigan/33510248?outcomes=0OU83106926O15550_1
2026-01-23 17:09:11,"Michigan Wolverines vs Ohio State Buckeyes, 2026-01-23, 08",Michigan Wolverines,Ohio State Buckeyes,draftkings,Total,,155.5,U,+240,https://sportsbook.draftkings.com/event/ohio-state-%40-michigan/33510248?outcomes=0OU83106926U15550_3
2026-01-23 17:09:11,"Michigan Wolverines vs Ohio State Buckeyes, 2026-01-23, 08",Michigan Wolverines,Ohio State Buckeyes,draftkings,Total,,156.5,O,-280,https://sportsbook.draftkings.com/event/ohio-state-%40-michigan/33510248?outcomes=0OU83106926O15650_1
2026-01-23 17:09:11,"Michigan Wolverines vs Ohio State Buckeyes, 2026-01-23, 08",Michigan Wolverines,Ohio State Buckeyes,draftkings,Total,,156.5,U,+210,https://sportsbook.draftkings.com/event/ohio-state-%40-michigan/33510248?outcomes=0OU83106926U15650_3
2026-01-23 17:09:11,"Michigan Wolverines vs Ohio State Buckeyes, 2026-01-23, 08",Michigan Wolverines,Ohio State Buckeyes,draftkings,Total,,157.5,O,-250,https://sportsbook.draftkings.com/event/ohio-state-%40-michigan/33510248?outcomes=0OU83106926O15750_1
2026-01-23 17:09:11,"Michigan Wolverines vs Ohio State Buckeyes, 2026-01-23, 08",Michigan Wolverines,Ohio State Buckeyes,draftkings,Total,,157.5,U,+190,https://sportsbook.draftkings.com/event/ohio-state-%40-michigan/33510248?outcomes=0OU83106926U15750_3
2026-01-23 17:09:11,"Michigan Wolverines vs Ohio State Buckeyes, 2026-01-23, 08",Michigan Wolverines,Ohio State Buckeyes,draftkings,Total,,158.5,O,-220,https://sportsbook.draftkings.com/event/ohio-state-%40-michigan/33510248?outcomes=0OU83106926O15850_1
2026-01-23 17:09:11,"Michigan Wolverines vs Ohio State Buckeyes, 2026-01-23, 08",Michigan Wolverines,Ohio State Buckeyes,draftkings,Total,,165.5,U,-115,https://sportsbook.draftkings.com/event/ohio-state-%40-michigan/33510248?outcomes=0OU83102594U16550_3
2026-01-23 17:09:11,"Michigan Wolverines vs Ohio State Buckeyes, 2026-01-23, 08",Michigan Wolverines,Ohio State Buckeyes,draftkings,Total,,158.5,U,+170,https://sportsbook.draftkings.com/event/ohio-state-%40-michigan/33510248?outcomes=0OU83106926U15850_3
2026-01-23 17:09:11,"Michigan Wolverines vs Ohio State Buckeyes, 2026-01-23, 08",Michigan Wolverines,Ohio State Buckeyes,draftkings,Total,,159.5,U,+160,https://sportsbook.draftkings.com/event/ohio-state-%40-michigan/33510248?outcomes=0OU83106926U15950_3
2026-01-23 17:09:11,"Michigan Wolverines vs Ohio State Buckeyes, 2026-01-23, 08",Michigan Wolverines,Ohio State Buckeyes,draftkings,Total,,160.5,O,-188,https://sportsbook.draftkings.com/event/ohio-state-%40-michigan/33510248?outcomes=0OU83106926O16050_1
2026-01-23 17:09:11,"Michigan Wolverines vs Ohio State Buckeyes, 2026-01-23, 08",Michigan Wolverines,Ohio State Buckeyes,draftkings,Total,,160.5,U,+145,https://sportsbook.draftkings.com/event/ohio-state-%40-michigan/33510248?outcomes=0OU83106926U16050_3
2026-01-23 17:09:11,"Michigan Wolverines vs Ohio State Buckeyes, 2026-01-23, 08",Michigan Wolverines,Ohio State Buckeyes,draftkings,Total,,161.5,O,-166,https://sportsbook.draftkings.com/event/ohio-state-%40-michigan/33510248?outcomes=0OU83106926O16150_1
2026-01-23 17:09:11,"Michigan Wolverines vs Ohio State Buckeyes, 2026-01-23, 08",Michigan Wolverines,Ohio State Buckeyes,draftkings,Total,,161.5,U,+130,https://sportsbook.draftkings.com/event/ohio-state-%40-michigan/33510248?outcomes=0OU83106926U16150_3
2026-01-23 17:09:11,"Michigan Wolverines vs Ohio State Buckeyes, 2026-01-23, 08",Michigan Wolverines,Ohio State Buckeyes,draftkings,Total,,162.5,O,-154,https://sportsbook.draftkings.com/event/ohio-state-%40-michigan/33510248?outcomes=0OU83106926O16250_1
2026-01-23 17:09:11,"Michigan Wolverines vs Ohio State Buckeyes, 2026-01-23, 08",Michigan Wolverines,Ohio State Buckeyes,draftkings,Total,,162.5,U,+120,https://sportsbook.draftkings.com/event/ohio-state-%40-michigan/33510248?outcomes=0OU83106926U16250_3
2026-01-23 17:09:11,"Michigan Wolverines vs Ohio State Buckeyes, 2026-01-23, 08",Michigan Wolverines,Ohio State Buckeyes,draftkings,Total,,163.5,O,-140,https://sportsbook.draftkings.com/event/ohio-state-%40-michigan/33510248?outcomes=0OU83106926O16350_1
2026-01-23 17:09:11,"Michigan Wolverines vs Ohio State Buckeyes, 2026-01-23, 08",Michigan Wolverines,Ohio State Buckeyes,draftkings,Total,,163.5,U,+110,https://sportsbook.draftkings.com/event/ohio-state-%40-michigan/33510248?outcomes=0OU83106926U16350_3
2026-01-23 17:09:11,"Michigan Wolverines vs Ohio State Buckeyes, 2026-01-23, 08",Michigan Wolverines,Ohio State Buckeyes,draftkings,Total,,164.5,O,-125,https://sportsbook.draftkings.com/event/ohio-state-%40-michigan/33510248?outcomes=0OU83106926O16450_1
2026-01-23 17:09:11,"Michigan Wolverines vs Ohio State Buckeyes, 2026-01-23, 08",Michigan Wolverines,Ohio State Buckeyes,draftkings,Total,,159.5,O,-210,https://sportsbook.draftkings.com/event/ohio-state-%40-michigan/33510248?outcomes=0OU83106926O15950_1
2026-01-23 17:09:11,"Minnesota Golden Gophers vs Nebraska Cornhuskers, 2026-01-24, 12",Minnesota Golden Gophers,Nebraska Cornhuskers,pinnacle,Spread,Minnesota Golden Gophers,7.5,,-147,
2026-01-23 17:09:11,"Minnesota Golden Gophers vs Nebraska Cornhuskers, 2026-01-24, 12",Minnesota Golden Gophers,Nebraska Cornhuskers,pinnacle,Spread,Nebraska Cornhuskers,-7.5,,+116,
2026-01-23 17:09:11,"Minnesota Golden Gophers vs Nebraska Cornhuskers, 2026-01-24, 12",Minnesota Golden Gophers,Nebraska Cornhuskers,pinnacle,Spread,Minnesota Golden Gophers,7.0,,-137,
2026-01-23 17:09:11,"Minnesota Golden Gophers vs Nebraska Cornhuskers, 2026-01-24, 12",Minnesota Golden Gophers,Nebraska Cornhuskers,pinnacle,Spread,Nebraska Cornhuskers,-7.0,,+109,
2026-01-23 17:09:11,"Minnesota Golden Gophers vs Nebraska Cornhuskers, 2026-01-24, 12",Minnesota Golden Gophers,Nebraska Cornhuskers,pinnacle,Spread,Minnesota Golden Gophers,6.5,,-127,
2026-01-23 17:09:11,"Minnesota Golden Gophers vs Nebraska Cornhuskers, 2026-01-24, 12",Minnesota Golden Gophers,Nebraska Cornhuskers,pinnacle,Spread,Nebraska Cornhuskers,-6.5,,+101,
2026-01-23 17:09:11,"Minnesota Golden Gophers vs Nebraska Cornhuskers, 2026-01-24, 12",Minnesota Golden Gophers,Nebraska Cornhuskers,pinnacle,Spread,Minnesota Golden Gophers,6.0,,-117,
2026-01-23 17:09:11,"Minnesota Golden Gophers vs Nebraska Cornhuskers, 2026-01-24, 12",Minnesota Golden Gophers,Nebraska Cornhuskers,pinnacle,Spread,Nebraska Cornhuskers,-6.0,,-107,
2026-01-23 17:09:11,"Minnesota Golden Gophers vs Nebraska Cornhuskers, 2026-01-24, 12",Minnesota Golden Gophers,Nebraska Cornhuskers,pinnacle,Spread,Minnesota Golden Gophers,5.5,,-106,
2026-01-23 17:09:11,"Minnesota Golden Gophers vs Nebraska Cornhuskers, 2026-01-24, 12",Minnesota Golden Gophers,Nebraska Cornhuskers,pinnacle,Spread,Nebraska Cornhuskers,-5.5,,-114,
2026-01-23 17:09:11,"Minnesota Golden Gophers vs Nebraska Cornhuskers, 2026-01-24, 12",Minnesota Golden Gophers,Nebraska Cornhuskers,pinnacle,Spread,Minnesota Golden Gophers,5.0,,+101,
2026-01-23 17:09:11,"Minnesota Golden Gophers vs Nebraska Cornhuskers, 2026-01-24, 12",Minnesota Golden Gophers,Nebraska Cornhuskers,pinnacle,Spread,Nebraska Cornhuskers,-5.0,,-127,
2026-01-23 17:09:11,"Minnesota Golden Gophers vs Nebraska Cornhuskers, 2026-01-24, 12",Minnesota Golden Gophers,Nebraska Cornhuskers,pinnacle,Spread,Minnesota Golden Gophers,4.5,,+109,
2026-01-23 17:09:11,"Minnesota Golden Gophers vs Nebraska Cornhuskers, 2026-01-24, 12",Minnesota Golden Gophers,Nebraska Cornhuskers,pinnacle,Spread,Nebraska Cornhuskers,-4.5,,-138,
2026-01-23 17:09:11,"Minnesota Golden Gophers vs Nebraska Cornhuskers, 2026-01-24, 12",Minnesota Golden Gophers,Nebraska Cornhuskers,pinnacle,Spread,Minnesota Golden Gophers,4.0,,+117,
2026-01-23 17:09:11,"Minnesota Golden Gophers vs Nebraska Cornhuskers, 2026-01-24, 12",Minnesota Golden Gophers,Nebraska Cornhuskers,pinnacle,Spread,Nebraska Cornhuskers,-4.0,,-148,
2026-01-23 17:09:11,"Minnesota Golden Gophers vs Nebraska Cornhuskers, 2026-01-24, 12",Minnesota Golden Gophers,Nebraska Cornhuskers,pinnacle,Spread,Minnesota Golden Gophers,3.5,,+125,
2026-01-23 17:09:11,"Minnesota Golden Gophers vs Nebraska Cornhuskers, 2026-01-24, 12",Minnesota Golden Gophers,Nebraska Cornhuskers,pinnacle,Spread,Nebraska Cornhuskers,-3.5,,-159,
2026-01-23 17:09:11,"Minnesota Golden Gophers vs Nebraska Cornhuskers, 2026-01-24, 12",Minnesota Golden Gophers,Nebraska Cornhuskers,betonline,Spread,Nebraska Cornhuskers,-6.5,,-110,
2026-01-23 17:09:11,"Minnesota Golden Gophers vs Nebraska Cornhuskers, 2026-01-24, 12",Minnesota Golden Gophers,Nebraska Cornhuskers,betonline,Spread,Minnesota Golden Gophers,6.5,,-110,
2026-01-23 17:09:11,"Minnesota Golden Gophers vs Nebraska Cornhuskers, 2026-01-24, 12",Minnesota Golden Gophers,Nebraska Cornhuskers,fanduel,Spread,Nebraska Cornhuskers,-5.5,,-110,https://sportsbook.fanduel.ca/addToBetslip?marketId=801.152221898&selectionId=710160
2026-01-23 17:09:11,"Minnesota Golden Gophers vs Nebraska Cornhuskers, 2026-01-24, 12",Minnesota Golden Gophers,Nebraska Cornhuskers,fanduel,Spread,Minnesota Golden Gophers,5.5,,-110,https://sportsbook.fanduel.ca/addToBetslip?marketId=801.152221898&selectionId=13118
2026-01-23 17:09:11,"Minnesota Golden Gophers vs Nebraska Cornhuskers, 2026-01-24, 12",Minnesota Golden Gophers,Nebraska Cornhuskers,draftkings,Spread,Nebraska Cornhuskers,-5.5,,-115,https://sportsbook.draftkings.com/event/nebraska-%40-minnesota/33516266?outcomes=0HC83116633N550_3
2026-01-23 17:09:11,"Minnesota Golden Gophers vs Nebraska Cornhuskers, 2026-01-24, 12",Minnesota Golden Gophers,Nebraska Cornhuskers,draftkings,Spread,Minnesota Golden Gophers,5.5,,-105,https://sportsbook.draftkings.com/event/nebraska-%40-minnesota/33516266?outcomes=0HC83116633P550_1
2026-01-23 17:09:11,"Minnesota Golden Gophers vs Nebraska Cornhuskers, 2026-01-24, 12",Minnesota Golden Gophers,Nebraska Cornhuskers,pinnacle,Total,,140.0,U,-147,
2026-01-23 17:09:11,"Minnesota Golden Gophers vs Nebraska Cornhuskers, 2026-01-24, 12",Minnesota Golden Gophers,Nebraska Cornhuskers,pinnacle,Total,,139.5,O,+107,
2026-01-23 17:09:11,"Minnesota Golden Gophers vs Nebraska Cornhuskers, 2026-01-24, 12",Minnesota Golden Gophers,Nebraska Cornhuskers,pinnacle,Total,,139.5,U,-140,
2026-01-23 17:09:11,"Minnesota Golden Gophers vs Nebraska Cornhuskers, 2026-01-24, 12",Minnesota Golden Gophers,Nebraska Cornhuskers,pinnacle,Total,,139.0,O,+102,
2026-01-23 17:09:11,"Minnesota Golden Gophers vs Nebraska Cornhuskers, 2026-01-24, 12",Minnesota Golden Gophers,Nebraska Cornhuskers,pinnacle,Total,,139.0,U,-133,
2026-01-23 17:09:11,"Minnesota Golden Gophers vs Nebraska Cornhuskers, 2026-01-24, 12",Minnesota Golden Gophers,Nebraska Cornhuskers,pinnacle,Total,,138.5,O,-103,
2026-01-23 17:09:11,"Minnesota Golden Gophers vs Nebraska Cornhuskers, 2026-01-24, 12",Minnesota Golden Gophers,Nebraska Cornhuskers,pinnacle,Total,,138.5,U,-126,
2026-01-23 17:09:11,"Minnesota Golden Gophers vs Nebraska Cornhuskers, 2026-01-24, 12",Minnesota Golden Gophers,Nebraska Cornhuskers,pinnacle,Total,,138.0,O,-107,
2026-01-23 17:09:11,"Minnesota Golden Gophers vs Nebraska Cornhuskers, 2026-01-24, 12",Minnesota Golden Gophers,Nebraska Cornhuskers,pinnacle,Total,,138.0,U,-117,
2026-01-23 17:09:11,"Minnesota Golden Gophers vs Nebraska Cornhuskers, 2026-01-24, 12",Minnesota Golden Gophers,Nebraska Cornhuskers,pinnacle,Total,,137.5,O,-116,
2026-01-23 17:09:11,"Minnesota Golden Gophers vs Nebraska Cornhuskers, 2026-01-24, 12",Minnesota Golden Gophers,Nebraska Cornhuskers,pinnacle,Total,,137.5,U,-112,
2026-01-23 17:09:11,"Minnesota Golden Gophers vs Nebraska Cornhuskers, 2026-01-24, 12",Minnesota Golden Gophers,Nebraska Cornhuskers,pinnacle,Total,,140.0,O,+112,
2026-01-23 17:09:11,"Minnesota Golden Gophers vs Nebraska Cornhuskers, 2026-01-24, 12",Minnesota Golden Gophers,Nebraska Cornhuskers,pinnacle,Total,,137.0,O,-123,
2026-01-23 17:09:11,"Minnesota Golden Gophers vs Nebraska Cornhuskers, 2026-01-24, 12",Minnesota Golden Gophers,Nebraska Cornhuskers,pinnacle,Total,,136.5,O,-130,
2026-01-23 17:09:11,"Minnesota Golden Gophers vs Nebraska Cornhuskers, 2026-01-24, 12",Minnesota Golden Gophers,Nebraska Cornhuskers,pinnacle,Total,,136.5,U,-100,
2026-01-23 17:09:11,"Minnesota Golden Gophers vs Nebraska Cornhuskers, 2026-01-24, 12",Minnesota Golden Gophers,Nebraska Cornhuskers,pinnacle,Total,,136.0,O,-137,
2026-01-23 17:09:11,"Minnesota Golden Gophers vs Nebraska Cornhuskers, 2026-01-24, 12",Minnesota Golden Gophers,Nebraska Cornhuskers,pinnacle,Total,,136.0,U,+105,
2026-01-23 17:09:11,"Minnesota Golden Gophers vs Nebraska Cornhuskers, 2026-01-24, 12",Minnesota Golden Gophers,Nebraska Cornhuskers,pinnacle,Total,,137.0,U,-106,
2026-01-23 17:09:11,"Minnesota Golden Gophers vs Nebraska Cornhuskers, 2026-01-24, 12",Minnesota Golden Gophers,Nebraska Cornhuskers,betonline,Total,,136.5,O,-110,
2026-01-23 17:09:11,"Minnesota Golden Gophers vs Nebraska Cornhuskers, 2026-01-24, 12",Minnesota Golden Gophers,Nebraska Cornhuskers,betonline,Total,,136.5,U,-110,
2026-01-23 17:09:11,"Minnesota Golden Gophers vs Nebraska Cornhuskers, 2026-01-24, 12",Minnesota Golden Gophers,Nebraska Cornhuskers,fanduel,Total,,137.5,O,-115,https://sportsbook.fanduel.ca/addToBetslip?marketId=801.152221899&selectionId=7017823
2026-01-23 17:09:11,"Minnesota Golden Gophers vs Nebraska Cornhuskers, 2026-01-24, 12",Minnesota Golden Gophers,Nebraska Cornhuskers,fanduel,Total,,137.5,U,-105,https://sportsbook.fanduel.ca/addToBetslip?marketId=801.152221899&selectionId=7017824
2026-01-23 17:09:11,"Minnesota Golden Gophers vs Nebraska Cornhuskers, 2026-01-24, 12",Minnesota Golden Gophers,Nebraska Cornhuskers,draftkings,Total,,137.5,O,-108,https://sportsbook.draftkings.com/event/nebraska-%40-minnesota/33516266?outcomes=0OU83116633O13750_1
2026-01-23 17:09:11,"Minnesota Golden Gophers vs Nebraska Cornhuskers, 2026-01-24, 12",Minnesota Golden Gophers,Nebraska Cornhuskers,draftkings,Total,,137.5,U,-112,https://sportsbook.draftkings.com/event/nebraska-%40-minnesota/33516266?outcomes=0OU83116633U13750_3
2026-01-23 17:09:11,"Mississippi Bulldogs vs Vanderbilt Commodores, 2026-01-24, 12",Mississippi Bulldogs,Vanderbilt Commodores,pinnacle,Spread,Vanderbilt Commodores,-5.5,,-150,
2026-01-23 17:09:11,"Mississippi Bulldogs vs Vanderbilt Commodores, 2026-01-24, 12",Mississippi Bulldogs,Vanderbilt Commodores,pinnacle,Spread,Mississippi Bulldogs,5.5,,+123,
2026-01-23 17:09:11,"Mississippi Bulldogs vs Vanderbilt Commodores, 2026-01-24, 12",Mississippi Bulldogs,Vanderbilt Commodores,pinnacle,Spread,Vanderbilt Commodores,-6.0,,-140,
2026-01-23 17:09:11,"Mississippi Bulldogs vs Vanderbilt Commodores, 2026-01-24, 12",Mississippi Bulldogs,Vanderbilt Commodores,pinnacle,Spread,Vanderbilt Commodores,-6.5,,-130,
2026-01-23 17:09:11,"Mississippi Bulldogs vs Vanderbilt Commodores, 2026-01-24, 12",Mississippi Bulldogs,Vanderbilt Commodores,pinnacle,Spread,Mississippi Bulldogs,9.5,,-150,
2026-01-23 17:09:11,"Mississippi Bulldogs vs Vanderbilt Commodores, 2026-01-24, 12",Mississippi Bulldogs,Vanderbilt Commodores,pinnacle,Spread,Vanderbilt Commodores,-9.5,,+123,
2026-01-23 17:09:11,"Mississippi Bulldogs vs Vanderbilt Commodores, 2026-01-24, 12",Mississippi Bulldogs,Vanderbilt Commodores,pinnacle,Spread,Mississippi Bulldogs,9.0,,-140,
2026-01-23 17:09:11,"Mississippi Bulldogs vs Vanderbilt Commodores, 2026-01-24, 12",Mississippi Bulldogs,Vanderbilt Commodores,pinnacle,Spread,Vanderbilt Commodores,-9.0,,+115,
2026-01-23 17:09:11,"Mississippi Bulldogs vs Vanderbilt Commodores, 2026-01-24, 12",Mississippi Bulldogs,Vanderbilt Commodores,pinnacle,Spread,Mississippi Bulldogs,8.5,,-130,
2026-01-23 17:09:11,"Mississippi Bulldogs vs Vanderbilt Commodores, 2026-01-24, 12",Mississippi Bulldogs,Vanderbilt Commodores,pinnacle,Spread,Vanderbilt Commodores,-8.5,,+107,
2026-01-23 17:09:11,"Mississippi Bulldogs vs Vanderbilt Commodores, 2026-01-24, 12",Mississippi Bulldogs,Vanderbilt Commodores,pinnacle,Spread,Mississippi Bulldogs,8.0,,-120,
2026-01-23 17:09:11,"Mississippi Bulldogs vs Vanderbilt Commodores, 2026-01-24, 12",Mississippi Bulldogs,Vanderbilt Commodores,pinnacle,Spread,Vanderbilt Commodores,-8.0,,-101,
2026-01-23 17:09:11,"Mississippi Bulldogs vs Vanderbilt Commodores, 2026-01-24, 12",Mississippi Bulldogs,Vanderbilt Commodores,pinnacle,Spread,Mississippi Bulldogs,7.5,,-110,
2026-01-23 17:09:11,"Mississippi Bulldogs vs Vanderbilt Commodores, 2026-01-24, 12",Mississippi Bulldogs,Vanderbilt Commodores,pinnacle,Spread,Vanderbilt Commodores,-7.5,,-110,
2026-01-23 17:09:11,"Mississippi Bulldogs vs Vanderbilt Commodores, 2026-01-24, 12",Mississippi Bulldogs,Vanderbilt Commodores,pinnacle,Spread,Mississippi Bulldogs,7.0,,-101,
2026-01-23 17:09:11,"Mississippi Bulldogs vs Vanderbilt Commodores, 2026-01-24, 12",Mississippi Bulldogs,Vanderbilt Commodores,pinnacle,Spread,Vanderbilt Commodores,-7.0,,-120,
2026-01-23 17:09:11,"Mississippi Bulldogs vs Vanderbilt Commodores, 2026-01-24, 12",Mississippi Bulldogs,Vanderbilt Commodores,pinnacle,Spread,Mississippi Bulldogs,6.5,,+107,
2026-01-23 17:09:11,"Mississippi Bulldogs vs Vanderbilt Commodores, 2026-01-24, 12",Mississippi Bulldogs,Vanderbilt Commodores,pinnacle,Spread,Mississippi Bulldogs,6.0,,+115,
2026-01-23 17:09:11,"Mississippi Bulldogs vs Vanderbilt Commodores, 2026-01-24, 12",Mississippi Bulldogs,Vanderbilt Commodores,draftkings,Spread,Vanderbilt Commodores,-7.5,,-110,https://sportsbook.draftkings.com/event/vanderbilt-%40-mississippi-state/33516278?outcomes=0HC83116662N750_3
2026-01-23 17:09:11,"Mississippi Bulldogs vs Vanderbilt Commodores, 2026-01-24, 12",Mississippi Bulldogs,Vanderbilt Commodores,draftkings,Spread,Mississippi Bulldogs,7.5,,-110,https://sportsbook.draftkings.com/event/vanderbilt-%40-mississippi-state/33516278?outcomes=0HC83116662P750_1
2026-01-23 17:09:11,"Mississippi Bulldogs vs Vanderbilt Commodores, 2026-01-24, 12",Mississippi Bulldogs,Vanderbilt Commodores,pinnacle,Total,,162.5,O,+110,
2026-01-23 17:09:11,"Mississippi Bulldogs vs Vanderbilt Commodores, 2026-01-24, 12",Mississippi Bulldogs,Vanderbilt Commodores,pinnacle,Total,,162.5,U,-139,
2026-01-23 17:09:11,"Mississippi Bulldogs vs Vanderbilt Commodores, 2026-01-24, 12",Mississippi Bulldogs,Vanderbilt Commodores,pinnacle,Total,,162.0,O,+106,
2026-01-23 17:09:11,"Mississippi Bulldogs vs Vanderbilt Commodores, 2026-01-24, 12",Mississippi Bulldogs,Vanderbilt Commodores,pinnacle,Total,,162.0,U,-133,
2026-01-23 17:09:11,"Mississippi Bulldogs vs Vanderbilt Commodores, 2026-01-24, 12",Mississippi Bulldogs,Vanderbilt Commodores,pinnacle,Total,,161.5,O,-100,
2026-01-23 17:09:11,"Mississippi Bulldogs vs Vanderbilt Commodores, 2026-01-24, 12",Mississippi Bulldogs,Vanderbilt Commodores,pinnacle,Total,,161.5,U,-126,
2026-01-23 17:09:11,"Mississippi Bulldogs vs Vanderbilt Commodores, 2026-01-24, 12",Mississippi Bulldogs,Vanderbilt Commodores,pinnacle,Total,,161.0,O,-106,
2026-01-23 17:09:11,"Mississippi Bulldogs vs Vanderbilt Commodores, 2026-01-24, 12",Mississippi Bulldogs,Vanderbilt Commodores,pinnacle,Total,,161.0,U,-119,
2026-01-23 17:09:11,"Mississippi Bulldogs vs Vanderbilt Commodores, 2026-01-24, 12",Mississippi Bulldogs,Vanderbilt Commodores,pinnacle,Total,,160.5,O,-112,
2026-01-23 17:09:11,"Mississippi Bulldogs vs Vanderbilt Commodores, 2026-01-24, 12",Mississippi Bulldogs,Vanderbilt Commodores,pinnacle,Total,,160.5,U,-112,
2026-01-23 17:09:11,"Mississippi Bulldogs vs Vanderbilt Commodores, 2026-01-24, 12",Mississippi Bulldogs,Vanderbilt Commodores,pinnacle,Total,,160.0,O,-119,
2026-01-23 17:09:11,"Mississippi Bulldogs vs Vanderbilt Commodores, 2026-01-24, 12",Mississippi Bulldogs,Vanderbilt Commodores,pinnacle,Total,,160.0,U,-106,
2026-01-23 17:09:11,"Mississippi Bulldogs vs Vanderbilt Commodores, 2026-01-24, 12",Mississippi Bulldogs,Vanderbilt Commodores,pinnacle,Total,,159.5,O,-125,
2026-01-23 17:09:11,"Mississippi Bulldogs vs Vanderbilt Commodores, 2026-01-24, 12",Mississippi Bulldogs,Vanderbilt Commodores,pinnacle,Total,,159.5,U,-100,
2026-01-23 17:09:11,"Mississippi Bulldogs vs Vanderbilt Commodores, 2026-01-24, 12",Mississippi Bulldogs,Vanderbilt Commodores,pinnacle,Total,,159.0,O,-133,
2026-01-23 17:09:11,"Mississippi Bulldogs vs Vanderbilt Commodores, 2026-01-24, 12",Mississippi Bulldogs,Vanderbilt Commodores,pinnacle,Total,,159.0,U,+105,
2026-01-23 17:09:11,"Mississippi Bulldogs vs Vanderbilt Commodores, 2026-01-24, 12",Mississippi Bulldogs,Vanderbilt Commodores,pinnacle,Total,,158.5,O,-139,
2026-01-23 17:09:11,"Mississippi Bulldogs vs Vanderbilt Commodores, 2026-01-24, 12",Mississippi Bulldogs,Vanderbilt Commodores,pinnacle,Total,,158.5,U,+110,
2026-01-23 17:09:11,"Mississippi Bulldogs vs Vanderbilt Commodores, 2026-01-24, 12",Mississippi Bulldogs,Vanderbilt Commodores,draftkings,Total,,159.5,O,-110,https://sportsbook.draftkings.com/event/vanderbilt-%40-mississippi-state/33516278?outcomes=0OU83116662O15950_1
2026-01-23 17:09:11,"Mississippi Bulldogs vs Vanderbilt Commodores, 2026-01-24, 12",Mississippi Bulldogs,Vanderbilt Commodores,draftkings,Total,,159.5,U,-110,https://sportsbook.draftkings.com/event/vanderbilt-%40-mississippi-state/33516278?outcomes=0OU83116662U15950_3
2026-01-23 17:09:11,"Missouri Tigers vs Oklahoma Sooners, 2026-01-24, 02",Missouri Tigers,Oklahoma Sooners,fanduel,Spread,Oklahoma Sooners,4.5,,-102,https://sportsbook.fanduel.ca/addToBetslip?marketId=801.152221198&selectionId=332191
2026-01-23 17:09:11,"Missouri Tigers vs Oklahoma Sooners, 2026-01-24, 02",Missouri Tigers,Oklahoma Sooners,fanduel,Spread,Missouri Tigers,-4.5,,-120,https://sportsbook.fanduel.ca/addToBetslip?marketId=801.152221198&selectionId=332649
2026-01-23 17:09:11,"Missouri Tigers vs Oklahoma Sooners, 2026-01-24, 02",Missouri Tigers,Oklahoma Sooners,betonline,Spread,Oklahoma Sooners,4.5,,-110,
2026-01-23 17:09:11,"Missouri Tigers vs Oklahoma Sooners, 2026-01-24, 02",Missouri Tigers,Oklahoma Sooners,betonline,Spread,Missouri Tigers,-4.5,,-110,
2026-01-23 17:09:11,"Missouri Tigers vs Oklahoma Sooners, 2026-01-24, 02",Missouri Tigers,Oklahoma Sooners,pinnacle,Spread,Missouri Tigers,-3.0,,-154,
2026-01-23 17:09:11,"Missouri Tigers vs Oklahoma Sooners, 2026-01-24, 02",Missouri Tigers,Oklahoma Sooners,pinnacle,Spread,Oklahoma Sooners,3.0,,+121,
2026-01-23 17:09:11,"Missouri Tigers vs Oklahoma Sooners, 2026-01-24, 02",Missouri Tigers,Oklahoma Sooners,pinnacle,Spread,Missouri Tigers,-3.5,,-144,
2026-01-23 17:09:11,"Missouri Tigers vs Oklahoma Sooners, 2026-01-24, 02",Missouri Tigers,Oklahoma Sooners,pinnacle,Spread,Oklahoma Sooners,3.5,,+114,
2026-01-23 17:09:11,"Missouri Tigers vs Oklahoma Sooners, 2026-01-24, 02",Missouri Tigers,Oklahoma Sooners,pinnacle,Spread,Missouri Tigers,-4.0,,-133,
2026-01-23 17:09:11,"Missouri Tigers vs Oklahoma Sooners, 2026-01-24, 02",Missouri Tigers,Oklahoma Sooners,pinnacle,Spread,Oklahoma Sooners,4.0,,+106,
2026-01-23 17:09:11,"Missouri Tigers vs Oklahoma Sooners, 2026-01-24, 02",Missouri Tigers,Oklahoma Sooners,pinnacle,Spread,Missouri Tigers,-4.5,,-123,
2026-01-23 17:09:11,"Missouri Tigers vs Oklahoma Sooners, 2026-01-24, 02",Missouri Tigers,Oklahoma Sooners,pinnacle,Spread,Oklahoma Sooners,4.5,,-102,
2026-01-23 17:09:11,"Missouri Tigers vs Oklahoma Sooners, 2026-01-24, 02",Missouri Tigers,Oklahoma Sooners,pinnacle,Spread,Missouri Tigers,-5.0,,-111,
2026-01-23 17:09:11,"Missouri Tigers vs Oklahoma Sooners, 2026-01-24, 02",Missouri Tigers,Oklahoma Sooners,pinnacle,Spread,Oklahoma Sooners,5.0,,-109,
2026-01-23 17:09:11,"Missouri Tigers vs Oklahoma Sooners, 2026-01-24, 02",Missouri Tigers,Oklahoma Sooners,pinnacle,Spread,Missouri Tigers,-5.5,,-103,
2026-01-23 17:09:11,"Missouri Tigers vs Oklahoma Sooners, 2026-01-24, 02",Missouri Tigers,Oklahoma Sooners,pinnacle,Spread,Oklahoma Sooners,5.5,,-121,
2026-01-23 17:09:11,"Missouri Tigers vs Oklahoma Sooners, 2026-01-24, 02",Missouri Tigers,Oklahoma Sooners,pinnacle,Spread,Missouri Tigers,-6.0,,+104,
2026-01-23 17:09:11,"Missouri Tigers vs Oklahoma Sooners, 2026-01-24, 02",Missouri Tigers,Oklahoma Sooners,pinnacle,Spread,Oklahoma Sooners,6.0,,-131,
2026-01-23 17:09:11,"Missouri Tigers vs Oklahoma Sooners, 2026-01-24, 02",Missouri Tigers,Oklahoma Sooners,pinnacle,Spread,Missouri Tigers,-6.5,,+112,
2026-01-23 17:09:11,"Missouri Tigers vs Oklahoma Sooners, 2026-01-24, 02",Missouri Tigers,Oklahoma Sooners,pinnacle,Spread,Oklahoma Sooners,6.5,,-142,
2026-01-23 17:09:11,"Missouri Tigers vs Oklahoma Sooners, 2026-01-24, 02",Missouri Tigers,Oklahoma Sooners,pinnacle,Spread,Missouri Tigers,-7.0,,+120,
2026-01-23 17:09:11,"Missouri Tigers vs Oklahoma Sooners, 2026-01-24, 02",Missouri Tigers,Oklahoma Sooners,pinnacle,Spread,Oklahoma Sooners,7.0,,-152,
2026-01-23 17:09:11,"Missouri Tigers vs Oklahoma Sooners, 2026-01-24, 02",Missouri Tigers,Oklahoma Sooners,draftkings,Spread,Missouri Tigers,-4.5,,-110,https://sportsbook.draftkings.com/event/oklahoma-%40-missouri/33516678?outcomes=0HC83117590N450_1
2026-01-23 17:09:11,"Missouri Tigers vs Oklahoma Sooners, 2026-01-24, 02",Missouri Tigers,Oklahoma Sooners,draftkings,Spread,Oklahoma Sooners,4.5,,-110,https://sportsbook.draftkings.com/event/oklahoma-%40-missouri/33516678?outcomes=0HC83117590P450_3
2026-01-23 17:09:11,"Missouri Tigers vs Oklahoma Sooners, 2026-01-24, 02",Missouri Tigers,Oklahoma Sooners,fanduel,Total,,153.5,O,-110,https://sportsbook.fanduel.ca/addToBetslip?marketId=801.152221199&selectionId=7017823
2026-01-23 17:09:11,"Missouri Tigers vs Oklahoma Sooners, 2026-01-24, 02",Missouri Tigers,Oklahoma Sooners,fanduel,Total,,153.5,U,-110,https://sportsbook.fanduel.ca/addToBetslip?marketId=801.152221199&selectionId=7017824
2026-01-23 17:09:11,"Missouri Tigers vs Oklahoma Sooners, 2026-01-24, 02",Missouri Tigers,Oklahoma Sooners,betonline,Total,,152.0,O,-115,
2026-01-23 17:09:11,"Missouri Tigers vs Oklahoma Sooners, 2026-01-24, 02",Missouri Tigers,Oklahoma Sooners,betonline,Total,,152.0,U,-105,
2026-01-23 17:09:11,"Missouri Tigers vs Oklahoma Sooners, 2026-01-24, 02",Missouri Tigers,Oklahoma Sooners,pinnacle,Total,,155.5,O,+113,
2026-01-23 17:09:11,"Missouri Tigers vs Oklahoma Sooners, 2026-01-24, 02",Missouri Tigers,Oklahoma Sooners,pinnacle,Total,,155.5,U,-149,
2026-01-23 17:09:11,"Missouri Tigers vs Oklahoma Sooners, 2026-01-24, 02",Missouri Tigers,Oklahoma Sooners,pinnacle,Total,,155.0,O,+109,
2026-01-23 17:09:11,"Missouri Tigers vs Oklahoma Sooners, 2026-01-24, 02",Missouri Tigers,Oklahoma Sooners,pinnacle,Total,,155.0,U,-142,
2026-01-23 17:09:11,"Missouri Tigers vs Oklahoma Sooners, 2026-01-24, 02",Missouri Tigers,Oklahoma Sooners,pinnacle,Total,,154.5,O,+103,
2026-01-23 17:09:11,"Missouri Tigers vs Oklahoma Sooners, 2026-01-24, 02",Missouri Tigers,Oklahoma Sooners,pinnacle,Total,,154.5,U,-134,
2026-01-23 17:09:11,"Missouri Tigers vs Oklahoma Sooners, 2026-01-24, 02",Missouri Tigers,Oklahoma Sooners,pinnacle,Total,,154.0,O,-102,
2026-01-23 17:09:11,"Missouri Tigers vs Oklahoma Sooners, 2026-01-24, 02",Missouri Tigers,Oklahoma Sooners,pinnacle,Total,,153.5,O,-106,
2026-01-23 17:09:11,"Missouri Tigers vs Oklahoma Sooners, 2026-01-24, 02",Missouri Tigers,Oklahoma Sooners,pinnacle,Total,,153.5,U,-118,
2026-01-23 17:09:11,"Missouri Tigers vs Oklahoma Sooners, 2026-01-24, 02",Missouri Tigers,Oklahoma Sooners,pinnacle,Total,,153.0,O,-114,
2026-01-23 17:09:11,"Missouri Tigers vs Oklahoma Sooners, 2026-01-24, 02",Missouri Tigers,Oklahoma Sooners,pinnacle,Total,,153.0,U,-114,
2026-01-23 17:09:11,"Missouri Tigers vs Oklahoma Sooners, 2026-01-24, 02",Missouri Tigers,Oklahoma Sooners,pinnacle,Total,,152.5,O,-121,
2026-01-23 17:09:11,"Missouri Tigers vs Oklahoma Sooners, 2026-01-24, 02",Missouri Tigers,Oklahoma Sooners,pinnacle,Total,,152.5,U,-107,
2026-01-23 17:09:11,"Missouri Tigers vs Oklahoma Sooners, 2026-01-24, 02",Missouri Tigers,Oklahoma Sooners,pinnacle,Total,,152.0,O,-128,
2026-01-23 17:09:11,"Missouri Tigers vs Oklahoma Sooners, 2026-01-24, 02",Missouri Tigers,Oklahoma Sooners,pinnacle,Total,,152.0,U,-102,
2026-01-23 17:09:11,"Missouri Tigers vs Oklahoma Sooners, 2026-01-24, 02",Missouri Tigers,Oklahoma Sooners,pinnacle,Total,,151.5,O,-134,
2026-01-23 17:09:11,"Missouri Tigers vs Oklahoma Sooners, 2026-01-24, 02",Missouri Tigers,Oklahoma Sooners,pinnacle,Total,,151.5,U,+103,
2026-01-23 17:09:11,"Missouri Tigers vs Oklahoma Sooners, 2026-01-24, 02",Missouri Tigers,Oklahoma Sooners,pinnacle,Total,,154.0,U,-128,
2026-01-23 17:09:11,"Missouri Tigers vs Oklahoma Sooners, 2026-01-24, 02",Missouri Tigers,Oklahoma Sooners,draftkings,Total,,152.5,O,-110,https://sportsbook.draftkings.com/event/oklahoma-%40-missouri/33516678?outcomes=0OU83117590O15250_1
2026-01-23 17:09:11,"Missouri Tigers vs Oklahoma Sooners, 2026-01-24, 02",Missouri Tigers,Oklahoma Sooners,draftkings,Total,,152.5,U,-110,https://sportsbook.draftkings.com/event/oklahoma-%40-missouri/33516678?outcomes=0OU83117590U15250_3
2026-01-23 17:09:11,"New Mexico Lobos vs Nevada Wolf Pack, 2026-01-24, 08",New Mexico Lobos,Nevada Wolf Pack,draftkings,Spread,Nevada Wolf Pack,7.5,,-110,https://sportsbook.draftkings.com/event/nevada-%40-new-mexico/33516457?outcomes=0HC83117158P750_3
2026-01-23 17:09:11,"New Mexico Lobos vs Nevada Wolf Pack, 2026-01-24, 08",New Mexico Lobos,Nevada Wolf Pack,draftkings,Spread,New Mexico Lobos,-7.5,,-110,https://sportsbook.draftkings.com/event/nevada-%40-new-mexico/33516457?outcomes=0HC83117158N750_1
2026-01-23 17:09:11,"New Mexico Lobos vs Nevada Wolf Pack, 2026-01-24, 08",New Mexico Lobos,Nevada Wolf Pack,draftkings,Total,,148.5,O,-110,https://sportsbook.draftkings.com/event/nevada-%40-new-mexico/33516457?outcomes=0OU83117158O14850_1
2026-01-23 17:09:11,"New Mexico Lobos vs Nevada Wolf Pack, 2026-01-24, 08",New Mexico Lobos,Nevada Wolf Pack,draftkings,Total,,148.5,U,-110,https://sportsbook.draftkings.com/event/nevada-%40-new-mexico/33516457?outcomes=0OU83117158U14850_3
2026-01-23 17:09:11,"North Carolina Charlotte 49ers vs Tulane Green Wave, 2026-01-23, 07",North Carolina Charlotte 49ers,Tulane Green Wave,pinnacle,Spread,North Carolina Charlotte 49ers,-2.0,,-140,
2026-01-23 17:09:11,"North Carolina Charlotte 49ers vs Tulane Green Wave, 2026-01-23, 07",North Carolina Charlotte 49ers,Tulane Green Wave,pinnacle,Spread,Tulane Green Wave,2.0,,+115,
2026-01-23 17:09:11,"North Carolina Charlotte 49ers vs Tulane Green Wave, 2026-01-23, 07",North Carolina Charlotte 49ers,Tulane Green Wave,pinnacle,Spread,North Carolina Charlotte 49ers,-2.5,,-129,
2026-01-23 17:09:11,"North Carolina Charlotte 49ers vs Tulane Green Wave, 2026-01-23, 07",North Carolina Charlotte 49ers,Tulane Green Wave,pinnacle,Spread,Tulane Green Wave,2.5,,+107,
2026-01-23 17:09:11,"North Carolina Charlotte 49ers vs Tulane Green Wave, 2026-01-23, 07",North Carolina Charlotte 49ers,Tulane Green Wave,pinnacle,Spread,North Carolina Charlotte 49ers,-3.0,,-120,
2026-01-23 17:09:11,"North Carolina Charlotte 49ers vs Tulane Green Wave, 2026-01-23, 07",North Carolina Charlotte 49ers,Tulane Green Wave,pinnacle,Spread,Tulane Green Wave,3.0,,-101,
2026-01-23 17:09:11,"North Carolina Charlotte 49ers vs Tulane Green Wave, 2026-01-23, 07",North Carolina Charlotte 49ers,Tulane Green Wave,pinnacle,Spread,North Carolina Charlotte 49ers,-3.5,,-111,
2026-01-23 17:09:11,"North Carolina Charlotte 49ers vs Tulane Green Wave, 2026-01-23, 07",North Carolina Charlotte 49ers,Tulane Green Wave,pinnacle,Spread,Tulane Green Wave,3.5,,-109,
2026-01-23 17:09:11,"North Carolina Charlotte 49ers vs Tulane Green Wave, 2026-01-23, 07",North Carolina Charlotte 49ers,Tulane Green Wave,pinnacle,Spread,North Carolina Charlotte 49ers,-4.0,,+100,
2026-01-23 17:09:11,"North Carolina Charlotte 49ers vs Tulane Green Wave, 2026-01-23, 07",North Carolina Charlotte 49ers,Tulane Green Wave,pinnacle,Spread,Tulane Green Wave,4.0,,-117,
2026-01-23 17:09:11,"North Carolina Charlotte 49ers vs Tulane Green Wave, 2026-01-23, 07",North Carolina Charlotte 49ers,Tulane Green Wave,pinnacle,Spread,North Carolina Charlotte 49ers,-4.5,,+107,
2026-01-23 17:09:11,"North Carolina Charlotte 49ers vs Tulane Green Wave, 2026-01-23, 07",North Carolina Charlotte 49ers,Tulane Green Wave,pinnacle,Spread,Tulane Green Wave,4.5,,-130,
2026-01-23 17:09:11,"North Carolina Charlotte 49ers vs Tulane Green Wave, 2026-01-23, 07",North Carolina Charlotte 49ers,Tulane Green Wave,pinnacle,Spread,North Carolina Charlotte 49ers,-5.0,,+116,
2026-01-23 17:09:11,"North Carolina Charlotte 49ers vs Tulane Green Wave, 2026-01-23, 07",North Carolina Charlotte 49ers,Tulane Green Wave,pinnacle,Spread,Tulane Green Wave,5.0,,-141,
2026-01-23 17:09:11,"North Carolina Charlotte 49ers vs Tulane Green Wave, 2026-01-23, 07",North Carolina Charlotte 49ers,Tulane Green Wave,pinnacle,Spread,North Carolina Charlotte 49ers,-5.5,,+124,
2026-01-23 17:09:11,"North Carolina Charlotte 49ers vs Tulane Green Wave, 2026-01-23, 07",North Carolina Charlotte 49ers,Tulane Green Wave,pinnacle,Spread,North Carolina Charlotte 49ers,-6.0,,+133,
2026-01-23 17:09:11,"North Carolina Charlotte 49ers vs Tulane Green Wave, 2026-01-23, 07",North Carolina Charlotte 49ers,Tulane Green Wave,pinnacle,Spread,Tulane Green Wave,6.0,,-163,
2026-01-23 17:09:11,"North Carolina Charlotte 49ers vs Tulane Green Wave, 2026-01-23, 07",North Carolina Charlotte 49ers,Tulane Green Wave,pinnacle,Spread,Tulane Green Wave,5.5,,-152,
2026-01-23 17:09:11,"North Carolina Charlotte 49ers vs Tulane Green Wave, 2026-01-23, 07",North Carolina Charlotte 49ers,Tulane Green Wave,fanduel,Spread,North Carolina Charlotte 49ers,-0.5,,-192,https://sportsbook.fanduel.ca/addToBetslip?marketId=801.154157793&selectionId=13110
2026-01-23 17:09:11,"North Carolina Charlotte 49ers vs Tulane Green Wave, 2026-01-23, 07",North Carolina Charlotte 49ers,Tulane Green Wave,fanduel,Spread,Tulane Green Wave,0.5,,+148,https://sportsbook.fanduel.ca/addToBetslip?marketId=801.154157793&selectionId=728305
2026-01-23 17:09:11,"North Carolina Charlotte 49ers vs Tulane Green Wave, 2026-01-23, 07",North Carolina Charlotte 49ers,Tulane Green Wave,fanduel,Spread,Tulane Green Wave,-2.5,,+200,https://sportsbook.fanduel.ca/addToBetslip?marketId=801.154157766&selectionId=728305
2026-01-23 17:09:11,"North Carolina Charlotte 49ers vs Tulane Green Wave, 2026-01-23, 07",North Carolina Charlotte 49ers,Tulane Green Wave,fanduel,Spread,Tulane Green Wave,12.5,,-530,https://sportsbook.fanduel.ca/addToBetslip?marketId=801.154157757&selectionId=728305
2026-01-23 17:09:11,"North Carolina Charlotte 49ers vs Tulane Green Wave, 2026-01-23, 07",North Carolina Charlotte 49ers,Tulane Green Wave,fanduel,Spread,North Carolina Charlotte 49ers,-12.5,,+360,https://sportsbook.fanduel.ca/addToBetslip?marketId=801.154157757&selectionId=13110
2026-01-23 17:09:11,"North Carolina Charlotte 49ers vs Tulane Green Wave, 2026-01-23, 07",North Carolina Charlotte 49ers,Tulane Green Wave,fanduel,Spread,Tulane Green Wave,9.5,,-330,https://sportsbook.fanduel.ca/addToBetslip?marketId=801.154157736&selectionId=728305
2026-01-23 17:09:11,"North Carolina Charlotte 49ers vs Tulane Green Wave, 2026-01-23, 07",North Carolina Charlotte 49ers,Tulane Green Wave,fanduel,Spread,North Carolina Charlotte 49ers,-9.5,,+240,https://sportsbook.fanduel.ca/addToBetslip?marketId=801.154157736&selectionId=13110
2026-01-23 17:09:11,"North Carolina Charlotte 49ers vs Tulane Green Wave, 2026-01-23, 07",North Carolina Charlotte 49ers,Tulane Green Wave,fanduel,Spread,Tulane Green Wave,6.5,,-192,https://sportsbook.fanduel.ca/addToBetslip?marketId=801.154157745&selectionId=728305
2026-01-23 17:09:11,"North Carolina Charlotte 49ers vs Tulane Green Wave, 2026-01-23, 07",North Carolina Charlotte 49ers,Tulane Green Wave,fanduel,Spread,North Carolina Charlotte 49ers,-6.5,,+148,https://sportsbook.fanduel.ca/addToBetslip?marketId=801.154157745&selectionId=13110
2026-01-23 17:09:11,"North Carolina Charlotte 49ers vs Tulane Green Wave, 2026-01-23, 07",North Carolina Charlotte 49ers,Tulane Green Wave,fanduel,Spread,Tulane Green Wave,3.5,,-112,https://sportsbook.fanduel.ca/addToBetslip?marketId=801.154108856&selectionId=728305
2026-01-23 17:09:11,"North Carolina Charlotte 49ers vs Tulane Green Wave, 2026-01-23, 07",North Carolina Charlotte 49ers,Tulane Green Wave,fanduel,Spread,North Carolina Charlotte 49ers,-3.5,,-108,https://sportsbook.fanduel.ca/addToBetslip?marketId=801.154108856&selectionId=13110
2026-01-23 17:09:11,"North Carolina Charlotte 49ers vs Tulane Green Wave, 2026-01-23, 07",North Carolina Charlotte 49ers,Tulane Green Wave,fanduel,Spread,Tulane Green Wave,-5.5,,+340,https://sportsbook.fanduel.ca/addToBetslip?marketId=801.154157768&selectionId=728305
2026-01-23 17:09:11,"North Carolina Charlotte 49ers vs Tulane Green Wave, 2026-01-23, 07",North Carolina Charlotte 49ers,Tulane Green Wave,fanduel,Spread,North Carolina Charlotte 49ers,5.5,,-500,https://sportsbook.fanduel.ca/addToBetslip?marketId=801.154157768&selectionId=13110
2026-01-23 17:09:11,"North Carolina Charlotte 49ers vs Tulane Green Wave, 2026-01-23, 07",North Carolina Charlotte 49ers,Tulane Green Wave,fanduel,Spread,North Carolina Charlotte 49ers,2.5,,-265,https://sportsbook.fanduel.ca/addToBetslip?marketId=801.154157766&selectionId=13110
2026-01-23 17:09:11,"North Carolina Charlotte 49ers vs Tulane Green Wave, 2026-01-23, 07",North Carolina Charlotte 49ers,Tulane Green Wave,betonline,Spread,Tulane Green Wave,3.5,,-115,
2026-01-23 17:09:11,"North Carolina Charlotte 49ers vs Tulane Green Wave, 2026-01-23, 07",North Carolina Charlotte 49ers,Tulane Green Wave,betonline,Spread,North Carolina Charlotte 49ers,-3.5,,-105,
2026-01-23 17:09:11,"North Carolina Charlotte 49ers vs Tulane Green Wave, 2026-01-23, 07",North Carolina Charlotte 49ers,Tulane Green Wave,draftkings,Spread,Tulane Green Wave,4.5,,-135,https://sportsbook.draftkings.com/event/tulane-%40-charlotte/33510239?outcomes=0HC83106971P450_3
2026-01-23 17:09:11,"North Carolina Charlotte 49ers vs Tulane Green Wave, 2026-01-23, 07",North Carolina Charlotte 49ers,Tulane Green Wave,draftkings,Spread,North Carolina Charlotte 49ers,-4.5,,-101,https://sportsbook.draftkings.com/event/tulane-%40-charlotte/33510239?outcomes=0HC83106971N450_1
2026-01-23 17:09:11,"North Carolina Charlotte 49ers vs Tulane Green Wave, 2026-01-23, 07",North Carolina Charlotte 49ers,Tulane Green Wave,draftkings,Spread,Tulane Green Wave,5.5,,-155,https://sportsbook.draftkings.com/event/tulane-%40-charlotte/33510239?outcomes=0HC83106971P550_3
2026-01-23 17:09:11,"North Carolina Charlotte 49ers vs Tulane Green Wave, 2026-01-23, 07",North Carolina Charlotte 49ers,Tulane Green Wave,draftkings,Spread,North Carolina Charlotte 49ers,-5.5,,+113,https://sportsbook.draftkings.com/event/tulane-%40-charlotte/33510239?outcomes=0HC83106971N550_1
2026-01-23 17:09:11,"North Carolina Charlotte 49ers vs Tulane Green Wave, 2026-01-23, 07",North Carolina Charlotte 49ers,Tulane Green Wave,draftkings,Spread,Tulane Green Wave,6.5,,-175,https://sportsbook.draftkings.com/event/tulane-%40-charlotte/33510239?outcomes=0HC83106971P650_3
2026-01-23 17:09:11,"North Carolina Charlotte 49ers vs Tulane Green Wave, 2026-01-23, 07",North Carolina Charlotte 49ers,Tulane Green Wave,draftkings,Spread,North Carolina Charlotte 49ers,-6.5,,+127,https://sportsbook.draftkings.com/event/tulane-%40-charlotte/33510239?outcomes=0HC83106971N650_1
2026-01-23 17:09:11,"North Carolina Charlotte 49ers vs Tulane Green Wave, 2026-01-23, 07",North Carolina Charlotte 49ers,Tulane Green Wave,draftkings,Spread,Tulane Green Wave,7.5,,-199,https://sportsbook.draftkings.com/event/tulane-%40-charlotte/33510239?outcomes=0HC83106971P750_3
2026-01-23 17:09:11,"North Carolina Charlotte 49ers vs Tulane Green Wave, 2026-01-23, 07",North Carolina Charlotte 49ers,Tulane Green Wave,draftkings,Spread,North Carolina Charlotte 49ers,-7.5,,+144,https://sportsbook.draftkings.com/event/tulane-%40-charlotte/33510239?outcomes=0HC83106971N750_1
2026-01-23 17:09:11,"North Carolina Charlotte 49ers vs Tulane Green Wave, 2026-01-23, 07",North Carolina Charlotte 49ers,Tulane Green Wave,draftkings,Spread,Tulane Green Wave,8.5,,-238,https://sportsbook.draftkings.com/event/tulane-%40-charlotte/33510239?outcomes=0HC83106971P850_3
2026-01-23 17:09:11,"North Carolina Charlotte 49ers vs Tulane Green Wave, 2026-01-23, 07",North Carolina Charlotte 49ers,Tulane Green Wave,draftkings,Spread,North Carolina Charlotte 49ers,-8.5,,+169,https://sportsbook.draftkings.com/event/tulane-%40-charlotte/33510239?outcomes=0HC83106971N850_1
2026-01-23 17:09:11,"North Carolina Charlotte 49ers vs Tulane Green Wave, 2026-01-23, 07",North Carolina Charlotte 49ers,Tulane Green Wave,draftkings,Spread,Tulane Green Wave,9.5,,-281,https://sportsbook.draftkings.com/event/tulane-%40-charlotte/33510239?outcomes=0HC83106971P950_3
2026-01-23 17:09:11,"North Carolina Charlotte 49ers vs Tulane Green Wave, 2026-01-23, 07",North Carolina Charlotte 49ers,Tulane Green Wave,draftkings,Spread,North Carolina Charlotte 49ers,-9.5,,+196,https://sportsbook.draftkings.com/event/tulane-%40-charlotte/33510239?outcomes=0HC83106971N950_1
2026-01-23 17:09:11,"North Carolina Charlotte 49ers vs Tulane Green Wave, 2026-01-23, 07",North Carolina Charlotte 49ers,Tulane Green Wave,draftkings,Spread,Tulane Green Wave,10.5,,-350,https://sportsbook.draftkings.com/event/tulane-%40-charlotte/33510239?outcomes=0HC83106971P1050_3
2026-01-23 17:09:11,"North Carolina Charlotte 49ers vs Tulane Green Wave, 2026-01-23, 07",North Carolina Charlotte 49ers,Tulane Green Wave,draftkings,Spread,North Carolina Charlotte 49ers,-10.5,,+236,https://sportsbook.draftkings.com/event/tulane-%40-charlotte/33510239?outcomes=0HC83106971N1050_1
2026-01-23 17:09:11,"North Carolina Charlotte 49ers vs Tulane Green Wave, 2026-01-23, 07",North Carolina Charlotte 49ers,Tulane Green Wave,draftkings,Spread,Tulane Green Wave,11.5,,-417,https://sportsbook.draftkings.com/event/tulane-%40-charlotte/33510239?outcomes=0HC83106971P1150_3
2026-01-23 17:09:11,"North Carolina Charlotte 49ers vs Tulane Green Wave, 2026-01-23, 07",North Carolina Charlotte 49ers,Tulane Green Wave,draftkings,Spread,North Carolina Charlotte 49ers,-11.5,,+272,https://sportsbook.draftkings.com/event/tulane-%40-charlotte/33510239?outcomes=0HC83106971N1150_1
2026-01-23 17:09:11,"North Carolina Charlotte 49ers vs Tulane Green Wave, 2026-01-23, 07",North Carolina Charlotte 49ers,Tulane Green Wave,draftkings,Spread,Tulane Green Wave,12.5,,-487,https://sportsbook.draftkings.com/event/tulane-%40-charlotte/33510239?outcomes=0HC83106971P1250_3
2026-01-23 17:09:11,"North Carolina Charlotte 49ers vs Tulane Green Wave, 2026-01-23, 07",North Carolina Charlotte 49ers,Tulane Green Wave,draftkings,Spread,North Carolina Charlotte 49ers,-12.5,,+307,https://sportsbook.draftkings.com/event/tulane-%40-charlotte/33510239?outcomes=0HC83106971N1250_1
2026-01-23 17:09:11,"North Carolina Charlotte 49ers vs Tulane Green Wave, 2026-01-23, 07",North Carolina Charlotte 49ers,Tulane Green Wave,draftkings,Spread,Tulane Green Wave,13.5,,-587,https://sportsbook.draftkings.com/event/tulane-%40-charlotte/33510239?outcomes=0HC83106971P1350_3
2026-01-23 17:09:11,"North Carolina Charlotte 49ers vs Tulane Green Wave, 2026-01-23, 07",North Carolina Charlotte 49ers,Tulane Green Wave,draftkings,Spread,North Carolina Charlotte 49ers,-13.5,,+352,https://sportsbook.draftkings.com/event/tulane-%40-charlotte/33510239?outcomes=0HC83106971N1350_1
2026-01-23 17:09:11,"North Carolina Charlotte 49ers vs Tulane Green Wave, 2026-01-23, 07",North Carolina Charlotte 49ers,Tulane Green Wave,draftkings,Spread,Tulane Green Wave,14.5,,-730,https://sportsbook.draftkings.com/event/tulane-%40-charlotte/33510239?outcomes=0HC83106971P1450_3
2026-01-23 17:09:11,"North Carolina Charlotte 49ers vs Tulane Green Wave, 2026-01-23, 07",North Carolina Charlotte 49ers,Tulane Green Wave,draftkings,Spread,North Carolina Charlotte 49ers,-2.5,,-134,https://sportsbook.draftkings.com/event/tulane-%40-charlotte/33510239?outcomes=0HC83106971N250_1
2026-01-23 17:09:11,"North Carolina Charlotte 49ers vs Tulane Green Wave, 2026-01-23, 07",North Carolina Charlotte 49ers,Tulane Green Wave,draftkings,Spread,North Carolina Charlotte 49ers,-14.5,,+411,https://sportsbook.draftkings.com/event/tulane-%40-charlotte/33510239?outcomes=0HC83106971N1450_1
2026-01-23 17:09:11,"North Carolina Charlotte 49ers vs Tulane Green Wave, 2026-01-23, 07",North Carolina Charlotte 49ers,Tulane Green Wave,draftkings,Spread,Tulane Green Wave,2.5,,-102,https://sportsbook.draftkings.com/event/tulane-%40-charlotte/33510239?outcomes=0HC83106971P250_3
2026-01-23 17:09:11,"North Carolina Charlotte 49ers vs Tulane Green Wave, 2026-01-23, 07",North Carolina Charlotte 49ers,Tulane Green Wave,draftkings,Spread,Tulane Green Wave,1.5,,+115,https://sportsbook.draftkings.com/event/tulane-%40-charlotte/33510239?outcomes=0HC83106971P150_3
2026-01-23 17:09:11,"North Carolina Charlotte 49ers vs Tulane Green Wave, 2026-01-23, 07",North Carolina Charlotte 49ers,Tulane Green Wave,draftkings,Spread,North Carolina Charlotte 49ers,-3.5,,-108,https://sportsbook.draftkings.com/event/tulane-%40-charlotte/33510239?outcomes=0HC83102583N350_1
2026-01-23 17:09:11,"North Carolina Charlotte 49ers vs Tulane Green Wave, 2026-01-23, 07",North Carolina Charlotte 49ers,Tulane Green Wave,draftkings,Spread,Tulane Green Wave,-10.5,,+490,https://sportsbook.draftkings.com/event/tulane-%40-charlotte/33510239?outcomes=0HC83106971N1050_3
2026-01-23 17:09:11,"North Carolina Charlotte 49ers vs Tulane Green Wave, 2026-01-23, 07",North Carolina Charlotte 49ers,Tulane Green Wave,draftkings,Spread,North Carolina Charlotte 49ers,10.5,,-970,https://sportsbook.draftkings.com/event/tulane-%40-charlotte/33510239?outcomes=0HC83106971P1050_1
2026-01-23 17:09:11,"North Carolina Charlotte 49ers vs Tulane Green Wave, 2026-01-23, 07",North Carolina Charlotte 49ers,Tulane Green Wave,draftkings,Spread,Tulane Green Wave,-9.5,,+427,https://sportsbook.draftkings.com/event/tulane-%40-charlotte/33510239?outcomes=0HC83106971N950_3
2026-01-23 17:09:11,"North Carolina Charlotte 49ers vs Tulane Green Wave, 2026-01-23, 07",North Carolina Charlotte 49ers,Tulane Green Wave,draftkings,Spread,North Carolina Charlotte 49ers,9.5,,-780,https://sportsbook.draftkings.com/event/tulane-%40-charlotte/33510239?outcomes=0HC83106971P950_1
2026-01-23 17:09:11,"North Carolina Charlotte 49ers vs Tulane Green Wave, 2026-01-23, 07",North Carolina Charlotte 49ers,Tulane Green Wave,draftkings,Spread,Tulane Green Wave,-8.5,,+372,https://sportsbook.draftkings.com/event/tulane-%40-charlotte/33510239?outcomes=0HC83106971N850_3
2026-01-23 17:09:11,"North Carolina Charlotte 49ers vs Tulane Green Wave, 2026-01-23, 07",North Carolina Charlotte 49ers,Tulane Green Wave,draftkings,Spread,North Carolina Charlotte 49ers,8.5,,-630,https://sportsbook.draftkings.com/event/tulane-%40-charlotte/33510239?outcomes=0HC83106971P850_1
2026-01-23 17:09:11,"North Carolina Charlotte 49ers vs Tulane Green Wave, 2026-01-23, 07",North Carolina Charlotte 49ers,Tulane Green Wave,draftkings,Spread,Tulane Green Wave,-7.5,,+327,https://sportsbook.draftkings.com/event/tulane-%40-charlotte/33510239?outcomes=0HC83106971N750_3
2026-01-23 17:09:11,"North Carolina Charlotte 49ers vs Tulane Green Wave, 2026-01-23, 07",North Carolina Charlotte 49ers,Tulane Green Wave,draftkings,Spread,North Carolina Charlotte 49ers,7.5,,-531,https://sportsbook.draftkings.com/event/tulane-%40-charlotte/33510239?outcomes=0HC83106971P750_1
2026-01-23 17:09:11,"North Carolina Charlotte 49ers vs Tulane Green Wave, 2026-01-23, 07",North Carolina Charlotte 49ers,Tulane Green Wave,draftkings,Spread,Tulane Green Wave,-6.5,,+293,https://sportsbook.draftkings.com/event/tulane-%40-charlotte/33510239?outcomes=0HC83106971N650_3
2026-01-23 17:09:11,"North Carolina Charlotte 49ers vs Tulane Green Wave, 2026-01-23, 07",North Carolina Charlotte 49ers,Tulane Green Wave,draftkings,Spread,North Carolina Charlotte 49ers,6.5,,-459,https://sportsbook.draftkings.com/event/tulane-%40-charlotte/33510239?outcomes=0HC83106971P650_1
2026-01-23 17:09:11,"North Carolina Charlotte 49ers vs Tulane Green Wave, 2026-01-23, 07",North Carolina Charlotte 49ers,Tulane Green Wave,draftkings,Spread,Tulane Green Wave,-5.5,,+261,https://sportsbook.draftkings.com/event/tulane-%40-charlotte/33510239?outcomes=0HC83106971N550_3
2026-01-23 17:09:11,"North Carolina Charlotte 49ers vs Tulane Green Wave, 2026-01-23, 07",North Carolina Charlotte 49ers,Tulane Green Wave,draftkings,Spread,North Carolina Charlotte 49ers,5.5,,-396,https://sportsbook.draftkings.com/event/tulane-%40-charlotte/33510239?outcomes=0HC83106971P550_1
2026-01-23 17:09:11,"North Carolina Charlotte 49ers vs Tulane Green Wave, 2026-01-23, 07",North Carolina Charlotte 49ers,Tulane Green Wave,draftkings,Spread,Tulane Green Wave,-4.5,,+229,https://sportsbook.draftkings.com/event/tulane-%40-charlotte/33510239?outcomes=0HC83106971N450_3
2026-01-23 17:09:11,"North Carolina Charlotte 49ers vs Tulane Green Wave, 2026-01-23, 07",North Carolina Charlotte 49ers,Tulane Green Wave,draftkings,Spread,North Carolina Charlotte 49ers,4.5,,-338,https://sportsbook.draftkings.com/event/tulane-%40-charlotte/33510239?outcomes=0HC83106971P450_1
2026-01-23 17:09:11,"North Carolina Charlotte 49ers vs Tulane Green Wave, 2026-01-23, 07",North Carolina Charlotte 49ers,Tulane Green Wave,draftkings,Spread,Tulane Green Wave,-3.5,,+204,https://sportsbook.draftkings.com/event/tulane-%40-charlotte/33510239?outcomes=0HC83106971N350_3
2026-01-23 17:09:11,"North Carolina Charlotte 49ers vs Tulane Green Wave, 2026-01-23, 07",North Carolina Charlotte 49ers,Tulane Green Wave,draftkings,Spread,North Carolina Charlotte 49ers,3.5,,-295,https://sportsbook.draftkings.com/event/tulane-%40-charlotte/33510239?outcomes=0HC83106971P350_1
2026-01-23 17:09:11,"North Carolina Charlotte 49ers vs Tulane Green Wave, 2026-01-23, 07",North Carolina Charlotte 49ers,Tulane Green Wave,draftkings,Spread,Tulane Green Wave,-2.5,,+176,https://sportsbook.draftkings.com/event/tulane-%40-charlotte/33510239?outcomes=0HC83106971N250_3
2026-01-23 17:09:11,"North Carolina Charlotte 49ers vs Tulane Green Wave, 2026-01-23, 07",North Carolina Charlotte 49ers,Tulane Green Wave,draftkings,Spread,North Carolina Charlotte 49ers,2.5,,-248,https://sportsbook.draftkings.com/event/tulane-%40-charlotte/33510239?outcomes=0HC83106971P250_1
2026-01-23 17:09:11,"North Carolina Charlotte 49ers vs Tulane Green Wave, 2026-01-23, 07",North Carolina Charlotte 49ers,Tulane Green Wave,draftkings,Spread,Tulane Green Wave,-1.5,,+152,https://sportsbook.draftkings.com/event/tulane-%40-charlotte/33510239?outcomes=0HC83106971N150_3
2026-01-23 17:09:11,"North Carolina Charlotte 49ers vs Tulane Green Wave, 2026-01-23, 07",North Carolina Charlotte 49ers,Tulane Green Wave,draftkings,Spread,North Carolina Charlotte 49ers,1.5,,-212,https://sportsbook.draftkings.com/event/tulane-%40-charlotte/33510239?outcomes=0HC83106971P150_1
2026-01-23 17:09:11,"North Carolina Charlotte 49ers vs Tulane Green Wave, 2026-01-23, 07",North Carolina Charlotte 49ers,Tulane Green Wave,draftkings,Spread,North Carolina Charlotte 49ers,-1.5,,-157,https://sportsbook.draftkings.com/event/tulane-%40-charlotte/33510239?outcomes=0HC83106971N150_1
2026-01-23 17:09:11,"North Carolina Charlotte 49ers vs Tulane Green Wave, 2026-01-23, 07",North Carolina Charlotte 49ers,Tulane Green Wave,draftkings,Spread,Tulane Green Wave,15.5,,-930,https://sportsbook.draftkings.com/event/tulane-%40-charlotte/33510239?outcomes=0HC83106971P1550_3
2026-01-23 17:09:11,"North Carolina Charlotte 49ers vs Tulane Green Wave, 2026-01-23, 07",North Carolina Charlotte 49ers,Tulane Green Wave,draftkings,Spread,North Carolina Charlotte 49ers,-15.5,,+480,https://sportsbook.draftkings.com/event/tulane-%40-charlotte/33510239?outcomes=0HC83106971N1550_1
2026-01-23 17:09:11,"North Carolina Charlotte 49ers vs Tulane Green Wave, 2026-01-23, 07",North Carolina Charlotte 49ers,Tulane Green Wave,draftkings,Spread,Tulane Green Wave,3.5,,-112,https://sportsbook.draftkings.com/event/tulane-%40-charlotte/33510239?outcomes=0HC83102583P350_3
2026-01-23 17:09:11,"North Carolina Charlotte 49ers vs Tulane Green Wave, 2026-01-23, 07",North Carolina Charlotte 49ers,Tulane Green Wave,pinnacle,Total,,141.0,O,-132,
2026-01-23 17:09:11,"North Carolina Charlotte 49ers vs Tulane Green Wave, 2026-01-23, 07",North Carolina Charlotte 49ers,Tulane Green Wave,pinnacle,Total,,141.0,U,+105,
2026-01-23 17:09:11,"North Carolina Charlotte 49ers vs Tulane Green Wave, 2026-01-23, 07",North Carolina Charlotte 49ers,Tulane Green Wave,pinnacle,Total,,140.5,O,-138,
2026-01-23 17:09:11,"North Carolina Charlotte 49ers vs Tulane Green Wave, 2026-01-23, 07",North Carolina Charlotte 49ers,Tulane Green Wave,pinnacle,Total,,140.5,U,+109,
2026-01-23 17:09:11,"North Carolina Charlotte 49ers vs Tulane Green Wave, 2026-01-23, 07",North Carolina Charlotte 49ers,Tulane Green Wave,pinnacle,Total,,140.0,O,-145,
2026-01-23 17:09:11,"North Carolina Charlotte 49ers vs Tulane Green Wave, 2026-01-23, 07",North Carolina Charlotte 49ers,Tulane Green Wave,pinnacle,Total,,140.0,U,+115,
2026-01-23 17:09:11,"North Carolina Charlotte 49ers vs Tulane Green Wave, 2026-01-23, 07",North Carolina Charlotte 49ers,Tulane Green Wave,pinnacle,Total,,141.5,U,-101,
2026-01-23 17:09:11,"North Carolina Charlotte 49ers vs Tulane Green Wave, 2026-01-23, 07",North Carolina Charlotte 49ers,Tulane Green Wave,pinnacle,Total,,141.5,O,-125,
2026-01-23 17:09:11,"North Carolina Charlotte 49ers vs Tulane Green Wave, 2026-01-23, 07",North Carolina Charlotte 49ers,Tulane Green Wave,pinnacle,Total,,142.0,U,-104,
2026-01-23 17:09:11,"North Carolina Charlotte 49ers vs Tulane Green Wave, 2026-01-23, 07",North Carolina Charlotte 49ers,Tulane Green Wave,pinnacle,Total,,142.0,O,-116,
2026-01-23 17:09:11,"North Carolina Charlotte 49ers vs Tulane Green Wave, 2026-01-23, 07",North Carolina Charlotte 49ers,Tulane Green Wave,pinnacle,Total,,144.0,O,+106,
2026-01-23 17:09:11,"North Carolina Charlotte 49ers vs Tulane Green Wave, 2026-01-23, 07",North Carolina Charlotte 49ers,Tulane Green Wave,pinnacle,Total,,144.0,U,-134,
2026-01-23 17:09:11,"North Carolina Charlotte 49ers vs Tulane Green Wave, 2026-01-23, 07",North Carolina Charlotte 49ers,Tulane Green Wave,pinnacle,Total,,143.5,O,+100,
2026-01-23 17:09:11,"North Carolina Charlotte 49ers vs Tulane Green Wave, 2026-01-23, 07",North Carolina Charlotte 49ers,Tulane Green Wave,pinnacle,Total,,143.5,U,-126,
2026-01-23 17:09:11,"North Carolina Charlotte 49ers vs Tulane Green Wave, 2026-01-23, 07",North Carolina Charlotte 49ers,Tulane Green Wave,pinnacle,Total,,143.0,O,-105,
2026-01-23 17:09:11,"North Carolina Charlotte 49ers vs Tulane Green Wave, 2026-01-23, 07",North Carolina Charlotte 49ers,Tulane Green Wave,pinnacle,Total,,143.0,U,-119,
2026-01-23 17:09:11,"North Carolina Charlotte 49ers vs Tulane Green Wave, 2026-01-23, 07",North Carolina Charlotte 49ers,Tulane Green Wave,pinnacle,Total,,142.5,O,-112,
2026-01-23 17:09:11,"North Carolina Charlotte 49ers vs Tulane Green Wave, 2026-01-23, 07",North Carolina Charlotte 49ers,Tulane Green Wave,pinnacle,Total,,142.5,U,-112,
2026-01-23 17:09:11,"North Carolina Charlotte 49ers vs Tulane Green Wave, 2026-01-23, 07",North Carolina Charlotte 49ers,Tulane Green Wave,fanduel,Total,,143.5,O,-104,https://sportsbook.fanduel.ca/addToBetslip?marketId=801.154108855&selectionId=7017823
2026-01-23 17:09:11,"North Carolina Charlotte 49ers vs Tulane Green Wave, 2026-01-23, 07",North Carolina Charlotte 49ers,Tulane Green Wave,fanduel,Total,,143.5,U,-118,https://sportsbook.fanduel.ca/addToBetslip?marketId=801.154108855&selectionId=7017824
2026-01-23 17:09:11,"North Carolina Charlotte 49ers vs Tulane Green Wave, 2026-01-23, 07",North Carolina Charlotte 49ers,Tulane Green Wave,fanduel,Total,,149.5,O,+172,https://sportsbook.fanduel.ca/addToBetslip?marketId=801.154157724&selectionId=7017823
2026-01-23 17:09:11,"North Carolina Charlotte 49ers vs Tulane Green Wave, 2026-01-23, 07",North Carolina Charlotte 49ers,Tulane Green Wave,fanduel,Total,,149.5,U,-230,https://sportsbook.fanduel.ca/addToBetslip?marketId=801.154157724&selectionId=7017824
2026-01-23 17:09:11,"North Carolina Charlotte 49ers vs Tulane Green Wave, 2026-01-23, 07",North Carolina Charlotte 49ers,Tulane Green Wave,fanduel,Total,,146.5,O,+125,https://sportsbook.fanduel.ca/addToBetslip?marketId=801.154157721&selectionId=7017823
2026-01-23 17:09:11,"North Carolina Charlotte 49ers vs Tulane Green Wave, 2026-01-23, 07",North Carolina Charlotte 49ers,Tulane Green Wave,fanduel,Total,,146.5,U,-164,https://sportsbook.fanduel.ca/addToBetslip?marketId=801.154157721&selectionId=7017824
2026-01-23 17:09:11,"North Carolina Charlotte 49ers vs Tulane Green Wave, 2026-01-23, 07",North Carolina Charlotte 49ers,Tulane Green Wave,fanduel,Total,,140.5,O,-154,https://sportsbook.fanduel.ca/addToBetslip?marketId=801.154157805&selectionId=7017823
2026-01-23 17:09:11,"North Carolina Charlotte 49ers vs Tulane Green Wave, 2026-01-23, 07",North Carolina Charlotte 49ers,Tulane Green Wave,fanduel,Total,,140.5,U,+118,https://sportsbook.fanduel.ca/addToBetslip?marketId=801.154157805&selectionId=7017824
2026-01-23 17:09:11,"North Carolina Charlotte 49ers vs Tulane Green Wave, 2026-01-23, 07",North Carolina Charlotte 49ers,Tulane Green Wave,fanduel,Total,,137.5,O,-215,https://sportsbook.fanduel.ca/addToBetslip?marketId=801.154157771&selectionId=7017823
2026-01-23 17:09:11,"North Carolina Charlotte 49ers vs Tulane Green Wave, 2026-01-23, 07",North Carolina Charlotte 49ers,Tulane Green Wave,fanduel,Total,,137.5,U,+162,https://sportsbook.fanduel.ca/addToBetslip?marketId=801.154157771&selectionId=7017824
2026-01-23 17:09:11,"North Carolina Charlotte 49ers vs Tulane Green Wave, 2026-01-23, 07",North Carolina Charlotte 49ers,Tulane Green Wave,fanduel,Total,,134.5,O,-310,https://sportsbook.fanduel.ca/addToBetslip?marketId=801.154157800&selectionId=7017823
2026-01-23 17:09:11,"North Carolina Charlotte 49ers vs Tulane Green Wave, 2026-01-23, 07",North Carolina Charlotte 49ers,Tulane Green Wave,fanduel,Total,,134.5,U,+225,https://sportsbook.fanduel.ca/addToBetslip?marketId=801.154157800&selectionId=7017824
2026-01-23 17:09:11,"North Carolina Charlotte 49ers vs Tulane Green Wave, 2026-01-23, 07",North Carolina Charlotte 49ers,Tulane Green Wave,fanduel,Total,,152.5,O,+230,https://sportsbook.fanduel.ca/addToBetslip?marketId=801.154157732&selectionId=7017823
2026-01-23 17:09:11,"North Carolina Charlotte 49ers vs Tulane Green Wave, 2026-01-23, 07",North Carolina Charlotte 49ers,Tulane Green Wave,fanduel,Total,,152.5,U,-320,https://sportsbook.fanduel.ca/addToBetslip?marketId=801.154157732&selectionId=7017824
2026-01-23 17:09:11,"North Carolina Charlotte 49ers vs Tulane Green Wave, 2026-01-23, 07",North Carolina Charlotte 49ers,Tulane Green Wave,betonline,Total,,143.0,O,-115,
2026-01-23 17:09:11,"North Carolina Charlotte 49ers vs Tulane Green Wave, 2026-01-23, 07",North Carolina Charlotte 49ers,Tulane Green Wave,betonline,Total,,143.0,U,-105,
2026-01-23 17:09:11,"North Carolina Charlotte 49ers vs Tulane Green Wave, 2026-01-23, 07",North Carolina Charlotte 49ers,Tulane Green Wave,draftkings,Total,,143.5,O,-105,https://sportsbook.draftkings.com/event/tulane-%40-charlotte/33510239?outcomes=0OU83102583O14350_1
2026-01-23 17:09:11,"North Carolina Charlotte 49ers vs Tulane Green Wave, 2026-01-23, 07",North Carolina Charlotte 49ers,Tulane Green Wave,draftkings,Total,,144.5,U,-130,https://sportsbook.draftkings.com/event/tulane-%40-charlotte/33510239?outcomes=0OU83106971U14450_3
2026-01-23 17:09:11,"North Carolina Charlotte 49ers vs Tulane Green Wave, 2026-01-23, 07",North Carolina Charlotte 49ers,Tulane Green Wave,draftkings,Total,,145.5,O,+110,https://sportsbook.draftkings.com/event/tulane-%40-charlotte/33510239?outcomes=0OU83106971O14550_1
2026-01-23 17:09:11,"North Carolina Charlotte 49ers vs Tulane Green Wave, 2026-01-23, 07",North Carolina Charlotte 49ers,Tulane Green Wave,draftkings,Total,,145.5,U,-140,https://sportsbook.draftkings.com/event/tulane-%40-charlotte/33510239?outcomes=0OU83106971U14550_3
2026-01-23 17:09:11,"North Carolina Charlotte 49ers vs Tulane Green Wave, 2026-01-23, 07",North Carolina Charlotte 49ers,Tulane Green Wave,draftkings,Total,,146.5,O,+124,https://sportsbook.draftkings.com/event/tulane-%40-charlotte/33510239?outcomes=0OU83106971O14650_1
2026-01-23 17:09:11,"North Carolina Charlotte 49ers vs Tulane Green Wave, 2026-01-23, 07",North Carolina Charlotte 49ers,Tulane Green Wave,draftkings,Total,,146.5,U,-160,https://sportsbook.draftkings.com/event/tulane-%40-charlotte/33510239?outcomes=0OU83106971U14650_3
2026-01-23 17:09:11,"North Carolina Charlotte 49ers vs Tulane Green Wave, 2026-01-23, 07",North Carolina Charlotte 49ers,Tulane Green Wave,draftkings,Total,,147.5,O,+140,https://sportsbook.draftkings.com/event/tulane-%40-charlotte/33510239?outcomes=0OU83106971O14750_1
2026-01-23 17:09:11,"North Carolina Charlotte 49ers vs Tulane Green Wave, 2026-01-23, 07",North Carolina Charlotte 49ers,Tulane Green Wave,draftkings,Total,,147.5,U,-180,https://sportsbook.draftkings.com/event/tulane-%40-charlotte/33510239?outcomes=0OU83106971U14750_3
2026-01-23 17:09:11,"North Carolina Charlotte 49ers vs Tulane Green Wave, 2026-01-23, 07",North Carolina Charlotte 49ers,Tulane Green Wave,draftkings,Total,,148.5,O,+154,https://sportsbook.draftkings.com/event/tulane-%40-charlotte/33510239?outcomes=0OU83106971O14850_1
2026-01-23 17:09:11,"North Carolina Charlotte 49ers vs Tulane Green Wave, 2026-01-23, 07",North Carolina Charlotte 49ers,Tulane Green Wave,draftkings,Total,,148.5,U,-200,https://sportsbook.draftkings.com/event/tulane-%40-charlotte/33510239?outcomes=0OU83106971U14850_3
2026-01-23 17:09:11,"North Carolina Charlotte 49ers vs Tulane Green Wave, 2026-01-23, 07",North Carolina Charlotte 49ers,Tulane Green Wave,draftkings,Total,,149.5,O,+170,https://sportsbook.draftkings.com/event/tulane-%40-charlotte/33510239?outcomes=0OU83106971O14950_1
2026-01-23 17:09:11,"North Carolina Charlotte 49ers vs Tulane Green Wave, 2026-01-23, 07",North Carolina Charlotte 49ers,Tulane Green Wave,draftkings,Total,,149.5,U,-220,https://sportsbook.draftkings.com/event/tulane-%40-charlotte/33510239?outcomes=0OU83106971U14950_3
2026-01-23 17:09:11,"North Carolina Charlotte 49ers vs Tulane Green Wave, 2026-01-23, 07",North Carolina Charlotte 49ers,Tulane Green Wave,draftkings,Total,,150.5,O,+190,https://sportsbook.draftkings.com/event/tulane-%40-charlotte/33510239?outcomes=0OU83106971O15050_1
2026-01-23 17:09:11,"North Carolina Charlotte 49ers vs Tulane Green Wave, 2026-01-23, 07",North Carolina Charlotte 49ers,Tulane Green Wave,draftkings,Total,,150.5,U,-250,https://sportsbook.draftkings.com/event/tulane-%40-charlotte/33510239?outcomes=0OU83106971U15050_3
2026-01-23 17:09:11,"North Carolina Charlotte 49ers vs Tulane Green Wave, 2026-01-23, 07",North Carolina Charlotte 49ers,Tulane Green Wave,draftkings,Total,,151.5,O,+210,https://sportsbook.draftkings.com/event/tulane-%40-charlotte/33510239?outcomes=0OU83106971O15150_1
2026-01-23 17:09:11,"North Carolina Charlotte 49ers vs Tulane Green Wave, 2026-01-23, 07",North Carolina Charlotte 49ers,Tulane Green Wave,draftkings,Total,,151.5,U,-280,https://sportsbook.draftkings.com/event/tulane-%40-charlotte/33510239?outcomes=0OU83106971U15150_3
2026-01-23 17:09:11,"North Carolina Charlotte 49ers vs Tulane Green Wave, 2026-01-23, 07",North Carolina Charlotte 49ers,Tulane Green Wave,draftkings,Total,,152.5,O,+230,https://sportsbook.draftkings.com/event/tulane-%40-charlotte/33510239?outcomes=0OU83106971O15250_1
2026-01-23 17:09:11,"North Carolina Charlotte 49ers vs Tulane Green Wave, 2026-01-23, 07",North Carolina Charlotte 49ers,Tulane Green Wave,draftkings,Total,,152.5,U,-315,https://sportsbook.draftkings.com/event/tulane-%40-charlotte/33510239?outcomes=0OU83106971U15250_3
2026-01-23 17:09:11,"North Carolina Charlotte 49ers vs Tulane Green Wave, 2026-01-23, 07",North Carolina Charlotte 49ers,Tulane Green Wave,draftkings,Total,,153.5,O,+250,https://sportsbook.draftkings.com/event/tulane-%40-charlotte/33510239?outcomes=0OU83106971O15350_1
2026-01-23 17:09:11,"North Carolina Charlotte 49ers vs Tulane Green Wave, 2026-01-23, 07",North Carolina Charlotte 49ers,Tulane Green Wave,draftkings,Total,,153.5,U,-345,https://sportsbook.draftkings.com/event/tulane-%40-charlotte/33510239?outcomes=0OU83106971U15350_3
2026-01-23 17:09:11,"North Carolina Charlotte 49ers vs Tulane Green Wave, 2026-01-23, 07",North Carolina Charlotte 49ers,Tulane Green Wave,draftkings,Total,,154.5,O,+280,https://sportsbook.draftkings.com/event/tulane-%40-charlotte/33510239?outcomes=0OU83106971O15450_1
2026-01-23 17:09:11,"North Carolina Charlotte 49ers vs Tulane Green Wave, 2026-01-23, 07",North Carolina Charlotte 49ers,Tulane Green Wave,draftkings,Total,,154.5,U,-395,https://sportsbook.draftkings.com/event/tulane-%40-charlotte/33510239?outcomes=0OU83106971U15450_3
2026-01-23 17:09:11,"North Carolina Charlotte 49ers vs Tulane Green Wave, 2026-01-23, 07",North Carolina Charlotte 49ers,Tulane Green Wave,draftkings,Total,,144.5,O,+100,https://sportsbook.draftkings.com/event/tulane-%40-charlotte/33510239?outcomes=0OU83106971O14450_1
2026-01-23 17:09:11,"North Carolina Charlotte 49ers vs Tulane Green Wave, 2026-01-23, 07",North Carolina Charlotte 49ers,Tulane Green Wave,draftkings,Total,,142.5,U,-105,https://sportsbook.draftkings.com/event/tulane-%40-charlotte/33510239?outcomes=0OU83106971U14250_3
2026-01-23 17:09:11,"North Carolina Charlotte 49ers vs Tulane Green Wave, 2026-01-23, 07",North Carolina Charlotte 49ers,Tulane Green Wave,draftkings,Total,,142.5,O,-125,https://sportsbook.draftkings.com/event/tulane-%40-charlotte/33510239?outcomes=0OU83106971O14250_1
2026-01-23 17:09:11,"North Carolina Charlotte 49ers vs Tulane Green Wave, 2026-01-23, 07",North Carolina Charlotte 49ers,Tulane Green Wave,draftkings,Total,,141.5,U,+110,https://sportsbook.draftkings.com/event/tulane-%40-charlotte/33510239?outcomes=0OU83106971U14150_3
2026-01-23 17:09:11,"North Carolina Charlotte 49ers vs Tulane Green Wave, 2026-01-23, 07",North Carolina Charlotte 49ers,Tulane Green Wave,draftkings,Total,,143.5,U,-115,https://sportsbook.draftkings.com/event/tulane-%40-charlotte/33510239?outcomes=0OU83102583U14350_3
2026-01-23 17:09:11,"North Carolina Charlotte 49ers vs Tulane Green Wave, 2026-01-23, 07",North Carolina Charlotte 49ers,Tulane Green Wave,draftkings,Total,,131.5,O,-445,https://sportsbook.draftkings.com/event/tulane-%40-charlotte/33510239?outcomes=0OU83106971O13150_1
2026-01-23 17:09:11,"North Carolina Charlotte 49ers vs Tulane Green Wave, 2026-01-23, 07",North Carolina Charlotte 49ers,Tulane Green Wave,draftkings,Total,,131.5,U,+310,https://sportsbook.draftkings.com/event/tulane-%40-charlotte/33510239?outcomes=0OU83106971U13150_3
2026-01-23 17:09:11,"North Carolina Charlotte 49ers vs Tulane Green Wave, 2026-01-23, 07",North Carolina Charlotte 49ers,Tulane Green Wave,draftkings,Total,,132.5,O,-395,https://sportsbook.draftkings.com/event/tulane-%40-charlotte/33510239?outcomes=0OU83106971O13250_1
2026-01-23 17:09:11,"North Carolina Charlotte 49ers vs Tulane Green Wave, 2026-01-23, 07",North Carolina Charlotte 49ers,Tulane Green Wave,draftkings,Total,,132.5,U,+280,https://sportsbook.draftkings.com/event/tulane-%40-charlotte/33510239?outcomes=0OU83106971U13250_3
2026-01-23 17:09:11,"North Carolina Charlotte 49ers vs Tulane Green Wave, 2026-01-23, 07",North Carolina Charlotte 49ers,Tulane Green Wave,draftkings,Total,,133.5,O,-345,https://sportsbook.draftkings.com/event/tulane-%40-charlotte/33510239?outcomes=0OU83106971O13350_1
2026-01-23 17:09:11,"North Carolina Charlotte 49ers vs Tulane Green Wave, 2026-01-23, 07",North Carolina Charlotte 49ers,Tulane Green Wave,draftkings,Total,,133.5,U,+250,https://sportsbook.draftkings.com/event/tulane-%40-charlotte/33510239?outcomes=0OU83106971U13350_3
2026-01-23 17:09:11,"North Carolina Charlotte 49ers vs Tulane Green Wave, 2026-01-23, 07",North Carolina Charlotte 49ers,Tulane Green Wave,draftkings,Total,,134.5,O,-315,https://sportsbook.draftkings.com/event/tulane-%40-charlotte/33510239?outcomes=0OU83106971O13450_1
2026-01-23 17:09:11,"North Carolina Charlotte 49ers vs Tulane Green Wave, 2026-01-23, 07",North Carolina Charlotte 49ers,Tulane Green Wave,draftkings,Total,,134.5,U,+230,https://sportsbook.draftkings.com/event/tulane-%40-charlotte/33510239?outcomes=0OU83106971U13450_3
2026-01-23 17:09:11,"North Carolina Charlotte 49ers vs Tulane Green Wave, 2026-01-23, 07",North Carolina Charlotte 49ers,Tulane Green Wave,draftkings,Total,,135.5,O,-270,https://sportsbook.draftkings.com/event/tulane-%40-charlotte/33510239?outcomes=0OU83106971O13550_1
2026-01-23 17:09:11,"North Carolina Charlotte 49ers vs Tulane Green Wave, 2026-01-23, 07",North Carolina Charlotte 49ers,Tulane Green Wave,draftkings,Total,,135.5,U,+200,https://sportsbook.draftkings.com/event/tulane-%40-charlotte/33510239?outcomes=0OU83106971U13550_3
2026-01-23 17:09:11,"North Carolina Charlotte 49ers vs Tulane Green Wave, 2026-01-23, 07",North Carolina Charlotte 49ers,Tulane Green Wave,draftkings,Total,,136.5,U,+185,https://sportsbook.draftkings.com/event/tulane-%40-charlotte/33510239?outcomes=0OU83106971U13650_3
2026-01-23 17:09:11,"North Carolina Charlotte 49ers vs Tulane Green Wave, 2026-01-23, 07",North Carolina Charlotte 49ers,Tulane Green Wave,draftkings,Total,,137.5,O,-215,https://sportsbook.draftkings.com/event/tulane-%40-charlotte/33510239?outcomes=0OU83106971O13750_1
2026-01-23 17:09:11,"North Carolina Charlotte 49ers vs Tulane Green Wave, 2026-01-23, 07",North Carolina Charlotte 49ers,Tulane Green Wave,draftkings,Total,,137.5,U,+165,https://sportsbook.draftkings.com/event/tulane-%40-charlotte/33510239?outcomes=0OU83106971U13750_3
2026-01-23 17:09:11,"North Carolina Charlotte 49ers vs Tulane Green Wave, 2026-01-23, 07",North Carolina Charlotte 49ers,Tulane Green Wave,draftkings,Total,,138.5,O,-195,https://sportsbook.draftkings.com/event/tulane-%40-charlotte/33510239?outcomes=0OU83106971O13850_1
2026-01-23 17:09:11,"North Carolina Charlotte 49ers vs Tulane Green Wave, 2026-01-23, 07",North Carolina Charlotte 49ers,Tulane Green Wave,draftkings,Total,,138.5,U,+150,https://sportsbook.draftkings.com/event/tulane-%40-charlotte/33510239?outcomes=0OU83106971U13850_3
2026-01-23 17:09:11,"North Carolina Charlotte 49ers vs Tulane Green Wave, 2026-01-23, 07",North Carolina Charlotte 49ers,Tulane Green Wave,draftkings,Total,,139.5,O,-166,https://sportsbook.draftkings.com/event/tulane-%40-charlotte/33510239?outcomes=0OU83106971O13950_1
2026-01-23 17:09:11,"North Carolina Charlotte 49ers vs Tulane Green Wave, 2026-01-23, 07",North Carolina Charlotte 49ers,Tulane Green Wave,draftkings,Total,,139.5,U,+130,https://sportsbook.draftkings.com/event/tulane-%40-charlotte/33510239?outcomes=0OU83106971U13950_3
2026-01-23 17:09:11,"North Carolina Charlotte 49ers vs Tulane Green Wave, 2026-01-23, 07",North Carolina Charlotte 49ers,Tulane Green Wave,draftkings,Total,,140.5,O,-145,https://sportsbook.draftkings.com/event/tulane-%40-charlotte/33510239?outcomes=0OU83106971O14050_1
2026-01-23 17:09:11,"North Carolina Charlotte 49ers vs Tulane Green Wave, 2026-01-23, 07",North Carolina Charlotte 49ers,Tulane Green Wave,draftkings,Total,,140.5,U,+114,https://sportsbook.draftkings.com/event/tulane-%40-charlotte/33510239?outcomes=0OU83106971U14050_3
2026-01-23 17:09:11,"North Carolina Charlotte 49ers vs Tulane Green Wave, 2026-01-23, 07",North Carolina Charlotte 49ers,Tulane Green Wave,draftkings,Total,,141.5,O,-140,https://sportsbook.draftkings.com/event/tulane-%40-charlotte/33510239?outcomes=0OU83106971O14150_1
2026-01-23 17:09:11,"North Carolina Charlotte 49ers vs Tulane Green Wave, 2026-01-23, 07",North Carolina Charlotte 49ers,Tulane Green Wave,draftkings,Total,,136.5,O,-245,https://sportsbook.draftkings.com/event/tulane-%40-charlotte/33510239?outcomes=0OU83106971O13650_1
2026-01-23 17:09:11,"North Carolina Charlotte 49ers vs Tulane Green Wave, 2026-01-23, 07",North Carolina Charlotte 49ers,Tulane Green Wave,draftkings,Total,,155.5,O,+310,https://sportsbook.draftkings.com/event/tulane-%40-charlotte/33510239?outcomes=0OU83106971O15550_1
2026-01-23 17:09:11,"North Carolina Charlotte 49ers vs Tulane Green Wave, 2026-01-23, 07",North Carolina Charlotte 49ers,Tulane Green Wave,draftkings,Total,,155.5,U,-445,https://sportsbook.draftkings.com/event/tulane-%40-charlotte/33510239?outcomes=0OU83106971U15550_3
2026-01-23 17:09:11,"Notre Dame Fighting Irish vs Boston Eagles, 2026-01-24, 06",Notre Dame Fighting Irish,Boston Eagles,draftkings,Spread,Notre Dame Fighting Irish,-7.5,,-110,https://sportsbook.draftkings.com/event/boston-college-%40-notre-dame/33516694?outcomes=0HC83117614N750_1
2026-01-23 17:09:11,"Notre Dame Fighting Irish vs Boston Eagles, 2026-01-24, 06",Notre Dame Fighting Irish,Boston Eagles,draftkings,Spread,Boston Eagles,7.5,,-110,https://sportsbook.draftkings.com/event/boston-college-%40-notre-dame/33516694?outcomes=0HC83117614P750_3
2026-01-23 17:09:11,"Notre Dame Fighting Irish vs Boston Eagles, 2026-01-24, 06",Notre Dame Fighting Irish,Boston Eagles,draftkings,Total,,133.5,U,-110,https://sportsbook.draftkings.com/event/boston-college-%40-notre-dame/33516694?outcomes=0OU83117614U13350_3
2026-01-23 17:09:11,"Notre Dame Fighting Irish vs Boston Eagles, 2026-01-24, 06",Notre Dame Fighting Irish,Boston Eagles,draftkings,Total,,133.5,O,-110,https://sportsbook.draftkings.com/event/boston-college-%40-notre-dame/33516694?outcomes=0OU83117614O13350_1
2026-01-23 17:09:11,"Ohio Bobcats vs Akron Zips, 2026-01-23, 08",Ohio Bobcats,Akron Zips,pinnacle,Spread,Ohio Bobcats,7.0,,-112,
2026-01-23 17:09:11,"Ohio Bobcats vs Akron Zips, 2026-01-23, 08",Ohio Bobcats,Akron Zips,pinnacle,Spread,Akron Zips,-7.0,,-104,
2026-01-23 17:09:11,"Ohio Bobcats vs Akron Zips, 2026-01-23, 08",Ohio Bobcats,Akron Zips,pinnacle,Spread,Ohio Bobcats,6.5,,-105,
2026-01-23 17:09:11,"Ohio Bobcats vs Akron Zips, 2026-01-23, 08",Ohio Bobcats,Akron Zips,pinnacle,Spread,Akron Zips,-6.5,,-116,
2026-01-23 17:09:11,"Ohio Bobcats vs Akron Zips, 2026-01-23, 08",Ohio Bobcats,Akron Zips,pinnacle,Spread,Ohio Bobcats,6.0,,+103,
2026-01-23 17:09:11,"Ohio Bobcats vs Akron Zips, 2026-01-23, 08",Ohio Bobcats,Akron Zips,pinnacle,Spread,Akron Zips,-6.0,,-125,
2026-01-23 17:09:11,"Ohio Bobcats vs Akron Zips, 2026-01-23, 08",Ohio Bobcats,Akron Zips,pinnacle,Spread,Ohio Bobcats,5.5,,+111,
2026-01-23 17:09:11,"Ohio Bobcats vs Akron Zips, 2026-01-23, 08",Ohio Bobcats,Akron Zips,pinnacle,Spread,Akron Zips,-5.5,,-135,
2026-01-23 17:09:11,"Ohio Bobcats vs Akron Zips, 2026-01-23, 08",Ohio Bobcats,Akron Zips,pinnacle,Spread,Ohio Bobcats,5.0,,+119,
2026-01-23 17:09:11,"Ohio Bobcats vs Akron Zips, 2026-01-23, 08",Ohio Bobcats,Akron Zips,pinnacle,Spread,Akron Zips,-5.0,,-145,
2026-01-23 17:09:11,"Ohio Bobcats vs Akron Zips, 2026-01-23, 08",Ohio Bobcats,Akron Zips,pinnacle,Spread,Akron Zips,-7.5,,+103,
2026-01-23 17:09:11,"Ohio Bobcats vs Akron Zips, 2026-01-23, 08",Ohio Bobcats,Akron Zips,pinnacle,Spread,Ohio Bobcats,7.5,,-124,
2026-01-23 17:09:11,"Ohio Bobcats vs Akron Zips, 2026-01-23, 08",Ohio Bobcats,Akron Zips,pinnacle,Spread,Ohio Bobcats,8.0,,-135,
2026-01-23 17:09:11,"Ohio Bobcats vs Akron Zips, 2026-01-23, 08",Ohio Bobcats,Akron Zips,pinnacle,Spread,Ohio Bobcats,9.0,,-156,
2026-01-23 17:09:11,"Ohio Bobcats vs Akron Zips, 2026-01-23, 08",Ohio Bobcats,Akron Zips,pinnacle,Spread,Akron Zips,-9.0,,+127,
2026-01-23 17:09:11,"Ohio Bobcats vs Akron Zips, 2026-01-23, 08",Ohio Bobcats,Akron Zips,pinnacle,Spread,Ohio Bobcats,8.5,,-145,
2026-01-23 17:09:11,"Ohio Bobcats vs Akron Zips, 2026-01-23, 08",Ohio Bobcats,Akron Zips,pinnacle,Spread,Akron Zips,-8.5,,+119,
2026-01-23 17:09:11,"Ohio Bobcats vs Akron Zips, 2026-01-23, 08",Ohio Bobcats,Akron Zips,pinnacle,Spread,Akron Zips,-8.0,,+111,
2026-01-23 17:09:11,"Ohio Bobcats vs Akron Zips, 2026-01-23, 08",Ohio Bobcats,Akron Zips,fanduel,Spread,Ohio Bobcats,-1.5,,+320,https://sportsbook.fanduel.ca/addToBetslip?marketId=801.154157958&selectionId=711052
2026-01-23 17:09:11,"Ohio Bobcats vs Akron Zips, 2026-01-23, 08",Ohio Bobcats,Akron Zips,fanduel,Spread,Akron Zips,-4.5,,-188,https://sportsbook.fanduel.ca/addToBetslip?marketId=801.154157914&selectionId=711054
2026-01-23 17:09:11,"Ohio Bobcats vs Akron Zips, 2026-01-23, 08",Ohio Bobcats,Akron Zips,fanduel,Spread,Ohio Bobcats,4.5,,+146,https://sportsbook.fanduel.ca/addToBetslip?marketId=801.154157914&selectionId=711052
2026-01-23 17:09:11,"Ohio Bobcats vs Akron Zips, 2026-01-23, 08",Ohio Bobcats,Akron Zips,fanduel,Spread,Akron Zips,-13.5,,+220,https://sportsbook.fanduel.ca/addToBetslip?marketId=801.154157905&selectionId=711054
2026-01-23 17:09:11,"Ohio Bobcats vs Akron Zips, 2026-01-23, 08",Ohio Bobcats,Akron Zips,fanduel,Spread,Ohio Bobcats,13.5,,-295,https://sportsbook.fanduel.ca/addToBetslip?marketId=801.154157905&selectionId=711052
2026-01-23 17:09:11,"Ohio Bobcats vs Akron Zips, 2026-01-23, 08",Ohio Bobcats,Akron Zips,fanduel,Spread,Akron Zips,-7.5,,-110,https://sportsbook.fanduel.ca/addToBetslip?marketId=801.154109491&selectionId=711054
2026-01-23 17:09:11,"Ohio Bobcats vs Akron Zips, 2026-01-23, 08",Ohio Bobcats,Akron Zips,fanduel,Spread,Ohio Bobcats,7.5,,-110,https://sportsbook.fanduel.ca/addToBetslip?marketId=801.154109491&selectionId=711052
2026-01-23 17:09:11,"Ohio Bobcats vs Akron Zips, 2026-01-23, 08",Ohio Bobcats,Akron Zips,fanduel,Spread,Akron Zips,-16.5,,+310,https://sportsbook.fanduel.ca/addToBetslip?marketId=801.154157881&selectionId=711054
2026-01-23 17:09:11,"Ohio Bobcats vs Akron Zips, 2026-01-23, 08",Ohio Bobcats,Akron Zips,fanduel,Spread,Ohio Bobcats,16.5,,-440,https://sportsbook.fanduel.ca/addToBetslip?marketId=801.154157881&selectionId=711052
2026-01-23 17:09:11,"Ohio Bobcats vs Akron Zips, 2026-01-23, 08",Ohio Bobcats,Akron Zips,fanduel,Spread,Akron Zips,-10.5,,+140,https://sportsbook.fanduel.ca/addToBetslip?marketId=801.154157947&selectionId=711054
2026-01-23 17:09:11,"Ohio Bobcats vs Akron Zips, 2026-01-23, 08",Ohio Bobcats,Akron Zips,fanduel,Spread,Ohio Bobcats,10.5,,-180,https://sportsbook.fanduel.ca/addToBetslip?marketId=801.154157947&selectionId=711052
2026-01-23 17:09:11,"Ohio Bobcats vs Akron Zips, 2026-01-23, 08",Ohio Bobcats,Akron Zips,betonline,Spread,Akron Zips,-7.0,,-107,
2026-01-23 17:09:11,"Ohio Bobcats vs Akron Zips, 2026-01-23, 08",Ohio Bobcats,Akron Zips,fanduel,Spread,Akron Zips,1.5,,-460,https://sportsbook.fanduel.ca/addToBetslip?marketId=801.154157958&selectionId=711054
2026-01-23 17:09:11,"Ohio Bobcats vs Akron Zips, 2026-01-23, 08",Ohio Bobcats,Akron Zips,betonline,Spread,Ohio Bobcats,7.0,,-113,
2026-01-23 17:09:11,"Ohio Bobcats vs Akron Zips, 2026-01-23, 08",Ohio Bobcats,Akron Zips,fanduel,Spread,Ohio Bobcats,1.5,,+255,https://sportsbook.fanduel.ca/addToBetslip?marketId=801.154157919&selectionId=711052
2026-01-23 17:09:11,"Ohio Bobcats vs Akron Zips, 2026-01-23, 08",Ohio Bobcats,Akron Zips,fanduel,Spread,Akron Zips,-1.5,,-350,https://sportsbook.fanduel.ca/addToBetslip?marketId=801.154157919&selectionId=711054
2026-01-23 17:09:11,"Ohio Bobcats vs Akron Zips, 2026-01-23, 08",Ohio Bobcats,Akron Zips,draftkings,Spread,Akron Zips,-4.5,,-167,https://sportsbook.draftkings.com/event/akron-%40-ohio/33510247?outcomes=0HC83106968N450_3
2026-01-23 17:09:11,"Ohio Bobcats vs Akron Zips, 2026-01-23, 08",Ohio Bobcats,Akron Zips,draftkings,Spread,Ohio Bobcats,4.5,,+122,https://sportsbook.draftkings.com/event/akron-%40-ohio/33510247?outcomes=0HC83106968P450_1
2026-01-23 17:09:11,"Ohio Bobcats vs Akron Zips, 2026-01-23, 08",Ohio Bobcats,Akron Zips,draftkings,Spread,Akron Zips,-3.5,,-198,https://sportsbook.draftkings.com/event/akron-%40-ohio/33510247?outcomes=0HC83106968N350_3
2026-01-23 17:09:11,"Ohio Bobcats vs Akron Zips, 2026-01-23, 08",Ohio Bobcats,Akron Zips,draftkings,Spread,Ohio Bobcats,3.5,,+143,https://sportsbook.draftkings.com/event/akron-%40-ohio/33510247?outcomes=0HC83106968P350_1
2026-01-23 17:09:11,"Ohio Bobcats vs Akron Zips, 2026-01-23, 08",Ohio Bobcats,Akron Zips,draftkings,Spread,Akron Zips,-2.5,,-240,https://sportsbook.draftkings.com/event/akron-%40-ohio/33510247?outcomes=0HC83106968N250_3
2026-01-23 17:09:11,"Ohio Bobcats vs Akron Zips, 2026-01-23, 08",Ohio Bobcats,Akron Zips,draftkings,Spread,Ohio Bobcats,2.5,,+170,https://sportsbook.draftkings.com/event/akron-%40-ohio/33510247?outcomes=0HC83106968P250_1
2026-01-23 17:09:11,"Ohio Bobcats vs Akron Zips, 2026-01-23, 08",Ohio Bobcats,Akron Zips,draftkings,Spread,Akron Zips,-1.5,,-301,https://sportsbook.draftkings.com/event/akron-%40-ohio/33510247?outcomes=0HC83106968N150_3
2026-01-23 17:09:11,"Ohio Bobcats vs Akron Zips, 2026-01-23, 08",Ohio Bobcats,Akron Zips,draftkings,Spread,Ohio Bobcats,1.5,,+208,https://sportsbook.draftkings.com/event/akron-%40-ohio/33510247?outcomes=0HC83106968P150_1
2026-01-23 17:09:11,"Ohio Bobcats vs Akron Zips, 2026-01-23, 08",Ohio Bobcats,Akron Zips,draftkings,Spread,Akron Zips,1.5,,-443,https://sportsbook.draftkings.com/event/akron-%40-ohio/33510247?outcomes=0HC83106968P150_3
2026-01-23 17:09:11,"Ohio Bobcats vs Akron Zips, 2026-01-23, 08",Ohio Bobcats,Akron Zips,draftkings,Spread,Ohio Bobcats,-1.5,,+285,https://sportsbook.draftkings.com/event/akron-%40-ohio/33510247?outcomes=0HC83106968N150_1
2026-01-23 17:09:11,"Ohio Bobcats vs Akron Zips, 2026-01-23, 08",Ohio Bobcats,Akron Zips,draftkings,Spread,Akron Zips,2.5,,-505,https://sportsbook.draftkings.com/event/akron-%40-ohio/33510247?outcomes=0HC83106968P250_3
2026-01-23 17:09:11,"Ohio Bobcats vs Akron Zips, 2026-01-23, 08",Ohio Bobcats,Akron Zips,draftkings,Spread,Ohio Bobcats,-2.5,,+315,https://sportsbook.draftkings.com/event/akron-%40-ohio/33510247?outcomes=0HC83106968N250_1
2026-01-23 17:09:11,"Ohio Bobcats vs Akron Zips, 2026-01-23, 08",Ohio Bobcats,Akron Zips,draftkings,Spread,Akron Zips,3.5,,-600,https://sportsbook.draftkings.com/event/akron-%40-ohio/33510247?outcomes=0HC83106968P350_3
2026-01-23 17:09:11,"Ohio Bobcats vs Akron Zips, 2026-01-23, 08",Ohio Bobcats,Akron Zips,draftkings,Spread,Ohio Bobcats,-3.5,,+359,https://sportsbook.draftkings.com/event/akron-%40-ohio/33510247?outcomes=0HC83106968N350_1
2026-01-23 17:09:11,"Ohio Bobcats vs Akron Zips, 2026-01-23, 08",Ohio Bobcats,Akron Zips,draftkings,Spread,Akron Zips,4.5,,-700,https://sportsbook.draftkings.com/event/akron-%40-ohio/33510247?outcomes=0HC83106968P450_3
2026-01-23 17:09:11,"Ohio Bobcats vs Akron Zips, 2026-01-23, 08",Ohio Bobcats,Akron Zips,draftkings,Spread,Ohio Bobcats,-4.5,,+397,https://sportsbook.draftkings.com/event/akron-%40-ohio/33510247?outcomes=0HC83106968N450_1
2026-01-23 17:09:11,"Ohio Bobcats vs Akron Zips, 2026-01-23, 08",Ohio Bobcats,Akron Zips,draftkings,Spread,Akron Zips,5.5,,-840,https://sportsbook.draftkings.com/event/akron-%40-ohio/33510247?outcomes=0HC83106968P550_3
2026-01-23 17:09:11,"Ohio Bobcats vs Akron Zips, 2026-01-23, 08",Ohio Bobcats,Akron Zips,draftkings,Spread,Ohio Bobcats,-5.5,,+450,https://sportsbook.draftkings.com/event/akron-%40-ohio/33510247?outcomes=0HC83106968N550_1
2026-01-23 17:09:11,"Ohio Bobcats vs Akron Zips, 2026-01-23, 08",Ohio Bobcats,Akron Zips,draftkings,Spread,Akron Zips,6.5,,-930,https://sportsbook.draftkings.com/event/akron-%40-ohio/33510247?outcomes=0HC83106968P650_3
2026-01-23 17:09:11,"Ohio Bobcats vs Akron Zips, 2026-01-23, 08",Ohio Bobcats,Akron Zips,draftkings,Spread,Ohio Bobcats,-6.5,,+480,https://sportsbook.draftkings.com/event/akron-%40-ohio/33510247?outcomes=0HC83106968N650_1
2026-01-23 17:09:11,"Ohio Bobcats vs Akron Zips, 2026-01-23, 08",Ohio Bobcats,Akron Zips,draftkings,Spread,Ohio Bobcats,5.5,,+103,https://sportsbook.draftkings.com/event/akron-%40-ohio/33510247?outcomes=0HC83106968P550_1
2026-01-23 17:09:11,"Ohio Bobcats vs Akron Zips, 2026-01-23, 08",Ohio Bobcats,Akron Zips,draftkings,Spread,Akron Zips,-5.5,,-140,https://sportsbook.draftkings.com/event/akron-%40-ohio/33510247?outcomes=0HC83106968N550_3
2026-01-23 17:09:11,"Ohio Bobcats vs Akron Zips, 2026-01-23, 08",Ohio Bobcats,Akron Zips,draftkings,Spread,Akron Zips,-7.5,,-108,https://sportsbook.draftkings.com/event/akron-%40-ohio/33510247?outcomes=0HC83106968N750_3
2026-01-23 17:09:11,"Ohio Bobcats vs Akron Zips, 2026-01-23, 08",Ohio Bobcats,Akron Zips,draftkings,Spread,Ohio Bobcats,18.5,,-790,https://sportsbook.draftkings.com/event/akron-%40-ohio/33510247?outcomes=0HC83106968P1850_1
2026-01-23 17:09:11,"Ohio Bobcats vs Akron Zips, 2026-01-23, 08",Ohio Bobcats,Akron Zips,draftkings,Spread,Akron Zips,-17.5,,+380,https://sportsbook.draftkings.com/event/akron-%40-ohio/33510247?outcomes=0HC83106968N1750_3
2026-01-23 17:09:11,"Ohio Bobcats vs Akron Zips, 2026-01-23, 08",Ohio Bobcats,Akron Zips,draftkings,Spread,Ohio Bobcats,17.5,,-660,https://sportsbook.draftkings.com/event/akron-%40-ohio/33510247?outcomes=0HC83106968P1750_1
2026-01-23 17:09:11,"Ohio Bobcats vs Akron Zips, 2026-01-23, 08",Ohio Bobcats,Akron Zips,draftkings,Spread,Akron Zips,-16.5,,+344,https://sportsbook.draftkings.com/event/akron-%40-ohio/33510247?outcomes=0HC83106968N1650_3
2026-01-23 17:09:11,"Ohio Bobcats vs Akron Zips, 2026-01-23, 08",Ohio Bobcats,Akron Zips,draftkings,Spread,Ohio Bobcats,16.5,,-567,https://sportsbook.draftkings.com/event/akron-%40-ohio/33510247?outcomes=0HC83106968P1650_1
2026-01-23 17:09:11,"Ohio Bobcats vs Akron Zips, 2026-01-23, 08",Ohio Bobcats,Akron Zips,draftkings,Spread,Akron Zips,-15.5,,+287,https://sportsbook.draftkings.com/event/akron-%40-ohio/33510247?outcomes=0HC83106968N1550_3
2026-01-23 17:09:11,"Ohio Bobcats vs Akron Zips, 2026-01-23, 08",Ohio Bobcats,Akron Zips,draftkings,Spread,Ohio Bobcats,15.5,,-447,https://sportsbook.draftkings.com/event/akron-%40-ohio/33510247?outcomes=0HC83106968P1550_1
2026-01-23 17:09:11,"Ohio Bobcats vs Akron Zips, 2026-01-23, 08",Ohio Bobcats,Akron Zips,draftkings,Spread,Akron Zips,-14.5,,+245,https://sportsbook.draftkings.com/event/akron-%40-ohio/33510247?outcomes=0HC83106968N1450_3
2026-01-23 17:09:11,"Ohio Bobcats vs Akron Zips, 2026-01-23, 08",Ohio Bobcats,Akron Zips,draftkings,Spread,Ohio Bobcats,14.5,,-366,https://sportsbook.draftkings.com/event/akron-%40-ohio/33510247?outcomes=0HC83106968P1450_1
2026-01-23 17:09:11,"Ohio Bobcats vs Akron Zips, 2026-01-23, 08",Ohio Bobcats,Akron Zips,draftkings,Spread,Akron Zips,-13.5,,+212,https://sportsbook.draftkings.com/event/akron-%40-ohio/33510247?outcomes=0HC83106968N1350_3
2026-01-23 17:09:11,"Ohio Bobcats vs Akron Zips, 2026-01-23, 08",Ohio Bobcats,Akron Zips,draftkings,Spread,Ohio Bobcats,13.5,,-308,https://sportsbook.draftkings.com/event/akron-%40-ohio/33510247?outcomes=0HC83106968P1350_1
2026-01-23 17:09:11,"Ohio Bobcats vs Akron Zips, 2026-01-23, 08",Ohio Bobcats,Akron Zips,draftkings,Spread,Akron Zips,-12.5,,+185,https://sportsbook.draftkings.com/event/akron-%40-ohio/33510247?outcomes=0HC83106968N1250_3
2026-01-23 17:09:11,"Ohio Bobcats vs Akron Zips, 2026-01-23, 08",Ohio Bobcats,Akron Zips,draftkings,Spread,Ohio Bobcats,12.5,,-264,https://sportsbook.draftkings.com/event/akron-%40-ohio/33510247?outcomes=0HC83106968P1250_1
2026-01-23 17:09:11,"Ohio Bobcats vs Akron Zips, 2026-01-23, 08",Ohio Bobcats,Akron Zips,draftkings,Spread,Akron Zips,-11.5,,+161,https://sportsbook.draftkings.com/event/akron-%40-ohio/33510247?outcomes=0HC83106968N1150_3
2026-01-23 17:09:11,"Ohio Bobcats vs Akron Zips, 2026-01-23, 08",Ohio Bobcats,Akron Zips,draftkings,Spread,Ohio Bobcats,11.5,,-226,https://sportsbook.draftkings.com/event/akron-%40-ohio/33510247?outcomes=0HC83106968P1150_1
2026-01-23 17:09:11,"Ohio Bobcats vs Akron Zips, 2026-01-23, 08",Ohio Bobcats,Akron Zips,draftkings,Spread,Akron Zips,-10.5,,+140,https://sportsbook.draftkings.com/event/akron-%40-ohio/33510247?outcomes=0HC83106968N1050_3
2026-01-23 17:09:11,"Ohio Bobcats vs Akron Zips, 2026-01-23, 08",Ohio Bobcats,Akron Zips,draftkings,Spread,Ohio Bobcats,10.5,,-194,https://sportsbook.draftkings.com/event/akron-%40-ohio/33510247?outcomes=0HC83106968P1050_1
2026-01-23 17:09:11,"Ohio Bobcats vs Akron Zips, 2026-01-23, 08",Ohio Bobcats,Akron Zips,draftkings,Spread,Akron Zips,-9.5,,+121,https://sportsbook.draftkings.com/event/akron-%40-ohio/33510247?outcomes=0HC83106968N950_3
2026-01-23 17:09:11,"Ohio Bobcats vs Akron Zips, 2026-01-23, 08",Ohio Bobcats,Akron Zips,draftkings,Spread,Ohio Bobcats,9.5,,-166,https://sportsbook.draftkings.com/event/akron-%40-ohio/33510247?outcomes=0HC83106968P950_1
2026-01-23 17:09:11,"Ohio Bobcats vs Akron Zips, 2026-01-23, 08",Ohio Bobcats,Akron Zips,draftkings,Spread,Akron Zips,-8.5,,+107,https://sportsbook.draftkings.com/event/akron-%40-ohio/33510247?outcomes=0HC83106968N850_3
2026-01-23 17:09:11,"Ohio Bobcats vs Akron Zips, 2026-01-23, 08",Ohio Bobcats,Akron Zips,draftkings,Spread,Ohio Bobcats,8.5,,-145,https://sportsbook.draftkings.com/event/akron-%40-ohio/33510247?outcomes=0HC83106968P850_1
2026-01-23 17:09:11,"Ohio Bobcats vs Akron Zips, 2026-01-23, 08",Ohio Bobcats,Akron Zips,draftkings,Spread,Ohio Bobcats,7.5,,-126,https://sportsbook.draftkings.com/event/akron-%40-ohio/33510247?outcomes=0HC83106968P750_1
2026-01-23 17:09:11,"Ohio Bobcats vs Akron Zips, 2026-01-23, 08",Ohio Bobcats,Akron Zips,draftkings,Spread,Akron Zips,-18.5,,+430,https://sportsbook.draftkings.com/event/akron-%40-ohio/33510247?outcomes=0HC83106968N1850_3
2026-01-23 17:09:11,"Ohio Bobcats vs Akron Zips, 2026-01-23, 08",Ohio Bobcats,Akron Zips,draftkings,Spread,Ohio Bobcats,19.5,,-970,https://sportsbook.draftkings.com/event/akron-%40-ohio/33510247?outcomes=0HC83106968P1950_1
2026-01-23 17:09:11,"Ohio Bobcats vs Akron Zips, 2026-01-23, 08",Ohio Bobcats,Akron Zips,draftkings,Spread,Akron Zips,-19.5,,+491,https://sportsbook.draftkings.com/event/akron-%40-ohio/33510247?outcomes=0HC83106968N1950_3
2026-01-23 17:09:11,"Ohio Bobcats vs Akron Zips, 2026-01-23, 08",Ohio Bobcats,Akron Zips,draftkings,Spread,Ohio Bobcats,6.5,,-102,https://sportsbook.draftkings.com/event/akron-%40-ohio/33510247?outcomes=0HC83102593P650_1
2026-01-23 17:09:11,"Ohio Bobcats vs Akron Zips, 2026-01-23, 08",Ohio Bobcats,Akron Zips,draftkings,Spread,Akron Zips,-6.5,,-118,https://sportsbook.draftkings.com/event/akron-%40-ohio/33510247?outcomes=0HC83102593N650_3
2026-01-23 17:09:11,"Ohio Bobcats vs Akron Zips, 2026-01-23, 08",Ohio Bobcats,Akron Zips,pinnacle,Total,,170.0,O,+116,
2026-01-23 17:09:11,"Ohio Bobcats vs Akron Zips, 2026-01-23, 08",Ohio Bobcats,Akron Zips,pinnacle,Total,,170.0,U,-147,
2026-01-23 17:09:11,"Ohio Bobcats vs Akron Zips, 2026-01-23, 08",Ohio Bobcats,Akron Zips,pinnacle,Total,,169.5,O,+110,
2026-01-23 17:09:11,"Ohio Bobcats vs Akron Zips, 2026-01-23, 08",Ohio Bobcats,Akron Zips,pinnacle,Total,,169.5,U,-138,
2026-01-23 17:09:11,"Ohio Bobcats vs Akron Zips, 2026-01-23, 08",Ohio Bobcats,Akron Zips,pinnacle,Total,,169.0,O,+104,
2026-01-23 17:09:11,"Ohio Bobcats vs Akron Zips, 2026-01-23, 08",Ohio Bobcats,Akron Zips,pinnacle,Total,,169.0,U,-131,
2026-01-23 17:09:11,"Ohio Bobcats vs Akron Zips, 2026-01-23, 08",Ohio Bobcats,Akron Zips,pinnacle,Total,,168.5,O,-102,
2026-01-23 17:09:11,"Ohio Bobcats vs Akron Zips, 2026-01-23, 08",Ohio Bobcats,Akron Zips,pinnacle,Total,,168.5,U,-123,
2026-01-23 17:09:11,"Ohio Bobcats vs Akron Zips, 2026-01-23, 08",Ohio Bobcats,Akron Zips,pinnacle,Total,,168.0,O,-106,
2026-01-23 17:09:11,"Ohio Bobcats vs Akron Zips, 2026-01-23, 08",Ohio Bobcats,Akron Zips,pinnacle,Total,,168.0,U,-114,
2026-01-23 17:09:11,"Ohio Bobcats vs Akron Zips, 2026-01-23, 08",Ohio Bobcats,Akron Zips,pinnacle,Total,,167.5,O,-114,
2026-01-23 17:09:11,"Ohio Bobcats vs Akron Zips, 2026-01-23, 08",Ohio Bobcats,Akron Zips,pinnacle,Total,,167.5,U,-110,
2026-01-23 17:09:11,"Ohio Bobcats vs Akron Zips, 2026-01-23, 08",Ohio Bobcats,Akron Zips,pinnacle,Total,,167.0,O,-121,
2026-01-23 17:09:11,"Ohio Bobcats vs Akron Zips, 2026-01-23, 08",Ohio Bobcats,Akron Zips,pinnacle,Total,,167.0,U,-104,
2026-01-23 17:09:11,"Ohio Bobcats vs Akron Zips, 2026-01-23, 08",Ohio Bobcats,Akron Zips,pinnacle,Total,,166.5,O,-127,
2026-01-23 17:09:11,"Ohio Bobcats vs Akron Zips, 2026-01-23, 08",Ohio Bobcats,Akron Zips,pinnacle,Total,,166.5,U,+101,
2026-01-23 17:09:11,"Ohio Bobcats vs Akron Zips, 2026-01-23, 08",Ohio Bobcats,Akron Zips,pinnacle,Total,,166.0,O,-133,
2026-01-23 17:09:11,"Ohio Bobcats vs Akron Zips, 2026-01-23, 08",Ohio Bobcats,Akron Zips,pinnacle,Total,,166.0,U,+106,
2026-01-23 17:09:11,"Ohio Bobcats vs Akron Zips, 2026-01-23, 08",Ohio Bobcats,Akron Zips,fanduel,Total,,162.5,O,-215,https://sportsbook.fanduel.ca/addToBetslip?marketId=801.154157922&selectionId=7017823
2026-01-23 17:09:11,"Ohio Bobcats vs Akron Zips, 2026-01-23, 08",Ohio Bobcats,Akron Zips,fanduel,Total,,174.5,O,+162,https://sportsbook.fanduel.ca/addToBetslip?marketId=801.154157946&selectionId=7017823
2026-01-23 17:09:11,"Ohio Bobcats vs Akron Zips, 2026-01-23, 08",Ohio Bobcats,Akron Zips,fanduel,Total,,174.5,U,-215,https://sportsbook.fanduel.ca/addToBetslip?marketId=801.154157946&selectionId=7017824
2026-01-23 17:09:11,"Ohio Bobcats vs Akron Zips, 2026-01-23, 08",Ohio Bobcats,Akron Zips,fanduel,Total,,165.5,O,-154,https://sportsbook.fanduel.ca/addToBetslip?marketId=801.154157883&selectionId=7017823
2026-01-23 17:09:11,"Ohio Bobcats vs Akron Zips, 2026-01-23, 08",Ohio Bobcats,Akron Zips,fanduel,Total,,165.5,U,+118,https://sportsbook.fanduel.ca/addToBetslip?marketId=801.154157883&selectionId=7017824
2026-01-23 17:09:11,"Ohio Bobcats vs Akron Zips, 2026-01-23, 08",Ohio Bobcats,Akron Zips,fanduel,Total,,159.5,O,-290,https://sportsbook.fanduel.ca/addToBetslip?marketId=801.154157925&selectionId=7017823
2026-01-23 17:09:11,"Ohio Bobcats vs Akron Zips, 2026-01-23, 08",Ohio Bobcats,Akron Zips,fanduel,Total,,159.5,U,+210,https://sportsbook.fanduel.ca/addToBetslip?marketId=801.154157925&selectionId=7017824
2026-01-23 17:09:11,"Ohio Bobcats vs Akron Zips, 2026-01-23, 08",Ohio Bobcats,Akron Zips,fanduel,Total,,168.5,O,-110,https://sportsbook.fanduel.ca/addToBetslip?marketId=801.154109492&selectionId=7017823
2026-01-23 17:09:11,"Ohio Bobcats vs Akron Zips, 2026-01-23, 08",Ohio Bobcats,Akron Zips,fanduel,Total,,168.5,U,-110,https://sportsbook.fanduel.ca/addToBetslip?marketId=801.154109492&selectionId=7017824
2026-01-23 17:09:11,"Ohio Bobcats vs Akron Zips, 2026-01-23, 08",Ohio Bobcats,Akron Zips,fanduel,Total,,171.5,O,+120,https://sportsbook.fanduel.ca/addToBetslip?marketId=801.154157882&selectionId=7017823
2026-01-23 17:09:11,"Ohio Bobcats vs Akron Zips, 2026-01-23, 08",Ohio Bobcats,Akron Zips,fanduel,Total,,171.5,U,-156,https://sportsbook.fanduel.ca/addToBetslip?marketId=801.154157882&selectionId=7017824
2026-01-23 17:09:11,"Ohio Bobcats vs Akron Zips, 2026-01-23, 08",Ohio Bobcats,Akron Zips,fanduel,Total,,162.5,U,+162,https://sportsbook.fanduel.ca/addToBetslip?marketId=801.154157922&selectionId=7017824
2026-01-23 17:09:11,"Ohio Bobcats vs Akron Zips, 2026-01-23, 08",Ohio Bobcats,Akron Zips,betonline,Total,,168.0,U,-110,
2026-01-23 17:09:11,"Ohio Bobcats vs Akron Zips, 2026-01-23, 08",Ohio Bobcats,Akron Zips,betonline,Total,,168.0,O,-110,
2026-01-23 17:09:11,"Ohio Bobcats vs Akron Zips, 2026-01-23, 08",Ohio Bobcats,Akron Zips,fanduel,Total,,177.5,U,-295,https://sportsbook.fanduel.ca/addToBetslip?marketId=801.154157928&selectionId=7017824
2026-01-23 17:09:11,"Ohio Bobcats vs Akron Zips, 2026-01-23, 08",Ohio Bobcats,Akron Zips,fanduel,Total,,177.5,O,+210,https://sportsbook.fanduel.ca/addToBetslip?marketId=801.154157928&selectionId=7017823
2026-01-23 17:09:11,"Ohio Bobcats vs Akron Zips, 2026-01-23, 08",Ohio Bobcats,Akron Zips,draftkings,Total,,167.5,O,-112,https://sportsbook.draftkings.com/event/akron-%40-ohio/33510247?outcomes=0OU83102593O16750_1
2026-01-23 17:09:11,"Ohio Bobcats vs Akron Zips, 2026-01-23, 08",Ohio Bobcats,Akron Zips,draftkings,Total,,167.5,U,-108,https://sportsbook.draftkings.com/event/akron-%40-ohio/33510247?outcomes=0OU83102593U16750_3
2026-01-23 17:09:11,"Ohio Bobcats vs Akron Zips, 2026-01-23, 08",Ohio Bobcats,Akron Zips,draftkings,Total,,155.5,O,-395,https://sportsbook.draftkings.com/event/akron-%40-ohio/33510247?outcomes=0OU83106968O15550_1
2026-01-23 17:09:11,"Ohio Bobcats vs Akron Zips, 2026-01-23, 08",Ohio Bobcats,Akron Zips,draftkings,Total,,155.5,U,+280,https://sportsbook.draftkings.com/event/akron-%40-ohio/33510247?outcomes=0OU83106968U15550_3
2026-01-23 17:09:11,"Ohio Bobcats vs Akron Zips, 2026-01-23, 08",Ohio Bobcats,Akron Zips,draftkings,Total,,156.5,O,-360,https://sportsbook.draftkings.com/event/akron-%40-ohio/33510247?outcomes=0OU83106968O15650_1
2026-01-23 17:09:11,"Ohio Bobcats vs Akron Zips, 2026-01-23, 08",Ohio Bobcats,Akron Zips,draftkings,Total,,170.5,U,-145,https://sportsbook.draftkings.com/event/akron-%40-ohio/33510247?outcomes=0OU83106968U17050_3
2026-01-23 17:09:11,"Ohio Bobcats vs Akron Zips, 2026-01-23, 08",Ohio Bobcats,Akron Zips,draftkings,Total,,171.5,O,+130,https://sportsbook.draftkings.com/event/akron-%40-ohio/33510247?outcomes=0OU83106968O17150_1
2026-01-23 17:09:11,"Ohio Bobcats vs Akron Zips, 2026-01-23, 08",Ohio Bobcats,Akron Zips,draftkings,Total,,171.5,U,-166,https://sportsbook.draftkings.com/event/akron-%40-ohio/33510247?outcomes=0OU83106968U17150_3
2026-01-23 17:09:11,"Ohio Bobcats vs Akron Zips, 2026-01-23, 08",Ohio Bobcats,Akron Zips,draftkings,Total,,172.5,O,+140,https://sportsbook.draftkings.com/event/akron-%40-ohio/33510247?outcomes=0OU83106968O17250_1
2026-01-23 17:09:11,"Ohio Bobcats vs Akron Zips, 2026-01-23, 08",Ohio Bobcats,Akron Zips,draftkings,Total,,172.5,U,-180,https://sportsbook.draftkings.com/event/akron-%40-ohio/33510247?outcomes=0OU83106968U17250_3
2026-01-23 17:09:11,"Ohio Bobcats vs Akron Zips, 2026-01-23, 08",Ohio Bobcats,Akron Zips,draftkings,Total,,173.5,O,+154,https://sportsbook.draftkings.com/event/akron-%40-ohio/33510247?outcomes=0OU83106968O17350_1
2026-01-23 17:09:11,"Ohio Bobcats vs Akron Zips, 2026-01-23, 08",Ohio Bobcats,Akron Zips,draftkings,Total,,173.5,U,-200,https://sportsbook.draftkings.com/event/akron-%40-ohio/33510247?outcomes=0OU83106968U17350_3
2026-01-23 17:09:11,"Ohio Bobcats vs Akron Zips, 2026-01-23, 08",Ohio Bobcats,Akron Zips,draftkings,Total,,174.5,O,+170,https://sportsbook.draftkings.com/event/akron-%40-ohio/33510247?outcomes=0OU83106968O17450_1
2026-01-23 17:09:11,"Ohio Bobcats vs Akron Zips, 2026-01-23, 08",Ohio Bobcats,Akron Zips,draftkings,Total,,174.5,U,-220,https://sportsbook.draftkings.com/event/akron-%40-ohio/33510247?outcomes=0OU83106968U17450_3
2026-01-23 17:09:11,"Ohio Bobcats vs Akron Zips, 2026-01-23, 08",Ohio Bobcats,Akron Zips,draftkings,Total,,175.5,O,+185,https://sportsbook.draftkings.com/event/akron-%40-ohio/33510247?outcomes=0OU83106968O17550_1
2026-01-23 17:09:11,"Ohio Bobcats vs Akron Zips, 2026-01-23, 08",Ohio Bobcats,Akron Zips,draftkings,Total,,175.5,U,-245,https://sportsbook.draftkings.com/event/akron-%40-ohio/33510247?outcomes=0OU83106968U17550_3
2026-01-23 17:09:11,"Ohio Bobcats vs Akron Zips, 2026-01-23, 08",Ohio Bobcats,Akron Zips,draftkings,Total,,176.5,O,+200,https://sportsbook.draftkings.com/event/akron-%40-ohio/33510247?outcomes=0OU83106968O17650_1
2026-01-23 17:09:11,"Ohio Bobcats vs Akron Zips, 2026-01-23, 08",Ohio Bobcats,Akron Zips,draftkings,Total,,176.5,U,-270,https://sportsbook.draftkings.com/event/akron-%40-ohio/33510247?outcomes=0OU83106968U17650_3
2026-01-23 17:09:11,"Ohio Bobcats vs Akron Zips, 2026-01-23, 08",Ohio Bobcats,Akron Zips,draftkings,Total,,177.5,O,+220,https://sportsbook.draftkings.com/event/akron-%40-ohio/33510247?outcomes=0OU83106968O17750_1
2026-01-23 17:09:11,"Ohio Bobcats vs Akron Zips, 2026-01-23, 08",Ohio Bobcats,Akron Zips,draftkings,Total,,177.5,U,-298,https://sportsbook.draftkings.com/event/akron-%40-ohio/33510247?outcomes=0OU83106968U17750_3
2026-01-23 17:09:11,"Ohio Bobcats vs Akron Zips, 2026-01-23, 08",Ohio Bobcats,Akron Zips,draftkings,Total,,178.5,O,+240,https://sportsbook.draftkings.com/event/akron-%40-ohio/33510247?outcomes=0OU83106968O17850_1
2026-01-23 17:09:11,"Ohio Bobcats vs Akron Zips, 2026-01-23, 08",Ohio Bobcats,Akron Zips,draftkings,Total,,178.5,U,-330,https://sportsbook.draftkings.com/event/akron-%40-ohio/33510247?outcomes=0OU83106968U17850_3
2026-01-23 17:09:11,"Ohio Bobcats vs Akron Zips, 2026-01-23, 08",Ohio Bobcats,Akron Zips,draftkings,Total,,179.5,O,+270,https://sportsbook.draftkings.com/event/akron-%40-ohio/33510247?outcomes=0OU83106968O17950_1
2026-01-23 17:09:11,"Ohio Bobcats vs Akron Zips, 2026-01-23, 08",Ohio Bobcats,Akron Zips,draftkings,Total,,179.5,U,-375,https://sportsbook.draftkings.com/event/akron-%40-ohio/33510247?outcomes=0OU83106968U17950_3
2026-01-23 17:09:11,"Ohio Bobcats vs Akron Zips, 2026-01-23, 08",Ohio Bobcats,Akron Zips,draftkings,Total,,170.5,O,+114,https://sportsbook.draftkings.com/event/akron-%40-ohio/33510247?outcomes=0OU83106968O17050_1
2026-01-23 17:09:11,"Ohio Bobcats vs Akron Zips, 2026-01-23, 08",Ohio Bobcats,Akron Zips,draftkings,Total,,169.5,U,-135,https://sportsbook.draftkings.com/event/akron-%40-ohio/33510247?outcomes=0OU83106968U16950_3
2026-01-23 17:09:11,"Ohio Bobcats vs Akron Zips, 2026-01-23, 08",Ohio Bobcats,Akron Zips,draftkings,Total,,169.5,O,+105,https://sportsbook.draftkings.com/event/akron-%40-ohio/33510247?outcomes=0OU83106968O16950_1
2026-01-23 17:09:11,"Ohio Bobcats vs Akron Zips, 2026-01-23, 08",Ohio Bobcats,Akron Zips,draftkings,Total,,168.5,U,-125,https://sportsbook.draftkings.com/event/akron-%40-ohio/33510247?outcomes=0OU83106968U16850_3
2026-01-23 17:09:11,"Ohio Bobcats vs Akron Zips, 2026-01-23, 08",Ohio Bobcats,Akron Zips,draftkings,Total,,156.5,U,+260,https://sportsbook.draftkings.com/event/akron-%40-ohio/33510247?outcomes=0OU83106968U15650_3
2026-01-23 17:09:11,"Ohio Bobcats vs Akron Zips, 2026-01-23, 08",Ohio Bobcats,Akron Zips,draftkings,Total,,157.5,O,-315,https://sportsbook.draftkings.com/event/akron-%40-ohio/33510247?outcomes=0OU83106968O15750_1
2026-01-23 17:09:11,"Ohio Bobcats vs Akron Zips, 2026-01-23, 08",Ohio Bobcats,Akron Zips,draftkings,Total,,157.5,U,+230,https://sportsbook.draftkings.com/event/akron-%40-ohio/33510247?outcomes=0OU83106968U15750_3
2026-01-23 17:09:11,"Ohio Bobcats vs Akron Zips, 2026-01-23, 08",Ohio Bobcats,Akron Zips,draftkings,Total,,158.5,O,-280,https://sportsbook.draftkings.com/event/akron-%40-ohio/33510247?outcomes=0OU83106968O15850_1
2026-01-23 17:09:11,"Ohio Bobcats vs Akron Zips, 2026-01-23, 08",Ohio Bobcats,Akron Zips,draftkings,Total,,158.5,U,+210,https://sportsbook.draftkings.com/event/akron-%40-ohio/33510247?outcomes=0OU83106968U15850_3
2026-01-23 17:09:11,"Ohio Bobcats vs Akron Zips, 2026-01-23, 08",Ohio Bobcats,Akron Zips,draftkings,Total,,159.5,O,-260,https://sportsbook.draftkings.com/event/akron-%40-ohio/33510247?outcomes=0OU83106968O15950_1
2026-01-23 17:09:11,"Ohio Bobcats vs Akron Zips, 2026-01-23, 08",Ohio Bobcats,Akron Zips,draftkings,Total,,159.5,U,+195,https://sportsbook.draftkings.com/event/akron-%40-ohio/33510247?outcomes=0OU83106968U15950_3
2026-01-23 17:09:11,"Ohio Bobcats vs Akron Zips, 2026-01-23, 08",Ohio Bobcats,Akron Zips,draftkings,Total,,160.5,O,-230,https://sportsbook.draftkings.com/event/akron-%40-ohio/33510247?outcomes=0OU83106968O16050_1
2026-01-23 17:09:11,"Ohio Bobcats vs Akron Zips, 2026-01-23, 08",Ohio Bobcats,Akron Zips,draftkings,Total,,160.5,U,+175,https://sportsbook.draftkings.com/event/akron-%40-ohio/33510247?outcomes=0OU83106968U16050_3
2026-01-23 17:09:11,"Ohio Bobcats vs Akron Zips, 2026-01-23, 08",Ohio Bobcats,Akron Zips,draftkings,Total,,161.5,O,-210,https://sportsbook.draftkings.com/event/akron-%40-ohio/33510247?outcomes=0OU83106968O16150_1
2026-01-23 17:09:11,"Ohio Bobcats vs Akron Zips, 2026-01-23, 08",Ohio Bobcats,Akron Zips,draftkings,Total,,161.5,U,+160,https://sportsbook.draftkings.com/event/akron-%40-ohio/33510247?outcomes=0OU83106968U16150_3
2026-01-23 17:09:11,"Ohio Bobcats vs Akron Zips, 2026-01-23, 08",Ohio Bobcats,Akron Zips,draftkings,Total,,162.5,U,+145,https://sportsbook.draftkings.com/event/akron-%40-ohio/33510247?outcomes=0OU83106968U16250_3
2026-01-23 17:09:11,"Ohio Bobcats vs Akron Zips, 2026-01-23, 08",Ohio Bobcats,Akron Zips,draftkings,Total,,163.5,O,-175,https://sportsbook.draftkings.com/event/akron-%40-ohio/33510247?outcomes=0OU83106968O16350_1
2026-01-23 17:09:11,"Ohio Bobcats vs Akron Zips, 2026-01-23, 08",Ohio Bobcats,Akron Zips,draftkings,Total,,163.5,U,+135,https://sportsbook.draftkings.com/event/akron-%40-ohio/33510247?outcomes=0OU83106968U16350_3
2026-01-23 17:09:11,"Ohio Bobcats vs Akron Zips, 2026-01-23, 08",Ohio Bobcats,Akron Zips,draftkings,Total,,164.5,O,-160,https://sportsbook.draftkings.com/event/akron-%40-ohio/33510247?outcomes=0OU83106968O16450_1
2026-01-23 17:09:11,"Ohio Bobcats vs Akron Zips, 2026-01-23, 08",Ohio Bobcats,Akron Zips,draftkings,Total,,164.5,U,+124,https://sportsbook.draftkings.com/event/akron-%40-ohio/33510247?outcomes=0OU83106968U16450_3
2026-01-23 17:09:11,"Ohio Bobcats vs Akron Zips, 2026-01-23, 08",Ohio Bobcats,Akron Zips,draftkings,Total,,165.5,O,-140,https://sportsbook.draftkings.com/event/akron-%40-ohio/33510247?outcomes=0OU83106968O16550_1
2026-01-23 17:09:11,"Ohio Bobcats vs Akron Zips, 2026-01-23, 08",Ohio Bobcats,Akron Zips,draftkings,Total,,165.5,U,+110,https://sportsbook.draftkings.com/event/akron-%40-ohio/33510247?outcomes=0OU83106968U16550_3
2026-01-23 17:09:11,"Ohio Bobcats vs Akron Zips, 2026-01-23, 08",Ohio Bobcats,Akron Zips,draftkings,Total,,166.5,O,-130,https://sportsbook.draftkings.com/event/akron-%40-ohio/33510247?outcomes=0OU83106968O16650_1
2026-01-23 17:09:11,"Ohio Bobcats vs Akron Zips, 2026-01-23, 08",Ohio Bobcats,Akron Zips,draftkings,Total,,166.5,U,+100,https://sportsbook.draftkings.com/event/akron-%40-ohio/33510247?outcomes=0OU83106968U16650_3
2026-01-23 17:09:11,"Ohio Bobcats vs Akron Zips, 2026-01-23, 08",Ohio Bobcats,Akron Zips,draftkings,Total,,168.5,O,-105,https://sportsbook.draftkings.com/event/akron-%40-ohio/33510247?outcomes=0OU83106968O16850_1
2026-01-23 17:09:11,"Ohio Bobcats vs Akron Zips, 2026-01-23, 08",Ohio Bobcats,Akron Zips,draftkings,Total,,162.5,O,-188,https://sportsbook.draftkings.com/event/akron-%40-ohio/33510247?outcomes=0OU83106968O16250_1
2026-01-23 17:09:11,"Oklahoma State Cowboys vs Iowa State Cyclones, 2026-01-24, 04",Oklahoma State Cowboys,Iowa State Cyclones,draftkings,Spread,Oklahoma State Cowboys,9.5,,-110,https://sportsbook.draftkings.com/event/iowa-state-%40-oklahoma-state/33516274?outcomes=0HC83116649P950_1
2026-01-23 17:09:11,"Oklahoma State Cowboys vs Iowa State Cyclones, 2026-01-24, 04",Oklahoma State Cowboys,Iowa State Cyclones,draftkings,Spread,Iowa State Cyclones,-9.5,,-110,https://sportsbook.draftkings.com/event/iowa-state-%40-oklahoma-state/33516274?outcomes=0HC83116649N950_3
2026-01-23 17:09:11,"Oklahoma State Cowboys vs Iowa State Cyclones, 2026-01-24, 04",Oklahoma State Cowboys,Iowa State Cyclones,draftkings,Total,,163.5,U,-110,https://sportsbook.draftkings.com/event/iowa-state-%40-oklahoma-state/33516274?outcomes=0OU83116649U16350_3
2026-01-23 17:09:11,"Oklahoma State Cowboys vs Iowa State Cyclones, 2026-01-24, 04",Oklahoma State Cowboys,Iowa State Cyclones,draftkings,Total,,163.5,O,-110,https://sportsbook.draftkings.com/event/iowa-state-%40-oklahoma-state/33516274?outcomes=0OU83116649O16350_1
2026-01-23 17:09:11,"Pittsburgh Panthers vs North Carolina Wolfpack, 2026-01-24, 12",Pittsburgh Panthers,North Carolina Wolfpack,pinnacle,Spread,Pittsburgh Panthers,7.0,,-155,
2026-01-23 17:09:11,"Pittsburgh Panthers vs North Carolina Wolfpack, 2026-01-24, 12",Pittsburgh Panthers,North Carolina Wolfpack,pinnacle,Spread,North Carolina Wolfpack,-7.0,,+122,
2026-01-23 17:09:11,"Pittsburgh Panthers vs North Carolina Wolfpack, 2026-01-24, 12",Pittsburgh Panthers,North Carolina Wolfpack,pinnacle,Spread,Pittsburgh Panthers,6.5,,-144,
2026-01-23 17:09:11,"Pittsburgh Panthers vs North Carolina Wolfpack, 2026-01-24, 12",Pittsburgh Panthers,North Carolina Wolfpack,pinnacle,Spread,North Carolina Wolfpack,-6.5,,+114,
2026-01-23 17:09:11,"Pittsburgh Panthers vs North Carolina Wolfpack, 2026-01-24, 12",Pittsburgh Panthers,North Carolina Wolfpack,pinnacle,Spread,Pittsburgh Panthers,6.0,,-134,
2026-01-23 17:09:11,"Pittsburgh Panthers vs North Carolina Wolfpack, 2026-01-24, 12",Pittsburgh Panthers,North Carolina Wolfpack,pinnacle,Spread,North Carolina Wolfpack,-6.0,,+106,
2026-01-23 17:09:11,"Pittsburgh Panthers vs North Carolina Wolfpack, 2026-01-24, 12",Pittsburgh Panthers,North Carolina Wolfpack,pinnacle,Spread,Pittsburgh Panthers,5.5,,-124,
2026-01-23 17:09:11,"Pittsburgh Panthers vs North Carolina Wolfpack, 2026-01-24, 12",Pittsburgh Panthers,North Carolina Wolfpack,pinnacle,Spread,North Carolina Wolfpack,-5.5,,-102,
2026-01-23 17:09:11,"Pittsburgh Panthers vs North Carolina Wolfpack, 2026-01-24, 12",Pittsburgh Panthers,North Carolina Wolfpack,pinnacle,Spread,Pittsburgh Panthers,5.0,,-111,
2026-01-23 17:09:11,"Pittsburgh Panthers vs North Carolina Wolfpack, 2026-01-24, 12",Pittsburgh Panthers,North Carolina Wolfpack,pinnacle,Spread,North Carolina Wolfpack,-5.0,,-109,
2026-01-23 17:09:11,"Pittsburgh Panthers vs North Carolina Wolfpack, 2026-01-24, 12",Pittsburgh Panthers,North Carolina Wolfpack,pinnacle,Spread,Pittsburgh Panthers,4.5,,-104,
2026-01-23 17:09:11,"Pittsburgh Panthers vs North Carolina Wolfpack, 2026-01-24, 12",Pittsburgh Panthers,North Carolina Wolfpack,pinnacle,Spread,North Carolina Wolfpack,-4.5,,-121,
2026-01-23 17:09:11,"Pittsburgh Panthers vs North Carolina Wolfpack, 2026-01-24, 12",Pittsburgh Panthers,North Carolina Wolfpack,pinnacle,Spread,Pittsburgh Panthers,4.0,,+104,
2026-01-23 17:09:11,"Pittsburgh Panthers vs North Carolina Wolfpack, 2026-01-24, 12",Pittsburgh Panthers,North Carolina Wolfpack,pinnacle,Spread,North Carolina Wolfpack,-4.0,,-131,
2026-01-23 17:09:11,"Pittsburgh Panthers vs North Carolina Wolfpack, 2026-01-24, 12",Pittsburgh Panthers,North Carolina Wolfpack,pinnacle,Spread,Pittsburgh Panthers,3.5,,+112,
2026-01-23 17:09:11,"Pittsburgh Panthers vs North Carolina Wolfpack, 2026-01-24, 12",Pittsburgh Panthers,North Carolina Wolfpack,pinnacle,Spread,North Carolina Wolfpack,-3.5,,-141,
2026-01-23 17:09:11,"Pittsburgh Panthers vs North Carolina Wolfpack, 2026-01-24, 12",Pittsburgh Panthers,North Carolina Wolfpack,pinnacle,Spread,North Carolina Wolfpack,-3.0,,-151,
2026-01-23 17:09:11,"Pittsburgh Panthers vs North Carolina Wolfpack, 2026-01-24, 12",Pittsburgh Panthers,North Carolina Wolfpack,pinnacle,Spread,Pittsburgh Panthers,3.0,,+119,
2026-01-23 17:09:11,"Pittsburgh Panthers vs North Carolina Wolfpack, 2026-01-24, 12",Pittsburgh Panthers,North Carolina Wolfpack,betonline,Spread,North Carolina Wolfpack,-5.5,,-110,
2026-01-23 17:09:11,"Pittsburgh Panthers vs North Carolina Wolfpack, 2026-01-24, 12",Pittsburgh Panthers,North Carolina Wolfpack,betonline,Spread,Pittsburgh Panthers,5.5,,-110,
2026-01-23 17:09:11,"Pittsburgh Panthers vs North Carolina Wolfpack, 2026-01-24, 12",Pittsburgh Panthers,North Carolina Wolfpack,fanduel,Spread,North Carolina Wolfpack,-5.5,,-102,https://sportsbook.fanduel.ca/addToBetslip?marketId=801.152221516&selectionId=332650
2026-01-23 17:09:11,"Pittsburgh Panthers vs North Carolina Wolfpack, 2026-01-24, 12",Pittsburgh Panthers,North Carolina Wolfpack,fanduel,Spread,Pittsburgh Panthers,5.5,,-120,https://sportsbook.fanduel.ca/addToBetslip?marketId=801.152221516&selectionId=284246
2026-01-23 17:09:11,"Pittsburgh Panthers vs North Carolina Wolfpack, 2026-01-24, 12",Pittsburgh Panthers,North Carolina Wolfpack,draftkings,Spread,North Carolina Wolfpack,-5.5,,-105,https://sportsbook.draftkings.com/event/nc-state-%40-pittsburgh/33516436?outcomes=0HC83117136N550_3
2026-01-23 17:09:11,"Pittsburgh Panthers vs North Carolina Wolfpack, 2026-01-24, 12",Pittsburgh Panthers,North Carolina Wolfpack,draftkings,Spread,Pittsburgh Panthers,5.5,,-115,https://sportsbook.draftkings.com/event/nc-state-%40-pittsburgh/33516436?outcomes=0HC83117136P550_1
2026-01-23 17:09:11,"Pittsburgh Panthers vs North Carolina Wolfpack, 2026-01-24, 12",Pittsburgh Panthers,North Carolina Wolfpack,pinnacle,Total,,144.5,U,-104,
2026-01-23 17:09:11,"Pittsburgh Panthers vs North Carolina Wolfpack, 2026-01-24, 12",Pittsburgh Panthers,North Carolina Wolfpack,pinnacle,Total,,144.0,O,-133,
2026-01-23 17:09:11,"Pittsburgh Panthers vs North Carolina Wolfpack, 2026-01-24, 12",Pittsburgh Panthers,North Carolina Wolfpack,pinnacle,Total,,144.0,U,+102,
2026-01-23 17:09:11,"Pittsburgh Panthers vs North Carolina Wolfpack, 2026-01-24, 12",Pittsburgh Panthers,North Carolina Wolfpack,pinnacle,Total,,143.5,O,-140,
2026-01-23 17:09:11,"Pittsburgh Panthers vs North Carolina Wolfpack, 2026-01-24, 12",Pittsburgh Panthers,North Carolina Wolfpack,pinnacle,Total,,143.5,U,+107,
2026-01-23 17:09:11,"Pittsburgh Panthers vs North Carolina Wolfpack, 2026-01-24, 12",Pittsburgh Panthers,North Carolina Wolfpack,pinnacle,Total,,144.5,O,-126,
2026-01-23 17:09:11,"Pittsburgh Panthers vs North Carolina Wolfpack, 2026-01-24, 12",Pittsburgh Panthers,North Carolina Wolfpack,pinnacle,Total,,145.0,U,-110,
2026-01-23 17:09:11,"Pittsburgh Panthers vs North Carolina Wolfpack, 2026-01-24, 12",Pittsburgh Panthers,North Carolina Wolfpack,pinnacle,Total,,145.0,O,-119,
2026-01-23 17:09:11,"Pittsburgh Panthers vs North Carolina Wolfpack, 2026-01-24, 12",Pittsburgh Panthers,North Carolina Wolfpack,pinnacle,Total,,145.5,U,-114,
2026-01-23 17:09:11,"Pittsburgh Panthers vs North Carolina Wolfpack, 2026-01-24, 12",Pittsburgh Panthers,North Carolina Wolfpack,pinnacle,Total,,147.5,O,+110,
2026-01-23 17:09:11,"Pittsburgh Panthers vs North Carolina Wolfpack, 2026-01-24, 12",Pittsburgh Panthers,North Carolina Wolfpack,pinnacle,Total,,147.5,U,-144,
2026-01-23 17:09:11,"Pittsburgh Panthers vs North Carolina Wolfpack, 2026-01-24, 12",Pittsburgh Panthers,North Carolina Wolfpack,pinnacle,Total,,147.0,O,+105,
2026-01-23 17:09:11,"Pittsburgh Panthers vs North Carolina Wolfpack, 2026-01-24, 12",Pittsburgh Panthers,North Carolina Wolfpack,pinnacle,Total,,147.0,U,-137,
2026-01-23 17:09:11,"Pittsburgh Panthers vs North Carolina Wolfpack, 2026-01-24, 12",Pittsburgh Panthers,North Carolina Wolfpack,pinnacle,Total,,146.5,O,-100,
2026-01-23 17:09:11,"Pittsburgh Panthers vs North Carolina Wolfpack, 2026-01-24, 12",Pittsburgh Panthers,North Carolina Wolfpack,pinnacle,Total,,146.5,U,-130,
2026-01-23 17:09:11,"Pittsburgh Panthers vs North Carolina Wolfpack, 2026-01-24, 12",Pittsburgh Panthers,North Carolina Wolfpack,pinnacle,Total,,146.0,O,-106,
2026-01-23 17:09:11,"Pittsburgh Panthers vs North Carolina Wolfpack, 2026-01-24, 12",Pittsburgh Panthers,North Carolina Wolfpack,pinnacle,Total,,146.0,U,-123,
2026-01-23 17:09:11,"Pittsburgh Panthers vs North Carolina Wolfpack, 2026-01-24, 12",Pittsburgh Panthers,North Carolina Wolfpack,pinnacle,Total,,145.5,O,-110,
2026-01-23 17:09:11,"Pittsburgh Panthers vs North Carolina Wolfpack, 2026-01-24, 12",Pittsburgh Panthers,North Carolina Wolfpack,betonline,Total,,146.5,O,-110,
2026-01-23 17:09:11,"Pittsburgh Panthers vs North Carolina Wolfpack, 2026-01-24, 12",Pittsburgh Panthers,North Carolina Wolfpack,betonline,Total,,146.5,U,-110,
2026-01-23 17:09:11,"Pittsburgh Panthers vs North Carolina Wolfpack, 2026-01-24, 12",Pittsburgh Panthers,North Carolina Wolfpack,fanduel,Total,,145.5,O,-110,https://sportsbook.fanduel.ca/addToBetslip?marketId=801.152221515&selectionId=7017823
2026-01-23 17:09:11,"Pittsburgh Panthers vs North Carolina Wolfpack, 2026-01-24, 12",Pittsburgh Panthers,North Carolina Wolfpack,fanduel,Total,,145.5,U,-110,https://sportsbook.fanduel.ca/addToBetslip?marketId=801.152221515&selectionId=7017824
2026-01-23 17:09:11,"Pittsburgh Panthers vs North Carolina Wolfpack, 2026-01-24, 12",Pittsburgh Panthers,North Carolina Wolfpack,draftkings,Total,,145.5,O,-115,https://sportsbook.draftkings.com/event/nc-state-%40-pittsburgh/33516436?outcomes=0OU83117136O14550_1
2026-01-23 17:09:11,"Pittsburgh Panthers vs North Carolina Wolfpack, 2026-01-24, 12",Pittsburgh Panthers,North Carolina Wolfpack,draftkings,Total,,145.5,U,-105,https://sportsbook.draftkings.com/event/nc-state-%40-pittsburgh/33516436?outcomes=0OU83117136U14550_3
2026-01-23 17:09:11,"Providence Friars vs Georgetown Hoyas, 2026-01-24, 12",Providence Friars,Georgetown Hoyas,betonline,Spread,Providence Friars,-5.5,,-110,
2026-01-23 17:09:11,"Providence Friars vs Georgetown Hoyas, 2026-01-24, 12",Providence Friars,Georgetown Hoyas,betonline,Spread,Georgetown Hoyas,5.5,,-110,
2026-01-23 17:09:11,"Providence Friars vs Georgetown Hoyas, 2026-01-24, 12",Providence Friars,Georgetown Hoyas,fanduel,Spread,Georgetown Hoyas,5.5,,-102,https://sportsbook.fanduel.ca/addToBetslip?marketId=801.152222090&selectionId=701612
2026-01-23 17:09:11,"Providence Friars vs Georgetown Hoyas, 2026-01-24, 12",Providence Friars,Georgetown Hoyas,fanduel,Spread,Providence Friars,-5.5,,-120,https://sportsbook.fanduel.ca/addToBetslip?marketId=801.152222090&selectionId=701620
2026-01-23 17:09:11,"Providence Friars vs Georgetown Hoyas, 2026-01-24, 12",Providence Friars,Georgetown Hoyas,pinnacle,Spread,Providence Friars,-4.0,,-156,
2026-01-23 17:09:11,"Providence Friars vs Georgetown Hoyas, 2026-01-24, 12",Providence Friars,Georgetown Hoyas,pinnacle,Spread,Georgetown Hoyas,4.0,,+123,
2026-01-23 17:09:11,"Providence Friars vs Georgetown Hoyas, 2026-01-24, 12",Providence Friars,Georgetown Hoyas,pinnacle,Spread,Providence Friars,-4.5,,-146,
2026-01-23 17:09:11,"Providence Friars vs Georgetown Hoyas, 2026-01-24, 12",Providence Friars,Georgetown Hoyas,pinnacle,Spread,Georgetown Hoyas,4.5,,+115,
2026-01-23 17:09:11,"Providence Friars vs Georgetown Hoyas, 2026-01-24, 12",Providence Friars,Georgetown Hoyas,pinnacle,Spread,Providence Friars,-5.0,,-135,
2026-01-23 17:09:11,"Providence Friars vs Georgetown Hoyas, 2026-01-24, 12",Providence Friars,Georgetown Hoyas,pinnacle,Spread,Georgetown Hoyas,5.0,,+107,
2026-01-23 17:09:11,"Providence Friars vs Georgetown Hoyas, 2026-01-24, 12",Providence Friars,Georgetown Hoyas,pinnacle,Spread,Providence Friars,-5.5,,-125,
2026-01-23 17:09:11,"Providence Friars vs Georgetown Hoyas, 2026-01-24, 12",Providence Friars,Georgetown Hoyas,pinnacle,Spread,Georgetown Hoyas,5.5,,-101,
2026-01-23 17:09:11,"Providence Friars vs Georgetown Hoyas, 2026-01-24, 12",Providence Friars,Georgetown Hoyas,pinnacle,Spread,Providence Friars,-6.0,,-112,
2026-01-23 17:09:11,"Providence Friars vs Georgetown Hoyas, 2026-01-24, 12",Providence Friars,Georgetown Hoyas,pinnacle,Spread,Georgetown Hoyas,6.0,,-108,
2026-01-23 17:09:11,"Providence Friars vs Georgetown Hoyas, 2026-01-24, 12",Providence Friars,Georgetown Hoyas,pinnacle,Spread,Providence Friars,-6.5,,-105,
2026-01-23 17:09:11,"Providence Friars vs Georgetown Hoyas, 2026-01-24, 12",Providence Friars,Georgetown Hoyas,pinnacle,Spread,Georgetown Hoyas,6.5,,-120,
2026-01-23 17:09:11,"Providence Friars vs Georgetown Hoyas, 2026-01-24, 12",Providence Friars,Georgetown Hoyas,pinnacle,Spread,Providence Friars,-7.0,,+103,
2026-01-23 17:09:11,"Providence Friars vs Georgetown Hoyas, 2026-01-24, 12",Providence Friars,Georgetown Hoyas,pinnacle,Spread,Georgetown Hoyas,7.0,,-130,
2026-01-23 17:09:11,"Providence Friars vs Georgetown Hoyas, 2026-01-24, 12",Providence Friars,Georgetown Hoyas,pinnacle,Spread,Providence Friars,-7.5,,+111,
2026-01-23 17:09:11,"Providence Friars vs Georgetown Hoyas, 2026-01-24, 12",Providence Friars,Georgetown Hoyas,pinnacle,Spread,Georgetown Hoyas,7.5,,-140,
2026-01-23 17:09:11,"Providence Friars vs Georgetown Hoyas, 2026-01-24, 12",Providence Friars,Georgetown Hoyas,pinnacle,Spread,Providence Friars,-8.0,,+118,
2026-01-23 17:09:11,"Providence Friars vs Georgetown Hoyas, 2026-01-24, 12",Providence Friars,Georgetown Hoyas,pinnacle,Spread,Georgetown Hoyas,8.0,,-150,
2026-01-23 17:09:11,"Providence Friars vs Georgetown Hoyas, 2026-01-24, 12",Providence Friars,Georgetown Hoyas,draftkings,Spread,Georgetown Hoyas,6.5,,-110,https://sportsbook.draftkings.com/event/georgetown-%40-providence/33516440?outcomes=0HC83117140P650_3
2026-01-23 17:09:11,"Providence Friars vs Georgetown Hoyas, 2026-01-24, 12",Providence Friars,Georgetown Hoyas,draftkings,Spread,Providence Friars,-6.5,,-110,https://sportsbook.draftkings.com/event/georgetown-%40-providence/33516440?outcomes=0HC83117140N650_1
2026-01-23 17:09:11,"Providence Friars vs Georgetown Hoyas, 2026-01-24, 12",Providence Friars,Georgetown Hoyas,betonline,Total,,162.5,O,-110,
2026-01-23 17:09:11,"Providence Friars vs Georgetown Hoyas, 2026-01-24, 12",Providence Friars,Georgetown Hoyas,betonline,Total,,162.5,U,-110,
2026-01-23 17:09:11,"Providence Friars vs Georgetown Hoyas, 2026-01-24, 12",Providence Friars,Georgetown Hoyas,fanduel,Total,,161.5,O,-110,https://sportsbook.fanduel.ca/addToBetslip?marketId=801.152222089&selectionId=7017823
2026-01-23 17:09:11,"Providence Friars vs Georgetown Hoyas, 2026-01-24, 12",Providence Friars,Georgetown Hoyas,fanduel,Total,,161.5,U,-110,https://sportsbook.fanduel.ca/addToBetslip?marketId=801.152222089&selectionId=7017824
2026-01-23 17:09:11,"Providence Friars vs Georgetown Hoyas, 2026-01-24, 12",Providence Friars,Georgetown Hoyas,pinnacle,Total,,160.0,O,-133,
2026-01-23 17:09:11,"Providence Friars vs Georgetown Hoyas, 2026-01-24, 12",Providence Friars,Georgetown Hoyas,pinnacle,Total,,160.0,U,+102,
2026-01-23 17:09:11,"Providence Friars vs Georgetown Hoyas, 2026-01-24, 12",Providence Friars,Georgetown Hoyas,pinnacle,Total,,159.5,O,-140,
2026-01-23 17:09:11,"Providence Friars vs Georgetown Hoyas, 2026-01-24, 12",Providence Friars,Georgetown Hoyas,pinnacle,Total,,159.5,U,+107,
2026-01-23 17:09:11,"Providence Friars vs Georgetown Hoyas, 2026-01-24, 12",Providence Friars,Georgetown Hoyas,pinnacle,Total,,160.5,U,-104,
2026-01-23 17:09:11,"Providence Friars vs Georgetown Hoyas, 2026-01-24, 12",Providence Friars,Georgetown Hoyas,pinnacle,Total,,160.5,O,-126,
2026-01-23 17:09:11,"Providence Friars vs Georgetown Hoyas, 2026-01-24, 12",Providence Friars,Georgetown Hoyas,pinnacle,Total,,161.0,U,-110,
2026-01-23 17:09:11,"Providence Friars vs Georgetown Hoyas, 2026-01-24, 12",Providence Friars,Georgetown Hoyas,pinnacle,Total,,161.0,O,-119,
2026-01-23 17:09:11,"Providence Friars vs Georgetown Hoyas, 2026-01-24, 12",Providence Friars,Georgetown Hoyas,pinnacle,Total,,163.5,O,+110,
2026-01-23 17:09:11,"Providence Friars vs Georgetown Hoyas, 2026-01-24, 12",Providence Friars,Georgetown Hoyas,pinnacle,Total,,163.5,U,-144,
2026-01-23 17:09:11,"Providence Friars vs Georgetown Hoyas, 2026-01-24, 12",Providence Friars,Georgetown Hoyas,pinnacle,Total,,163.0,O,+105,
2026-01-23 17:09:11,"Providence Friars vs Georgetown Hoyas, 2026-01-24, 12",Providence Friars,Georgetown Hoyas,pinnacle,Total,,163.0,U,-137,
2026-01-23 17:09:11,"Providence Friars vs Georgetown Hoyas, 2026-01-24, 12",Providence Friars,Georgetown Hoyas,pinnacle,Total,,162.5,O,-100,
2026-01-23 17:09:11,"Providence Friars vs Georgetown Hoyas, 2026-01-24, 12",Providence Friars,Georgetown Hoyas,pinnacle,Total,,162.5,U,-130,
2026-01-23 17:09:11,"Providence Friars vs Georgetown Hoyas, 2026-01-24, 12",Providence Friars,Georgetown Hoyas,pinnacle,Total,,162.0,O,-106,
2026-01-23 17:09:11,"Providence Friars vs Georgetown Hoyas, 2026-01-24, 12",Providence Friars,Georgetown Hoyas,pinnacle,Total,,162.0,U,-123,
2026-01-23 17:09:11,"Providence Friars vs Georgetown Hoyas, 2026-01-24, 12",Providence Friars,Georgetown Hoyas,pinnacle,Total,,161.5,O,-110,
2026-01-23 17:09:11,"Providence Friars vs Georgetown Hoyas, 2026-01-24, 12",Providence Friars,Georgetown Hoyas,pinnacle,Total,,161.5,U,-114,
2026-01-23 17:09:11,"Providence Friars vs Georgetown Hoyas, 2026-01-24, 12",Providence Friars,Georgetown Hoyas,draftkings,Total,,162.5,O,-110,https://sportsbook.draftkings.com/event/georgetown-%40-providence/33516440?outcomes=0OU83117140O16250_1
2026-01-23 17:09:11,"Providence Friars vs Georgetown Hoyas, 2026-01-24, 12",Providence Friars,Georgetown Hoyas,draftkings,Total,,162.5,U,-110,https://sportsbook.draftkings.com/event/georgetown-%40-providence/33516440?outcomes=0OU83117140U16250_3
2026-01-23 17:09:11,"Purdue Boilermakers vs Southern Illinois Fighting Illini, 2026-01-24, 03",Purdue Boilermakers,Southern Illinois Fighting Illini,fanduel,Spread,Purdue Boilermakers,-4.5,,-112,https://sportsbook.fanduel.ca/addToBetslip?marketId=801.152221142&selectionId=697628
2026-01-23 17:09:11,"Purdue Boilermakers vs Southern Illinois Fighting Illini, 2026-01-24, 03",Purdue Boilermakers,Southern Illinois Fighting Illini,fanduel,Spread,Southern Illinois Fighting Illini,4.5,,-108,https://sportsbook.fanduel.ca/addToBetslip?marketId=801.152221142&selectionId=29836
2026-01-23 17:09:11,"Purdue Boilermakers vs Southern Illinois Fighting Illini, 2026-01-24, 03",Purdue Boilermakers,Southern Illinois Fighting Illini,pinnacle,Spread,Purdue Boilermakers,-4.5,,-116,
2026-01-23 17:09:11,"Purdue Boilermakers vs Southern Illinois Fighting Illini, 2026-01-24, 03",Purdue Boilermakers,Southern Illinois Fighting Illini,pinnacle,Spread,Southern Illinois Fighting Illini,4.5,,-104,
2026-01-23 17:09:11,"Purdue Boilermakers vs Southern Illinois Fighting Illini, 2026-01-24, 03",Purdue Boilermakers,Southern Illinois Fighting Illini,pinnacle,Spread,Purdue Boilermakers,-5.0,,-108,
2026-01-23 17:09:11,"Purdue Boilermakers vs Southern Illinois Fighting Illini, 2026-01-24, 03",Purdue Boilermakers,Southern Illinois Fighting Illini,pinnacle,Spread,Southern Illinois Fighting Illini,5.0,,-116,
2026-01-23 17:09:11,"Purdue Boilermakers vs Southern Illinois Fighting Illini, 2026-01-24, 03",Purdue Boilermakers,Southern Illinois Fighting Illini,pinnacle,Spread,Purdue Boilermakers,-5.5,,-100,
2026-01-23 17:09:11,"Purdue Boilermakers vs Southern Illinois Fighting Illini, 2026-01-24, 03",Purdue Boilermakers,Southern Illinois Fighting Illini,pinnacle,Spread,Southern Illinois Fighting Illini,5.5,,-125,
2026-01-23 17:09:11,"Purdue Boilermakers vs Southern Illinois Fighting Illini, 2026-01-24, 03",Purdue Boilermakers,Southern Illinois Fighting Illini,pinnacle,Spread,Purdue Boilermakers,-6.0,,+107,
2026-01-23 17:09:11,"Purdue Boilermakers vs Southern Illinois Fighting Illini, 2026-01-24, 03",Purdue Boilermakers,Southern Illinois Fighting Illini,pinnacle,Spread,Southern Illinois Fighting Illini,6.0,,-135,
2026-01-23 17:09:11,"Purdue Boilermakers vs Southern Illinois Fighting Illini, 2026-01-24, 03",Purdue Boilermakers,Southern Illinois Fighting Illini,pinnacle,Spread,Purdue Boilermakers,-6.5,,+114,
2026-01-23 17:09:11,"Purdue Boilermakers vs Southern Illinois Fighting Illini, 2026-01-24, 03",Purdue Boilermakers,Southern Illinois Fighting Illini,pinnacle,Spread,Southern Illinois Fighting Illini,6.5,,-145,
2026-01-23 17:09:11,"Purdue Boilermakers vs Southern Illinois Fighting Illini, 2026-01-24, 03",Purdue Boilermakers,Southern Illinois Fighting Illini,pinnacle,Spread,Southern Illinois Fighting Illini,4.0,,+103,
2026-01-23 17:09:11,"Purdue Boilermakers vs Southern Illinois Fighting Illini, 2026-01-24, 03",Purdue Boilermakers,Southern Illinois Fighting Illini,pinnacle,Spread,Purdue Boilermakers,-4.0,,-129,
2026-01-23 17:09:11,"Purdue Boilermakers vs Southern Illinois Fighting Illini, 2026-01-24, 03",Purdue Boilermakers,Southern Illinois Fighting Illini,pinnacle,Spread,Southern Illinois Fighting Illini,3.5,,+111,
2026-01-23 17:09:11,"Purdue Boilermakers vs Southern Illinois Fighting Illini, 2026-01-24, 03",Purdue Boilermakers,Southern Illinois Fighting Illini,pinnacle,Spread,Purdue Boilermakers,-3.5,,-140,
2026-01-23 17:09:11,"Purdue Boilermakers vs Southern Illinois Fighting Illini, 2026-01-24, 03",Purdue Boilermakers,Southern Illinois Fighting Illini,pinnacle,Spread,Purdue Boilermakers,-2.5,,-162,
2026-01-23 17:09:11,"Purdue Boilermakers vs Southern Illinois Fighting Illini, 2026-01-24, 03",Purdue Boilermakers,Southern Illinois Fighting Illini,pinnacle,Spread,Southern Illinois Fighting Illini,2.5,,+127,
2026-01-23 17:09:11,"Purdue Boilermakers vs Southern Illinois Fighting Illini, 2026-01-24, 03",Purdue Boilermakers,Southern Illinois Fighting Illini,pinnacle,Spread,Purdue Boilermakers,-3.0,,-151,
2026-01-23 17:09:11,"Purdue Boilermakers vs Southern Illinois Fighting Illini, 2026-01-24, 03",Purdue Boilermakers,Southern Illinois Fighting Illini,pinnacle,Spread,Southern Illinois Fighting Illini,3.0,,+119,
2026-01-23 17:09:11,"Purdue Boilermakers vs Southern Illinois Fighting Illini, 2026-01-24, 03",Purdue Boilermakers,Southern Illinois Fighting Illini,draftkings,Spread,Southern Illinois Fighting Illini,4.5,,-110,https://sportsbook.draftkings.com/event/illinois-%40-purdue/33510331?outcomes=0HC83102756P450_3
2026-01-23 17:09:11,"Purdue Boilermakers vs Southern Illinois Fighting Illini, 2026-01-24, 03",Purdue Boilermakers,Southern Illinois Fighting Illini,draftkings,Spread,Purdue Boilermakers,-4.5,,-110,https://sportsbook.draftkings.com/event/illinois-%40-purdue/33510331?outcomes=0HC83102756N450_1
2026-01-23 17:09:11,"Purdue Boilermakers vs Southern Illinois Fighting Illini, 2026-01-24, 03",Purdue Boilermakers,Southern Illinois Fighting Illini,fanduel,Total,,152.5,O,-110,https://sportsbook.fanduel.ca/addToBetslip?marketId=801.152221143&selectionId=7017823
2026-01-23 17:09:11,"Purdue Boilermakers vs Southern Illinois Fighting Illini, 2026-01-24, 03",Purdue Boilermakers,Southern Illinois Fighting Illini,fanduel,Total,,152.5,U,-110,https://sportsbook.fanduel.ca/addToBetslip?marketId=801.152221143&selectionId=7017824
2026-01-23 17:09:11,"Purdue Boilermakers vs Southern Illinois Fighting Illini, 2026-01-24, 03",Purdue Boilermakers,Southern Illinois Fighting Illini,pinnacle,Total,,151.0,U,+104,
2026-01-23 17:09:11,"Purdue Boilermakers vs Southern Illinois Fighting Illini, 2026-01-24, 03",Purdue Boilermakers,Southern Illinois Fighting Illini,pinnacle,Total,,150.5,O,-142,
2026-01-23 17:09:11,"Purdue Boilermakers vs Southern Illinois Fighting Illini, 2026-01-24, 03",Purdue Boilermakers,Southern Illinois Fighting Illini,pinnacle,Total,,150.5,U,+109,
2026-01-23 17:09:11,"Purdue Boilermakers vs Southern Illinois Fighting Illini, 2026-01-24, 03",Purdue Boilermakers,Southern Illinois Fighting Illini,pinnacle,Total,,151.0,O,-136,
2026-01-23 17:09:11,"Purdue Boilermakers vs Southern Illinois Fighting Illini, 2026-01-24, 03",Purdue Boilermakers,Southern Illinois Fighting Illini,pinnacle,Total,,151.5,U,-102,
2026-01-23 17:09:11,"Purdue Boilermakers vs Southern Illinois Fighting Illini, 2026-01-24, 03",Purdue Boilermakers,Southern Illinois Fighting Illini,pinnacle,Total,,152.0,U,-107,
2026-01-23 17:09:11,"Purdue Boilermakers vs Southern Illinois Fighting Illini, 2026-01-24, 03",Purdue Boilermakers,Southern Illinois Fighting Illini,pinnacle,Total,,154.5,O,+108,
2026-01-23 17:09:11,"Purdue Boilermakers vs Southern Illinois Fighting Illini, 2026-01-24, 03",Purdue Boilermakers,Southern Illinois Fighting Illini,pinnacle,Total,,154.5,U,-141,
2026-01-23 17:09:11,"Purdue Boilermakers vs Southern Illinois Fighting Illini, 2026-01-24, 03",Purdue Boilermakers,Southern Illinois Fighting Illini,pinnacle,Total,,154.0,O,+103,
2026-01-23 17:09:11,"Purdue Boilermakers vs Southern Illinois Fighting Illini, 2026-01-24, 03",Purdue Boilermakers,Southern Illinois Fighting Illini,pinnacle,Total,,154.0,U,-135,
2026-01-23 17:09:11,"Purdue Boilermakers vs Southern Illinois Fighting Illini, 2026-01-24, 03",Purdue Boilermakers,Southern Illinois Fighting Illini,pinnacle,Total,,153.5,O,-102,
2026-01-23 17:09:11,"Purdue Boilermakers vs Southern Illinois Fighting Illini, 2026-01-24, 03",Purdue Boilermakers,Southern Illinois Fighting Illini,pinnacle,Total,,153.5,U,-127,
2026-01-23 17:09:11,"Purdue Boilermakers vs Southern Illinois Fighting Illini, 2026-01-24, 03",Purdue Boilermakers,Southern Illinois Fighting Illini,pinnacle,Total,,153.0,O,-108,
2026-01-23 17:09:11,"Purdue Boilermakers vs Southern Illinois Fighting Illini, 2026-01-24, 03",Purdue Boilermakers,Southern Illinois Fighting Illini,pinnacle,Total,,153.0,U,-120,
2026-01-23 17:09:11,"Purdue Boilermakers vs Southern Illinois Fighting Illini, 2026-01-24, 03",Purdue Boilermakers,Southern Illinois Fighting Illini,pinnacle,Total,,152.5,O,-112,
2026-01-23 17:09:11,"Purdue Boilermakers vs Southern Illinois Fighting Illini, 2026-01-24, 03",Purdue Boilermakers,Southern Illinois Fighting Illini,pinnacle,Total,,152.5,U,-112,
2026-01-23 17:09:11,"Purdue Boilermakers vs Southern Illinois Fighting Illini, 2026-01-24, 03",Purdue Boilermakers,Southern Illinois Fighting Illini,pinnacle,Total,,152.0,O,-121,
2026-01-23 17:09:11,"Purdue Boilermakers vs Southern Illinois Fighting Illini, 2026-01-24, 03",Purdue Boilermakers,Southern Illinois Fighting Illini,pinnacle,Total,,151.5,O,-128,
2026-01-23 17:09:11,"Purdue Boilermakers vs Southern Illinois Fighting Illini, 2026-01-24, 03",Purdue Boilermakers,Southern Illinois Fighting Illini,draftkings,Total,,150.5,O,-112,https://sportsbook.draftkings.com/event/illinois-%40-purdue/33510331?outcomes=0OU83102756O15050_1
2026-01-23 17:09:11,"Purdue Boilermakers vs Southern Illinois Fighting Illini, 2026-01-24, 03",Purdue Boilermakers,Southern Illinois Fighting Illini,draftkings,Total,,150.5,U,-108,https://sportsbook.draftkings.com/event/illinois-%40-purdue/33510331?outcomes=0OU83102756U15050_3
2026-01-23 17:09:11,"Radford Highlanders vs High Point Panthers, 2026-01-23, 07",Radford Highlanders,High Point Panthers,pinnacle,Spread,High Point Panthers,-9.5,,+114,
2026-01-23 17:09:11,"Radford Highlanders vs High Point Panthers, 2026-01-23, 07",Radford Highlanders,High Point Panthers,pinnacle,Spread,Radford Highlanders,9.0,,-134,
2026-01-23 17:09:11,"Radford Highlanders vs High Point Panthers, 2026-01-23, 07",Radford Highlanders,High Point Panthers,pinnacle,Spread,High Point Panthers,-9.0,,+106,
2026-01-23 17:09:11,"Radford Highlanders vs High Point Panthers, 2026-01-23, 07",Radford Highlanders,High Point Panthers,pinnacle,Spread,Radford Highlanders,8.5,,-123,
2026-01-23 17:09:11,"Radford Highlanders vs High Point Panthers, 2026-01-23, 07",Radford Highlanders,High Point Panthers,pinnacle,Spread,High Point Panthers,-8.5,,-102,
2026-01-23 17:09:11,"Radford Highlanders vs High Point Panthers, 2026-01-23, 07",Radford Highlanders,High Point Panthers,pinnacle,Spread,Radford Highlanders,8.0,,-111,
2026-01-23 17:09:11,"Radford Highlanders vs High Point Panthers, 2026-01-23, 07",Radford Highlanders,High Point Panthers,pinnacle,Spread,High Point Panthers,-8.0,,-109,
2026-01-23 17:09:11,"Radford Highlanders vs High Point Panthers, 2026-01-23, 07",Radford Highlanders,High Point Panthers,pinnacle,Spread,Radford Highlanders,7.5,,-104,
2026-01-23 17:09:11,"Radford Highlanders vs High Point Panthers, 2026-01-23, 07",Radford Highlanders,High Point Panthers,pinnacle,Spread,High Point Panthers,-7.5,,-121,
2026-01-23 17:09:11,"Radford Highlanders vs High Point Panthers, 2026-01-23, 07",Radford Highlanders,High Point Panthers,pinnacle,Spread,Radford Highlanders,7.0,,+104,
2026-01-23 17:09:11,"Radford Highlanders vs High Point Panthers, 2026-01-23, 07",Radford Highlanders,High Point Panthers,pinnacle,Spread,High Point Panthers,-7.0,,-131,
2026-01-23 17:09:11,"Radford Highlanders vs High Point Panthers, 2026-01-23, 07",Radford Highlanders,High Point Panthers,pinnacle,Spread,Radford Highlanders,6.5,,+112,
2026-01-23 17:09:11,"Radford Highlanders vs High Point Panthers, 2026-01-23, 07",Radford Highlanders,High Point Panthers,pinnacle,Spread,High Point Panthers,-6.5,,-141,
2026-01-23 17:09:11,"Radford Highlanders vs High Point Panthers, 2026-01-23, 07",Radford Highlanders,High Point Panthers,pinnacle,Spread,Radford Highlanders,6.0,,+119,
2026-01-23 17:09:11,"Radford Highlanders vs High Point Panthers, 2026-01-23, 07",Radford Highlanders,High Point Panthers,pinnacle,Spread,High Point Panthers,-6.0,,-151,
2026-01-23 17:09:11,"Radford Highlanders vs High Point Panthers, 2026-01-23, 07",Radford Highlanders,High Point Panthers,pinnacle,Spread,Radford Highlanders,9.5,,-144,
2026-01-23 17:09:11,"Radford Highlanders vs High Point Panthers, 2026-01-23, 07",Radford Highlanders,High Point Panthers,pinnacle,Spread,High Point Panthers,-10.0,,+122,
2026-01-23 17:09:11,"Radford Highlanders vs High Point Panthers, 2026-01-23, 07",Radford Highlanders,High Point Panthers,pinnacle,Spread,Radford Highlanders,10.0,,-155,
2026-01-23 17:09:11,"Radford Highlanders vs High Point Panthers, 2026-01-23, 07",Radford Highlanders,High Point Panthers,betonline,Spread,High Point Panthers,-8.0,,-110,
2026-01-23 17:09:11,"Radford Highlanders vs High Point Panthers, 2026-01-23, 07",Radford Highlanders,High Point Panthers,betonline,Spread,Radford Highlanders,8.0,,-110,
2026-01-23 17:09:11,"Radford Highlanders vs High Point Panthers, 2026-01-23, 07",Radford Highlanders,High Point Panthers,draftkings,Spread,High Point Panthers,-7.5,,-115,https://sportsbook.draftkings.com/event/high-point-%40-radford/33513152?outcomes=0HC83109933N750_3
2026-01-23 17:09:11,"Radford Highlanders vs High Point Panthers, 2026-01-23, 07",Radford Highlanders,High Point Panthers,draftkings,Spread,Radford Highlanders,7.5,,-105,https://sportsbook.draftkings.com/event/high-point-%40-radford/33513152?outcomes=0HC83109933P750_1
2026-01-23 17:09:11,"Radford Highlanders vs High Point Panthers, 2026-01-23, 07",Radford Highlanders,High Point Panthers,pinnacle,Total,,163.5,O,-121,
2026-01-23 17:09:11,"Radford Highlanders vs High Point Panthers, 2026-01-23, 07",Radford Highlanders,High Point Panthers,pinnacle,Total,,163.5,U,-107,
2026-01-23 17:09:11,"Radford Highlanders vs High Point Panthers, 2026-01-23, 07",Radford Highlanders,High Point Panthers,pinnacle,Total,,163.0,O,-127,
2026-01-23 17:09:11,"Radford Highlanders vs High Point Panthers, 2026-01-23, 07",Radford Highlanders,High Point Panthers,pinnacle,Total,,163.0,U,-103,
2026-01-23 17:09:11,"Radford Highlanders vs High Point Panthers, 2026-01-23, 07",Radford Highlanders,High Point Panthers,pinnacle,Total,,162.5,O,-133,
2026-01-23 17:09:11,"Radford Highlanders vs High Point Panthers, 2026-01-23, 07",Radford Highlanders,High Point Panthers,pinnacle,Total,,162.5,U,+102,
2026-01-23 17:09:11,"Radford Highlanders vs High Point Panthers, 2026-01-23, 07",Radford Highlanders,High Point Panthers,pinnacle,Total,,162.0,O,-139,
2026-01-23 17:09:11,"Radford Highlanders vs High Point Panthers, 2026-01-23, 07",Radford Highlanders,High Point Panthers,pinnacle,Total,,162.0,U,+106,
2026-01-23 17:09:11,"Radford Highlanders vs High Point Panthers, 2026-01-23, 07",Radford Highlanders,High Point Panthers,pinnacle,Total,,164.0,U,-111,
2026-01-23 17:09:11,"Radford Highlanders vs High Point Panthers, 2026-01-23, 07",Radford Highlanders,High Point Panthers,pinnacle,Total,,164.0,O,-113,
2026-01-23 17:09:11,"Radford Highlanders vs High Point Panthers, 2026-01-23, 07",Radford Highlanders,High Point Panthers,pinnacle,Total,,164.5,O,-110,
2026-01-23 17:09:11,"Radford Highlanders vs High Point Panthers, 2026-01-23, 07",Radford Highlanders,High Point Panthers,pinnacle,Total,,166.0,O,+107,
2026-01-23 17:09:11,"Radford Highlanders vs High Point Panthers, 2026-01-23, 07",Radford Highlanders,High Point Panthers,pinnacle,Total,,166.0,U,-140,
2026-01-23 17:09:11,"Radford Highlanders vs High Point Panthers, 2026-01-23, 07",Radford Highlanders,High Point Panthers,pinnacle,Total,,165.5,O,+102,
2026-01-23 17:09:11,"Radford Highlanders vs High Point Panthers, 2026-01-23, 07",Radford Highlanders,High Point Panthers,pinnacle,Total,,165.5,U,-132,
2026-01-23 17:09:11,"Radford Highlanders vs High Point Panthers, 2026-01-23, 07",Radford Highlanders,High Point Panthers,pinnacle,Total,,165.0,O,-104,
2026-01-23 17:09:11,"Radford Highlanders vs High Point Panthers, 2026-01-23, 07",Radford Highlanders,High Point Panthers,pinnacle,Total,,165.0,U,-126,
2026-01-23 17:09:11,"Radford Highlanders vs High Point Panthers, 2026-01-23, 07",Radford Highlanders,High Point Panthers,pinnacle,Total,,164.5,U,-119,
2026-01-23 17:09:11,"Radford Highlanders vs High Point Panthers, 2026-01-23, 07",Radford Highlanders,High Point Panthers,betonline,Total,,165.5,U,-115,
2026-01-23 17:09:11,"Radford Highlanders vs High Point Panthers, 2026-01-23, 07",Radford Highlanders,High Point Panthers,betonline,Total,,165.5,O,-105,
2026-01-23 17:09:11,"Radford Highlanders vs High Point Panthers, 2026-01-23, 07",Radford Highlanders,High Point Panthers,draftkings,Total,,165.5,O,-108,https://sportsbook.draftkings.com/event/high-point-%40-radford/33513152?outcomes=0OU83109933O16550_1
2026-01-23 17:09:11,"Radford Highlanders vs High Point Panthers, 2026-01-23, 07",Radford Highlanders,High Point Panthers,draftkings,Total,,165.5,U,-112,https://sportsbook.draftkings.com/event/high-point-%40-radford/33513152?outcomes=0OU83109933U16550_3
2026-01-23 17:09:11,"Rutgers Scarlet Knights vs Indiana Hoosiers, 2026-01-23, 06",Rutgers Scarlet Knights,Indiana Hoosiers,fanduel,Spread,Rutgers Scarlet Knights,3.5,,+154,https://sportsbook.fanduel.ca/addToBetslip?marketId=801.154156134&selectionId=715475
2026-01-23 17:09:11,"Rutgers Scarlet Knights vs Indiana Hoosiers, 2026-01-23, 06",Rutgers Scarlet Knights,Indiana Hoosiers,fanduel,Spread,Indiana Hoosiers,-0.5,,-350,https://sportsbook.fanduel.ca/addToBetslip?marketId=801.154156155&selectionId=13116
2026-01-23 17:09:11,"Rutgers Scarlet Knights vs Indiana Hoosiers, 2026-01-23, 06",Rutgers Scarlet Knights,Indiana Hoosiers,fanduel,Spread,Rutgers Scarlet Knights,0.5,,+255,https://sportsbook.fanduel.ca/addToBetslip?marketId=801.154156155&selectionId=715475
2026-01-23 17:09:11,"Rutgers Scarlet Knights vs Indiana Hoosiers, 2026-01-23, 06",Rutgers Scarlet Knights,Indiana Hoosiers,fanduel,Spread,Indiana Hoosiers,-3.5,,-200,https://sportsbook.fanduel.ca/addToBetslip?marketId=801.154156134&selectionId=13116
2026-01-23 17:09:11,"Rutgers Scarlet Knights vs Indiana Hoosiers, 2026-01-23, 06",Rutgers Scarlet Knights,Indiana Hoosiers,fanduel,Spread,Rutgers Scarlet Knights,15.5,,-430,https://sportsbook.fanduel.ca/addToBetslip?marketId=801.154156127&selectionId=715475
2026-01-23 17:09:11,"Rutgers Scarlet Knights vs Indiana Hoosiers, 2026-01-23, 06",Rutgers Scarlet Knights,Indiana Hoosiers,fanduel,Spread,Indiana Hoosiers,-15.5,,+300,https://sportsbook.fanduel.ca/addToBetslip?marketId=801.154156127&selectionId=13116
2026-01-23 17:09:11,"Rutgers Scarlet Knights vs Indiana Hoosiers, 2026-01-23, 06",Rutgers Scarlet Knights,Indiana Hoosiers,fanduel,Spread,Indiana Hoosiers,-7.5,,-105,https://sportsbook.fanduel.ca/addToBetslip?marketId=801.151482365&selectionId=13116
2026-01-23 17:09:11,"Rutgers Scarlet Knights vs Indiana Hoosiers, 2026-01-23, 06",Rutgers Scarlet Knights,Indiana Hoosiers,fanduel,Spread,Rutgers Scarlet Knights,7.5,,-115,https://sportsbook.fanduel.ca/addToBetslip?marketId=801.151482365&selectionId=715475
2026-01-23 17:09:11,"Rutgers Scarlet Knights vs Indiana Hoosiers, 2026-01-23, 06",Rutgers Scarlet Knights,Indiana Hoosiers,fanduel,Spread,Indiana Hoosiers,-12.5,,+210,https://sportsbook.fanduel.ca/addToBetslip?marketId=801.154156147&selectionId=13116
2026-01-23 17:09:11,"Rutgers Scarlet Knights vs Indiana Hoosiers, 2026-01-23, 06",Rutgers Scarlet Knights,Indiana Hoosiers,fanduel,Spread,Rutgers Scarlet Knights,12.5,,-280,https://sportsbook.fanduel.ca/addToBetslip?marketId=801.154156147&selectionId=715475
2026-01-23 17:09:11,"Rutgers Scarlet Knights vs Indiana Hoosiers, 2026-01-23, 06",Rutgers Scarlet Knights,Indiana Hoosiers,fanduel,Spread,Indiana Hoosiers,2.5,,-480,https://sportsbook.fanduel.ca/addToBetslip?marketId=801.154156145&selectionId=13116
2026-01-23 17:09:11,"Rutgers Scarlet Knights vs Indiana Hoosiers, 2026-01-23, 06",Rutgers Scarlet Knights,Indiana Hoosiers,fanduel,Spread,Rutgers Scarlet Knights,-2.5,,+330,https://sportsbook.fanduel.ca/addToBetslip?marketId=801.154156145&selectionId=715475
2026-01-23 17:09:11,"Rutgers Scarlet Knights vs Indiana Hoosiers, 2026-01-23, 06",Rutgers Scarlet Knights,Indiana Hoosiers,fanduel,Spread,Indiana Hoosiers,-9.5,,+136,https://sportsbook.fanduel.ca/addToBetslip?marketId=801.154156094&selectionId=13116
2026-01-23 17:09:11,"Rutgers Scarlet Knights vs Indiana Hoosiers, 2026-01-23, 06",Rutgers Scarlet Knights,Indiana Hoosiers,fanduel,Spread,Rutgers Scarlet Knights,9.5,,-174,https://sportsbook.fanduel.ca/addToBetslip?marketId=801.154156094&selectionId=715475
2026-01-23 17:09:11,"Rutgers Scarlet Knights vs Indiana Hoosiers, 2026-01-23, 06",Rutgers Scarlet Knights,Indiana Hoosiers,betonline,Spread,Indiana Hoosiers,-7.5,,-110,
2026-01-23 17:09:11,"Rutgers Scarlet Knights vs Indiana Hoosiers, 2026-01-23, 06",Rutgers Scarlet Knights,Indiana Hoosiers,betonline,Spread,Rutgers Scarlet Knights,7.5,,-110,
2026-01-23 17:09:11,"Rutgers Scarlet Knights vs Indiana Hoosiers, 2026-01-23, 06",Rutgers Scarlet Knights,Indiana Hoosiers,draftkings,Spread,Rutgers Scarlet Knights,6.5,,-105,https://sportsbook.draftkings.com/event/indiana-%40-rutgers/33510244?outcomes=0HC83106952P650_1
2026-01-23 17:09:11,"Rutgers Scarlet Knights vs Indiana Hoosiers, 2026-01-23, 06",Rutgers Scarlet Knights,Indiana Hoosiers,draftkings,Spread,Indiana Hoosiers,-5.5,,-152,https://sportsbook.draftkings.com/event/indiana-%40-rutgers/33510244?outcomes=0HC83106952N550_3
2026-01-23 17:09:11,"Rutgers Scarlet Knights vs Indiana Hoosiers, 2026-01-23, 06",Rutgers Scarlet Knights,Indiana Hoosiers,draftkings,Spread,Rutgers Scarlet Knights,5.5,,+112,https://sportsbook.draftkings.com/event/indiana-%40-rutgers/33510244?outcomes=0HC83106952P550_1
2026-01-23 17:09:11,"Rutgers Scarlet Knights vs Indiana Hoosiers, 2026-01-23, 06",Rutgers Scarlet Knights,Indiana Hoosiers,draftkings,Spread,Indiana Hoosiers,-4.5,,-175,https://sportsbook.draftkings.com/event/indiana-%40-rutgers/33510244?outcomes=0HC83106952N450_3
2026-01-23 17:09:11,"Rutgers Scarlet Knights vs Indiana Hoosiers, 2026-01-23, 06",Rutgers Scarlet Knights,Indiana Hoosiers,draftkings,Spread,Rutgers Scarlet Knights,4.5,,+127,https://sportsbook.draftkings.com/event/indiana-%40-rutgers/33510244?outcomes=0HC83106952P450_1
2026-01-23 17:09:11,"Rutgers Scarlet Knights vs Indiana Hoosiers, 2026-01-23, 06",Rutgers Scarlet Knights,Indiana Hoosiers,draftkings,Spread,Indiana Hoosiers,-3.5,,-199,https://sportsbook.draftkings.com/event/indiana-%40-rutgers/33510244?outcomes=0HC83106952N350_3
2026-01-23 17:09:11,"Rutgers Scarlet Knights vs Indiana Hoosiers, 2026-01-23, 06",Rutgers Scarlet Knights,Indiana Hoosiers,draftkings,Spread,Rutgers Scarlet Knights,3.5,,+144,https://sportsbook.draftkings.com/event/indiana-%40-rutgers/33510244?outcomes=0HC83106952P350_1
2026-01-23 17:09:11,"Rutgers Scarlet Knights vs Indiana Hoosiers, 2026-01-23, 06",Rutgers Scarlet Knights,Indiana Hoosiers,draftkings,Spread,Indiana Hoosiers,-2.5,,-239,https://sportsbook.draftkings.com/event/indiana-%40-rutgers/33510244?outcomes=0HC83106952N250_3
2026-01-23 17:09:11,"Rutgers Scarlet Knights vs Indiana Hoosiers, 2026-01-23, 06",Rutgers Scarlet Knights,Indiana Hoosiers,draftkings,Spread,Rutgers Scarlet Knights,2.5,,+170,https://sportsbook.draftkings.com/event/indiana-%40-rutgers/33510244?outcomes=0HC83106952P250_1
2026-01-23 17:09:11,"Rutgers Scarlet Knights vs Indiana Hoosiers, 2026-01-23, 06",Rutgers Scarlet Knights,Indiana Hoosiers,draftkings,Spread,Indiana Hoosiers,-1.5,,-298,https://sportsbook.draftkings.com/event/indiana-%40-rutgers/33510244?outcomes=0HC83106952N150_3
2026-01-23 17:09:11,"Rutgers Scarlet Knights vs Indiana Hoosiers, 2026-01-23, 06",Rutgers Scarlet Knights,Indiana Hoosiers,draftkings,Spread,Rutgers Scarlet Knights,1.5,,+206,https://sportsbook.draftkings.com/event/indiana-%40-rutgers/33510244?outcomes=0HC83106952P150_1
2026-01-23 17:09:11,"Rutgers Scarlet Knights vs Indiana Hoosiers, 2026-01-23, 06",Rutgers Scarlet Knights,Indiana Hoosiers,draftkings,Spread,Indiana Hoosiers,1.5,,-426,https://sportsbook.draftkings.com/event/indiana-%40-rutgers/33510244?outcomes=0HC83106952P150_3
2026-01-23 17:09:11,"Rutgers Scarlet Knights vs Indiana Hoosiers, 2026-01-23, 06",Rutgers Scarlet Knights,Indiana Hoosiers,draftkings,Spread,Rutgers Scarlet Knights,-1.5,,+276,https://sportsbook.draftkings.com/event/indiana-%40-rutgers/33510244?outcomes=0HC83106952N150_1
2026-01-23 17:09:11,"Rutgers Scarlet Knights vs Indiana Hoosiers, 2026-01-23, 06",Rutgers Scarlet Knights,Indiana Hoosiers,draftkings,Spread,Indiana Hoosiers,2.5,,-508,https://sportsbook.draftkings.com/event/indiana-%40-rutgers/33510244?outcomes=0HC83106952P250_3
2026-01-23 17:09:11,"Rutgers Scarlet Knights vs Indiana Hoosiers, 2026-01-23, 06",Rutgers Scarlet Knights,Indiana Hoosiers,draftkings,Spread,Rutgers Scarlet Knights,-2.5,,+317,https://sportsbook.draftkings.com/event/indiana-%40-rutgers/33510244?outcomes=0HC83106952N250_1
2026-01-23 17:09:11,"Rutgers Scarlet Knights vs Indiana Hoosiers, 2026-01-23, 06",Rutgers Scarlet Knights,Indiana Hoosiers,draftkings,Spread,Indiana Hoosiers,3.5,,-610,https://sportsbook.draftkings.com/event/indiana-%40-rutgers/33510244?outcomes=0HC83106952P350_3
2026-01-23 17:09:11,"Rutgers Scarlet Knights vs Indiana Hoosiers, 2026-01-23, 06",Rutgers Scarlet Knights,Indiana Hoosiers,draftkings,Spread,Rutgers Scarlet Knights,-3.5,,+361,https://sportsbook.draftkings.com/event/indiana-%40-rutgers/33510244?outcomes=0HC83106952N350_1
2026-01-23 17:09:11,"Rutgers Scarlet Knights vs Indiana Hoosiers, 2026-01-23, 06",Rutgers Scarlet Knights,Indiana Hoosiers,draftkings,Spread,Indiana Hoosiers,4.5,,-720,https://sportsbook.draftkings.com/event/indiana-%40-rutgers/33510244?outcomes=0HC83106952P450_3
2026-01-23 17:09:11,"Rutgers Scarlet Knights vs Indiana Hoosiers, 2026-01-23, 06",Rutgers Scarlet Knights,Indiana Hoosiers,draftkings,Spread,Rutgers Scarlet Knights,-4.5,,+404,https://sportsbook.draftkings.com/event/indiana-%40-rutgers/33510244?outcomes=0HC83106952N450_1
2026-01-23 17:09:11,"Rutgers Scarlet Knights vs Indiana Hoosiers, 2026-01-23, 06",Rutgers Scarlet Knights,Indiana Hoosiers,draftkings,Spread,Indiana Hoosiers,5.5,,-830,https://sportsbook.draftkings.com/event/indiana-%40-rutgers/33510244?outcomes=0HC83106952P550_3
2026-01-23 17:09:11,"Rutgers Scarlet Knights vs Indiana Hoosiers, 2026-01-23, 06",Rutgers Scarlet Knights,Indiana Hoosiers,draftkings,Spread,Rutgers Scarlet Knights,-5.5,,+447,https://sportsbook.draftkings.com/event/indiana-%40-rutgers/33510244?outcomes=0HC83106952N550_1
2026-01-23 17:09:11,"Rutgers Scarlet Knights vs Indiana Hoosiers, 2026-01-23, 06",Rutgers Scarlet Knights,Indiana Hoosiers,draftkings,Spread,Indiana Hoosiers,-6.5,,-130,https://sportsbook.draftkings.com/event/indiana-%40-rutgers/33510244?outcomes=0HC83106952N650_3
2026-01-23 17:09:11,"Rutgers Scarlet Knights vs Indiana Hoosiers, 2026-01-23, 06",Rutgers Scarlet Knights,Indiana Hoosiers,draftkings,Spread,Indiana Hoosiers,6.5,,-1020,https://sportsbook.draftkings.com/event/indiana-%40-rutgers/33510244?outcomes=0HC83106952P650_3
2026-01-23 17:09:11,"Rutgers Scarlet Knights vs Indiana Hoosiers, 2026-01-23, 06",Rutgers Scarlet Knights,Indiana Hoosiers,draftkings,Spread,Rutgers Scarlet Knights,8.5,,-134,https://sportsbook.draftkings.com/event/indiana-%40-rutgers/33510244?outcomes=0HC83106952P850_1
2026-01-23 17:09:11,"Rutgers Scarlet Knights vs Indiana Hoosiers, 2026-01-23, 06",Rutgers Scarlet Knights,Indiana Hoosiers,draftkings,Spread,Rutgers Scarlet Knights,9.5,,-156,https://sportsbook.draftkings.com/event/indiana-%40-rutgers/33510244?outcomes=0HC83106952P950_1
2026-01-23 17:09:11,"Rutgers Scarlet Knights vs Indiana Hoosiers, 2026-01-23, 06",Rutgers Scarlet Knights,Indiana Hoosiers,draftkings,Spread,Indiana Hoosiers,-19.5,,+499,https://sportsbook.draftkings.com/event/indiana-%40-rutgers/33510244?outcomes=0HC83106952N1950_3
2026-01-23 17:09:11,"Rutgers Scarlet Knights vs Indiana Hoosiers, 2026-01-23, 06",Rutgers Scarlet Knights,Indiana Hoosiers,draftkings,Spread,Rutgers Scarlet Knights,19.5,,-990,https://sportsbook.draftkings.com/event/indiana-%40-rutgers/33510244?outcomes=0HC83106952P1950_1
2026-01-23 17:09:11,"Rutgers Scarlet Knights vs Indiana Hoosiers, 2026-01-23, 06",Rutgers Scarlet Knights,Indiana Hoosiers,draftkings,Spread,Indiana Hoosiers,-18.5,,+433,https://sportsbook.draftkings.com/event/indiana-%40-rutgers/33510244?outcomes=0HC83106952N1850_3
2026-01-23 17:09:11,"Rutgers Scarlet Knights vs Indiana Hoosiers, 2026-01-23, 06",Rutgers Scarlet Knights,Indiana Hoosiers,draftkings,Spread,Rutgers Scarlet Knights,18.5,,-790,https://sportsbook.draftkings.com/event/indiana-%40-rutgers/33510244?outcomes=0HC83106952P1850_1
2026-01-23 17:09:11,"Rutgers Scarlet Knights vs Indiana Hoosiers, 2026-01-23, 06",Rutgers Scarlet Knights,Indiana Hoosiers,draftkings,Spread,Indiana Hoosiers,-17.5,,+387,https://sportsbook.draftkings.com/event/indiana-%40-rutgers/33510244?outcomes=0HC83106952N1750_3
2026-01-23 17:09:11,"Rutgers Scarlet Knights vs Indiana Hoosiers, 2026-01-23, 06",Rutgers Scarlet Knights,Indiana Hoosiers,draftkings,Spread,Rutgers Scarlet Knights,17.5,,-670,https://sportsbook.draftkings.com/event/indiana-%40-rutgers/33510244?outcomes=0HC83106952P1750_1
2026-01-23 17:09:11,"Rutgers Scarlet Knights vs Indiana Hoosiers, 2026-01-23, 06",Rutgers Scarlet Knights,Indiana Hoosiers,draftkings,Spread,Indiana Hoosiers,-16.5,,+331,https://sportsbook.draftkings.com/event/indiana-%40-rutgers/33510244?outcomes=0HC83106952N1650_3
2026-01-23 17:09:11,"Rutgers Scarlet Knights vs Indiana Hoosiers, 2026-01-23, 06",Rutgers Scarlet Knights,Indiana Hoosiers,draftkings,Spread,Rutgers Scarlet Knights,16.5,,-539,https://sportsbook.draftkings.com/event/indiana-%40-rutgers/33510244?outcomes=0HC83106952P1650_1
2026-01-23 17:09:11,"Rutgers Scarlet Knights vs Indiana Hoosiers, 2026-01-23, 06",Rutgers Scarlet Knights,Indiana Hoosiers,draftkings,Spread,Indiana Hoosiers,-15.5,,+284,https://sportsbook.draftkings.com/event/indiana-%40-rutgers/33510244?outcomes=0HC83106952N1550_3
2026-01-23 17:09:11,"Rutgers Scarlet Knights vs Indiana Hoosiers, 2026-01-23, 06",Rutgers Scarlet Knights,Indiana Hoosiers,draftkings,Spread,Rutgers Scarlet Knights,15.5,,-440,https://sportsbook.draftkings.com/event/indiana-%40-rutgers/33510244?outcomes=0HC83106952P1550_1
2026-01-23 17:09:11,"Rutgers Scarlet Knights vs Indiana Hoosiers, 2026-01-23, 06",Rutgers Scarlet Knights,Indiana Hoosiers,draftkings,Spread,Indiana Hoosiers,-14.5,,+242,https://sportsbook.draftkings.com/event/indiana-%40-rutgers/33510244?outcomes=0HC83106952N1450_3
2026-01-23 17:09:11,"Rutgers Scarlet Knights vs Indiana Hoosiers, 2026-01-23, 06",Rutgers Scarlet Knights,Indiana Hoosiers,draftkings,Spread,Rutgers Scarlet Knights,14.5,,-362,https://sportsbook.draftkings.com/event/indiana-%40-rutgers/33510244?outcomes=0HC83106952P1450_1
2026-01-23 17:09:11,"Rutgers Scarlet Knights vs Indiana Hoosiers, 2026-01-23, 06",Rutgers Scarlet Knights,Indiana Hoosiers,draftkings,Spread,Indiana Hoosiers,-13.5,,+205,https://sportsbook.draftkings.com/event/indiana-%40-rutgers/33510244?outcomes=0HC83106952N1350_3
2026-01-23 17:09:11,"Rutgers Scarlet Knights vs Indiana Hoosiers, 2026-01-23, 06",Rutgers Scarlet Knights,Indiana Hoosiers,draftkings,Spread,Rutgers Scarlet Knights,13.5,,-297,https://sportsbook.draftkings.com/event/indiana-%40-rutgers/33510244?outcomes=0HC83106952P1350_1
2026-01-23 17:09:11,"Rutgers Scarlet Knights vs Indiana Hoosiers, 2026-01-23, 06",Rutgers Scarlet Knights,Indiana Hoosiers,draftkings,Spread,Indiana Hoosiers,-12.5,,+177,https://sportsbook.draftkings.com/event/indiana-%40-rutgers/33510244?outcomes=0HC83106952N1250_3
2026-01-23 17:09:11,"Rutgers Scarlet Knights vs Indiana Hoosiers, 2026-01-23, 06",Rutgers Scarlet Knights,Indiana Hoosiers,draftkings,Spread,Rutgers Scarlet Knights,12.5,,-251,https://sportsbook.draftkings.com/event/indiana-%40-rutgers/33510244?outcomes=0HC83106952P1250_1
2026-01-23 17:09:11,"Rutgers Scarlet Knights vs Indiana Hoosiers, 2026-01-23, 06",Rutgers Scarlet Knights,Indiana Hoosiers,draftkings,Spread,Indiana Hoosiers,-11.5,,+154,https://sportsbook.draftkings.com/event/indiana-%40-rutgers/33510244?outcomes=0HC83106952N1150_3
2026-01-23 17:09:11,"Rutgers Scarlet Knights vs Indiana Hoosiers, 2026-01-23, 06",Rutgers Scarlet Knights,Indiana Hoosiers,draftkings,Spread,Rutgers Scarlet Knights,11.5,,-215,https://sportsbook.draftkings.com/event/indiana-%40-rutgers/33510244?outcomes=0HC83106952P1150_1
2026-01-23 17:09:11,"Rutgers Scarlet Knights vs Indiana Hoosiers, 2026-01-23, 06",Rutgers Scarlet Knights,Indiana Hoosiers,draftkings,Spread,Indiana Hoosiers,-10.5,,+133,https://sportsbook.draftkings.com/event/indiana-%40-rutgers/33510244?outcomes=0HC83106952N1050_3
2026-01-23 17:09:11,"Rutgers Scarlet Knights vs Indiana Hoosiers, 2026-01-23, 06",Rutgers Scarlet Knights,Indiana Hoosiers,draftkings,Spread,Rutgers Scarlet Knights,10.5,,-184,https://sportsbook.draftkings.com/event/indiana-%40-rutgers/33510244?outcomes=0HC83106952P1050_1
2026-01-23 17:09:11,"Rutgers Scarlet Knights vs Indiana Hoosiers, 2026-01-23, 06",Rutgers Scarlet Knights,Indiana Hoosiers,draftkings,Spread,Indiana Hoosiers,-9.5,,+114,https://sportsbook.draftkings.com/event/indiana-%40-rutgers/33510244?outcomes=0HC83106952N950_3
2026-01-23 17:09:11,"Rutgers Scarlet Knights vs Indiana Hoosiers, 2026-01-23, 06",Rutgers Scarlet Knights,Indiana Hoosiers,draftkings,Spread,Indiana Hoosiers,-8.5,,-102,https://sportsbook.draftkings.com/event/indiana-%40-rutgers/33510244?outcomes=0HC83106952N850_3
2026-01-23 17:09:11,"Rutgers Scarlet Knights vs Indiana Hoosiers, 2026-01-23, 06",Rutgers Scarlet Knights,Indiana Hoosiers,draftkings,Spread,Rutgers Scarlet Knights,-6.5,,+504,https://sportsbook.draftkings.com/event/indiana-%40-rutgers/33510244?outcomes=0HC83106952N650_1
2026-01-23 17:09:11,"Rutgers Scarlet Knights vs Indiana Hoosiers, 2026-01-23, 06",Rutgers Scarlet Knights,Indiana Hoosiers,draftkings,Spread,Rutgers Scarlet Knights,7.5,,-110,https://sportsbook.draftkings.com/event/indiana-%40-rutgers/33510244?outcomes=0HC83102589P750_1
2026-01-23 17:09:11,"Rutgers Scarlet Knights vs Indiana Hoosiers, 2026-01-23, 06",Rutgers Scarlet Knights,Indiana Hoosiers,draftkings,Spread,Indiana Hoosiers,-7.5,,-110,https://sportsbook.draftkings.com/event/indiana-%40-rutgers/33510244?outcomes=0HC83102589N750_3
2026-01-23 17:09:11,"Rutgers Scarlet Knights vs Indiana Hoosiers, 2026-01-23, 06",Rutgers Scarlet Knights,Indiana Hoosiers,pinnacle,Spread,Indiana Hoosiers,-5.0,,-164,
2026-01-23 17:09:11,"Rutgers Scarlet Knights vs Indiana Hoosiers, 2026-01-23, 06",Rutgers Scarlet Knights,Indiana Hoosiers,pinnacle,Spread,Rutgers Scarlet Knights,9.0,,-138,
2026-01-23 17:09:11,"Rutgers Scarlet Knights vs Indiana Hoosiers, 2026-01-23, 06",Rutgers Scarlet Knights,Indiana Hoosiers,pinnacle,Spread,Indiana Hoosiers,-9.0,,+114,
2026-01-23 17:09:11,"Rutgers Scarlet Knights vs Indiana Hoosiers, 2026-01-23, 06",Rutgers Scarlet Knights,Indiana Hoosiers,pinnacle,Spread,Rutgers Scarlet Knights,8.5,,-129,
2026-01-23 17:09:11,"Rutgers Scarlet Knights vs Indiana Hoosiers, 2026-01-23, 06",Rutgers Scarlet Knights,Indiana Hoosiers,pinnacle,Spread,Indiana Hoosiers,-8.5,,+106,
2026-01-23 17:09:11,"Rutgers Scarlet Knights vs Indiana Hoosiers, 2026-01-23, 06",Rutgers Scarlet Knights,Indiana Hoosiers,pinnacle,Spread,Rutgers Scarlet Knights,8.0,,-120,
2026-01-23 17:09:11,"Rutgers Scarlet Knights vs Indiana Hoosiers, 2026-01-23, 06",Rutgers Scarlet Knights,Indiana Hoosiers,pinnacle,Spread,Indiana Hoosiers,-8.0,,-101,
2026-01-23 17:09:11,"Rutgers Scarlet Knights vs Indiana Hoosiers, 2026-01-23, 06",Rutgers Scarlet Knights,Indiana Hoosiers,pinnacle,Spread,Indiana Hoosiers,-7.5,,-109,
2026-01-23 17:09:11,"Rutgers Scarlet Knights vs Indiana Hoosiers, 2026-01-23, 06",Rutgers Scarlet Knights,Indiana Hoosiers,pinnacle,Spread,Rutgers Scarlet Knights,7.0,,+100,
2026-01-23 17:09:11,"Rutgers Scarlet Knights vs Indiana Hoosiers, 2026-01-23, 06",Rutgers Scarlet Knights,Indiana Hoosiers,pinnacle,Spread,Indiana Hoosiers,-7.0,,-117,
2026-01-23 17:09:11,"Rutgers Scarlet Knights vs Indiana Hoosiers, 2026-01-23, 06",Rutgers Scarlet Knights,Indiana Hoosiers,pinnacle,Spread,Rutgers Scarlet Knights,6.5,,+107,
2026-01-23 17:09:11,"Rutgers Scarlet Knights vs Indiana Hoosiers, 2026-01-23, 06",Rutgers Scarlet Knights,Indiana Hoosiers,pinnacle,Spread,Indiana Hoosiers,-6.5,,-130,
2026-01-23 17:09:11,"Rutgers Scarlet Knights vs Indiana Hoosiers, 2026-01-23, 06",Rutgers Scarlet Knights,Indiana Hoosiers,pinnacle,Spread,Rutgers Scarlet Knights,6.0,,+116,
2026-01-23 17:09:11,"Rutgers Scarlet Knights vs Indiana Hoosiers, 2026-01-23, 06",Rutgers Scarlet Knights,Indiana Hoosiers,pinnacle,Spread,Indiana Hoosiers,-6.0,,-141,
2026-01-23 17:09:11,"Rutgers Scarlet Knights vs Indiana Hoosiers, 2026-01-23, 06",Rutgers Scarlet Knights,Indiana Hoosiers,pinnacle,Spread,Rutgers Scarlet Knights,5.5,,+125,
2026-01-23 17:09:11,"Rutgers Scarlet Knights vs Indiana Hoosiers, 2026-01-23, 06",Rutgers Scarlet Knights,Indiana Hoosiers,pinnacle,Spread,Indiana Hoosiers,-5.5,,-152,
2026-01-23 17:09:11,"Rutgers Scarlet Knights vs Indiana Hoosiers, 2026-01-23, 06",Rutgers Scarlet Knights,Indiana Hoosiers,pinnacle,Spread,Rutgers Scarlet Knights,5.0,,+133,
2026-01-23 17:09:11,"Rutgers Scarlet Knights vs Indiana Hoosiers, 2026-01-23, 06",Rutgers Scarlet Knights,Indiana Hoosiers,pinnacle,Spread,Rutgers Scarlet Knights,7.5,,-111,
2026-01-23 17:09:11,"Rutgers Scarlet Knights vs Indiana Hoosiers, 2026-01-23, 06",Rutgers Scarlet Knights,Indiana Hoosiers,fanduel,Total,,145.5,U,+116,https://sportsbook.fanduel.ca/addToBetslip?marketId=801.154156131&selectionId=7017824
2026-01-23 17:09:11,"Rutgers Scarlet Knights vs Indiana Hoosiers, 2026-01-23, 06",Rutgers Scarlet Knights,Indiana Hoosiers,fanduel,Total,,147.5,O,-115,https://sportsbook.fanduel.ca/addToBetslip?marketId=801.151482364&selectionId=7017823
2026-01-23 17:09:11,"Rutgers Scarlet Knights vs Indiana Hoosiers, 2026-01-23, 06",Rutgers Scarlet Knights,Indiana Hoosiers,fanduel,Total,,147.5,U,-105,https://sportsbook.fanduel.ca/addToBetslip?marketId=801.151482364&selectionId=7017824
2026-01-23 17:09:11,"Rutgers Scarlet Knights vs Indiana Hoosiers, 2026-01-23, 06",Rutgers Scarlet Knights,Indiana Hoosiers,fanduel,Total,,151.5,O,+125,https://sportsbook.fanduel.ca/addToBetslip?marketId=801.154156141&selectionId=7017823
2026-01-23 17:09:11,"Rutgers Scarlet Knights vs Indiana Hoosiers, 2026-01-23, 06",Rutgers Scarlet Knights,Indiana Hoosiers,fanduel,Total,,151.5,U,-164,https://sportsbook.fanduel.ca/addToBetslip?marketId=801.154156141&selectionId=7017824
2026-01-23 17:09:11,"Rutgers Scarlet Knights vs Indiana Hoosiers, 2026-01-23, 06",Rutgers Scarlet Knights,Indiana Hoosiers,fanduel,Total,,154.5,O,+168,https://sportsbook.fanduel.ca/addToBetslip?marketId=801.154156158&selectionId=7017823
2026-01-23 17:09:11,"Rutgers Scarlet Knights vs Indiana Hoosiers, 2026-01-23, 06",Rutgers Scarlet Knights,Indiana Hoosiers,fanduel,Total,,154.5,U,-225,https://sportsbook.fanduel.ca/addToBetslip?marketId=801.154156158&selectionId=7017824
2026-01-23 17:09:11,"Rutgers Scarlet Knights vs Indiana Hoosiers, 2026-01-23, 06",Rutgers Scarlet Knights,Indiana Hoosiers,fanduel,Total,,139.5,U,+220,https://sportsbook.fanduel.ca/addToBetslip?marketId=801.154156089&selectionId=7017824
2026-01-23 17:09:11,"Rutgers Scarlet Knights vs Indiana Hoosiers, 2026-01-23, 06",Rutgers Scarlet Knights,Indiana Hoosiers,fanduel,Total,,157.5,O,+230,https://sportsbook.fanduel.ca/addToBetslip?marketId=801.154156129&selectionId=7017823
2026-01-23 17:09:11,"Rutgers Scarlet Knights vs Indiana Hoosiers, 2026-01-23, 06",Rutgers Scarlet Knights,Indiana Hoosiers,fanduel,Total,,157.5,U,-320,https://sportsbook.fanduel.ca/addToBetslip?marketId=801.154156129&selectionId=7017824
2026-01-23 17:09:11,"Rutgers Scarlet Knights vs Indiana Hoosiers, 2026-01-23, 06",Rutgers Scarlet Knights,Indiana Hoosiers,fanduel,Total,,142.5,O,-215,https://sportsbook.fanduel.ca/addToBetslip?marketId=801.154156161&selectionId=7017823
2026-01-23 17:09:11,"Rutgers Scarlet Knights vs Indiana Hoosiers, 2026-01-23, 06",Rutgers Scarlet Knights,Indiana Hoosiers,fanduel,Total,,142.5,U,+162,https://sportsbook.fanduel.ca/addToBetslip?marketId=801.154156161&selectionId=7017824
2026-01-23 17:09:11,"Rutgers Scarlet Knights vs Indiana Hoosiers, 2026-01-23, 06",Rutgers Scarlet Knights,Indiana Hoosiers,fanduel,Total,,145.5,O,-152,https://sportsbook.fanduel.ca/addToBetslip?marketId=801.154156131&selectionId=7017823
2026-01-23 17:09:11,"Rutgers Scarlet Knights vs Indiana Hoosiers, 2026-01-23, 06",Rutgers Scarlet Knights,Indiana Hoosiers,fanduel,Total,,139.5,O,-305,https://sportsbook.fanduel.ca/addToBetslip?marketId=801.154156089&selectionId=7017823
2026-01-23 17:09:11,"Rutgers Scarlet Knights vs Indiana Hoosiers, 2026-01-23, 06",Rutgers Scarlet Knights,Indiana Hoosiers,betonline,Total,,147.0,O,-110,
2026-01-23 17:09:11,"Rutgers Scarlet Knights vs Indiana Hoosiers, 2026-01-23, 06",Rutgers Scarlet Knights,Indiana Hoosiers,betonline,Total,,147.0,U,-110,
2026-01-23 17:09:11,"Rutgers Scarlet Knights vs Indiana Hoosiers, 2026-01-23, 06",Rutgers Scarlet Knights,Indiana Hoosiers,draftkings,Total,,147.5,O,-105,https://sportsbook.draftkings.com/event/indiana-%40-rutgers/33510244?outcomes=0OU83102589O14750_1
2026-01-23 17:09:11,"Rutgers Scarlet Knights vs Indiana Hoosiers, 2026-01-23, 06",Rutgers Scarlet Knights,Indiana Hoosiers,draftkings,Total,,147.5,U,-115,https://sportsbook.draftkings.com/event/indiana-%40-rutgers/33510244?outcomes=0OU83102589U14750_3
2026-01-23 17:09:11,"Rutgers Scarlet Knights vs Indiana Hoosiers, 2026-01-23, 06",Rutgers Scarlet Knights,Indiana Hoosiers,draftkings,Total,,149.5,O,+114,https://sportsbook.draftkings.com/event/indiana-%40-rutgers/33510244?outcomes=0OU83106952O14950_1
2026-01-23 17:09:11,"Rutgers Scarlet Knights vs Indiana Hoosiers, 2026-01-23, 06",Rutgers Scarlet Knights,Indiana Hoosiers,draftkings,Total,,149.5,U,-145,https://sportsbook.draftkings.com/event/indiana-%40-rutgers/33510244?outcomes=0OU83106952U14950_3
2026-01-23 17:09:11,"Rutgers Scarlet Knights vs Indiana Hoosiers, 2026-01-23, 06",Rutgers Scarlet Knights,Indiana Hoosiers,draftkings,Total,,150.5,O,+124,https://sportsbook.draftkings.com/event/indiana-%40-rutgers/33510244?outcomes=0OU83106952O15050_1
2026-01-23 17:09:11,"Rutgers Scarlet Knights vs Indiana Hoosiers, 2026-01-23, 06",Rutgers Scarlet Knights,Indiana Hoosiers,draftkings,Total,,150.5,U,-160,https://sportsbook.draftkings.com/event/indiana-%40-rutgers/33510244?outcomes=0OU83106952U15050_3
2026-01-23 17:09:11,"Rutgers Scarlet Knights vs Indiana Hoosiers, 2026-01-23, 06",Rutgers Scarlet Knights,Indiana Hoosiers,draftkings,Total,,151.5,O,+140,https://sportsbook.draftkings.com/event/indiana-%40-rutgers/33510244?outcomes=0OU83106952O15150_1
2026-01-23 17:09:11,"Rutgers Scarlet Knights vs Indiana Hoosiers, 2026-01-23, 06",Rutgers Scarlet Knights,Indiana Hoosiers,draftkings,Total,,151.5,U,-180,https://sportsbook.draftkings.com/event/indiana-%40-rutgers/33510244?outcomes=0OU83106952U15150_3
2026-01-23 17:09:11,"Rutgers Scarlet Knights vs Indiana Hoosiers, 2026-01-23, 06",Rutgers Scarlet Knights,Indiana Hoosiers,draftkings,Total,,152.5,O,+150,https://sportsbook.draftkings.com/event/indiana-%40-rutgers/33510244?outcomes=0OU83106952O15250_1
2026-01-23 17:09:11,"Rutgers Scarlet Knights vs Indiana Hoosiers, 2026-01-23, 06",Rutgers Scarlet Knights,Indiana Hoosiers,draftkings,Total,,152.5,U,-195,https://sportsbook.draftkings.com/event/indiana-%40-rutgers/33510244?outcomes=0OU83106952U15250_3
2026-01-23 17:09:11,"Rutgers Scarlet Knights vs Indiana Hoosiers, 2026-01-23, 06",Rutgers Scarlet Knights,Indiana Hoosiers,draftkings,Total,,153.5,O,+165,https://sportsbook.draftkings.com/event/indiana-%40-rutgers/33510244?outcomes=0OU83106952O15350_1
2026-01-23 17:09:11,"Rutgers Scarlet Knights vs Indiana Hoosiers, 2026-01-23, 06",Rutgers Scarlet Knights,Indiana Hoosiers,draftkings,Total,,153.5,U,-215,https://sportsbook.draftkings.com/event/indiana-%40-rutgers/33510244?outcomes=0OU83106952U15350_3
2026-01-23 17:09:11,"Rutgers Scarlet Knights vs Indiana Hoosiers, 2026-01-23, 06",Rutgers Scarlet Knights,Indiana Hoosiers,draftkings,Total,,154.5,O,+180,https://sportsbook.draftkings.com/event/indiana-%40-rutgers/33510244?outcomes=0OU83106952O15450_1
2026-01-23 17:09:11,"Rutgers Scarlet Knights vs Indiana Hoosiers, 2026-01-23, 06",Rutgers Scarlet Knights,Indiana Hoosiers,draftkings,Total,,154.5,U,-238,https://sportsbook.draftkings.com/event/indiana-%40-rutgers/33510244?outcomes=0OU83106952U15450_3
2026-01-23 17:09:11,"Rutgers Scarlet Knights vs Indiana Hoosiers, 2026-01-23, 06",Rutgers Scarlet Knights,Indiana Hoosiers,draftkings,Total,,155.5,O,+200,https://sportsbook.draftkings.com/event/indiana-%40-rutgers/33510244?outcomes=0OU83106952O15550_1
2026-01-23 17:09:11,"Rutgers Scarlet Knights vs Indiana Hoosiers, 2026-01-23, 06",Rutgers Scarlet Knights,Indiana Hoosiers,draftkings,Total,,155.5,U,-270,https://sportsbook.draftkings.com/event/indiana-%40-rutgers/33510244?outcomes=0OU83106952U15550_3
2026-01-23 17:09:11,"Rutgers Scarlet Knights vs Indiana Hoosiers, 2026-01-23, 06",Rutgers Scarlet Knights,Indiana Hoosiers,draftkings,Total,,156.5,O,+230,https://sportsbook.draftkings.com/event/indiana-%40-rutgers/33510244?outcomes=0OU83106952O15650_1
2026-01-23 17:09:11,"Rutgers Scarlet Knights vs Indiana Hoosiers, 2026-01-23, 06",Rutgers Scarlet Knights,Indiana Hoosiers,draftkings,Total,,156.5,U,-315,https://sportsbook.draftkings.com/event/indiana-%40-rutgers/33510244?outcomes=0OU83106952U15650_3
2026-01-23 17:09:11,"Rutgers Scarlet Knights vs Indiana Hoosiers, 2026-01-23, 06",Rutgers Scarlet Knights,Indiana Hoosiers,draftkings,Total,,157.5,O,+250,https://sportsbook.draftkings.com/event/indiana-%40-rutgers/33510244?outcomes=0OU83106952O15750_1
2026-01-23 17:09:11,"Rutgers Scarlet Knights vs Indiana Hoosiers, 2026-01-23, 06",Rutgers Scarlet Knights,Indiana Hoosiers,draftkings,Total,,157.5,U,-345,https://sportsbook.draftkings.com/event/indiana-%40-rutgers/33510244?outcomes=0OU83106952U15750_3
2026-01-23 17:09:11,"Rutgers Scarlet Knights vs Indiana Hoosiers, 2026-01-23, 06",Rutgers Scarlet Knights,Indiana Hoosiers,draftkings,Total,,158.5,O,+270,https://sportsbook.draftkings.com/event/indiana-%40-rutgers/33510244?outcomes=0OU83106952O15850_1
2026-01-23 17:09:11,"Rutgers Scarlet Knights vs Indiana Hoosiers, 2026-01-23, 06",Rutgers Scarlet Knights,Indiana Hoosiers,draftkings,Total,,158.5,U,-375,https://sportsbook.draftkings.com/event/indiana-%40-rutgers/33510244?outcomes=0OU83106952U15850_3
2026-01-23 17:09:11,"Rutgers Scarlet Knights vs Indiana Hoosiers, 2026-01-23, 06",Rutgers Scarlet Knights,Indiana Hoosiers,draftkings,Total,,159.5,O,+300,https://sportsbook.draftkings.com/event/indiana-%40-rutgers/33510244?outcomes=0OU83106952O15950_1
2026-01-23 17:09:11,"Rutgers Scarlet Knights vs Indiana Hoosiers, 2026-01-23, 06",Rutgers Scarlet Knights,Indiana Hoosiers,draftkings,Total,,148.5,U,-135,https://sportsbook.draftkings.com/event/indiana-%40-rutgers/33510244?outcomes=0OU83106952U14850_3
2026-01-23 17:09:11,"Rutgers Scarlet Knights vs Indiana Hoosiers, 2026-01-23, 06",Rutgers Scarlet Knights,Indiana Hoosiers,draftkings,Total,,148.5,O,+105,https://sportsbook.draftkings.com/event/indiana-%40-rutgers/33510244?outcomes=0OU83106952O14850_1
2026-01-23 17:09:11,"Rutgers Scarlet Knights vs Indiana Hoosiers, 2026-01-23, 06",Rutgers Scarlet Knights,Indiana Hoosiers,draftkings,Total,,146.5,U,-110,https://sportsbook.draftkings.com/event/indiana-%40-rutgers/33510244?outcomes=0OU83106952U14650_3
2026-01-23 17:09:11,"Rutgers Scarlet Knights vs Indiana Hoosiers, 2026-01-23, 06",Rutgers Scarlet Knights,Indiana Hoosiers,draftkings,Total,,146.5,O,-120,https://sportsbook.draftkings.com/event/indiana-%40-rutgers/33510244?outcomes=0OU83106952O14650_1
2026-01-23 17:09:11,"Rutgers Scarlet Knights vs Indiana Hoosiers, 2026-01-23, 06",Rutgers Scarlet Knights,Indiana Hoosiers,draftkings,Total,,135.5,O,-410,https://sportsbook.draftkings.com/event/indiana-%40-rutgers/33510244?outcomes=0OU83106952O13550_1
2026-01-23 17:09:11,"Rutgers Scarlet Knights vs Indiana Hoosiers, 2026-01-23, 06",Rutgers Scarlet Knights,Indiana Hoosiers,draftkings,Total,,135.5,U,+290,https://sportsbook.draftkings.com/event/indiana-%40-rutgers/33510244?outcomes=0OU83106952U13550_3
2026-01-23 17:09:11,"Rutgers Scarlet Knights vs Indiana Hoosiers, 2026-01-23, 06",Rutgers Scarlet Knights,Indiana Hoosiers,draftkings,Total,,136.5,O,-375,https://sportsbook.draftkings.com/event/indiana-%40-rutgers/33510244?outcomes=0OU83106952O13650_1
2026-01-23 17:09:11,"Rutgers Scarlet Knights vs Indiana Hoosiers, 2026-01-23, 06",Rutgers Scarlet Knights,Indiana Hoosiers,draftkings,Total,,136.5,U,+270,https://sportsbook.draftkings.com/event/indiana-%40-rutgers/33510244?outcomes=0OU83106952U13650_3
2026-01-23 17:09:11,"Rutgers Scarlet Knights vs Indiana Hoosiers, 2026-01-23, 06",Rutgers Scarlet Knights,Indiana Hoosiers,draftkings,Total,,137.5,O,-330,https://sportsbook.draftkings.com/event/indiana-%40-rutgers/33510244?outcomes=0OU83106952O13750_1
2026-01-23 17:09:11,"Rutgers Scarlet Knights vs Indiana Hoosiers, 2026-01-23, 06",Rutgers Scarlet Knights,Indiana Hoosiers,draftkings,Total,,137.5,U,+240,https://sportsbook.draftkings.com/event/indiana-%40-rutgers/33510244?outcomes=0OU83106952U13750_3
2026-01-23 17:09:11,"Rutgers Scarlet Knights vs Indiana Hoosiers, 2026-01-23, 06",Rutgers Scarlet Knights,Indiana Hoosiers,draftkings,Total,,138.5,O,-298,https://sportsbook.draftkings.com/event/indiana-%40-rutgers/33510244?outcomes=0OU83106952O13850_1
2026-01-23 17:09:11,"Rutgers Scarlet Knights vs Indiana Hoosiers, 2026-01-23, 06",Rutgers Scarlet Knights,Indiana Hoosiers,draftkings,Total,,138.5,U,+220,https://sportsbook.draftkings.com/event/indiana-%40-rutgers/33510244?outcomes=0OU83106952U13850_3
2026-01-23 17:09:11,"Rutgers Scarlet Knights vs Indiana Hoosiers, 2026-01-23, 06",Rutgers Scarlet Knights,Indiana Hoosiers,draftkings,Total,,139.5,O,-260,https://sportsbook.draftkings.com/event/indiana-%40-rutgers/33510244?outcomes=0OU83106952O13950_1
2026-01-23 17:09:11,"Rutgers Scarlet Knights vs Indiana Hoosiers, 2026-01-23, 06",Rutgers Scarlet Knights,Indiana Hoosiers,draftkings,Total,,139.5,U,+195,https://sportsbook.draftkings.com/event/indiana-%40-rutgers/33510244?outcomes=0OU83106952U13950_3
2026-01-23 17:09:11,"Rutgers Scarlet Knights vs Indiana Hoosiers, 2026-01-23, 06",Rutgers Scarlet Knights,Indiana Hoosiers,draftkings,Total,,140.5,O,-230,https://sportsbook.draftkings.com/event/indiana-%40-rutgers/33510244?outcomes=0OU83106952O14050_1
2026-01-23 17:09:11,"Rutgers Scarlet Knights vs Indiana Hoosiers, 2026-01-23, 06",Rutgers Scarlet Knights,Indiana Hoosiers,draftkings,Total,,141.5,O,-200,https://sportsbook.draftkings.com/event/indiana-%40-rutgers/33510244?outcomes=0OU83106952O14150_1
2026-01-23 17:09:11,"Rutgers Scarlet Knights vs Indiana Hoosiers, 2026-01-23, 06",Rutgers Scarlet Knights,Indiana Hoosiers,draftkings,Total,,141.5,U,+154,https://sportsbook.draftkings.com/event/indiana-%40-rutgers/33510244?outcomes=0OU83106952U14150_3
2026-01-23 17:09:11,"Rutgers Scarlet Knights vs Indiana Hoosiers, 2026-01-23, 06",Rutgers Scarlet Knights,Indiana Hoosiers,draftkings,Total,,142.5,O,-188,https://sportsbook.draftkings.com/event/indiana-%40-rutgers/33510244?outcomes=0OU83106952O14250_1
2026-01-23 17:09:11,"Rutgers Scarlet Knights vs Indiana Hoosiers, 2026-01-23, 06",Rutgers Scarlet Knights,Indiana Hoosiers,draftkings,Total,,142.5,U,+145,https://sportsbook.draftkings.com/event/indiana-%40-rutgers/33510244?outcomes=0OU83106952U14250_3
2026-01-23 17:09:11,"Rutgers Scarlet Knights vs Indiana Hoosiers, 2026-01-23, 06",Rutgers Scarlet Knights,Indiana Hoosiers,draftkings,Total,,143.5,O,-166,https://sportsbook.draftkings.com/event/indiana-%40-rutgers/33510244?outcomes=0OU83106952O14350_1
2026-01-23 17:09:11,"Rutgers Scarlet Knights vs Indiana Hoosiers, 2026-01-23, 06",Rutgers Scarlet Knights,Indiana Hoosiers,draftkings,Total,,143.5,U,+130,https://sportsbook.draftkings.com/event/indiana-%40-rutgers/33510244?outcomes=0OU83106952U14350_3
2026-01-23 17:09:11,"Rutgers Scarlet Knights vs Indiana Hoosiers, 2026-01-23, 06",Rutgers Scarlet Knights,Indiana Hoosiers,draftkings,Total,,144.5,O,-145,https://sportsbook.draftkings.com/event/indiana-%40-rutgers/33510244?outcomes=0OU83106952O14450_1
2026-01-23 17:09:11,"Rutgers Scarlet Knights vs Indiana Hoosiers, 2026-01-23, 06",Rutgers Scarlet Knights,Indiana Hoosiers,draftkings,Total,,144.5,U,+114,https://sportsbook.draftkings.com/event/indiana-%40-rutgers/33510244?outcomes=0OU83106952U14450_3
2026-01-23 17:09:11,"Rutgers Scarlet Knights vs Indiana Hoosiers, 2026-01-23, 06",Rutgers Scarlet Knights,Indiana Hoosiers,draftkings,Total,,145.5,O,-130,https://sportsbook.draftkings.com/event/indiana-%40-rutgers/33510244?outcomes=0OU83106952O14550_1
2026-01-23 17:09:11,"Rutgers Scarlet Knights vs Indiana Hoosiers, 2026-01-23, 06",Rutgers Scarlet Knights,Indiana Hoosiers,draftkings,Total,,145.5,U,+100,https://sportsbook.draftkings.com/event/indiana-%40-rutgers/33510244?outcomes=0OU83106952U14550_3
2026-01-23 17:09:11,"Rutgers Scarlet Knights vs Indiana Hoosiers, 2026-01-23, 06",Rutgers Scarlet Knights,Indiana Hoosiers,draftkings,Total,,140.5,U,+175,https://sportsbook.draftkings.com/event/indiana-%40-rutgers/33510244?outcomes=0OU83106952U14050_3
2026-01-23 17:09:11,"Rutgers Scarlet Knights vs Indiana Hoosiers, 2026-01-23, 06",Rutgers Scarlet Knights,Indiana Hoosiers,draftkings,Total,,159.5,U,-425,https://sportsbook.draftkings.com/event/indiana-%40-rutgers/33510244?outcomes=0OU83106952U15950_3
2026-01-23 17:09:11,"Rutgers Scarlet Knights vs Indiana Hoosiers, 2026-01-23, 06",Rutgers Scarlet Knights,Indiana Hoosiers,pinnacle,Total,,149.0,U,-137,
2026-01-23 17:09:11,"Rutgers Scarlet Knights vs Indiana Hoosiers, 2026-01-23, 06",Rutgers Scarlet Knights,Indiana Hoosiers,pinnacle,Total,,148.5,O,+103,
2026-01-23 17:09:11,"Rutgers Scarlet Knights vs Indiana Hoosiers, 2026-01-23, 06",Rutgers Scarlet Knights,Indiana Hoosiers,pinnacle,Total,,148.5,U,-129,
2026-01-23 17:09:11,"Rutgers Scarlet Knights vs Indiana Hoosiers, 2026-01-23, 06",Rutgers Scarlet Knights,Indiana Hoosiers,pinnacle,Total,,148.0,O,-103,
2026-01-23 17:09:11,"Rutgers Scarlet Knights vs Indiana Hoosiers, 2026-01-23, 06",Rutgers Scarlet Knights,Indiana Hoosiers,pinnacle,Total,,148.0,U,-122,
2026-01-23 17:09:11,"Rutgers Scarlet Knights vs Indiana Hoosiers, 2026-01-23, 06",Rutgers Scarlet Knights,Indiana Hoosiers,pinnacle,Total,,147.5,O,-108,
2026-01-23 17:09:11,"Rutgers Scarlet Knights vs Indiana Hoosiers, 2026-01-23, 06",Rutgers Scarlet Knights,Indiana Hoosiers,pinnacle,Total,,147.5,U,-112,
2026-01-23 17:09:11,"Rutgers Scarlet Knights vs Indiana Hoosiers, 2026-01-23, 06",Rutgers Scarlet Knights,Indiana Hoosiers,pinnacle,Total,,147.0,O,-117,
2026-01-23 17:09:11,"Rutgers Scarlet Knights vs Indiana Hoosiers, 2026-01-23, 06",Rutgers Scarlet Knights,Indiana Hoosiers,pinnacle,Total,,147.0,U,-108,
2026-01-23 17:09:11,"Rutgers Scarlet Knights vs Indiana Hoosiers, 2026-01-23, 06",Rutgers Scarlet Knights,Indiana Hoosiers,pinnacle,Total,,146.5,O,-123,
2026-01-23 17:09:11,"Rutgers Scarlet Knights vs Indiana Hoosiers, 2026-01-23, 06",Rutgers Scarlet Knights,Indiana Hoosiers,pinnacle,Total,,146.5,U,-102,
2026-01-23 17:09:11,"Rutgers Scarlet Knights vs Indiana Hoosiers, 2026-01-23, 06",Rutgers Scarlet Knights,Indiana Hoosiers,pinnacle,Total,,146.0,O,-131,
2026-01-23 17:09:11,"Rutgers Scarlet Knights vs Indiana Hoosiers, 2026-01-23, 06",Rutgers Scarlet Knights,Indiana Hoosiers,pinnacle,Total,,146.0,U,+104,
2026-01-23 17:09:11,"Rutgers Scarlet Knights vs Indiana Hoosiers, 2026-01-23, 06",Rutgers Scarlet Knights,Indiana Hoosiers,pinnacle,Total,,145.5,O,-137,
2026-01-23 17:09:11,"Rutgers Scarlet Knights vs Indiana Hoosiers, 2026-01-23, 06",Rutgers Scarlet Knights,Indiana Hoosiers,pinnacle,Total,,145.5,U,+109,
2026-01-23 17:09:11,"Rutgers Scarlet Knights vs Indiana Hoosiers, 2026-01-23, 06",Rutgers Scarlet Knights,Indiana Hoosiers,pinnacle,Total,,149.0,O,+108,
2026-01-23 17:09:11,"Rutgers Scarlet Knights vs Indiana Hoosiers, 2026-01-23, 06",Rutgers Scarlet Knights,Indiana Hoosiers,pinnacle,Total,,149.5,U,-143,
2026-01-23 17:09:11,"Rutgers Scarlet Knights vs Indiana Hoosiers, 2026-01-23, 06",Rutgers Scarlet Knights,Indiana Hoosiers,pinnacle,Total,,149.5,O,+113,
2026-01-23 17:09:11,"Southern Indiana Screaming Eagles vs Western Illinois Leathernecks, 2026-01-23, 08",Southern Indiana Screaming Eagles,Western Illinois Leathernecks,pinnacle,Spread,Southern Indiana Screaming Eagles,-7.5,,-101,
2026-01-23 17:09:11,"Southern Indiana Screaming Eagles vs Western Illinois Leathernecks, 2026-01-23, 08",Southern Indiana Screaming Eagles,Western Illinois Leathernecks,pinnacle,Spread,Western Illinois Leathernecks,7.5,,-125,
2026-01-23 17:09:11,"Southern Indiana Screaming Eagles vs Western Illinois Leathernecks, 2026-01-23, 08",Southern Indiana Screaming Eagles,Western Illinois Leathernecks,pinnacle,Spread,Southern Indiana Screaming Eagles,-8.0,,+107,
2026-01-23 17:09:11,"Southern Indiana Screaming Eagles vs Western Illinois Leathernecks, 2026-01-23, 08",Southern Indiana Screaming Eagles,Western Illinois Leathernecks,pinnacle,Spread,Western Illinois Leathernecks,8.0,,-134,
2026-01-23 17:09:11,"Southern Indiana Screaming Eagles vs Western Illinois Leathernecks, 2026-01-23, 08",Southern Indiana Screaming Eagles,Western Illinois Leathernecks,pinnacle,Spread,Southern Indiana Screaming Eagles,-8.5,,+114,
2026-01-23 17:09:11,"Southern Indiana Screaming Eagles vs Western Illinois Leathernecks, 2026-01-23, 08",Southern Indiana Screaming Eagles,Western Illinois Leathernecks,pinnacle,Spread,Western Illinois Leathernecks,8.5,,-144,
2026-01-23 17:09:11,"Southern Indiana Screaming Eagles vs Western Illinois Leathernecks, 2026-01-23, 08",Southern Indiana Screaming Eagles,Western Illinois Leathernecks,pinnacle,Spread,Western Illinois Leathernecks,7.0,,-115,
2026-01-23 17:09:11,"Southern Indiana Screaming Eagles vs Western Illinois Leathernecks, 2026-01-23, 08",Southern Indiana Screaming Eagles,Western Illinois Leathernecks,pinnacle,Spread,Southern Indiana Screaming Eagles,-7.0,,-109,
2026-01-23 17:09:11,"Southern Indiana Screaming Eagles vs Western Illinois Leathernecks, 2026-01-23, 08",Southern Indiana Screaming Eagles,Western Illinois Leathernecks,pinnacle,Spread,Southern Indiana Screaming Eagles,-6.5,,-116,
2026-01-23 17:09:11,"Southern Indiana Screaming Eagles vs Western Illinois Leathernecks, 2026-01-23, 08",Southern Indiana Screaming Eagles,Western Illinois Leathernecks,pinnacle,Spread,Southern Indiana Screaming Eagles,-4.5,,-163,
2026-01-23 17:09:11,"Southern Indiana Screaming Eagles vs Western Illinois Leathernecks, 2026-01-23, 08",Southern Indiana Screaming Eagles,Western Illinois Leathernecks,pinnacle,Spread,Western Illinois Leathernecks,4.5,,+128,
2026-01-23 17:09:11,"Southern Indiana Screaming Eagles vs Western Illinois Leathernecks, 2026-01-23, 08",Southern Indiana Screaming Eagles,Western Illinois Leathernecks,pinnacle,Spread,Southern Indiana Screaming Eagles,-5.0,,-151,
2026-01-23 17:09:11,"Southern Indiana Screaming Eagles vs Western Illinois Leathernecks, 2026-01-23, 08",Southern Indiana Screaming Eagles,Western Illinois Leathernecks,pinnacle,Spread,Western Illinois Leathernecks,5.0,,+119,
2026-01-23 17:09:11,"Southern Indiana Screaming Eagles vs Western Illinois Leathernecks, 2026-01-23, 08",Southern Indiana Screaming Eagles,Western Illinois Leathernecks,pinnacle,Spread,Southern Indiana Screaming Eagles,-5.5,,-140,
2026-01-23 17:09:11,"Southern Indiana Screaming Eagles vs Western Illinois Leathernecks, 2026-01-23, 08",Southern Indiana Screaming Eagles,Western Illinois Leathernecks,pinnacle,Spread,Western Illinois Leathernecks,5.5,,+111,
2026-01-23 17:09:11,"Southern Indiana Screaming Eagles vs Western Illinois Leathernecks, 2026-01-23, 08",Southern Indiana Screaming Eagles,Western Illinois Leathernecks,pinnacle,Spread,Southern Indiana Screaming Eagles,-6.0,,-129,
2026-01-23 17:09:11,"Southern Indiana Screaming Eagles vs Western Illinois Leathernecks, 2026-01-23, 08",Southern Indiana Screaming Eagles,Western Illinois Leathernecks,pinnacle,Spread,Western Illinois Leathernecks,6.0,,+103,
2026-01-23 17:09:11,"Southern Indiana Screaming Eagles vs Western Illinois Leathernecks, 2026-01-23, 08",Southern Indiana Screaming Eagles,Western Illinois Leathernecks,pinnacle,Spread,Western Illinois Leathernecks,6.5,,-104,
2026-01-23 17:09:11,"Southern Indiana Screaming Eagles vs Western Illinois Leathernecks, 2026-01-23, 08",Southern Indiana Screaming Eagles,Western Illinois Leathernecks,betonline,Spread,Western Illinois Leathernecks,6.5,,-105,
2026-01-23 17:09:11,"Southern Indiana Screaming Eagles vs Western Illinois Leathernecks, 2026-01-23, 08",Southern Indiana Screaming Eagles,Western Illinois Leathernecks,betonline,Spread,Southern Indiana Screaming Eagles,-6.5,,-115,
2026-01-23 17:09:11,"Southern Indiana Screaming Eagles vs Western Illinois Leathernecks, 2026-01-23, 08",Southern Indiana Screaming Eagles,Western Illinois Leathernecks,draftkings,Spread,Western Illinois Leathernecks,6.5,,-110,https://sportsbook.draftkings.com/event/western-illinois-%40-southern-indiana/33516153?outcomes=0HC83116335P650_3
2026-01-23 17:09:11,"Southern Indiana Screaming Eagles vs Western Illinois Leathernecks, 2026-01-23, 08",Southern Indiana Screaming Eagles,Western Illinois Leathernecks,draftkings,Spread,Southern Indiana Screaming Eagles,-6.5,,-110,https://sportsbook.draftkings.com/event/western-illinois-%40-southern-indiana/33516153?outcomes=0HC83116335N650_1
2026-01-23 17:09:11,"Southern Indiana Screaming Eagles vs Western Illinois Leathernecks, 2026-01-23, 08",Southern Indiana Screaming Eagles,Western Illinois Leathernecks,pinnacle,Total,,130.5,U,+109,
2026-01-23 17:09:11,"Southern Indiana Screaming Eagles vs Western Illinois Leathernecks, 2026-01-23, 08",Southern Indiana Screaming Eagles,Western Illinois Leathernecks,pinnacle,Total,,131.0,U,+104,
2026-01-23 17:09:11,"Southern Indiana Screaming Eagles vs Western Illinois Leathernecks, 2026-01-23, 08",Southern Indiana Screaming Eagles,Western Illinois Leathernecks,pinnacle,Total,,134.5,O,-101,
2026-01-23 17:09:11,"Southern Indiana Screaming Eagles vs Western Illinois Leathernecks, 2026-01-23, 08",Southern Indiana Screaming Eagles,Western Illinois Leathernecks,pinnacle,Total,,134.5,U,-136,
2026-01-23 17:09:11,"Southern Indiana Screaming Eagles vs Western Illinois Leathernecks, 2026-01-23, 08",Southern Indiana Screaming Eagles,Western Illinois Leathernecks,pinnacle,Total,,134.0,O,-106,
2026-01-23 17:09:11,"Southern Indiana Screaming Eagles vs Western Illinois Leathernecks, 2026-01-23, 08",Southern Indiana Screaming Eagles,Western Illinois Leathernecks,pinnacle,Total,,134.0,U,-129,
2026-01-23 17:09:11,"Southern Indiana Screaming Eagles vs Western Illinois Leathernecks, 2026-01-23, 08",Southern Indiana Screaming Eagles,Western Illinois Leathernecks,pinnacle,Total,,133.5,O,-112,
2026-01-23 17:09:11,"Southern Indiana Screaming Eagles vs Western Illinois Leathernecks, 2026-01-23, 08",Southern Indiana Screaming Eagles,Western Illinois Leathernecks,pinnacle,Total,,133.5,U,-122,
2026-01-23 17:09:11,"Southern Indiana Screaming Eagles vs Western Illinois Leathernecks, 2026-01-23, 08",Southern Indiana Screaming Eagles,Western Illinois Leathernecks,pinnacle,Total,,133.0,O,-118,
2026-01-23 17:09:11,"Southern Indiana Screaming Eagles vs Western Illinois Leathernecks, 2026-01-23, 08",Southern Indiana Screaming Eagles,Western Illinois Leathernecks,pinnacle,Total,,133.0,U,-116,
2026-01-23 17:09:11,"Southern Indiana Screaming Eagles vs Western Illinois Leathernecks, 2026-01-23, 08",Southern Indiana Screaming Eagles,Western Illinois Leathernecks,pinnacle,Total,,132.5,O,-122,
2026-01-23 17:09:11,"Southern Indiana Screaming Eagles vs Western Illinois Leathernecks, 2026-01-23, 08",Southern Indiana Screaming Eagles,Western Illinois Leathernecks,pinnacle,Total,,132.5,U,-108,
2026-01-23 17:09:11,"Southern Indiana Screaming Eagles vs Western Illinois Leathernecks, 2026-01-23, 08",Southern Indiana Screaming Eagles,Western Illinois Leathernecks,pinnacle,Total,,132.0,O,-131,
2026-01-23 17:09:11,"Southern Indiana Screaming Eagles vs Western Illinois Leathernecks, 2026-01-23, 08",Southern Indiana Screaming Eagles,Western Illinois Leathernecks,pinnacle,Total,,132.0,U,-105,
2026-01-23 17:09:11,"Southern Indiana Screaming Eagles vs Western Illinois Leathernecks, 2026-01-23, 08",Southern Indiana Screaming Eagles,Western Illinois Leathernecks,pinnacle,Total,,131.5,O,-137,
2026-01-23 17:09:11,"Southern Indiana Screaming Eagles vs Western Illinois Leathernecks, 2026-01-23, 08",Southern Indiana Screaming Eagles,Western Illinois Leathernecks,pinnacle,Total,,131.5,U,-101,
2026-01-23 17:09:11,"Southern Indiana Screaming Eagles vs Western Illinois Leathernecks, 2026-01-23, 08",Southern Indiana Screaming Eagles,Western Illinois Leathernecks,pinnacle,Total,,131.0,O,-144,
2026-01-23 17:09:11,"Southern Indiana Screaming Eagles vs Western Illinois Leathernecks, 2026-01-23, 08",Southern Indiana Screaming Eagles,Western Illinois Leathernecks,pinnacle,Total,,130.5,O,-150,
2026-01-23 17:09:11,"Southern Indiana Screaming Eagles vs Western Illinois Leathernecks, 2026-01-23, 08",Southern Indiana Screaming Eagles,Western Illinois Leathernecks,betonline,Total,,133.0,U,-110,
2026-01-23 17:09:11,"Southern Indiana Screaming Eagles vs Western Illinois Leathernecks, 2026-01-23, 08",Southern Indiana Screaming Eagles,Western Illinois Leathernecks,betonline,Total,,133.0,O,-110,
2026-01-23 17:09:11,"Southern Indiana Screaming Eagles vs Western Illinois Leathernecks, 2026-01-23, 08",Southern Indiana Screaming Eagles,Western Illinois Leathernecks,draftkings,Total,,133.5,O,-105,https://sportsbook.draftkings.com/event/western-illinois-%40-southern-indiana/33516153?outcomes=0OU83116335O13350_1
2026-01-23 17:09:11,"Southern Indiana Screaming Eagles vs Western Illinois Leathernecks, 2026-01-23, 08",Southern Indiana Screaming Eagles,Western Illinois Leathernecks,draftkings,Total,,133.5,U,-115,https://sportsbook.draftkings.com/event/western-illinois-%40-southern-indiana/33516153?outcomes=0OU83116335U13350_3
2026-01-23 17:09:11,"St Francis Red Flash vs Chicago State Cougars, 2026-01-23, 07",St Francis Red Flash,Chicago State Cougars,pinnacle,Spread,St Francis Red Flash,-1.0,,-154,
2026-01-23 17:09:11,"St Francis Red Flash vs Chicago State Cougars, 2026-01-23, 07",St Francis Red Flash,Chicago State Cougars,pinnacle,Spread,Chicago State Cougars,1.0,,+121,
2026-01-23 17:09:11,"St Francis Red Flash vs Chicago State Cougars, 2026-01-23, 07",St Francis Red Flash,Chicago State Cougars,pinnacle,Spread,St Francis Red Flash,-1.5,,-146,
2026-01-23 17:09:11,"St Francis Red Flash vs Chicago State Cougars, 2026-01-23, 07",St Francis Red Flash,Chicago State Cougars,pinnacle,Spread,Chicago State Cougars,1.5,,+115,
2026-01-23 17:09:11,"St Francis Red Flash vs Chicago State Cougars, 2026-01-23, 07",St Francis Red Flash,Chicago State Cougars,pinnacle,Spread,St Francis Red Flash,-2.0,,-133,
2026-01-23 17:09:11,"St Francis Red Flash vs Chicago State Cougars, 2026-01-23, 07",St Francis Red Flash,Chicago State Cougars,pinnacle,Spread,Chicago State Cougars,2.0,,+106,
2026-01-23 17:09:11,"St Francis Red Flash vs Chicago State Cougars, 2026-01-23, 07",St Francis Red Flash,Chicago State Cougars,pinnacle,Spread,St Francis Red Flash,-2.5,,-121,
2026-01-23 17:09:11,"St Francis Red Flash vs Chicago State Cougars, 2026-01-23, 07",St Francis Red Flash,Chicago State Cougars,pinnacle,Spread,Chicago State Cougars,2.5,,-104,
2026-01-23 17:09:11,"St Francis Red Flash vs Chicago State Cougars, 2026-01-23, 07",St Francis Red Flash,Chicago State Cougars,pinnacle,Spread,St Francis Red Flash,-3.0,,-109,
2026-01-23 17:09:11,"St Francis Red Flash vs Chicago State Cougars, 2026-01-23, 07",St Francis Red Flash,Chicago State Cougars,pinnacle,Spread,St Francis Red Flash,-3.5,,-102,
2026-01-23 17:09:11,"St Francis Red Flash vs Chicago State Cougars, 2026-01-23, 07",St Francis Red Flash,Chicago State Cougars,pinnacle,Spread,Chicago State Cougars,3.5,,-123,
2026-01-23 17:09:11,"St Francis Red Flash vs Chicago State Cougars, 2026-01-23, 07",St Francis Red Flash,Chicago State Cougars,pinnacle,Spread,St Francis Red Flash,-4.0,,+106,
2026-01-23 17:09:11,"St Francis Red Flash vs Chicago State Cougars, 2026-01-23, 07",St Francis Red Flash,Chicago State Cougars,pinnacle,Spread,Chicago State Cougars,4.0,,-134,
2026-01-23 17:09:11,"St Francis Red Flash vs Chicago State Cougars, 2026-01-23, 07",St Francis Red Flash,Chicago State Cougars,pinnacle,Spread,St Francis Red Flash,-4.5,,+114,
2026-01-23 17:09:11,"St Francis Red Flash vs Chicago State Cougars, 2026-01-23, 07",St Francis Red Flash,Chicago State Cougars,pinnacle,Spread,Chicago State Cougars,4.5,,-144,
2026-01-23 17:09:11,"St Francis Red Flash vs Chicago State Cougars, 2026-01-23, 07",St Francis Red Flash,Chicago State Cougars,pinnacle,Spread,St Francis Red Flash,-5.0,,+122,
2026-01-23 17:09:11,"St Francis Red Flash vs Chicago State Cougars, 2026-01-23, 07",St Francis Red Flash,Chicago State Cougars,pinnacle,Spread,Chicago State Cougars,5.0,,-155,
2026-01-23 17:09:11,"St Francis Red Flash vs Chicago State Cougars, 2026-01-23, 07",St Francis Red Flash,Chicago State Cougars,pinnacle,Spread,Chicago State Cougars,3.0,,-111,
2026-01-23 17:09:11,"St Francis Red Flash vs Chicago State Cougars, 2026-01-23, 07",St Francis Red Flash,Chicago State Cougars,betonline,Spread,St Francis Red Flash,-4.0,,-110,
2026-01-23 17:09:11,"St Francis Red Flash vs Chicago State Cougars, 2026-01-23, 07",St Francis Red Flash,Chicago State Cougars,betonline,Spread,Chicago State Cougars,4.0,,-110,
2026-01-23 17:09:11,"St Francis Red Flash vs Chicago State Cougars, 2026-01-23, 07",St Francis Red Flash,Chicago State Cougars,draftkings,Spread,Chicago State Cougars,3.5,,-105,https://sportsbook.draftkings.com/event/chicago-state-%40-saint-francis-pa/33511820?outcomes=0HC83105929P350_3
2026-01-23 17:09:11,"St Francis Red Flash vs Chicago State Cougars, 2026-01-23, 07",St Francis Red Flash,Chicago State Cougars,draftkings,Spread,St Francis Red Flash,-3.5,,-115,https://sportsbook.draftkings.com/event/chicago-state-%40-saint-francis-pa/33511820?outcomes=0HC83105929N350_1
2026-01-23 17:09:11,"St Francis Red Flash vs Chicago State Cougars, 2026-01-23, 07",St Francis Red Flash,Chicago State Cougars,draftkings,Spread,Chicago State Cougars,-9.5,,+465,https://sportsbook.draftkings.com/event/chicago-state-%40-saint-francis-pa/33511820?outcomes=0HC83106956N950_3
2026-01-23 17:09:11,"St Francis Red Flash vs Chicago State Cougars, 2026-01-23, 07",St Francis Red Flash,Chicago State Cougars,draftkings,Spread,St Francis Red Flash,9.5,,-890,https://sportsbook.draftkings.com/event/chicago-state-%40-saint-francis-pa/33511820?outcomes=0HC83106956P950_1
2026-01-23 17:09:11,"St Francis Red Flash vs Chicago State Cougars, 2026-01-23, 07",St Francis Red Flash,Chicago State Cougars,draftkings,Spread,Chicago State Cougars,-8.5,,+413,https://sportsbook.draftkings.com/event/chicago-state-%40-saint-francis-pa/33511820?outcomes=0HC83106956N850_3
2026-01-23 17:09:11,"St Francis Red Flash vs Chicago State Cougars, 2026-01-23, 07",St Francis Red Flash,Chicago State Cougars,draftkings,Spread,St Francis Red Flash,8.5,,-740,https://sportsbook.draftkings.com/event/chicago-state-%40-saint-francis-pa/33511820?outcomes=0HC83106956P850_1
2026-01-23 17:09:11,"St Francis Red Flash vs Chicago State Cougars, 2026-01-23, 07",St Francis Red Flash,Chicago State Cougars,draftkings,Spread,Chicago State Cougars,-7.5,,+366,https://sportsbook.draftkings.com/event/chicago-state-%40-saint-francis-pa/33511820?outcomes=0HC83106956N750_3
2026-01-23 17:09:11,"St Francis Red Flash vs Chicago State Cougars, 2026-01-23, 07",St Francis Red Flash,Chicago State Cougars,draftkings,Spread,St Francis Red Flash,7.5,,-620,https://sportsbook.draftkings.com/event/chicago-state-%40-saint-francis-pa/33511820?outcomes=0HC83106956P750_1
2026-01-23 17:09:11,"St Francis Red Flash vs Chicago State Cougars, 2026-01-23, 07",St Francis Red Flash,Chicago State Cougars,draftkings,Spread,Chicago State Cougars,9.5,,-256,https://sportsbook.draftkings.com/event/chicago-state-%40-saint-francis-pa/33511820?outcomes=0HC83106956P950_3
2026-01-23 17:09:11,"St Francis Red Flash vs Chicago State Cougars, 2026-01-23, 07",St Francis Red Flash,Chicago State Cougars,draftkings,Spread,St Francis Red Flash,-9.5,,+180,https://sportsbook.draftkings.com/event/chicago-state-%40-saint-francis-pa/33511820?outcomes=0HC83106956N950_1
2026-01-23 17:09:11,"St Francis Red Flash vs Chicago State Cougars, 2026-01-23, 07",St Francis Red Flash,Chicago State Cougars,draftkings,Spread,Chicago State Cougars,10.5,,-313,https://sportsbook.draftkings.com/event/chicago-state-%40-saint-francis-pa/33511820?outcomes=0HC83106956P1050_3
2026-01-23 17:09:11,"St Francis Red Flash vs Chicago State Cougars, 2026-01-23, 07",St Francis Red Flash,Chicago State Cougars,draftkings,Spread,St Francis Red Flash,-10.5,,+214,https://sportsbook.draftkings.com/event/chicago-state-%40-saint-francis-pa/33511820?outcomes=0HC83106956N1050_1
2026-01-23 17:09:11,"St Francis Red Flash vs Chicago State Cougars, 2026-01-23, 07",St Francis Red Flash,Chicago State Cougars,draftkings,Spread,Chicago State Cougars,11.5,,-374,https://sportsbook.draftkings.com/event/chicago-state-%40-saint-francis-pa/33511820?outcomes=0HC83106956P1150_3
2026-01-23 17:09:11,"St Francis Red Flash vs Chicago State Cougars, 2026-01-23, 07",St Francis Red Flash,Chicago State Cougars,draftkings,Spread,St Francis Red Flash,-11.5,,+249,https://sportsbook.draftkings.com/event/chicago-state-%40-saint-francis-pa/33511820?outcomes=0HC83106956N1150_1
2026-01-23 17:09:11,"St Francis Red Flash vs Chicago State Cougars, 2026-01-23, 07",St Francis Red Flash,Chicago State Cougars,draftkings,Spread,Chicago State Cougars,12.5,,-443,https://sportsbook.draftkings.com/event/chicago-state-%40-saint-francis-pa/33511820?outcomes=0HC83106956P1250_3
2026-01-23 17:09:11,"St Francis Red Flash vs Chicago State Cougars, 2026-01-23, 07",St Francis Red Flash,Chicago State Cougars,draftkings,Spread,St Francis Red Flash,-12.5,,+285,https://sportsbook.draftkings.com/event/chicago-state-%40-saint-francis-pa/33511820?outcomes=0HC83106956N1250_1
2026-01-23 17:09:11,"St Francis Red Flash vs Chicago State Cougars, 2026-01-23, 07",St Francis Red Flash,Chicago State Cougars,draftkings,Spread,Chicago State Cougars,13.5,,-532,https://sportsbook.draftkings.com/event/chicago-state-%40-saint-francis-pa/33511820?outcomes=0HC83106956P1350_3
2026-01-23 17:09:11,"St Francis Red Flash vs Chicago State Cougars, 2026-01-23, 07",St Francis Red Flash,Chicago State Cougars,draftkings,Spread,St Francis Red Flash,-13.5,,+328,https://sportsbook.draftkings.com/event/chicago-state-%40-saint-francis-pa/33511820?outcomes=0HC83106956N1350_1
2026-01-23 17:09:11,"St Francis Red Flash vs Chicago State Cougars, 2026-01-23, 07",St Francis Red Flash,Chicago State Cougars,draftkings,Spread,Chicago State Cougars,14.5,,-660,https://sportsbook.draftkings.com/event/chicago-state-%40-saint-francis-pa/33511820?outcomes=0HC83106956P1450_3
2026-01-23 17:09:11,"St Francis Red Flash vs Chicago State Cougars, 2026-01-23, 07",St Francis Red Flash,Chicago State Cougars,draftkings,Spread,St Francis Red Flash,-14.5,,+383,https://sportsbook.draftkings.com/event/chicago-state-%40-saint-francis-pa/33511820?outcomes=0HC83106956N1450_1
2026-01-23 17:09:11,"St Francis Red Flash vs Chicago State Cougars, 2026-01-23, 07",St Francis Red Flash,Chicago State Cougars,draftkings,Spread,Chicago State Cougars,15.5,,-830,https://sportsbook.draftkings.com/event/chicago-state-%40-saint-francis-pa/33511820?outcomes=0HC83106956P1550_3
2026-01-23 17:09:11,"St Francis Red Flash vs Chicago State Cougars, 2026-01-23, 07",St Francis Red Flash,Chicago State Cougars,draftkings,Spread,St Francis Red Flash,-15.5,,+446,https://sportsbook.draftkings.com/event/chicago-state-%40-saint-francis-pa/33511820?outcomes=0HC83106956N1550_1
2026-01-23 17:09:11,"St Francis Red Flash vs Chicago State Cougars, 2026-01-23, 07",St Francis Red Flash,Chicago State Cougars,draftkings,Spread,Chicago State Cougars,16.5,,-1040,https://sportsbook.draftkings.com/event/chicago-state-%40-saint-francis-pa/33511820?outcomes=0HC83106956P1650_3
2026-01-23 17:09:11,"St Francis Red Flash vs Chicago State Cougars, 2026-01-23, 07",St Francis Red Flash,Chicago State Cougars,draftkings,Spread,St Francis Red Flash,-16.5,,+512,https://sportsbook.draftkings.com/event/chicago-state-%40-saint-francis-pa/33511820?outcomes=0HC83106956N1650_1
2026-01-23 17:09:11,"St Francis Red Flash vs Chicago State Cougars, 2026-01-23, 07",St Francis Red Flash,Chicago State Cougars,draftkings,Spread,St Francis Red Flash,-8.5,,+153,https://sportsbook.draftkings.com/event/chicago-state-%40-saint-francis-pa/33511820?outcomes=0HC83106956N850_1
2026-01-23 17:09:11,"St Francis Red Flash vs Chicago State Cougars, 2026-01-23, 07",St Francis Red Flash,Chicago State Cougars,draftkings,Spread,Chicago State Cougars,8.5,,-213,https://sportsbook.draftkings.com/event/chicago-state-%40-saint-francis-pa/33511820?outcomes=0HC83106956P850_3
2026-01-23 17:09:11,"St Francis Red Flash vs Chicago State Cougars, 2026-01-23, 07",St Francis Red Flash,Chicago State Cougars,draftkings,Spread,St Francis Red Flash,-7.5,,+131,https://sportsbook.draftkings.com/event/chicago-state-%40-saint-francis-pa/33511820?outcomes=0HC83106956N750_1
2026-01-23 17:09:11,"St Francis Red Flash vs Chicago State Cougars, 2026-01-23, 07",St Francis Red Flash,Chicago State Cougars,draftkings,Spread,Chicago State Cougars,7.5,,-181,https://sportsbook.draftkings.com/event/chicago-state-%40-saint-francis-pa/33511820?outcomes=0HC83106956P750_3
2026-01-23 17:09:11,"St Francis Red Flash vs Chicago State Cougars, 2026-01-23, 07",St Francis Red Flash,Chicago State Cougars,draftkings,Spread,Chicago State Cougars,-6.5,,+328,https://sportsbook.draftkings.com/event/chicago-state-%40-saint-francis-pa/33511820?outcomes=0HC83106956N650_3
2026-01-23 17:09:11,"St Francis Red Flash vs Chicago State Cougars, 2026-01-23, 07",St Francis Red Flash,Chicago State Cougars,draftkings,Spread,St Francis Red Flash,6.5,,-533,https://sportsbook.draftkings.com/event/chicago-state-%40-saint-francis-pa/33511820?outcomes=0HC83106956P650_1
2026-01-23 17:09:11,"St Francis Red Flash vs Chicago State Cougars, 2026-01-23, 07",St Francis Red Flash,Chicago State Cougars,draftkings,Spread,Chicago State Cougars,-5.5,,+293,https://sportsbook.draftkings.com/event/chicago-state-%40-saint-francis-pa/33511820?outcomes=0HC83106956N550_3
2026-01-23 17:09:11,"St Francis Red Flash vs Chicago State Cougars, 2026-01-23, 07",St Francis Red Flash,Chicago State Cougars,draftkings,Spread,St Francis Red Flash,5.5,,-458,https://sportsbook.draftkings.com/event/chicago-state-%40-saint-francis-pa/33511820?outcomes=0HC83106956P550_1
2026-01-23 17:09:11,"St Francis Red Flash vs Chicago State Cougars, 2026-01-23, 07",St Francis Red Flash,Chicago State Cougars,draftkings,Spread,Chicago State Cougars,-4.5,,+263,https://sportsbook.draftkings.com/event/chicago-state-%40-saint-francis-pa/33511820?outcomes=0HC83106956N450_3
2026-01-23 17:09:11,"St Francis Red Flash vs Chicago State Cougars, 2026-01-23, 07",St Francis Red Flash,Chicago State Cougars,draftkings,Spread,St Francis Red Flash,4.5,,-399,https://sportsbook.draftkings.com/event/chicago-state-%40-saint-francis-pa/33511820?outcomes=0HC83106956P450_1
2026-01-23 17:09:11,"St Francis Red Flash vs Chicago State Cougars, 2026-01-23, 07",St Francis Red Flash,Chicago State Cougars,draftkings,Spread,Chicago State Cougars,-3.5,,+234,https://sportsbook.draftkings.com/event/chicago-state-%40-saint-francis-pa/33511820?outcomes=0HC83106956N350_3
2026-01-23 17:09:11,"St Francis Red Flash vs Chicago State Cougars, 2026-01-23, 07",St Francis Red Flash,Chicago State Cougars,draftkings,Spread,St Francis Red Flash,3.5,,-347,https://sportsbook.draftkings.com/event/chicago-state-%40-saint-francis-pa/33511820?outcomes=0HC83106956P350_1
2026-01-23 17:09:11,"St Francis Red Flash vs Chicago State Cougars, 2026-01-23, 07",St Francis Red Flash,Chicago State Cougars,draftkings,Spread,Chicago State Cougars,-2.5,,+201,https://sportsbook.draftkings.com/event/chicago-state-%40-saint-francis-pa/33511820?outcomes=0HC83106956N250_3
2026-01-23 17:09:11,"St Francis Red Flash vs Chicago State Cougars, 2026-01-23, 07",St Francis Red Flash,Chicago State Cougars,draftkings,Spread,St Francis Red Flash,2.5,,-291,https://sportsbook.draftkings.com/event/chicago-state-%40-saint-francis-pa/33511820?outcomes=0HC83106956P250_1
2026-01-23 17:09:11,"St Francis Red Flash vs Chicago State Cougars, 2026-01-23, 07",St Francis Red Flash,Chicago State Cougars,draftkings,Spread,Chicago State Cougars,-1.5,,+176,https://sportsbook.draftkings.com/event/chicago-state-%40-saint-francis-pa/33511820?outcomes=0HC83106956N150_3
2026-01-23 17:09:11,"St Francis Red Flash vs Chicago State Cougars, 2026-01-23, 07",St Francis Red Flash,Chicago State Cougars,draftkings,Spread,Chicago State Cougars,1.5,,+129,https://sportsbook.draftkings.com/event/chicago-state-%40-saint-francis-pa/33511820?outcomes=0HC83106956P150_3
2026-01-23 17:09:11,"St Francis Red Flash vs Chicago State Cougars, 2026-01-23, 07",St Francis Red Flash,Chicago State Cougars,draftkings,Spread,St Francis Red Flash,-1.5,,-178,https://sportsbook.draftkings.com/event/chicago-state-%40-saint-francis-pa/33511820?outcomes=0HC83106956N150_1
2026-01-23 17:09:11,"St Francis Red Flash vs Chicago State Cougars, 2026-01-23, 07",St Francis Red Flash,Chicago State Cougars,draftkings,Spread,Chicago State Cougars,2.5,,+111,https://sportsbook.draftkings.com/event/chicago-state-%40-saint-francis-pa/33511820?outcomes=0HC83106956P250_3
2026-01-23 17:09:11,"St Francis Red Flash vs Chicago State Cougars, 2026-01-23, 07",St Francis Red Flash,Chicago State Cougars,draftkings,Spread,St Francis Red Flash,-2.5,,-152,https://sportsbook.draftkings.com/event/chicago-state-%40-saint-francis-pa/33511820?outcomes=0HC83106956N250_1
2026-01-23 17:09:11,"St Francis Red Flash vs Chicago State Cougars, 2026-01-23, 07",St Francis Red Flash,Chicago State Cougars,draftkings,Spread,Chicago State Cougars,4.5,,-125,https://sportsbook.draftkings.com/event/chicago-state-%40-saint-francis-pa/33511820?outcomes=0HC83106956P450_3
2026-01-23 17:09:11,"St Francis Red Flash vs Chicago State Cougars, 2026-01-23, 07",St Francis Red Flash,Chicago State Cougars,draftkings,Spread,St Francis Red Flash,-4.5,,-109,https://sportsbook.draftkings.com/event/chicago-state-%40-saint-francis-pa/33511820?outcomes=0HC83106956N450_1
2026-01-23 17:09:11,"St Francis Red Flash vs Chicago State Cougars, 2026-01-23, 07",St Francis Red Flash,Chicago State Cougars,draftkings,Spread,Chicago State Cougars,5.5,,-142,https://sportsbook.draftkings.com/event/chicago-state-%40-saint-francis-pa/33511820?outcomes=0HC83106956P550_3
2026-01-23 17:09:11,"St Francis Red Flash vs Chicago State Cougars, 2026-01-23, 07",St Francis Red Flash,Chicago State Cougars,draftkings,Spread,St Francis Red Flash,-5.5,,+105,https://sportsbook.draftkings.com/event/chicago-state-%40-saint-francis-pa/33511820?outcomes=0HC83106956N550_1
2026-01-23 17:09:11,"St Francis Red Flash vs Chicago State Cougars, 2026-01-23, 07",St Francis Red Flash,Chicago State Cougars,draftkings,Spread,Chicago State Cougars,6.5,,-160,https://sportsbook.draftkings.com/event/chicago-state-%40-saint-francis-pa/33511820?outcomes=0HC83106956P650_3
2026-01-23 17:09:11,"St Francis Red Flash vs Chicago State Cougars, 2026-01-23, 07",St Francis Red Flash,Chicago State Cougars,draftkings,Spread,St Francis Red Flash,-6.5,,+117,https://sportsbook.draftkings.com/event/chicago-state-%40-saint-francis-pa/33511820?outcomes=0HC83106956N650_1
2026-01-23 17:09:11,"St Francis Red Flash vs Chicago State Cougars, 2026-01-23, 07",St Francis Red Flash,Chicago State Cougars,draftkings,Spread,St Francis Red Flash,1.5,,-249,https://sportsbook.draftkings.com/event/chicago-state-%40-saint-francis-pa/33511820?outcomes=0HC83106956P150_1
2026-01-23 17:09:11,"St Francis Red Flash vs Chicago State Cougars, 2026-01-23, 07",St Francis Red Flash,Chicago State Cougars,pinnacle,Total,,143.0,O,-104,
2026-01-23 17:09:11,"St Francis Red Flash vs Chicago State Cougars, 2026-01-23, 07",St Francis Red Flash,Chicago State Cougars,pinnacle,Total,,143.0,U,-125,
2026-01-23 17:09:11,"St Francis Red Flash vs Chicago State Cougars, 2026-01-23, 07",St Francis Red Flash,Chicago State Cougars,pinnacle,Total,,142.5,O,-109,
2026-01-23 17:09:11,"St Francis Red Flash vs Chicago State Cougars, 2026-01-23, 07",St Francis Red Flash,Chicago State Cougars,pinnacle,Total,,142.5,U,-116,
2026-01-23 17:09:11,"St Francis Red Flash vs Chicago State Cougars, 2026-01-23, 07",St Francis Red Flash,Chicago State Cougars,pinnacle,Total,,142.0,O,-116,
2026-01-23 17:09:11,"St Francis Red Flash vs Chicago State Cougars, 2026-01-23, 07",St Francis Red Flash,Chicago State Cougars,pinnacle,Total,,142.0,U,-112,
2026-01-23 17:09:11,"St Francis Red Flash vs Chicago State Cougars, 2026-01-23, 07",St Francis Red Flash,Chicago State Cougars,pinnacle,Total,,141.5,O,-122,
2026-01-23 17:09:11,"St Francis Red Flash vs Chicago State Cougars, 2026-01-23, 07",St Francis Red Flash,Chicago State Cougars,pinnacle,Total,,141.5,U,-106,
2026-01-23 17:09:11,"St Francis Red Flash vs Chicago State Cougars, 2026-01-23, 07",St Francis Red Flash,Chicago State Cougars,pinnacle,Total,,141.0,O,-129,
2026-01-23 17:09:11,"St Francis Red Flash vs Chicago State Cougars, 2026-01-23, 07",St Francis Red Flash,Chicago State Cougars,pinnacle,Total,,141.0,U,-101,
2026-01-23 17:09:11,"St Francis Red Flash vs Chicago State Cougars, 2026-01-23, 07",St Francis Red Flash,Chicago State Cougars,pinnacle,Total,,140.5,O,-135,
2026-01-23 17:09:11,"St Francis Red Flash vs Chicago State Cougars, 2026-01-23, 07",St Francis Red Flash,Chicago State Cougars,pinnacle,Total,,140.5,U,+103,
2026-01-23 17:09:11,"St Francis Red Flash vs Chicago State Cougars, 2026-01-23, 07",St Francis Red Flash,Chicago State Cougars,pinnacle,Total,,143.5,U,-133,
2026-01-23 17:09:11,"St Francis Red Flash vs Chicago State Cougars, 2026-01-23, 07",St Francis Red Flash,Chicago State Cougars,pinnacle,Total,,143.5,O,+102,
2026-01-23 17:09:11,"St Francis Red Flash vs Chicago State Cougars, 2026-01-23, 07",St Francis Red Flash,Chicago State Cougars,pinnacle,Total,,144.0,U,-141,
2026-01-23 17:09:11,"St Francis Red Flash vs Chicago State Cougars, 2026-01-23, 07",St Francis Red Flash,Chicago State Cougars,pinnacle,Total,,144.0,O,+108,
2026-01-23 17:09:11,"St Francis Red Flash vs Chicago State Cougars, 2026-01-23, 07",St Francis Red Flash,Chicago State Cougars,pinnacle,Total,,144.5,O,+113,
2026-01-23 17:09:11,"St Francis Red Flash vs Chicago State Cougars, 2026-01-23, 07",St Francis Red Flash,Chicago State Cougars,pinnacle,Total,,144.5,U,-149,
2026-01-23 17:09:11,"St Francis Red Flash vs Chicago State Cougars, 2026-01-23, 07",St Francis Red Flash,Chicago State Cougars,betonline,Total,,144.5,U,-125,
2026-01-23 17:09:11,"St Francis Red Flash vs Chicago State Cougars, 2026-01-23, 07",St Francis Red Flash,Chicago State Cougars,betonline,Total,,144.5,O,+105,
2026-01-23 17:09:11,"St Francis Red Flash vs Chicago State Cougars, 2026-01-23, 07",St Francis Red Flash,Chicago State Cougars,draftkings,Total,,143.5,O,-108,https://sportsbook.draftkings.com/event/chicago-state-%40-saint-francis-pa/33511820?outcomes=0OU83105929O14350_1
2026-01-23 17:09:11,"St Francis Red Flash vs Chicago State Cougars, 2026-01-23, 07",St Francis Red Flash,Chicago State Cougars,draftkings,Total,,143.5,U,-112,https://sportsbook.draftkings.com/event/chicago-state-%40-saint-francis-pa/33511820?outcomes=0OU83105929U14350_3
2026-01-23 17:09:11,"St Francis Red Flash vs Chicago State Cougars, 2026-01-23, 07",St Francis Red Flash,Chicago State Cougars,draftkings,Total,,131.5,O,-410,https://sportsbook.draftkings.com/event/chicago-state-%40-saint-francis-pa/33511820?outcomes=0OU83106956O13150_1
2026-01-23 17:09:11,"St Francis Red Flash vs Chicago State Cougars, 2026-01-23, 07",St Francis Red Flash,Chicago State Cougars,draftkings,Total,,131.5,U,+290,https://sportsbook.draftkings.com/event/chicago-state-%40-saint-francis-pa/33511820?outcomes=0OU83106956U13150_3
2026-01-23 17:09:11,"St Francis Red Flash vs Chicago State Cougars, 2026-01-23, 07",St Francis Red Flash,Chicago State Cougars,draftkings,Total,,132.5,O,-360,https://sportsbook.draftkings.com/event/chicago-state-%40-saint-francis-pa/33511820?outcomes=0OU83106956O13250_1
2026-01-23 17:09:11,"St Francis Red Flash vs Chicago State Cougars, 2026-01-23, 07",St Francis Red Flash,Chicago State Cougars,draftkings,Total,,132.5,U,+260,https://sportsbook.draftkings.com/event/chicago-state-%40-saint-francis-pa/33511820?outcomes=0OU83106956U13250_3
2026-01-23 17:09:11,"St Francis Red Flash vs Chicago State Cougars, 2026-01-23, 07",St Francis Red Flash,Chicago State Cougars,draftkings,Total,,133.5,O,-330,https://sportsbook.draftkings.com/event/chicago-state-%40-saint-francis-pa/33511820?outcomes=0OU83106956O13350_1
2026-01-23 17:09:11,"St Francis Red Flash vs Chicago State Cougars, 2026-01-23, 07",St Francis Red Flash,Chicago State Cougars,draftkings,Total,,134.5,O,-280,https://sportsbook.draftkings.com/event/chicago-state-%40-saint-francis-pa/33511820?outcomes=0OU83106956O13450_1
2026-01-23 17:09:11,"St Francis Red Flash vs Chicago State Cougars, 2026-01-23, 07",St Francis Red Flash,Chicago State Cougars,draftkings,Total,,148.5,U,-200,https://sportsbook.draftkings.com/event/chicago-state-%40-saint-francis-pa/33511820?outcomes=0OU83106956U14850_3
2026-01-23 17:09:11,"St Francis Red Flash vs Chicago State Cougars, 2026-01-23, 07",St Francis Red Flash,Chicago State Cougars,draftkings,Total,,149.5,O,+165,https://sportsbook.draftkings.com/event/chicago-state-%40-saint-francis-pa/33511820?outcomes=0OU83106956O14950_1
2026-01-23 17:09:11,"St Francis Red Flash vs Chicago State Cougars, 2026-01-23, 07",St Francis Red Flash,Chicago State Cougars,draftkings,Total,,149.5,U,-215,https://sportsbook.draftkings.com/event/chicago-state-%40-saint-francis-pa/33511820?outcomes=0OU83106956U14950_3
2026-01-23 17:09:11,"St Francis Red Flash vs Chicago State Cougars, 2026-01-23, 07",St Francis Red Flash,Chicago State Cougars,draftkings,Total,,150.5,O,+190,https://sportsbook.draftkings.com/event/chicago-state-%40-saint-francis-pa/33511820?outcomes=0OU83106956O15050_1
2026-01-23 17:09:11,"St Francis Red Flash vs Chicago State Cougars, 2026-01-23, 07",St Francis Red Flash,Chicago State Cougars,draftkings,Total,,150.5,U,-250,https://sportsbook.draftkings.com/event/chicago-state-%40-saint-francis-pa/33511820?outcomes=0OU83106956U15050_3
2026-01-23 17:09:11,"St Francis Red Flash vs Chicago State Cougars, 2026-01-23, 07",St Francis Red Flash,Chicago State Cougars,draftkings,Total,,151.5,O,+210,https://sportsbook.draftkings.com/event/chicago-state-%40-saint-francis-pa/33511820?outcomes=0OU83106956O15150_1
2026-01-23 17:09:11,"St Francis Red Flash vs Chicago State Cougars, 2026-01-23, 07",St Francis Red Flash,Chicago State Cougars,draftkings,Total,,151.5,U,-280,https://sportsbook.draftkings.com/event/chicago-state-%40-saint-francis-pa/33511820?outcomes=0OU83106956U15150_3
2026-01-23 17:09:11,"St Francis Red Flash vs Chicago State Cougars, 2026-01-23, 07",St Francis Red Flash,Chicago State Cougars,draftkings,Total,,152.5,O,+230,https://sportsbook.draftkings.com/event/chicago-state-%40-saint-francis-pa/33511820?outcomes=0OU83106956O15250_1
2026-01-23 17:09:11,"St Francis Red Flash vs Chicago State Cougars, 2026-01-23, 07",St Francis Red Flash,Chicago State Cougars,draftkings,Total,,152.5,U,-315,https://sportsbook.draftkings.com/event/chicago-state-%40-saint-francis-pa/33511820?outcomes=0OU83106956U15250_3
2026-01-23 17:09:11,"St Francis Red Flash vs Chicago State Cougars, 2026-01-23, 07",St Francis Red Flash,Chicago State Cougars,draftkings,Total,,153.5,O,+250,https://sportsbook.draftkings.com/event/chicago-state-%40-saint-francis-pa/33511820?outcomes=0OU83106956O15350_1
2026-01-23 17:09:11,"St Francis Red Flash vs Chicago State Cougars, 2026-01-23, 07",St Francis Red Flash,Chicago State Cougars,draftkings,Total,,153.5,U,-345,https://sportsbook.draftkings.com/event/chicago-state-%40-saint-francis-pa/33511820?outcomes=0OU83106956U15350_3
2026-01-23 17:09:11,"St Francis Red Flash vs Chicago State Cougars, 2026-01-23, 07",St Francis Red Flash,Chicago State Cougars,draftkings,Total,,154.5,O,+280,https://sportsbook.draftkings.com/event/chicago-state-%40-saint-francis-pa/33511820?outcomes=0OU83106956O15450_1
2026-01-23 17:09:11,"St Francis Red Flash vs Chicago State Cougars, 2026-01-23, 07",St Francis Red Flash,Chicago State Cougars,draftkings,Total,,154.5,U,-395,https://sportsbook.draftkings.com/event/chicago-state-%40-saint-francis-pa/33511820?outcomes=0OU83106956U15450_3
2026-01-23 17:09:11,"St Francis Red Flash vs Chicago State Cougars, 2026-01-23, 07",St Francis Red Flash,Chicago State Cougars,draftkings,Total,,155.5,O,+310,https://sportsbook.draftkings.com/event/chicago-state-%40-saint-francis-pa/33511820?outcomes=0OU83106956O15550_1
2026-01-23 17:09:11,"St Francis Red Flash vs Chicago State Cougars, 2026-01-23, 07",St Francis Red Flash,Chicago State Cougars,draftkings,Total,,155.5,U,-445,https://sportsbook.draftkings.com/event/chicago-state-%40-saint-francis-pa/33511820?outcomes=0OU83106956U15550_3
2026-01-23 17:09:11,"St Francis Red Flash vs Chicago State Cougars, 2026-01-23, 07",St Francis Red Flash,Chicago State Cougars,draftkings,Total,,148.5,O,+154,https://sportsbook.draftkings.com/event/chicago-state-%40-saint-francis-pa/33511820?outcomes=0OU83106956O14850_1
2026-01-23 17:09:11,"St Francis Red Flash vs Chicago State Cougars, 2026-01-23, 07",St Francis Red Flash,Chicago State Cougars,draftkings,Total,,147.5,U,-180,https://sportsbook.draftkings.com/event/chicago-state-%40-saint-francis-pa/33511820?outcomes=0OU83106956U14750_3
2026-01-23 17:09:11,"St Francis Red Flash vs Chicago State Cougars, 2026-01-23, 07",St Francis Red Flash,Chicago State Cougars,draftkings,Total,,147.5,O,+140,https://sportsbook.draftkings.com/event/chicago-state-%40-saint-francis-pa/33511820?outcomes=0OU83106956O14750_1
2026-01-23 17:09:11,"St Francis Red Flash vs Chicago State Cougars, 2026-01-23, 07",St Francis Red Flash,Chicago State Cougars,draftkings,Total,,146.5,U,-160,https://sportsbook.draftkings.com/event/chicago-state-%40-saint-francis-pa/33511820?outcomes=0OU83106956U14650_3
2026-01-23 17:09:11,"St Francis Red Flash vs Chicago State Cougars, 2026-01-23, 07",St Francis Red Flash,Chicago State Cougars,draftkings,Total,,134.5,U,+210,https://sportsbook.draftkings.com/event/chicago-state-%40-saint-francis-pa/33511820?outcomes=0OU83106956U13450_3
2026-01-23 17:09:11,"St Francis Red Flash vs Chicago State Cougars, 2026-01-23, 07",St Francis Red Flash,Chicago State Cougars,draftkings,Total,,135.5,O,-260,https://sportsbook.draftkings.com/event/chicago-state-%40-saint-francis-pa/33511820?outcomes=0OU83106956O13550_1
2026-01-23 17:09:11,"St Francis Red Flash vs Chicago State Cougars, 2026-01-23, 07",St Francis Red Flash,Chicago State Cougars,draftkings,Total,,135.5,U,+195,https://sportsbook.draftkings.com/event/chicago-state-%40-saint-francis-pa/33511820?outcomes=0OU83106956U13550_3
2026-01-23 17:09:11,"St Francis Red Flash vs Chicago State Cougars, 2026-01-23, 07",St Francis Red Flash,Chicago State Cougars,draftkings,Total,,136.5,O,-230,https://sportsbook.draftkings.com/event/chicago-state-%40-saint-francis-pa/33511820?outcomes=0OU83106956O13650_1
2026-01-23 17:09:11,"St Francis Red Flash vs Chicago State Cougars, 2026-01-23, 07",St Francis Red Flash,Chicago State Cougars,draftkings,Total,,136.5,U,+175,https://sportsbook.draftkings.com/event/chicago-state-%40-saint-francis-pa/33511820?outcomes=0OU83106956U13650_3
2026-01-23 17:09:11,"St Francis Red Flash vs Chicago State Cougars, 2026-01-23, 07",St Francis Red Flash,Chicago State Cougars,draftkings,Total,,137.5,O,-210,https://sportsbook.draftkings.com/event/chicago-state-%40-saint-francis-pa/33511820?outcomes=0OU83106956O13750_1
2026-01-23 17:09:11,"St Francis Red Flash vs Chicago State Cougars, 2026-01-23, 07",St Francis Red Flash,Chicago State Cougars,draftkings,Total,,137.5,U,+160,https://sportsbook.draftkings.com/event/chicago-state-%40-saint-francis-pa/33511820?outcomes=0OU83106956U13750_3
2026-01-23 17:09:11,"St Francis Red Flash vs Chicago State Cougars, 2026-01-23, 07",St Francis Red Flash,Chicago State Cougars,draftkings,Total,,138.5,O,-188,https://sportsbook.draftkings.com/event/chicago-state-%40-saint-francis-pa/33511820?outcomes=0OU83106956O13850_1
2026-01-23 17:09:11,"St Francis Red Flash vs Chicago State Cougars, 2026-01-23, 07",St Francis Red Flash,Chicago State Cougars,draftkings,Total,,138.5,U,+145,https://sportsbook.draftkings.com/event/chicago-state-%40-saint-francis-pa/33511820?outcomes=0OU83106956U13850_3
2026-01-23 17:09:11,"St Francis Red Flash vs Chicago State Cougars, 2026-01-23, 07",St Francis Red Flash,Chicago State Cougars,draftkings,Total,,139.5,O,-160,https://sportsbook.draftkings.com/event/chicago-state-%40-saint-francis-pa/33511820?outcomes=0OU83106956O13950_1
2026-01-23 17:09:11,"St Francis Red Flash vs Chicago State Cougars, 2026-01-23, 07",St Francis Red Flash,Chicago State Cougars,draftkings,Total,,133.5,U,+240,https://sportsbook.draftkings.com/event/chicago-state-%40-saint-francis-pa/33511820?outcomes=0OU83106956U13350_3
2026-01-23 17:09:11,"St Francis Red Flash vs Chicago State Cougars, 2026-01-23, 07",St Francis Red Flash,Chicago State Cougars,draftkings,Total,,139.5,U,+124,https://sportsbook.draftkings.com/event/chicago-state-%40-saint-francis-pa/33511820?outcomes=0OU83106956U13950_3
2026-01-23 17:09:11,"St Francis Red Flash vs Chicago State Cougars, 2026-01-23, 07",St Francis Red Flash,Chicago State Cougars,draftkings,Total,,140.5,U,+114,https://sportsbook.draftkings.com/event/chicago-state-%40-saint-francis-pa/33511820?outcomes=0OU83106956U14050_3
2026-01-23 17:09:11,"St Francis Red Flash vs Chicago State Cougars, 2026-01-23, 07",St Francis Red Flash,Chicago State Cougars,draftkings,Total,,141.5,O,-135,https://sportsbook.draftkings.com/event/chicago-state-%40-saint-francis-pa/33511820?outcomes=0OU83106956O14150_1
2026-01-23 17:09:11,"St Francis Red Flash vs Chicago State Cougars, 2026-01-23, 07",St Francis Red Flash,Chicago State Cougars,draftkings,Total,,141.5,U,+105,https://sportsbook.draftkings.com/event/chicago-state-%40-saint-francis-pa/33511820?outcomes=0OU83106956U14150_3
2026-01-23 17:09:11,"St Francis Red Flash vs Chicago State Cougars, 2026-01-23, 07",St Francis Red Flash,Chicago State Cougars,draftkings,Total,,142.5,O,-125,https://sportsbook.draftkings.com/event/chicago-state-%40-saint-francis-pa/33511820?outcomes=0OU83106956O14250_1
2026-01-23 17:09:11,"St Francis Red Flash vs Chicago State Cougars, 2026-01-23, 07",St Francis Red Flash,Chicago State Cougars,draftkings,Total,,142.5,U,-105,https://sportsbook.draftkings.com/event/chicago-state-%40-saint-francis-pa/33511820?outcomes=0OU83106956U14250_3
2026-01-23 17:09:11,"St Francis Red Flash vs Chicago State Cougars, 2026-01-23, 07",St Francis Red Flash,Chicago State Cougars,draftkings,Total,,144.5,O,+100,https://sportsbook.draftkings.com/event/chicago-state-%40-saint-francis-pa/33511820?outcomes=0OU83106956O14450_1
2026-01-23 17:09:11,"St Francis Red Flash vs Chicago State Cougars, 2026-01-23, 07",St Francis Red Flash,Chicago State Cougars,draftkings,Total,,144.5,U,-130,https://sportsbook.draftkings.com/event/chicago-state-%40-saint-francis-pa/33511820?outcomes=0OU83106956U14450_3
2026-01-23 17:09:11,"St Francis Red Flash vs Chicago State Cougars, 2026-01-23, 07",St Francis Red Flash,Chicago State Cougars,draftkings,Total,,145.5,O,+114,https://sportsbook.draftkings.com/event/chicago-state-%40-saint-francis-pa/33511820?outcomes=0OU83106956O14550_1
2026-01-23 17:09:11,"St Francis Red Flash vs Chicago State Cougars, 2026-01-23, 07",St Francis Red Flash,Chicago State Cougars,draftkings,Total,,145.5,U,-145,https://sportsbook.draftkings.com/event/chicago-state-%40-saint-francis-pa/33511820?outcomes=0OU83106956U14550_3
2026-01-23 17:09:11,"St Francis Red Flash vs Chicago State Cougars, 2026-01-23, 07",St Francis Red Flash,Chicago State Cougars,draftkings,Total,,146.5,O,+124,https://sportsbook.draftkings.com/event/chicago-state-%40-saint-francis-pa/33511820?outcomes=0OU83106956O14650_1
2026-01-23 17:09:11,"St Francis Red Flash vs Chicago State Cougars, 2026-01-23, 07",St Francis Red Flash,Chicago State Cougars,draftkings,Total,,140.5,O,-145,https://sportsbook.draftkings.com/event/chicago-state-%40-saint-francis-pa/33511820?outcomes=0OU83106956O14050_1
2026-01-23 17:09:11,"St. Bonaventure Bonnies vs Saint Louis Billikens, 2026-01-23, 05",St. Bonaventure Bonnies,Saint Louis Billikens,draftkings,Spread,Saint Louis Billikens,-7.5,,-105,https://sportsbook.draftkings.com/event/saint-louis-%40-saint-bonaventure/33510243?outcomes=0HC83102586N750_3
2026-01-23 17:09:11,"St. Bonaventure Bonnies vs Saint Louis Billikens, 2026-01-23, 05",St. Bonaventure Bonnies,Saint Louis Billikens,betonline,Spread,St. Bonaventure Bonnies,7.0,,-106,
2026-01-23 17:09:11,"St. Bonaventure Bonnies vs Saint Louis Billikens, 2026-01-23, 05",St. Bonaventure Bonnies,Saint Louis Billikens,betonline,Spread,Saint Louis Billikens,-7.0,,-114,
2026-01-23 17:09:11,"St. Bonaventure Bonnies vs Saint Louis Billikens, 2026-01-23, 05",St. Bonaventure Bonnies,Saint Louis Billikens,fanduel,Spread,Saint Louis Billikens,2.5,,-500,https://sportsbook.fanduel.ca/addToBetslip?marketId=801.154155900&selectionId=3602702
2026-01-23 17:09:11,"St. Bonaventure Bonnies vs Saint Louis Billikens, 2026-01-23, 05",St. Bonaventure Bonnies,Saint Louis Billikens,fanduel,Spread,St. Bonaventure Bonnies,-2.5,,+340,https://sportsbook.fanduel.ca/addToBetslip?marketId=801.154155900&selectionId=701609
2026-01-23 17:09:11,"St. Bonaventure Bonnies vs Saint Louis Billikens, 2026-01-23, 05",St. Bonaventure Bonnies,Saint Louis Billikens,fanduel,Spread,Saint Louis Billikens,-3.5,,-200,https://sportsbook.fanduel.ca/addToBetslip?marketId=801.154155909&selectionId=3602702
2026-01-23 17:09:11,"St. Bonaventure Bonnies vs Saint Louis Billikens, 2026-01-23, 05",St. Bonaventure Bonnies,Saint Louis Billikens,fanduel,Spread,St. Bonaventure Bonnies,3.5,,+154,https://sportsbook.fanduel.ca/addToBetslip?marketId=801.154155909&selectionId=701609
2026-01-23 17:09:11,"St. Bonaventure Bonnies vs Saint Louis Billikens, 2026-01-23, 05",St. Bonaventure Bonnies,Saint Louis Billikens,fanduel,Spread,Saint Louis Billikens,-15.5,,+310,https://sportsbook.fanduel.ca/addToBetslip?marketId=801.154155945&selectionId=3602702
2026-01-23 17:09:11,"St. Bonaventure Bonnies vs Saint Louis Billikens, 2026-01-23, 05",St. Bonaventure Bonnies,Saint Louis Billikens,fanduel,Spread,St. Bonaventure Bonnies,15.5,,-440,https://sportsbook.fanduel.ca/addToBetslip?marketId=801.154155945&selectionId=701609
2026-01-23 17:09:11,"St. Bonaventure Bonnies vs Saint Louis Billikens, 2026-01-23, 05",St. Bonaventure Bonnies,Saint Louis Billikens,fanduel,Spread,Saint Louis Billikens,-9.5,,+136,https://sportsbook.fanduel.ca/addToBetslip?marketId=801.154155908&selectionId=3602702
2026-01-23 17:09:11,"St. Bonaventure Bonnies vs Saint Louis Billikens, 2026-01-23, 05",St. Bonaventure Bonnies,Saint Louis Billikens,fanduel,Spread,St. Bonaventure Bonnies,9.5,,-178,https://sportsbook.fanduel.ca/addToBetslip?marketId=801.154155908&selectionId=701609
2026-01-23 17:09:11,"St. Bonaventure Bonnies vs Saint Louis Billikens, 2026-01-23, 05",St. Bonaventure Bonnies,Saint Louis Billikens,fanduel,Spread,St. Bonaventure Bonnies,12.5,,-290,https://sportsbook.fanduel.ca/addToBetslip?marketId=801.154155920&selectionId=701609
2026-01-23 17:09:11,"St. Bonaventure Bonnies vs Saint Louis Billikens, 2026-01-23, 05",St. Bonaventure Bonnies,Saint Louis Billikens,fanduel,Spread,Saint Louis Billikens,-12.5,,+215,https://sportsbook.fanduel.ca/addToBetslip?marketId=801.154155920&selectionId=3602702
2026-01-23 17:09:11,"St. Bonaventure Bonnies vs Saint Louis Billikens, 2026-01-23, 05",St. Bonaventure Bonnies,Saint Louis Billikens,fanduel,Spread,St. Bonaventure Bonnies,0.5,,+255,https://sportsbook.fanduel.ca/addToBetslip?marketId=801.154155944&selectionId=701609
2026-01-23 17:09:11,"St. Bonaventure Bonnies vs Saint Louis Billikens, 2026-01-23, 05",St. Bonaventure Bonnies,Saint Louis Billikens,fanduel,Spread,Saint Louis Billikens,-0.5,,-350,https://sportsbook.fanduel.ca/addToBetslip?marketId=801.154155944&selectionId=3602702
2026-01-23 17:09:11,"St. Bonaventure Bonnies vs Saint Louis Billikens, 2026-01-23, 05",St. Bonaventure Bonnies,Saint Louis Billikens,fanduel,Spread,Saint Louis Billikens,-7.5,,+100,https://sportsbook.fanduel.ca/addToBetslip?marketId=801.152943070&selectionId=3602702
2026-01-23 17:09:11,"St. Bonaventure Bonnies vs Saint Louis Billikens, 2026-01-23, 05",St. Bonaventure Bonnies,Saint Louis Billikens,fanduel,Spread,St. Bonaventure Bonnies,7.5,,-122,https://sportsbook.fanduel.ca/addToBetslip?marketId=801.152943070&selectionId=701609
2026-01-23 17:09:11,"St. Bonaventure Bonnies vs Saint Louis Billikens, 2026-01-23, 05",St. Bonaventure Bonnies,Saint Louis Billikens,draftkings,Spread,Saint Louis Billikens,-6.5,,-126,https://sportsbook.draftkings.com/event/saint-louis-%40-saint-bonaventure/33510243?outcomes=0HC83106932N650_3
2026-01-23 17:09:11,"St. Bonaventure Bonnies vs Saint Louis Billikens, 2026-01-23, 05",St. Bonaventure Bonnies,Saint Louis Billikens,draftkings,Spread,St. Bonaventure Bonnies,6.5,,-108,https://sportsbook.draftkings.com/event/saint-louis-%40-saint-bonaventure/33510243?outcomes=0HC83106932P650_1
2026-01-23 17:09:11,"St. Bonaventure Bonnies vs Saint Louis Billikens, 2026-01-23, 05",St. Bonaventure Bonnies,Saint Louis Billikens,draftkings,Spread,Saint Louis Billikens,-5.5,,-143,https://sportsbook.draftkings.com/event/saint-louis-%40-saint-bonaventure/33510243?outcomes=0HC83106932N550_3
2026-01-23 17:09:11,"St. Bonaventure Bonnies vs Saint Louis Billikens, 2026-01-23, 05",St. Bonaventure Bonnies,Saint Louis Billikens,draftkings,Spread,St. Bonaventure Bonnies,5.5,,+105,https://sportsbook.draftkings.com/event/saint-louis-%40-saint-bonaventure/33510243?outcomes=0HC83106932P550_1
2026-01-23 17:09:11,"St. Bonaventure Bonnies vs Saint Louis Billikens, 2026-01-23, 05",St. Bonaventure Bonnies,Saint Louis Billikens,draftkings,Spread,Saint Louis Billikens,-4.5,,-168,https://sportsbook.draftkings.com/event/saint-louis-%40-saint-bonaventure/33510243?outcomes=0HC83106932N450_3
2026-01-23 17:09:11,"St. Bonaventure Bonnies vs Saint Louis Billikens, 2026-01-23, 05",St. Bonaventure Bonnies,Saint Louis Billikens,draftkings,Spread,St. Bonaventure Bonnies,4.5,,+122,https://sportsbook.draftkings.com/event/saint-louis-%40-saint-bonaventure/33510243?outcomes=0HC83106932P450_1
2026-01-23 17:09:11,"St. Bonaventure Bonnies vs Saint Louis Billikens, 2026-01-23, 05",St. Bonaventure Bonnies,Saint Louis Billikens,draftkings,Spread,Saint Louis Billikens,-3.5,,-197,https://sportsbook.draftkings.com/event/saint-louis-%40-saint-bonaventure/33510243?outcomes=0HC83106932N350_3
2026-01-23 17:09:11,"St. Bonaventure Bonnies vs Saint Louis Billikens, 2026-01-23, 05",St. Bonaventure Bonnies,Saint Louis Billikens,draftkings,Spread,St. Bonaventure Bonnies,3.5,,+142,https://sportsbook.draftkings.com/event/saint-louis-%40-saint-bonaventure/33510243?outcomes=0HC83106932P350_1
2026-01-23 17:09:11,"St. Bonaventure Bonnies vs Saint Louis Billikens, 2026-01-23, 05",St. Bonaventure Bonnies,Saint Louis Billikens,draftkings,Spread,Saint Louis Billikens,-2.5,,-242,https://sportsbook.draftkings.com/event/saint-louis-%40-saint-bonaventure/33510243?outcomes=0HC83106932N250_3
2026-01-23 17:09:11,"St. Bonaventure Bonnies vs Saint Louis Billikens, 2026-01-23, 05",St. Bonaventure Bonnies,Saint Louis Billikens,draftkings,Spread,St. Bonaventure Bonnies,2.5,,+171,https://sportsbook.draftkings.com/event/saint-louis-%40-saint-bonaventure/33510243?outcomes=0HC83106932P250_1
2026-01-23 17:09:11,"St. Bonaventure Bonnies vs Saint Louis Billikens, 2026-01-23, 05",St. Bonaventure Bonnies,Saint Louis Billikens,draftkings,Spread,Saint Louis Billikens,-1.5,,-310,https://sportsbook.draftkings.com/event/saint-louis-%40-saint-bonaventure/33510243?outcomes=0HC83106932N150_3
2026-01-23 17:09:11,"St. Bonaventure Bonnies vs Saint Louis Billikens, 2026-01-23, 05",St. Bonaventure Bonnies,Saint Louis Billikens,draftkings,Spread,St. Bonaventure Bonnies,1.5,,+213,https://sportsbook.draftkings.com/event/saint-louis-%40-saint-bonaventure/33510243?outcomes=0HC83106932P150_1
2026-01-23 17:09:11,"St. Bonaventure Bonnies vs Saint Louis Billikens, 2026-01-23, 05",St. Bonaventure Bonnies,Saint Louis Billikens,draftkings,Spread,Saint Louis Billikens,1.5,,-444,https://sportsbook.draftkings.com/event/saint-louis-%40-saint-bonaventure/33510243?outcomes=0HC83106932P150_3
2026-01-23 17:09:11,"St. Bonaventure Bonnies vs Saint Louis Billikens, 2026-01-23, 05",St. Bonaventure Bonnies,Saint Louis Billikens,draftkings,Spread,St. Bonaventure Bonnies,-1.5,,+286,https://sportsbook.draftkings.com/event/saint-louis-%40-saint-bonaventure/33510243?outcomes=0HC83106932N150_1
2026-01-23 17:09:11,"St. Bonaventure Bonnies vs Saint Louis Billikens, 2026-01-23, 05",St. Bonaventure Bonnies,Saint Louis Billikens,draftkings,Spread,Saint Louis Billikens,2.5,,-536,https://sportsbook.draftkings.com/event/saint-louis-%40-saint-bonaventure/33510243?outcomes=0HC83106932P250_3
2026-01-23 17:09:11,"St. Bonaventure Bonnies vs Saint Louis Billikens, 2026-01-23, 05",St. Bonaventure Bonnies,Saint Louis Billikens,draftkings,Spread,St. Bonaventure Bonnies,-2.5,,+330,https://sportsbook.draftkings.com/event/saint-louis-%40-saint-bonaventure/33510243?outcomes=0HC83106932N250_1
2026-01-23 17:09:11,"St. Bonaventure Bonnies vs Saint Louis Billikens, 2026-01-23, 05",St. Bonaventure Bonnies,Saint Louis Billikens,draftkings,Spread,Saint Louis Billikens,3.5,,-660,https://sportsbook.draftkings.com/event/saint-louis-%40-saint-bonaventure/33510243?outcomes=0HC83106932P350_3
2026-01-23 17:09:11,"St. Bonaventure Bonnies vs Saint Louis Billikens, 2026-01-23, 05",St. Bonaventure Bonnies,Saint Louis Billikens,draftkings,Spread,St. Bonaventure Bonnies,-3.5,,+384,https://sportsbook.draftkings.com/event/saint-louis-%40-saint-bonaventure/33510243?outcomes=0HC83106932N350_1
2026-01-23 17:09:11,"St. Bonaventure Bonnies vs Saint Louis Billikens, 2026-01-23, 05",St. Bonaventure Bonnies,Saint Louis Billikens,draftkings,Spread,Saint Louis Billikens,4.5,,-770,https://sportsbook.draftkings.com/event/saint-louis-%40-saint-bonaventure/33510243?outcomes=0HC83106932P450_3
2026-01-23 17:09:11,"St. Bonaventure Bonnies vs Saint Louis Billikens, 2026-01-23, 05",St. Bonaventure Bonnies,Saint Louis Billikens,draftkings,Spread,St. Bonaventure Bonnies,-4.5,,+425,https://sportsbook.draftkings.com/event/saint-louis-%40-saint-bonaventure/33510243?outcomes=0HC83106932N450_1
2026-01-23 17:09:11,"St. Bonaventure Bonnies vs Saint Louis Billikens, 2026-01-23, 05",St. Bonaventure Bonnies,Saint Louis Billikens,draftkings,Spread,Saint Louis Billikens,5.5,,-900,https://sportsbook.draftkings.com/event/saint-louis-%40-saint-bonaventure/33510243?outcomes=0HC83106932P550_3
2026-01-23 17:09:11,"St. Bonaventure Bonnies vs Saint Louis Billikens, 2026-01-23, 05",St. Bonaventure Bonnies,Saint Louis Billikens,draftkings,Spread,St. Bonaventure Bonnies,8.5,,-141,https://sportsbook.draftkings.com/event/saint-louis-%40-saint-bonaventure/33510243?outcomes=0HC83106932P850_1
2026-01-23 17:09:11,"St. Bonaventure Bonnies vs Saint Louis Billikens, 2026-01-23, 05",St. Bonaventure Bonnies,Saint Louis Billikens,draftkings,Spread,St. Bonaventure Bonnies,-5.5,,+470,https://sportsbook.draftkings.com/event/saint-louis-%40-saint-bonaventure/33510243?outcomes=0HC83106932N550_1
2026-01-23 17:09:11,"St. Bonaventure Bonnies vs Saint Louis Billikens, 2026-01-23, 05",St. Bonaventure Bonnies,Saint Louis Billikens,draftkings,Spread,Saint Louis Billikens,-8.5,,+103,https://sportsbook.draftkings.com/event/saint-louis-%40-saint-bonaventure/33510243?outcomes=0HC83106932N850_3
2026-01-23 17:09:11,"St. Bonaventure Bonnies vs Saint Louis Billikens, 2026-01-23, 05",St. Bonaventure Bonnies,Saint Louis Billikens,draftkings,Spread,Saint Louis Billikens,-9.5,,+119,https://sportsbook.draftkings.com/event/saint-louis-%40-saint-bonaventure/33510243?outcomes=0HC83106932N950_3
2026-01-23 17:09:11,"St. Bonaventure Bonnies vs Saint Louis Billikens, 2026-01-23, 05",St. Bonaventure Bonnies,Saint Louis Billikens,draftkings,Spread,St. Bonaventure Bonnies,7.5,,-115,https://sportsbook.draftkings.com/event/saint-louis-%40-saint-bonaventure/33510243?outcomes=0HC83102586P750_1
2026-01-23 17:09:11,"St. Bonaventure Bonnies vs Saint Louis Billikens, 2026-01-23, 05",St. Bonaventure Bonnies,Saint Louis Billikens,draftkings,Spread,Saint Louis Billikens,-19.5,,+479,https://sportsbook.draftkings.com/event/saint-louis-%40-saint-bonaventure/33510243?outcomes=0HC83106932N1950_3
2026-01-23 17:09:11,"St. Bonaventure Bonnies vs Saint Louis Billikens, 2026-01-23, 05",St. Bonaventure Bonnies,Saint Louis Billikens,draftkings,Spread,St. Bonaventure Bonnies,19.5,,-930,https://sportsbook.draftkings.com/event/saint-louis-%40-saint-bonaventure/33510243?outcomes=0HC83106932P1950_1
2026-01-23 17:09:11,"St. Bonaventure Bonnies vs Saint Louis Billikens, 2026-01-23, 05",St. Bonaventure Bonnies,Saint Louis Billikens,draftkings,Spread,Saint Louis Billikens,-18.5,,+413,https://sportsbook.draftkings.com/event/saint-louis-%40-saint-bonaventure/33510243?outcomes=0HC83106932N1850_3
2026-01-23 17:09:11,"St. Bonaventure Bonnies vs Saint Louis Billikens, 2026-01-23, 05",St. Bonaventure Bonnies,Saint Louis Billikens,draftkings,Spread,St. Bonaventure Bonnies,18.5,,-740,https://sportsbook.draftkings.com/event/saint-louis-%40-saint-bonaventure/33510243?outcomes=0HC83106932P1850_1
2026-01-23 17:09:11,"St. Bonaventure Bonnies vs Saint Louis Billikens, 2026-01-23, 05",St. Bonaventure Bonnies,Saint Louis Billikens,draftkings,Spread,Saint Louis Billikens,-17.5,,+372,https://sportsbook.draftkings.com/event/saint-louis-%40-saint-bonaventure/33510243?outcomes=0HC83106932N1750_3
2026-01-23 17:09:11,"St. Bonaventure Bonnies vs Saint Louis Billikens, 2026-01-23, 05",St. Bonaventure Bonnies,Saint Louis Billikens,draftkings,Spread,St. Bonaventure Bonnies,17.5,,-630,https://sportsbook.draftkings.com/event/saint-louis-%40-saint-bonaventure/33510243?outcomes=0HC83106932P1750_1
2026-01-23 17:09:11,"St. Bonaventure Bonnies vs Saint Louis Billikens, 2026-01-23, 05",St. Bonaventure Bonnies,Saint Louis Billikens,draftkings,Spread,Saint Louis Billikens,-16.5,,+327,https://sportsbook.draftkings.com/event/saint-louis-%40-saint-bonaventure/33510243?outcomes=0HC83106932N1650_3
2026-01-23 17:09:11,"St. Bonaventure Bonnies vs Saint Louis Billikens, 2026-01-23, 05",St. Bonaventure Bonnies,Saint Louis Billikens,draftkings,Spread,St. Bonaventure Bonnies,16.5,,-530,https://sportsbook.draftkings.com/event/saint-louis-%40-saint-bonaventure/33510243?outcomes=0HC83106932P1650_1
2026-01-23 17:09:11,"St. Bonaventure Bonnies vs Saint Louis Billikens, 2026-01-23, 05",St. Bonaventure Bonnies,Saint Louis Billikens,draftkings,Spread,Saint Louis Billikens,-15.5,,+285,https://sportsbook.draftkings.com/event/saint-louis-%40-saint-bonaventure/33510243?outcomes=0HC83106932N1550_3
2026-01-23 17:09:11,"St. Bonaventure Bonnies vs Saint Louis Billikens, 2026-01-23, 05",St. Bonaventure Bonnies,Saint Louis Billikens,draftkings,Spread,St. Bonaventure Bonnies,15.5,,-443,https://sportsbook.draftkings.com/event/saint-louis-%40-saint-bonaventure/33510243?outcomes=0HC83106932P1550_1
2026-01-23 17:09:11,"St. Bonaventure Bonnies vs Saint Louis Billikens, 2026-01-23, 05",St. Bonaventure Bonnies,Saint Louis Billikens,draftkings,Spread,Saint Louis Billikens,-14.5,,+243,https://sportsbook.draftkings.com/event/saint-louis-%40-saint-bonaventure/33510243?outcomes=0HC83106932N1450_3
2026-01-23 17:09:11,"St. Bonaventure Bonnies vs Saint Louis Billikens, 2026-01-23, 05",St. Bonaventure Bonnies,Saint Louis Billikens,draftkings,Spread,St. Bonaventure Bonnies,14.5,,-363,https://sportsbook.draftkings.com/event/saint-louis-%40-saint-bonaventure/33510243?outcomes=0HC83106932P1450_1
2026-01-23 17:09:11,"St. Bonaventure Bonnies vs Saint Louis Billikens, 2026-01-23, 05",St. Bonaventure Bonnies,Saint Louis Billikens,draftkings,Spread,Saint Louis Billikens,-13.5,,+210,https://sportsbook.draftkings.com/event/saint-louis-%40-saint-bonaventure/33510243?outcomes=0HC83106932N1350_3
2026-01-23 17:09:11,"St. Bonaventure Bonnies vs Saint Louis Billikens, 2026-01-23, 05",St. Bonaventure Bonnies,Saint Louis Billikens,draftkings,Spread,St. Bonaventure Bonnies,13.5,,-306,https://sportsbook.draftkings.com/event/saint-louis-%40-saint-bonaventure/33510243?outcomes=0HC83106932P1350_1
2026-01-23 17:09:11,"St. Bonaventure Bonnies vs Saint Louis Billikens, 2026-01-23, 05",St. Bonaventure Bonnies,Saint Louis Billikens,draftkings,Spread,Saint Louis Billikens,-12.5,,+184,https://sportsbook.draftkings.com/event/saint-louis-%40-saint-bonaventure/33510243?outcomes=0HC83106932N1250_3
2026-01-23 17:09:11,"St. Bonaventure Bonnies vs Saint Louis Billikens, 2026-01-23, 05",St. Bonaventure Bonnies,Saint Louis Billikens,draftkings,Spread,St. Bonaventure Bonnies,12.5,,-262,https://sportsbook.draftkings.com/event/saint-louis-%40-saint-bonaventure/33510243?outcomes=0HC83106932P1250_1
2026-01-23 17:09:11,"St. Bonaventure Bonnies vs Saint Louis Billikens, 2026-01-23, 05",St. Bonaventure Bonnies,Saint Louis Billikens,draftkings,Spread,Saint Louis Billikens,-11.5,,+162,https://sportsbook.draftkings.com/event/saint-louis-%40-saint-bonaventure/33510243?outcomes=0HC83106932N1150_3
2026-01-23 17:09:11,"St. Bonaventure Bonnies vs Saint Louis Billikens, 2026-01-23, 05",St. Bonaventure Bonnies,Saint Louis Billikens,draftkings,Spread,St. Bonaventure Bonnies,11.5,,-228,https://sportsbook.draftkings.com/event/saint-louis-%40-saint-bonaventure/33510243?outcomes=0HC83106932P1150_1
2026-01-23 17:09:11,"St. Bonaventure Bonnies vs Saint Louis Billikens, 2026-01-23, 05",St. Bonaventure Bonnies,Saint Louis Billikens,draftkings,Spread,Saint Louis Billikens,-10.5,,+140,https://sportsbook.draftkings.com/event/saint-louis-%40-saint-bonaventure/33510243?outcomes=0HC83106932N1050_3
2026-01-23 17:09:11,"St. Bonaventure Bonnies vs Saint Louis Billikens, 2026-01-23, 05",St. Bonaventure Bonnies,Saint Louis Billikens,draftkings,Spread,St. Bonaventure Bonnies,10.5,,-193,https://sportsbook.draftkings.com/event/saint-louis-%40-saint-bonaventure/33510243?outcomes=0HC83106932P1050_1
2026-01-23 17:09:11,"St. Bonaventure Bonnies vs Saint Louis Billikens, 2026-01-23, 05",St. Bonaventure Bonnies,Saint Louis Billikens,draftkings,Spread,St. Bonaventure Bonnies,9.5,,-164,https://sportsbook.draftkings.com/event/saint-louis-%40-saint-bonaventure/33510243?outcomes=0HC83106932P950_1
2026-01-23 17:09:11,"St. Bonaventure Bonnies vs Saint Louis Billikens, 2026-01-23, 05",St. Bonaventure Bonnies,Saint Louis Billikens,draftkings,Spread,Saint Louis Billikens,6.5,,-1060,https://sportsbook.draftkings.com/event/saint-louis-%40-saint-bonaventure/33510243?outcomes=0HC83106932P650_3
2026-01-23 17:09:11,"St. Bonaventure Bonnies vs Saint Louis Billikens, 2026-01-23, 05",St. Bonaventure Bonnies,Saint Louis Billikens,draftkings,Spread,St. Bonaventure Bonnies,-6.5,,+518,https://sportsbook.draftkings.com/event/saint-louis-%40-saint-bonaventure/33510243?outcomes=0HC83106932N650_1
2026-01-23 17:09:11,"St. Bonaventure Bonnies vs Saint Louis Billikens, 2026-01-23, 05",St. Bonaventure Bonnies,Saint Louis Billikens,pinnacle,Spread,St. Bonaventure Bonnies,7.5,,-118,
2026-01-23 17:09:11,"St. Bonaventure Bonnies vs Saint Louis Billikens, 2026-01-23, 05",St. Bonaventure Bonnies,Saint Louis Billikens,pinnacle,Spread,Saint Louis Billikens,-7.5,,-103,
2026-01-23 17:09:11,"St. Bonaventure Bonnies vs Saint Louis Billikens, 2026-01-23, 05",St. Bonaventure Bonnies,Saint Louis Billikens,pinnacle,Spread,St. Bonaventure Bonnies,7.0,,-106,
2026-01-23 17:09:11,"St. Bonaventure Bonnies vs Saint Louis Billikens, 2026-01-23, 05",St. Bonaventure Bonnies,Saint Louis Billikens,pinnacle,Spread,Saint Louis Billikens,-7.0,,-110,
2026-01-23 17:09:11,"St. Bonaventure Bonnies vs Saint Louis Billikens, 2026-01-23, 05",St. Bonaventure Bonnies,Saint Louis Billikens,pinnacle,Spread,St. Bonaventure Bonnies,6.5,,+101,
2026-01-23 17:09:11,"St. Bonaventure Bonnies vs Saint Louis Billikens, 2026-01-23, 05",St. Bonaventure Bonnies,Saint Louis Billikens,pinnacle,Spread,Saint Louis Billikens,-6.5,,-122,
2026-01-23 17:09:11,"St. Bonaventure Bonnies vs Saint Louis Billikens, 2026-01-23, 05",St. Bonaventure Bonnies,Saint Louis Billikens,pinnacle,Spread,St. Bonaventure Bonnies,6.0,,+109,
2026-01-23 17:09:11,"St. Bonaventure Bonnies vs Saint Louis Billikens, 2026-01-23, 05",St. Bonaventure Bonnies,Saint Louis Billikens,pinnacle,Spread,Saint Louis Billikens,-6.0,,-132,
2026-01-23 17:09:11,"St. Bonaventure Bonnies vs Saint Louis Billikens, 2026-01-23, 05",St. Bonaventure Bonnies,Saint Louis Billikens,pinnacle,Spread,St. Bonaventure Bonnies,5.5,,+117,
2026-01-23 17:09:11,"St. Bonaventure Bonnies vs Saint Louis Billikens, 2026-01-23, 05",St. Bonaventure Bonnies,Saint Louis Billikens,pinnacle,Spread,Saint Louis Billikens,-5.5,,-143,
2026-01-23 17:09:11,"St. Bonaventure Bonnies vs Saint Louis Billikens, 2026-01-23, 05",St. Bonaventure Bonnies,Saint Louis Billikens,pinnacle,Spread,St. Bonaventure Bonnies,5.0,,+125,
2026-01-23 17:09:11,"St. Bonaventure Bonnies vs Saint Louis Billikens, 2026-01-23, 05",St. Bonaventure Bonnies,Saint Louis Billikens,pinnacle,Spread,Saint Louis Billikens,-5.0,,-153,
2026-01-23 17:09:11,"St. Bonaventure Bonnies vs Saint Louis Billikens, 2026-01-23, 05",St. Bonaventure Bonnies,Saint Louis Billikens,pinnacle,Spread,Saint Louis Billikens,-8.0,,+105,
2026-01-23 17:09:11,"St. Bonaventure Bonnies vs Saint Louis Billikens, 2026-01-23, 05",St. Bonaventure Bonnies,Saint Louis Billikens,pinnacle,Spread,St. Bonaventure Bonnies,8.0,,-128,
2026-01-23 17:09:11,"St. Bonaventure Bonnies vs Saint Louis Billikens, 2026-01-23, 05",St. Bonaventure Bonnies,Saint Louis Billikens,pinnacle,Spread,St. Bonaventure Bonnies,8.5,,-138,
2026-01-23 17:09:11,"St. Bonaventure Bonnies vs Saint Louis Billikens, 2026-01-23, 05",St. Bonaventure Bonnies,Saint Louis Billikens,pinnacle,Spread,St. Bonaventure Bonnies,9.0,,-147,
2026-01-23 17:09:11,"St. Bonaventure Bonnies vs Saint Louis Billikens, 2026-01-23, 05",St. Bonaventure Bonnies,Saint Louis Billikens,pinnacle,Spread,Saint Louis Billikens,-9.0,,+121,
2026-01-23 17:09:11,"St. Bonaventure Bonnies vs Saint Louis Billikens, 2026-01-23, 05",St. Bonaventure Bonnies,Saint Louis Billikens,pinnacle,Spread,Saint Louis Billikens,-8.5,,+113,
2026-01-23 17:09:11,"St. Bonaventure Bonnies vs Saint Louis Billikens, 2026-01-23, 05",St. Bonaventure Bonnies,Saint Louis Billikens,betonline,Total,,158.5,U,-110,
2026-01-23 17:09:11,"St. Bonaventure Bonnies vs Saint Louis Billikens, 2026-01-23, 05",St. Bonaventure Bonnies,Saint Louis Billikens,betonline,Total,,158.5,O,-110,
2026-01-23 17:09:11,"St. Bonaventure Bonnies vs Saint Louis Billikens, 2026-01-23, 05",St. Bonaventure Bonnies,Saint Louis Billikens,fanduel,Total,,161.5,O,+122,https://sportsbook.fanduel.ca/addToBetslip?marketId=801.154155964&selectionId=7017823
2026-01-23 17:09:11,"St. Bonaventure Bonnies vs Saint Louis Billikens, 2026-01-23, 05",St. Bonaventure Bonnies,Saint Louis Billikens,fanduel,Total,,161.5,U,-160,https://sportsbook.fanduel.ca/addToBetslip?marketId=801.154155964&selectionId=7017824
2026-01-23 17:09:11,"St. Bonaventure Bonnies vs Saint Louis Billikens, 2026-01-23, 05",St. Bonaventure Bonnies,Saint Louis Billikens,fanduel,Total,,155.5,O,-156,https://sportsbook.fanduel.ca/addToBetslip?marketId=801.154155969&selectionId=7017823
2026-01-23 17:09:11,"St. Bonaventure Bonnies vs Saint Louis Billikens, 2026-01-23, 05",St. Bonaventure Bonnies,Saint Louis Billikens,fanduel,Total,,155.5,U,+120,https://sportsbook.fanduel.ca/addToBetslip?marketId=801.154155969&selectionId=7017824
2026-01-23 17:09:11,"St. Bonaventure Bonnies vs Saint Louis Billikens, 2026-01-23, 05",St. Bonaventure Bonnies,Saint Louis Billikens,fanduel,Total,,149.5,O,-310,https://sportsbook.fanduel.ca/addToBetslip?marketId=801.154155901&selectionId=7017823
2026-01-23 17:09:11,"St. Bonaventure Bonnies vs Saint Louis Billikens, 2026-01-23, 05",St. Bonaventure Bonnies,Saint Louis Billikens,fanduel,Total,,164.5,O,+162,https://sportsbook.fanduel.ca/addToBetslip?marketId=801.154155943&selectionId=7017823
2026-01-23 17:09:11,"St. Bonaventure Bonnies vs Saint Louis Billikens, 2026-01-23, 05",St. Bonaventure Bonnies,Saint Louis Billikens,fanduel,Total,,164.5,U,-215,https://sportsbook.fanduel.ca/addToBetslip?marketId=801.154155943&selectionId=7017824
2026-01-23 17:09:11,"St. Bonaventure Bonnies vs Saint Louis Billikens, 2026-01-23, 05",St. Bonaventure Bonnies,Saint Louis Billikens,fanduel,Total,,167.5,O,+215,https://sportsbook.fanduel.ca/addToBetslip?marketId=801.154155912&selectionId=7017823
2026-01-23 17:09:11,"St. Bonaventure Bonnies vs Saint Louis Billikens, 2026-01-23, 05",St. Bonaventure Bonnies,Saint Louis Billikens,fanduel,Total,,167.5,U,-295,https://sportsbook.fanduel.ca/addToBetslip?marketId=801.154155912&selectionId=7017824
2026-01-23 17:09:11,"St. Bonaventure Bonnies vs Saint Louis Billikens, 2026-01-23, 05",St. Bonaventure Bonnies,Saint Louis Billikens,fanduel,Total,,152.5,O,-220,https://sportsbook.fanduel.ca/addToBetslip?marketId=801.154155928&selectionId=7017823
2026-01-23 17:09:11,"St. Bonaventure Bonnies vs Saint Louis Billikens, 2026-01-23, 05",St. Bonaventure Bonnies,Saint Louis Billikens,fanduel,Total,,152.5,U,+162,https://sportsbook.fanduel.ca/addToBetslip?marketId=801.154155928&selectionId=7017824
2026-01-23 17:09:11,"St. Bonaventure Bonnies vs Saint Louis Billikens, 2026-01-23, 05",St. Bonaventure Bonnies,Saint Louis Billikens,fanduel,Total,,158.5,O,-110,https://sportsbook.fanduel.ca/addToBetslip?marketId=801.154102480&selectionId=7017823
2026-01-23 17:09:11,"St. Bonaventure Bonnies vs Saint Louis Billikens, 2026-01-23, 05",St. Bonaventure Bonnies,Saint Louis Billikens,fanduel,Total,,158.5,U,-110,https://sportsbook.fanduel.ca/addToBetslip?marketId=801.154102480&selectionId=7017824
2026-01-23 17:09:11,"St. Bonaventure Bonnies vs Saint Louis Billikens, 2026-01-23, 05",St. Bonaventure Bonnies,Saint Louis Billikens,fanduel,Total,,149.5,U,+225,https://sportsbook.fanduel.ca/addToBetslip?marketId=801.154155901&selectionId=7017824
2026-01-23 17:09:11,"St. Bonaventure Bonnies vs Saint Louis Billikens, 2026-01-23, 05",St. Bonaventure Bonnies,Saint Louis Billikens,draftkings,Total,,170.5,O,+280,https://sportsbook.draftkings.com/event/saint-louis-%40-saint-bonaventure/33510243?outcomes=0OU83106932O17050_1
2026-01-23 17:09:11,"St. Bonaventure Bonnies vs Saint Louis Billikens, 2026-01-23, 05",St. Bonaventure Bonnies,Saint Louis Billikens,draftkings,Total,,158.5,O,-115,https://sportsbook.draftkings.com/event/saint-louis-%40-saint-bonaventure/33510243?outcomes=0OU83102586O15850_1
2026-01-23 17:09:11,"St. Bonaventure Bonnies vs Saint Louis Billikens, 2026-01-23, 05",St. Bonaventure Bonnies,Saint Louis Billikens,draftkings,Total,,159.5,U,-125,https://sportsbook.draftkings.com/event/saint-louis-%40-saint-bonaventure/33510243?outcomes=0OU83106932U15950_3
2026-01-23 17:09:11,"St. Bonaventure Bonnies vs Saint Louis Billikens, 2026-01-23, 05",St. Bonaventure Bonnies,Saint Louis Billikens,draftkings,Total,,160.5,O,+105,https://sportsbook.draftkings.com/event/saint-louis-%40-saint-bonaventure/33510243?outcomes=0OU83106932O16050_1
2026-01-23 17:09:11,"St. Bonaventure Bonnies vs Saint Louis Billikens, 2026-01-23, 05",St. Bonaventure Bonnies,Saint Louis Billikens,draftkings,Total,,160.5,U,-135,https://sportsbook.draftkings.com/event/saint-louis-%40-saint-bonaventure/33510243?outcomes=0OU83106932U16050_3
2026-01-23 17:09:11,"St. Bonaventure Bonnies vs Saint Louis Billikens, 2026-01-23, 05",St. Bonaventure Bonnies,Saint Louis Billikens,draftkings,Total,,161.5,O,+120,https://sportsbook.draftkings.com/event/saint-louis-%40-saint-bonaventure/33510243?outcomes=0OU83106932O16150_1
2026-01-23 17:09:11,"St. Bonaventure Bonnies vs Saint Louis Billikens, 2026-01-23, 05",St. Bonaventure Bonnies,Saint Louis Billikens,draftkings,Total,,161.5,U,-154,https://sportsbook.draftkings.com/event/saint-louis-%40-saint-bonaventure/33510243?outcomes=0OU83106932U16150_3
2026-01-23 17:09:11,"St. Bonaventure Bonnies vs Saint Louis Billikens, 2026-01-23, 05",St. Bonaventure Bonnies,Saint Louis Billikens,draftkings,Total,,162.5,O,+130,https://sportsbook.draftkings.com/event/saint-louis-%40-saint-bonaventure/33510243?outcomes=0OU83106932O16250_1
2026-01-23 17:09:11,"St. Bonaventure Bonnies vs Saint Louis Billikens, 2026-01-23, 05",St. Bonaventure Bonnies,Saint Louis Billikens,draftkings,Total,,162.5,U,-166,https://sportsbook.draftkings.com/event/saint-louis-%40-saint-bonaventure/33510243?outcomes=0OU83106932U16250_3
2026-01-23 17:09:11,"St. Bonaventure Bonnies vs Saint Louis Billikens, 2026-01-23, 05",St. Bonaventure Bonnies,Saint Louis Billikens,draftkings,Total,,163.5,O,+140,https://sportsbook.draftkings.com/event/saint-louis-%40-saint-bonaventure/33510243?outcomes=0OU83106932O16350_1
2026-01-23 17:09:11,"St. Bonaventure Bonnies vs Saint Louis Billikens, 2026-01-23, 05",St. Bonaventure Bonnies,Saint Louis Billikens,draftkings,Total,,163.5,U,-180,https://sportsbook.draftkings.com/event/saint-louis-%40-saint-bonaventure/33510243?outcomes=0OU83106932U16350_3
2026-01-23 17:09:11,"St. Bonaventure Bonnies vs Saint Louis Billikens, 2026-01-23, 05",St. Bonaventure Bonnies,Saint Louis Billikens,draftkings,Total,,164.5,O,+154,https://sportsbook.draftkings.com/event/saint-louis-%40-saint-bonaventure/33510243?outcomes=0OU83106932O16450_1
2026-01-23 17:09:11,"St. Bonaventure Bonnies vs Saint Louis Billikens, 2026-01-23, 05",St. Bonaventure Bonnies,Saint Louis Billikens,draftkings,Total,,164.5,U,-200,https://sportsbook.draftkings.com/event/saint-louis-%40-saint-bonaventure/33510243?outcomes=0OU83106932U16450_3
2026-01-23 17:09:11,"St. Bonaventure Bonnies vs Saint Louis Billikens, 2026-01-23, 05",St. Bonaventure Bonnies,Saint Louis Billikens,draftkings,Total,,165.5,O,+170,https://sportsbook.draftkings.com/event/saint-louis-%40-saint-bonaventure/33510243?outcomes=0OU83106932O16550_1
2026-01-23 17:09:11,"St. Bonaventure Bonnies vs Saint Louis Billikens, 2026-01-23, 05",St. Bonaventure Bonnies,Saint Louis Billikens,draftkings,Total,,165.5,U,-220,https://sportsbook.draftkings.com/event/saint-louis-%40-saint-bonaventure/33510243?outcomes=0OU83106932U16550_3
2026-01-23 17:09:11,"St. Bonaventure Bonnies vs Saint Louis Billikens, 2026-01-23, 05",St. Bonaventure Bonnies,Saint Louis Billikens,draftkings,Total,,166.5,O,+190,https://sportsbook.draftkings.com/event/saint-louis-%40-saint-bonaventure/33510243?outcomes=0OU83106932O16650_1
2026-01-23 17:09:11,"St. Bonaventure Bonnies vs Saint Louis Billikens, 2026-01-23, 05",St. Bonaventure Bonnies,Saint Louis Billikens,draftkings,Total,,166.5,U,-250,https://sportsbook.draftkings.com/event/saint-louis-%40-saint-bonaventure/33510243?outcomes=0OU83106932U16650_3
2026-01-23 17:09:11,"St. Bonaventure Bonnies vs Saint Louis Billikens, 2026-01-23, 05",St. Bonaventure Bonnies,Saint Louis Billikens,draftkings,Total,,167.5,O,+210,https://sportsbook.draftkings.com/event/saint-louis-%40-saint-bonaventure/33510243?outcomes=0OU83106932O16750_1
2026-01-23 17:09:11,"St. Bonaventure Bonnies vs Saint Louis Billikens, 2026-01-23, 05",St. Bonaventure Bonnies,Saint Louis Billikens,draftkings,Total,,167.5,U,-280,https://sportsbook.draftkings.com/event/saint-louis-%40-saint-bonaventure/33510243?outcomes=0OU83106932U16750_3
2026-01-23 17:09:11,"St. Bonaventure Bonnies vs Saint Louis Billikens, 2026-01-23, 05",St. Bonaventure Bonnies,Saint Louis Billikens,draftkings,Total,,168.5,O,+230,https://sportsbook.draftkings.com/event/saint-louis-%40-saint-bonaventure/33510243?outcomes=0OU83106932O16850_1
2026-01-23 17:09:11,"St. Bonaventure Bonnies vs Saint Louis Billikens, 2026-01-23, 05",St. Bonaventure Bonnies,Saint Louis Billikens,draftkings,Total,,168.5,U,-315,https://sportsbook.draftkings.com/event/saint-louis-%40-saint-bonaventure/33510243?outcomes=0OU83106932U16850_3
2026-01-23 17:09:11,"St. Bonaventure Bonnies vs Saint Louis Billikens, 2026-01-23, 05",St. Bonaventure Bonnies,Saint Louis Billikens,draftkings,Total,,169.5,O,+250,https://sportsbook.draftkings.com/event/saint-louis-%40-saint-bonaventure/33510243?outcomes=0OU83106932O16950_1
2026-01-23 17:09:11,"St. Bonaventure Bonnies vs Saint Louis Billikens, 2026-01-23, 05",St. Bonaventure Bonnies,Saint Louis Billikens,draftkings,Total,,169.5,U,-345,https://sportsbook.draftkings.com/event/saint-louis-%40-saint-bonaventure/33510243?outcomes=0OU83106932U16950_3
2026-01-23 17:09:11,"St. Bonaventure Bonnies vs Saint Louis Billikens, 2026-01-23, 05",St. Bonaventure Bonnies,Saint Louis Billikens,draftkings,Total,,159.5,O,-105,https://sportsbook.draftkings.com/event/saint-louis-%40-saint-bonaventure/33510243?outcomes=0OU83106932O15950_1
2026-01-23 17:09:11,"St. Bonaventure Bonnies vs Saint Louis Billikens, 2026-01-23, 05",St. Bonaventure Bonnies,Saint Louis Billikens,draftkings,Total,,157.5,U,-105,https://sportsbook.draftkings.com/event/saint-louis-%40-saint-bonaventure/33510243?outcomes=0OU83106932U15750_3
2026-01-23 17:09:11,"St. Bonaventure Bonnies vs Saint Louis Billikens, 2026-01-23, 05",St. Bonaventure Bonnies,Saint Louis Billikens,draftkings,Total,,157.5,O,-125,https://sportsbook.draftkings.com/event/saint-louis-%40-saint-bonaventure/33510243?outcomes=0OU83106932O15750_1
2026-01-23 17:09:11,"St. Bonaventure Bonnies vs Saint Louis Billikens, 2026-01-23, 05",St. Bonaventure Bonnies,Saint Louis Billikens,draftkings,Total,,156.5,U,+110,https://sportsbook.draftkings.com/event/saint-louis-%40-saint-bonaventure/33510243?outcomes=0OU83106932U15650_3
2026-01-23 17:09:11,"St. Bonaventure Bonnies vs Saint Louis Billikens, 2026-01-23, 05",St. Bonaventure Bonnies,Saint Louis Billikens,draftkings,Total,,158.5,U,-105,https://sportsbook.draftkings.com/event/saint-louis-%40-saint-bonaventure/33510243?outcomes=0OU83102586U15850_3
2026-01-23 17:09:11,"St. Bonaventure Bonnies vs Saint Louis Billikens, 2026-01-23, 05",St. Bonaventure Bonnies,Saint Louis Billikens,draftkings,Total,,146.5,O,-425,https://sportsbook.draftkings.com/event/saint-louis-%40-saint-bonaventure/33510243?outcomes=0OU83106932O14650_1
2026-01-23 17:09:11,"St. Bonaventure Bonnies vs Saint Louis Billikens, 2026-01-23, 05",St. Bonaventure Bonnies,Saint Louis Billikens,draftkings,Total,,146.5,U,+300,https://sportsbook.draftkings.com/event/saint-louis-%40-saint-bonaventure/33510243?outcomes=0OU83106932U14650_3
2026-01-23 17:09:11,"St. Bonaventure Bonnies vs Saint Louis Billikens, 2026-01-23, 05",St. Bonaventure Bonnies,Saint Louis Billikens,draftkings,Total,,147.5,O,-375,https://sportsbook.draftkings.com/event/saint-louis-%40-saint-bonaventure/33510243?outcomes=0OU83106932O14750_1
2026-01-23 17:09:11,"St. Bonaventure Bonnies vs Saint Louis Billikens, 2026-01-23, 05",St. Bonaventure Bonnies,Saint Louis Billikens,draftkings,Total,,147.5,U,+270,https://sportsbook.draftkings.com/event/saint-louis-%40-saint-bonaventure/33510243?outcomes=0OU83106932U14750_3
2026-01-23 17:09:11,"St. Bonaventure Bonnies vs Saint Louis Billikens, 2026-01-23, 05",St. Bonaventure Bonnies,Saint Louis Billikens,draftkings,Total,,148.5,O,-330,https://sportsbook.draftkings.com/event/saint-louis-%40-saint-bonaventure/33510243?outcomes=0OU83106932O14850_1
2026-01-23 17:09:11,"St. Bonaventure Bonnies vs Saint Louis Billikens, 2026-01-23, 05",St. Bonaventure Bonnies,Saint Louis Billikens,draftkings,Total,,148.5,U,+240,https://sportsbook.draftkings.com/event/saint-louis-%40-saint-bonaventure/33510243?outcomes=0OU83106932U14850_3
2026-01-23 17:09:11,"St. Bonaventure Bonnies vs Saint Louis Billikens, 2026-01-23, 05",St. Bonaventure Bonnies,Saint Louis Billikens,draftkings,Total,,149.5,O,-298,https://sportsbook.draftkings.com/event/saint-louis-%40-saint-bonaventure/33510243?outcomes=0OU83106932O14950_1
2026-01-23 17:09:11,"St. Bonaventure Bonnies vs Saint Louis Billikens, 2026-01-23, 05",St. Bonaventure Bonnies,Saint Louis Billikens,draftkings,Total,,149.5,U,+220,https://sportsbook.draftkings.com/event/saint-louis-%40-saint-bonaventure/33510243?outcomes=0OU83106932U14950_3
2026-01-23 17:09:11,"St. Bonaventure Bonnies vs Saint Louis Billikens, 2026-01-23, 05",St. Bonaventure Bonnies,Saint Louis Billikens,draftkings,Total,,150.5,O,-260,https://sportsbook.draftkings.com/event/saint-louis-%40-saint-bonaventure/33510243?outcomes=0OU83106932O15050_1
2026-01-23 17:09:11,"St. Bonaventure Bonnies vs Saint Louis Billikens, 2026-01-23, 05",St. Bonaventure Bonnies,Saint Louis Billikens,draftkings,Total,,170.5,U,-395,https://sportsbook.draftkings.com/event/saint-louis-%40-saint-bonaventure/33510243?outcomes=0OU83106932U17050_3
2026-01-23 17:09:11,"St. Bonaventure Bonnies vs Saint Louis Billikens, 2026-01-23, 05",St. Bonaventure Bonnies,Saint Louis Billikens,draftkings,Total,,150.5,U,+195,https://sportsbook.draftkings.com/event/saint-louis-%40-saint-bonaventure/33510243?outcomes=0OU83106932U15050_3
2026-01-23 17:09:11,"St. Bonaventure Bonnies vs Saint Louis Billikens, 2026-01-23, 05",St. Bonaventure Bonnies,Saint Louis Billikens,draftkings,Total,,151.5,U,+175,https://sportsbook.draftkings.com/event/saint-louis-%40-saint-bonaventure/33510243?outcomes=0OU83106932U15150_3
2026-01-23 17:09:11,"St. Bonaventure Bonnies vs Saint Louis Billikens, 2026-01-23, 05",St. Bonaventure Bonnies,Saint Louis Billikens,draftkings,Total,,152.5,O,-210,https://sportsbook.draftkings.com/event/saint-louis-%40-saint-bonaventure/33510243?outcomes=0OU83106932O15250_1
2026-01-23 17:09:11,"St. Bonaventure Bonnies vs Saint Louis Billikens, 2026-01-23, 05",St. Bonaventure Bonnies,Saint Louis Billikens,draftkings,Total,,152.5,U,+160,https://sportsbook.draftkings.com/event/saint-louis-%40-saint-bonaventure/33510243?outcomes=0OU83106932U15250_3
2026-01-23 17:09:11,"St. Bonaventure Bonnies vs Saint Louis Billikens, 2026-01-23, 05",St. Bonaventure Bonnies,Saint Louis Billikens,draftkings,Total,,153.5,O,-188,https://sportsbook.draftkings.com/event/saint-louis-%40-saint-bonaventure/33510243?outcomes=0OU83106932O15350_1
2026-01-23 17:09:11,"St. Bonaventure Bonnies vs Saint Louis Billikens, 2026-01-23, 05",St. Bonaventure Bonnies,Saint Louis Billikens,draftkings,Total,,153.5,U,+145,https://sportsbook.draftkings.com/event/saint-louis-%40-saint-bonaventure/33510243?outcomes=0OU83106932U15350_3
2026-01-23 17:09:11,"St. Bonaventure Bonnies vs Saint Louis Billikens, 2026-01-23, 05",St. Bonaventure Bonnies,Saint Louis Billikens,draftkings,Total,,154.5,O,-175,https://sportsbook.draftkings.com/event/saint-louis-%40-saint-bonaventure/33510243?outcomes=0OU83106932O15450_1
2026-01-23 17:09:11,"St. Bonaventure Bonnies vs Saint Louis Billikens, 2026-01-23, 05",St. Bonaventure Bonnies,Saint Louis Billikens,draftkings,Total,,154.5,U,+135,https://sportsbook.draftkings.com/event/saint-louis-%40-saint-bonaventure/33510243?outcomes=0OU83106932U15450_3
2026-01-23 17:09:11,"St. Bonaventure Bonnies vs Saint Louis Billikens, 2026-01-23, 05",St. Bonaventure Bonnies,Saint Louis Billikens,draftkings,Total,,155.5,O,-154,https://sportsbook.draftkings.com/event/saint-louis-%40-saint-bonaventure/33510243?outcomes=0OU83106932O15550_1
2026-01-23 17:09:11,"St. Bonaventure Bonnies vs Saint Louis Billikens, 2026-01-23, 05",St. Bonaventure Bonnies,Saint Louis Billikens,draftkings,Total,,155.5,U,+120,https://sportsbook.draftkings.com/event/saint-louis-%40-saint-bonaventure/33510243?outcomes=0OU83106932U15550_3
2026-01-23 17:09:11,"St. Bonaventure Bonnies vs Saint Louis Billikens, 2026-01-23, 05",St. Bonaventure Bonnies,Saint Louis Billikens,draftkings,Total,,156.5,O,-140,https://sportsbook.draftkings.com/event/saint-louis-%40-saint-bonaventure/33510243?outcomes=0OU83106932O15650_1
2026-01-23 17:09:11,"St. Bonaventure Bonnies vs Saint Louis Billikens, 2026-01-23, 05",St. Bonaventure Bonnies,Saint Louis Billikens,draftkings,Total,,151.5,O,-230,https://sportsbook.draftkings.com/event/saint-louis-%40-saint-bonaventure/33510243?outcomes=0OU83106932O15150_1
2026-01-23 17:09:11,"St. Bonaventure Bonnies vs Saint Louis Billikens, 2026-01-23, 05",St. Bonaventure Bonnies,Saint Louis Billikens,pinnacle,Total,,161.0,O,+114,
2026-01-23 17:09:11,"St. Bonaventure Bonnies vs Saint Louis Billikens, 2026-01-23, 05",St. Bonaventure Bonnies,Saint Louis Billikens,pinnacle,Total,,161.0,U,-144,
2026-01-23 17:09:11,"St. Bonaventure Bonnies vs Saint Louis Billikens, 2026-01-23, 05",St. Bonaventure Bonnies,Saint Louis Billikens,pinnacle,Total,,160.5,O,+108,
2026-01-23 17:09:11,"St. Bonaventure Bonnies vs Saint Louis Billikens, 2026-01-23, 05",St. Bonaventure Bonnies,Saint Louis Billikens,pinnacle,Total,,160.5,U,-136,
2026-01-23 17:09:11,"St. Bonaventure Bonnies vs Saint Louis Billikens, 2026-01-23, 05",St. Bonaventure Bonnies,Saint Louis Billikens,pinnacle,Total,,160.0,O,+103,
2026-01-23 17:09:11,"St. Bonaventure Bonnies vs Saint Louis Billikens, 2026-01-23, 05",St. Bonaventure Bonnies,Saint Louis Billikens,pinnacle,Total,,160.0,U,-130,
2026-01-23 17:09:11,"St. Bonaventure Bonnies vs Saint Louis Billikens, 2026-01-23, 05",St. Bonaventure Bonnies,Saint Louis Billikens,pinnacle,Total,,159.5,O,-102,
2026-01-23 17:09:11,"St. Bonaventure Bonnies vs Saint Louis Billikens, 2026-01-23, 05",St. Bonaventure Bonnies,Saint Louis Billikens,pinnacle,Total,,159.5,U,-123,
2026-01-23 17:09:11,"St. Bonaventure Bonnies vs Saint Louis Billikens, 2026-01-23, 05",St. Bonaventure Bonnies,Saint Louis Billikens,pinnacle,Total,,159.0,O,-106,
2026-01-23 17:09:11,"St. Bonaventure Bonnies vs Saint Louis Billikens, 2026-01-23, 05",St. Bonaventure Bonnies,Saint Louis Billikens,pinnacle,Total,,159.0,U,-114,
2026-01-23 17:09:11,"St. Bonaventure Bonnies vs Saint Louis Billikens, 2026-01-23, 05",St. Bonaventure Bonnies,Saint Louis Billikens,pinnacle,Total,,158.5,O,-115,
2026-01-23 17:09:11,"St. Bonaventure Bonnies vs Saint Louis Billikens, 2026-01-23, 05",St. Bonaventure Bonnies,Saint Louis Billikens,pinnacle,Total,,158.5,U,-109,
2026-01-23 17:09:11,"St. Bonaventure Bonnies vs Saint Louis Billikens, 2026-01-23, 05",St. Bonaventure Bonnies,Saint Louis Billikens,pinnacle,Total,,158.0,O,-122,
2026-01-23 17:09:11,"St. Bonaventure Bonnies vs Saint Louis Billikens, 2026-01-23, 05",St. Bonaventure Bonnies,Saint Louis Billikens,pinnacle,Total,,158.0,U,-103,
2026-01-23 17:09:11,"St. Bonaventure Bonnies vs Saint Louis Billikens, 2026-01-23, 05",St. Bonaventure Bonnies,Saint Louis Billikens,pinnacle,Total,,157.5,O,-128,
2026-01-23 17:09:11,"St. Bonaventure Bonnies vs Saint Louis Billikens, 2026-01-23, 05",St. Bonaventure Bonnies,Saint Louis Billikens,pinnacle,Total,,157.5,U,+102,
2026-01-23 17:09:11,"St. Bonaventure Bonnies vs Saint Louis Billikens, 2026-01-23, 05",St. Bonaventure Bonnies,Saint Louis Billikens,pinnacle,Total,,157.0,O,-135,
2026-01-23 17:09:11,"St. Bonaventure Bonnies vs Saint Louis Billikens, 2026-01-23, 05",St. Bonaventure Bonnies,Saint Louis Billikens,pinnacle,Total,,157.0,U,+108,
2026-01-23 17:09:11,"St. Joseph's Hawks vs Dayton Flyers, 2026-01-24, 02",St. Joseph's Hawks,Dayton Flyers,draftkings,Spread,Dayton Flyers,-4.5,,-110,https://sportsbook.draftkings.com/event/dayton-%40-saint-josephs/33516891?outcomes=0HC83118028N450_3
2026-01-23 17:09:11,"St. Joseph's Hawks vs Dayton Flyers, 2026-01-24, 02",St. Joseph's Hawks,Dayton Flyers,draftkings,Spread,St. Joseph's Hawks,4.5,,-110,https://sportsbook.draftkings.com/event/dayton-%40-saint-josephs/33516891?outcomes=0HC83118028P450_1
2026-01-23 17:09:11,"St. Joseph's Hawks vs Dayton Flyers, 2026-01-24, 02",St. Joseph's Hawks,Dayton Flyers,draftkings,Total,,138.5,O,-115,https://sportsbook.draftkings.com/event/dayton-%40-saint-josephs/33516891?outcomes=0OU83118028O13850_1
2026-01-23 17:09:11,"St. Joseph's Hawks vs Dayton Flyers, 2026-01-24, 02",St. Joseph's Hawks,Dayton Flyers,draftkings,Total,,138.5,U,-105,https://sportsbook.draftkings.com/event/dayton-%40-saint-josephs/33516891?outcomes=0OU83118028U13850_3
2026-01-23 17:09:11,"Stanford Cardinal vs California Golden Bears, 2026-01-24, 08",Stanford Cardinal,California Golden Bears,draftkings,Spread,California Golden Bears,4.5,,-110,https://sportsbook.draftkings.com/event/california-%40-stanford/33516454?outcomes=0HC83117154P450_3
2026-01-23 17:09:11,"Stanford Cardinal vs California Golden Bears, 2026-01-24, 08",Stanford Cardinal,California Golden Bears,draftkings,Spread,Stanford Cardinal,-4.5,,-110,https://sportsbook.draftkings.com/event/california-%40-stanford/33516454?outcomes=0HC83117154N450_1
2026-01-23 17:09:11,"Stanford Cardinal vs California Golden Bears, 2026-01-24, 08",Stanford Cardinal,California Golden Bears,draftkings,Total,,145.5,O,-110,https://sportsbook.draftkings.com/event/california-%40-stanford/33516454?outcomes=0OU83117154O14550_1
2026-01-23 17:09:11,"Stanford Cardinal vs California Golden Bears, 2026-01-24, 08",Stanford Cardinal,California Golden Bears,draftkings,Total,,145.5,U,-110,https://sportsbook.draftkings.com/event/california-%40-stanford/33516454?outcomes=0OU83117154U14550_3
2026-01-23 17:09:11,"Stonehill Skyhawks vs Long Island Sharks, 2026-01-23, 07",Stonehill Skyhawks,Long Island Sharks,pinnacle,Spread,Long Island Sharks,-9.0,,+112,
2026-01-23 17:09:11,"Stonehill Skyhawks vs Long Island Sharks, 2026-01-23, 07",Stonehill Skyhawks,Long Island Sharks,pinnacle,Spread,Stonehill Skyhawks,8.5,,-131,
2026-01-23 17:09:11,"Stonehill Skyhawks vs Long Island Sharks, 2026-01-23, 07",Stonehill Skyhawks,Long Island Sharks,pinnacle,Spread,Long Island Sharks,-8.5,,+104,
2026-01-23 17:09:11,"Stonehill Skyhawks vs Long Island Sharks, 2026-01-23, 07",Stonehill Skyhawks,Long Island Sharks,pinnacle,Spread,Stonehill Skyhawks,8.0,,-122,
2026-01-23 17:09:11,"Stonehill Skyhawks vs Long Island Sharks, 2026-01-23, 07",Stonehill Skyhawks,Long Island Sharks,pinnacle,Spread,Long Island Sharks,-8.0,,-103,
2026-01-23 17:09:11,"Stonehill Skyhawks vs Long Island Sharks, 2026-01-23, 07",Stonehill Skyhawks,Long Island Sharks,pinnacle,Spread,Stonehill Skyhawks,7.5,,-113,
2026-01-23 17:09:11,"Stonehill Skyhawks vs Long Island Sharks, 2026-01-23, 07",Stonehill Skyhawks,Long Island Sharks,pinnacle,Spread,Long Island Sharks,-7.5,,-111,
2026-01-23 17:09:11,"Stonehill Skyhawks vs Long Island Sharks, 2026-01-23, 07",Stonehill Skyhawks,Long Island Sharks,pinnacle,Spread,Stonehill Skyhawks,7.0,,-102,
2026-01-23 17:09:11,"Stonehill Skyhawks vs Long Island Sharks, 2026-01-23, 07",Stonehill Skyhawks,Long Island Sharks,pinnacle,Spread,Long Island Sharks,-7.0,,-119,
2026-01-23 17:09:11,"Stonehill Skyhawks vs Long Island Sharks, 2026-01-23, 07",Stonehill Skyhawks,Long Island Sharks,pinnacle,Spread,Stonehill Skyhawks,6.5,,+105,
2026-01-23 17:09:11,"Stonehill Skyhawks vs Long Island Sharks, 2026-01-23, 07",Stonehill Skyhawks,Long Island Sharks,pinnacle,Spread,Long Island Sharks,-6.5,,-132,
2026-01-23 17:09:11,"Stonehill Skyhawks vs Long Island Sharks, 2026-01-23, 07",Stonehill Skyhawks,Long Island Sharks,pinnacle,Spread,Stonehill Skyhawks,6.0,,+114,
2026-01-23 17:09:11,"Stonehill Skyhawks vs Long Island Sharks, 2026-01-23, 07",Stonehill Skyhawks,Long Island Sharks,pinnacle,Spread,Long Island Sharks,-6.0,,-144,
2026-01-23 17:09:11,"Stonehill Skyhawks vs Long Island Sharks, 2026-01-23, 07",Stonehill Skyhawks,Long Island Sharks,pinnacle,Spread,Stonehill Skyhawks,5.5,,+122,
2026-01-23 17:09:11,"Stonehill Skyhawks vs Long Island Sharks, 2026-01-23, 07",Stonehill Skyhawks,Long Island Sharks,pinnacle,Spread,Long Island Sharks,-5.5,,-155,
2026-01-23 17:09:11,"Stonehill Skyhawks vs Long Island Sharks, 2026-01-23, 07",Stonehill Skyhawks,Long Island Sharks,pinnacle,Spread,Stonehill Skyhawks,5.0,,+130,
2026-01-23 17:09:11,"Stonehill Skyhawks vs Long Island Sharks, 2026-01-23, 07",Stonehill Skyhawks,Long Island Sharks,pinnacle,Spread,Long Island Sharks,-5.0,,-167,
2026-01-23 17:09:11,"Stonehill Skyhawks vs Long Island Sharks, 2026-01-23, 07",Stonehill Skyhawks,Long Island Sharks,pinnacle,Spread,Stonehill Skyhawks,9.0,,-141,
2026-01-23 17:09:11,"Stonehill Skyhawks vs Long Island Sharks, 2026-01-23, 07",Stonehill Skyhawks,Long Island Sharks,betonline,Spread,Stonehill Skyhawks,7.0,,-108,
2026-01-23 17:09:11,"Stonehill Skyhawks vs Long Island Sharks, 2026-01-23, 07",Stonehill Skyhawks,Long Island Sharks,betonline,Spread,Long Island Sharks,-7.0,,-112,
2026-01-23 17:09:11,"Stonehill Skyhawks vs Long Island Sharks, 2026-01-23, 07",Stonehill Skyhawks,Long Island Sharks,draftkings,Spread,Stonehill Skyhawks,2.5,,+170,https://sportsbook.draftkings.com/event/liu-%40-stonehill/33511822?outcomes=0HC83106966P250_1
2026-01-23 17:09:11,"Stonehill Skyhawks vs Long Island Sharks, 2026-01-23, 07",Stonehill Skyhawks,Long Island Sharks,draftkings,Spread,Long Island Sharks,-1.5,,-291,https://sportsbook.draftkings.com/event/liu-%40-stonehill/33511822?outcomes=0HC83106966N150_3
2026-01-23 17:09:11,"Stonehill Skyhawks vs Long Island Sharks, 2026-01-23, 07",Stonehill Skyhawks,Long Island Sharks,draftkings,Spread,Stonehill Skyhawks,1.5,,+202,https://sportsbook.draftkings.com/event/liu-%40-stonehill/33511822?outcomes=0HC83106966P150_1
2026-01-23 17:09:11,"Stonehill Skyhawks vs Long Island Sharks, 2026-01-23, 07",Stonehill Skyhawks,Long Island Sharks,draftkings,Spread,Long Island Sharks,1.5,,-419,https://sportsbook.draftkings.com/event/liu-%40-stonehill/33511822?outcomes=0HC83106966P150_3
2026-01-23 17:09:11,"Stonehill Skyhawks vs Long Island Sharks, 2026-01-23, 07",Stonehill Skyhawks,Long Island Sharks,draftkings,Spread,Stonehill Skyhawks,-1.5,,+273,https://sportsbook.draftkings.com/event/liu-%40-stonehill/33511822?outcomes=0HC83106966N150_1
2026-01-23 17:09:11,"Stonehill Skyhawks vs Long Island Sharks, 2026-01-23, 07",Stonehill Skyhawks,Long Island Sharks,draftkings,Spread,Long Island Sharks,2.5,,-499,https://sportsbook.draftkings.com/event/liu-%40-stonehill/33511822?outcomes=0HC83106966P250_3
2026-01-23 17:09:11,"Stonehill Skyhawks vs Long Island Sharks, 2026-01-23, 07",Stonehill Skyhawks,Long Island Sharks,draftkings,Spread,Stonehill Skyhawks,-2.5,,+313,https://sportsbook.draftkings.com/event/liu-%40-stonehill/33511822?outcomes=0HC83106966N250_1
2026-01-23 17:09:11,"Stonehill Skyhawks vs Long Island Sharks, 2026-01-23, 07",Stonehill Skyhawks,Long Island Sharks,draftkings,Spread,Long Island Sharks,3.5,,-610,https://sportsbook.draftkings.com/event/liu-%40-stonehill/33511822?outcomes=0HC83106966P350_3
2026-01-23 17:09:11,"Stonehill Skyhawks vs Long Island Sharks, 2026-01-23, 07",Stonehill Skyhawks,Long Island Sharks,draftkings,Spread,Stonehill Skyhawks,-3.5,,+359,https://sportsbook.draftkings.com/event/liu-%40-stonehill/33511822?outcomes=0HC83106966N350_1
2026-01-23 17:09:11,"Stonehill Skyhawks vs Long Island Sharks, 2026-01-23, 07",Stonehill Skyhawks,Long Island Sharks,draftkings,Spread,Long Island Sharks,4.5,,-730,https://sportsbook.draftkings.com/event/liu-%40-stonehill/33511822?outcomes=0HC83106966P450_3
2026-01-23 17:09:11,"Stonehill Skyhawks vs Long Island Sharks, 2026-01-23, 07",Stonehill Skyhawks,Long Island Sharks,draftkings,Spread,Stonehill Skyhawks,-4.5,,+411,https://sportsbook.draftkings.com/event/liu-%40-stonehill/33511822?outcomes=0HC83106966N450_1
2026-01-23 17:09:11,"Stonehill Skyhawks vs Long Island Sharks, 2026-01-23, 07",Stonehill Skyhawks,Long Island Sharks,draftkings,Spread,Long Island Sharks,5.5,,-840,https://sportsbook.draftkings.com/event/liu-%40-stonehill/33511822?outcomes=0HC83106966P550_3
2026-01-23 17:09:11,"Stonehill Skyhawks vs Long Island Sharks, 2026-01-23, 07",Stonehill Skyhawks,Long Island Sharks,draftkings,Spread,Stonehill Skyhawks,-5.5,,+449,https://sportsbook.draftkings.com/event/liu-%40-stonehill/33511822?outcomes=0HC83106966N550_1
2026-01-23 17:09:11,"Stonehill Skyhawks vs Long Island Sharks, 2026-01-23, 07",Stonehill Skyhawks,Long Island Sharks,draftkings,Spread,Long Island Sharks,6.5,,-980,https://sportsbook.draftkings.com/event/liu-%40-stonehill/33511822?outcomes=0HC83106966P650_3
2026-01-23 17:09:11,"Stonehill Skyhawks vs Long Island Sharks, 2026-01-23, 07",Stonehill Skyhawks,Long Island Sharks,draftkings,Spread,Stonehill Skyhawks,-6.5,,+495,https://sportsbook.draftkings.com/event/liu-%40-stonehill/33511822?outcomes=0HC83106966N650_1
2026-01-23 17:09:11,"Stonehill Skyhawks vs Long Island Sharks, 2026-01-23, 07",Stonehill Skyhawks,Long Island Sharks,draftkings,Spread,Long Island Sharks,-2.5,,-239,https://sportsbook.draftkings.com/event/liu-%40-stonehill/33511822?outcomes=0HC83106966N250_3
2026-01-23 17:09:11,"Stonehill Skyhawks vs Long Island Sharks, 2026-01-23, 07",Stonehill Skyhawks,Long Island Sharks,draftkings,Spread,Stonehill Skyhawks,3.5,,+143,https://sportsbook.draftkings.com/event/liu-%40-stonehill/33511822?outcomes=0HC83106966P350_1
2026-01-23 17:09:11,"Stonehill Skyhawks vs Long Island Sharks, 2026-01-23, 07",Stonehill Skyhawks,Long Island Sharks,draftkings,Spread,Stonehill Skyhawks,4.5,,+123,https://sportsbook.draftkings.com/event/liu-%40-stonehill/33511822?outcomes=0HC83106966P450_1
2026-01-23 17:09:11,"Stonehill Skyhawks vs Long Island Sharks, 2026-01-23, 07",Stonehill Skyhawks,Long Island Sharks,draftkings,Spread,Long Island Sharks,-15.5,,+300,https://sportsbook.draftkings.com/event/liu-%40-stonehill/33511822?outcomes=0HC83106966N1550_3
2026-01-23 17:09:11,"Stonehill Skyhawks vs Long Island Sharks, 2026-01-23, 07",Stonehill Skyhawks,Long Island Sharks,draftkings,Spread,Stonehill Skyhawks,15.5,,-472,https://sportsbook.draftkings.com/event/liu-%40-stonehill/33511822?outcomes=0HC83106966P1550_1
2026-01-23 17:09:11,"Stonehill Skyhawks vs Long Island Sharks, 2026-01-23, 07",Stonehill Skyhawks,Long Island Sharks,draftkings,Spread,Long Island Sharks,-14.5,,+258,https://sportsbook.draftkings.com/event/liu-%40-stonehill/33511822?outcomes=0HC83106966N1450_3
2026-01-23 17:09:11,"Stonehill Skyhawks vs Long Island Sharks, 2026-01-23, 07",Stonehill Skyhawks,Long Island Sharks,draftkings,Spread,Stonehill Skyhawks,14.5,,-391,https://sportsbook.draftkings.com/event/liu-%40-stonehill/33511822?outcomes=0HC83106966P1450_1
2026-01-23 17:09:11,"Stonehill Skyhawks vs Long Island Sharks, 2026-01-23, 07",Stonehill Skyhawks,Long Island Sharks,draftkings,Spread,Long Island Sharks,-13.5,,+218,https://sportsbook.draftkings.com/event/liu-%40-stonehill/33511822?outcomes=0HC83106966N1350_3
2026-01-23 17:09:11,"Stonehill Skyhawks vs Long Island Sharks, 2026-01-23, 07",Stonehill Skyhawks,Long Island Sharks,draftkings,Spread,Stonehill Skyhawks,13.5,,-319,https://sportsbook.draftkings.com/event/liu-%40-stonehill/33511822?outcomes=0HC83106966P1350_1
2026-01-23 17:09:11,"Stonehill Skyhawks vs Long Island Sharks, 2026-01-23, 07",Stonehill Skyhawks,Long Island Sharks,draftkings,Spread,Long Island Sharks,-12.5,,+187,https://sportsbook.draftkings.com/event/liu-%40-stonehill/33511822?outcomes=0HC83106966N1250_3
2026-01-23 17:09:11,"Stonehill Skyhawks vs Long Island Sharks, 2026-01-23, 07",Stonehill Skyhawks,Long Island Sharks,draftkings,Spread,Stonehill Skyhawks,12.5,,-268,https://sportsbook.draftkings.com/event/liu-%40-stonehill/33511822?outcomes=0HC83106966P1250_1
2026-01-23 17:09:11,"Stonehill Skyhawks vs Long Island Sharks, 2026-01-23, 07",Stonehill Skyhawks,Long Island Sharks,draftkings,Spread,Long Island Sharks,-11.5,,+163,https://sportsbook.draftkings.com/event/liu-%40-stonehill/33511822?outcomes=0HC83106966N1150_3
2026-01-23 17:09:11,"Stonehill Skyhawks vs Long Island Sharks, 2026-01-23, 07",Stonehill Skyhawks,Long Island Sharks,draftkings,Spread,Stonehill Skyhawks,11.5,,-228,https://sportsbook.draftkings.com/event/liu-%40-stonehill/33511822?outcomes=0HC83106966P1150_1
2026-01-23 17:09:11,"Stonehill Skyhawks vs Long Island Sharks, 2026-01-23, 07",Stonehill Skyhawks,Long Island Sharks,draftkings,Spread,Long Island Sharks,-10.5,,+140,https://sportsbook.draftkings.com/event/liu-%40-stonehill/33511822?outcomes=0HC83106966N1050_3
2026-01-23 17:09:11,"Stonehill Skyhawks vs Long Island Sharks, 2026-01-23, 07",Stonehill Skyhawks,Long Island Sharks,draftkings,Spread,Stonehill Skyhawks,10.5,,-193,https://sportsbook.draftkings.com/event/liu-%40-stonehill/33511822?outcomes=0HC83106966P1050_1
2026-01-23 17:09:11,"Stonehill Skyhawks vs Long Island Sharks, 2026-01-23, 07",Stonehill Skyhawks,Long Island Sharks,draftkings,Spread,Long Island Sharks,-9.5,,+119,https://sportsbook.draftkings.com/event/liu-%40-stonehill/33511822?outcomes=0HC83106966N950_3
2026-01-23 17:09:11,"Stonehill Skyhawks vs Long Island Sharks, 2026-01-23, 07",Stonehill Skyhawks,Long Island Sharks,draftkings,Spread,Stonehill Skyhawks,9.5,,-163,https://sportsbook.draftkings.com/event/liu-%40-stonehill/33511822?outcomes=0HC83106966P950_1
2026-01-23 17:09:11,"Stonehill Skyhawks vs Long Island Sharks, 2026-01-23, 07",Stonehill Skyhawks,Long Island Sharks,draftkings,Spread,Long Island Sharks,-8.5,,+103,https://sportsbook.draftkings.com/event/liu-%40-stonehill/33511822?outcomes=0HC83106966N850_3
2026-01-23 17:09:11,"Stonehill Skyhawks vs Long Island Sharks, 2026-01-23, 07",Stonehill Skyhawks,Long Island Sharks,draftkings,Spread,Stonehill Skyhawks,8.5,,-140,https://sportsbook.draftkings.com/event/liu-%40-stonehill/33511822?outcomes=0HC83106966P850_1
2026-01-23 17:09:11,"Stonehill Skyhawks vs Long Island Sharks, 2026-01-23, 07",Stonehill Skyhawks,Long Island Sharks,draftkings,Spread,Long Island Sharks,-6.5,,-126,https://sportsbook.draftkings.com/event/liu-%40-stonehill/33511822?outcomes=0HC83106966N650_3
2026-01-23 17:09:11,"Stonehill Skyhawks vs Long Island Sharks, 2026-01-23, 07",Stonehill Skyhawks,Long Island Sharks,draftkings,Spread,Stonehill Skyhawks,6.5,,-108,https://sportsbook.draftkings.com/event/liu-%40-stonehill/33511822?outcomes=0HC83106966P650_1
2026-01-23 17:09:11,"Stonehill Skyhawks vs Long Island Sharks, 2026-01-23, 07",Stonehill Skyhawks,Long Island Sharks,draftkings,Spread,Long Island Sharks,-5.5,,-145,https://sportsbook.draftkings.com/event/liu-%40-stonehill/33511822?outcomes=0HC83106966N550_3
2026-01-23 17:09:11,"Stonehill Skyhawks vs Long Island Sharks, 2026-01-23, 07",Stonehill Skyhawks,Long Island Sharks,draftkings,Spread,Stonehill Skyhawks,5.5,,+106,https://sportsbook.draftkings.com/event/liu-%40-stonehill/33511822?outcomes=0HC83106966P550_1
2026-01-23 17:09:11,"Stonehill Skyhawks vs Long Island Sharks, 2026-01-23, 07",Stonehill Skyhawks,Long Island Sharks,draftkings,Spread,Long Island Sharks,-4.5,,-168,https://sportsbook.draftkings.com/event/liu-%40-stonehill/33511822?outcomes=0HC83106966N450_3
2026-01-23 17:09:11,"Stonehill Skyhawks vs Long Island Sharks, 2026-01-23, 07",Stonehill Skyhawks,Long Island Sharks,draftkings,Spread,Long Island Sharks,-3.5,,-198,https://sportsbook.draftkings.com/event/liu-%40-stonehill/33511822?outcomes=0HC83106966N350_3
2026-01-23 17:09:11,"Stonehill Skyhawks vs Long Island Sharks, 2026-01-23, 07",Stonehill Skyhawks,Long Island Sharks,draftkings,Spread,Stonehill Skyhawks,16.5,,-578,https://sportsbook.draftkings.com/event/liu-%40-stonehill/33511822?outcomes=0HC83106966P1650_1
2026-01-23 17:09:11,"Stonehill Skyhawks vs Long Island Sharks, 2026-01-23, 07",Stonehill Skyhawks,Long Island Sharks,draftkings,Spread,Long Island Sharks,-16.5,,+349,https://sportsbook.draftkings.com/event/liu-%40-stonehill/33511822?outcomes=0HC83106966N1650_3
2026-01-23 17:09:11,"Stonehill Skyhawks vs Long Island Sharks, 2026-01-23, 07",Stonehill Skyhawks,Long Island Sharks,draftkings,Spread,Stonehill Skyhawks,17.5,,-690,https://sportsbook.draftkings.com/event/liu-%40-stonehill/33511822?outcomes=0HC83106966P1750_1
2026-01-23 17:09:11,"Stonehill Skyhawks vs Long Island Sharks, 2026-01-23, 07",Stonehill Skyhawks,Long Island Sharks,draftkings,Spread,Long Island Sharks,-17.5,,+396,https://sportsbook.draftkings.com/event/liu-%40-stonehill/33511822?outcomes=0HC83106966N1750_3
2026-01-23 17:09:11,"Stonehill Skyhawks vs Long Island Sharks, 2026-01-23, 07",Stonehill Skyhawks,Long Island Sharks,draftkings,Spread,Long Island Sharks,-7.5,,-105,https://sportsbook.draftkings.com/event/liu-%40-stonehill/33511822?outcomes=0HC83105930N750_3
2026-01-23 17:09:11,"Stonehill Skyhawks vs Long Island Sharks, 2026-01-23, 07",Stonehill Skyhawks,Long Island Sharks,draftkings,Spread,Stonehill Skyhawks,7.5,,-115,https://sportsbook.draftkings.com/event/liu-%40-stonehill/33511822?outcomes=0HC83105930P750_1
2026-01-23 17:09:11,"Stonehill Skyhawks vs Long Island Sharks, 2026-01-23, 07",Stonehill Skyhawks,Long Island Sharks,draftkings,Spread,Long Island Sharks,-19.5,,+527,https://sportsbook.draftkings.com/event/liu-%40-stonehill/33511822?outcomes=0HC83106966N1950_3
2026-01-23 17:09:11,"Stonehill Skyhawks vs Long Island Sharks, 2026-01-23, 07",Stonehill Skyhawks,Long Island Sharks,draftkings,Spread,Stonehill Skyhawks,19.5,,-1100,https://sportsbook.draftkings.com/event/liu-%40-stonehill/33511822?outcomes=0HC83106966P1950_1
2026-01-23 17:09:11,"Stonehill Skyhawks vs Long Island Sharks, 2026-01-23, 07",Stonehill Skyhawks,Long Island Sharks,draftkings,Spread,Long Island Sharks,-18.5,,+447,https://sportsbook.draftkings.com/event/liu-%40-stonehill/33511822?outcomes=0HC83106966N1850_3
2026-01-23 17:09:11,"Stonehill Skyhawks vs Long Island Sharks, 2026-01-23, 07",Stonehill Skyhawks,Long Island Sharks,draftkings,Spread,Stonehill Skyhawks,18.5,,-830,https://sportsbook.draftkings.com/event/liu-%40-stonehill/33511822?outcomes=0HC83106966P1850_1
2026-01-23 17:09:11,"Stonehill Skyhawks vs Long Island Sharks, 2026-01-23, 07",Stonehill Skyhawks,Long Island Sharks,pinnacle,Total,,138.5,O,-110,
2026-01-23 17:09:11,"Stonehill Skyhawks vs Long Island Sharks, 2026-01-23, 07",Stonehill Skyhawks,Long Island Sharks,pinnacle,Total,,138.5,U,-114,
2026-01-23 17:09:11,"Stonehill Skyhawks vs Long Island Sharks, 2026-01-23, 07",Stonehill Skyhawks,Long Island Sharks,pinnacle,Total,,138.0,O,-118,
2026-01-23 17:09:11,"Stonehill Skyhawks vs Long Island Sharks, 2026-01-23, 07",Stonehill Skyhawks,Long Island Sharks,pinnacle,Total,,138.0,U,-110,
2026-01-23 17:09:11,"Stonehill Skyhawks vs Long Island Sharks, 2026-01-23, 07",Stonehill Skyhawks,Long Island Sharks,pinnacle,Total,,137.5,O,-125,
2026-01-23 17:09:11,"Stonehill Skyhawks vs Long Island Sharks, 2026-01-23, 07",Stonehill Skyhawks,Long Island Sharks,pinnacle,Total,,137.5,U,-104,
2026-01-23 17:09:11,"Stonehill Skyhawks vs Long Island Sharks, 2026-01-23, 07",Stonehill Skyhawks,Long Island Sharks,pinnacle,Total,,137.0,O,-134,
2026-01-23 17:09:11,"Stonehill Skyhawks vs Long Island Sharks, 2026-01-23, 07",Stonehill Skyhawks,Long Island Sharks,pinnacle,Total,,137.0,U,+103,
2026-01-23 17:09:11,"Stonehill Skyhawks vs Long Island Sharks, 2026-01-23, 07",Stonehill Skyhawks,Long Island Sharks,pinnacle,Total,,136.5,O,-142,
2026-01-23 17:09:11,"Stonehill Skyhawks vs Long Island Sharks, 2026-01-23, 07",Stonehill Skyhawks,Long Island Sharks,pinnacle,Total,,136.5,U,+109,
2026-01-23 17:09:11,"Stonehill Skyhawks vs Long Island Sharks, 2026-01-23, 07",Stonehill Skyhawks,Long Island Sharks,pinnacle,Total,,139.0,U,-123,
2026-01-23 17:09:11,"Stonehill Skyhawks vs Long Island Sharks, 2026-01-23, 07",Stonehill Skyhawks,Long Island Sharks,pinnacle,Total,,139.0,O,-106,
2026-01-23 17:09:11,"Stonehill Skyhawks vs Long Island Sharks, 2026-01-23, 07",Stonehill Skyhawks,Long Island Sharks,pinnacle,Total,,139.5,U,-129,
2026-01-23 17:09:11,"Stonehill Skyhawks vs Long Island Sharks, 2026-01-23, 07",Stonehill Skyhawks,Long Island Sharks,pinnacle,Total,,139.5,O,-101,
2026-01-23 17:09:11,"Stonehill Skyhawks vs Long Island Sharks, 2026-01-23, 07",Stonehill Skyhawks,Long Island Sharks,pinnacle,Total,,140.5,O,+108,
2026-01-23 17:09:11,"Stonehill Skyhawks vs Long Island Sharks, 2026-01-23, 07",Stonehill Skyhawks,Long Island Sharks,pinnacle,Total,,140.5,U,-141,
2026-01-23 17:09:11,"Stonehill Skyhawks vs Long Island Sharks, 2026-01-23, 07",Stonehill Skyhawks,Long Island Sharks,pinnacle,Total,,140.0,O,+104,
2026-01-23 17:09:11,"Stonehill Skyhawks vs Long Island Sharks, 2026-01-23, 07",Stonehill Skyhawks,Long Island Sharks,pinnacle,Total,,140.0,U,-135,
2026-01-23 17:09:11,"Stonehill Skyhawks vs Long Island Sharks, 2026-01-23, 07",Stonehill Skyhawks,Long Island Sharks,betonline,Total,,137.0,O,-110,
2026-01-23 17:09:11,"Stonehill Skyhawks vs Long Island Sharks, 2026-01-23, 07",Stonehill Skyhawks,Long Island Sharks,betonline,Total,,137.0,U,-110,
2026-01-23 17:09:11,"Stonehill Skyhawks vs Long Island Sharks, 2026-01-23, 07",Stonehill Skyhawks,Long Island Sharks,draftkings,Total,,138.5,O,-105,https://sportsbook.draftkings.com/event/liu-%40-stonehill/33511822?outcomes=0OU83105930O13850_1
2026-01-23 17:09:11,"Stonehill Skyhawks vs Long Island Sharks, 2026-01-23, 07",Stonehill Skyhawks,Long Island Sharks,draftkings,Total,,138.5,U,-115,https://sportsbook.draftkings.com/event/liu-%40-stonehill/33511822?outcomes=0OU83105930U13850_3
2026-01-23 17:09:11,"Stonehill Skyhawks vs Long Island Sharks, 2026-01-23, 07",Stonehill Skyhawks,Long Island Sharks,draftkings,Total,,126.5,O,-425,https://sportsbook.draftkings.com/event/liu-%40-stonehill/33511822?outcomes=0OU83106966O12650_1
2026-01-23 17:09:11,"Stonehill Skyhawks vs Long Island Sharks, 2026-01-23, 07",Stonehill Skyhawks,Long Island Sharks,draftkings,Total,,126.5,U,+300,https://sportsbook.draftkings.com/event/liu-%40-stonehill/33511822?outcomes=0OU83106966U12650_3
2026-01-23 17:09:11,"Stonehill Skyhawks vs Long Island Sharks, 2026-01-23, 07",Stonehill Skyhawks,Long Island Sharks,draftkings,Total,,127.5,O,-375,https://sportsbook.draftkings.com/event/liu-%40-stonehill/33511822?outcomes=0OU83106966O12750_1
2026-01-23 17:09:11,"Stonehill Skyhawks vs Long Island Sharks, 2026-01-23, 07",Stonehill Skyhawks,Long Island Sharks,draftkings,Total,,127.5,U,+270,https://sportsbook.draftkings.com/event/liu-%40-stonehill/33511822?outcomes=0OU83106966U12750_3
2026-01-23 17:09:11,"Stonehill Skyhawks vs Long Island Sharks, 2026-01-23, 07",Stonehill Skyhawks,Long Island Sharks,draftkings,Total,,128.5,O,-330,https://sportsbook.draftkings.com/event/liu-%40-stonehill/33511822?outcomes=0OU83106966O12850_1
2026-01-23 17:09:11,"Stonehill Skyhawks vs Long Island Sharks, 2026-01-23, 07",Stonehill Skyhawks,Long Island Sharks,draftkings,Total,,128.5,U,+240,https://sportsbook.draftkings.com/event/liu-%40-stonehill/33511822?outcomes=0OU83106966U12850_3
2026-01-23 17:09:11,"Stonehill Skyhawks vs Long Island Sharks, 2026-01-23, 07",Stonehill Skyhawks,Long Island Sharks,draftkings,Total,,129.5,O,-298,https://sportsbook.draftkings.com/event/liu-%40-stonehill/33511822?outcomes=0OU83106966O12950_1
2026-01-23 17:09:11,"Stonehill Skyhawks vs Long Island Sharks, 2026-01-23, 07",Stonehill Skyhawks,Long Island Sharks,draftkings,Total,,129.5,U,+220,https://sportsbook.draftkings.com/event/liu-%40-stonehill/33511822?outcomes=0OU83106966U12950_3
2026-01-23 17:09:11,"Stonehill Skyhawks vs Long Island Sharks, 2026-01-23, 07",Stonehill Skyhawks,Long Island Sharks,draftkings,Total,,144.5,O,+170,https://sportsbook.draftkings.com/event/liu-%40-stonehill/33511822?outcomes=0OU83106966O14450_1
2026-01-23 17:09:11,"Stonehill Skyhawks vs Long Island Sharks, 2026-01-23, 07",Stonehill Skyhawks,Long Island Sharks,draftkings,Total,,144.5,U,-220,https://sportsbook.draftkings.com/event/liu-%40-stonehill/33511822?outcomes=0OU83106966U14450_3
2026-01-23 17:09:11,"Stonehill Skyhawks vs Long Island Sharks, 2026-01-23, 07",Stonehill Skyhawks,Long Island Sharks,draftkings,Total,,145.5,O,+185,https://sportsbook.draftkings.com/event/liu-%40-stonehill/33511822?outcomes=0OU83106966O14550_1
2026-01-23 17:09:11,"Stonehill Skyhawks vs Long Island Sharks, 2026-01-23, 07",Stonehill Skyhawks,Long Island Sharks,draftkings,Total,,145.5,U,-245,https://sportsbook.draftkings.com/event/liu-%40-stonehill/33511822?outcomes=0OU83106966U14550_3
2026-01-23 17:09:11,"Stonehill Skyhawks vs Long Island Sharks, 2026-01-23, 07",Stonehill Skyhawks,Long Island Sharks,draftkings,Total,,146.5,O,+210,https://sportsbook.draftkings.com/event/liu-%40-stonehill/33511822?outcomes=0OU83106966O14650_1
2026-01-23 17:09:11,"Stonehill Skyhawks vs Long Island Sharks, 2026-01-23, 07",Stonehill Skyhawks,Long Island Sharks,draftkings,Total,,146.5,U,-280,https://sportsbook.draftkings.com/event/liu-%40-stonehill/33511822?outcomes=0OU83106966U14650_3
2026-01-23 17:09:11,"Stonehill Skyhawks vs Long Island Sharks, 2026-01-23, 07",Stonehill Skyhawks,Long Island Sharks,draftkings,Total,,147.5,O,+230,https://sportsbook.draftkings.com/event/liu-%40-stonehill/33511822?outcomes=0OU83106966O14750_1
2026-01-23 17:09:11,"Stonehill Skyhawks vs Long Island Sharks, 2026-01-23, 07",Stonehill Skyhawks,Long Island Sharks,draftkings,Total,,147.5,U,-315,https://sportsbook.draftkings.com/event/liu-%40-stonehill/33511822?outcomes=0OU83106966U14750_3
2026-01-23 17:09:11,"Stonehill Skyhawks vs Long Island Sharks, 2026-01-23, 07",Stonehill Skyhawks,Long Island Sharks,draftkings,Total,,148.5,O,+250,https://sportsbook.draftkings.com/event/liu-%40-stonehill/33511822?outcomes=0OU83106966O14850_1
2026-01-23 17:09:11,"Stonehill Skyhawks vs Long Island Sharks, 2026-01-23, 07",Stonehill Skyhawks,Long Island Sharks,draftkings,Total,,148.5,U,-345,https://sportsbook.draftkings.com/event/liu-%40-stonehill/33511822?outcomes=0OU83106966U14850_3
2026-01-23 17:09:11,"Stonehill Skyhawks vs Long Island Sharks, 2026-01-23, 07",Stonehill Skyhawks,Long Island Sharks,draftkings,Total,,149.5,O,+280,https://sportsbook.draftkings.com/event/liu-%40-stonehill/33511822?outcomes=0OU83106966O14950_1
2026-01-23 17:09:11,"Stonehill Skyhawks vs Long Island Sharks, 2026-01-23, 07",Stonehill Skyhawks,Long Island Sharks,draftkings,Total,,149.5,U,-395,https://sportsbook.draftkings.com/event/liu-%40-stonehill/33511822?outcomes=0OU83106966U14950_3
2026-01-23 17:09:11,"Stonehill Skyhawks vs Long Island Sharks, 2026-01-23, 07",Stonehill Skyhawks,Long Island Sharks,draftkings,Total,,150.5,O,+300,https://sportsbook.draftkings.com/event/liu-%40-stonehill/33511822?outcomes=0OU83106966O15050_1
2026-01-23 17:09:11,"Stonehill Skyhawks vs Long Island Sharks, 2026-01-23, 07",Stonehill Skyhawks,Long Island Sharks,draftkings,Total,,150.5,U,-425,https://sportsbook.draftkings.com/event/liu-%40-stonehill/33511822?outcomes=0OU83106966U15050_3
2026-01-23 17:09:11,"Stonehill Skyhawks vs Long Island Sharks, 2026-01-23, 07",Stonehill Skyhawks,Long Island Sharks,draftkings,Total,,143.5,U,-200,https://sportsbook.draftkings.com/event/liu-%40-stonehill/33511822?outcomes=0OU83106966U14350_3
2026-01-23 17:09:11,"Stonehill Skyhawks vs Long Island Sharks, 2026-01-23, 07",Stonehill Skyhawks,Long Island Sharks,draftkings,Total,,143.5,O,+154,https://sportsbook.draftkings.com/event/liu-%40-stonehill/33511822?outcomes=0OU83106966O14350_1
2026-01-23 17:09:11,"Stonehill Skyhawks vs Long Island Sharks, 2026-01-23, 07",Stonehill Skyhawks,Long Island Sharks,draftkings,Total,,142.5,U,-180,https://sportsbook.draftkings.com/event/liu-%40-stonehill/33511822?outcomes=0OU83106966U14250_3
2026-01-23 17:09:11,"Stonehill Skyhawks vs Long Island Sharks, 2026-01-23, 07",Stonehill Skyhawks,Long Island Sharks,draftkings,Total,,142.5,O,+140,https://sportsbook.draftkings.com/event/liu-%40-stonehill/33511822?outcomes=0OU83106966O14250_1
2026-01-23 17:09:11,"Stonehill Skyhawks vs Long Island Sharks, 2026-01-23, 07",Stonehill Skyhawks,Long Island Sharks,draftkings,Total,,130.5,O,-260,https://sportsbook.draftkings.com/event/liu-%40-stonehill/33511822?outcomes=0OU83106966O13050_1
2026-01-23 17:09:11,"Stonehill Skyhawks vs Long Island Sharks, 2026-01-23, 07",Stonehill Skyhawks,Long Island Sharks,draftkings,Total,,130.5,U,+195,https://sportsbook.draftkings.com/event/liu-%40-stonehill/33511822?outcomes=0OU83106966U13050_3
2026-01-23 17:09:11,"Stonehill Skyhawks vs Long Island Sharks, 2026-01-23, 07",Stonehill Skyhawks,Long Island Sharks,draftkings,Total,,131.5,O,-238,https://sportsbook.draftkings.com/event/liu-%40-stonehill/33511822?outcomes=0OU83106966O13150_1
2026-01-23 17:09:11,"Stonehill Skyhawks vs Long Island Sharks, 2026-01-23, 07",Stonehill Skyhawks,Long Island Sharks,draftkings,Total,,131.5,U,+180,https://sportsbook.draftkings.com/event/liu-%40-stonehill/33511822?outcomes=0OU83106966U13150_3
2026-01-23 17:09:11,"Stonehill Skyhawks vs Long Island Sharks, 2026-01-23, 07",Stonehill Skyhawks,Long Island Sharks,draftkings,Total,,132.5,O,-210,https://sportsbook.draftkings.com/event/liu-%40-stonehill/33511822?outcomes=0OU83106966O13250_1
2026-01-23 17:09:11,"Stonehill Skyhawks vs Long Island Sharks, 2026-01-23, 07",Stonehill Skyhawks,Long Island Sharks,draftkings,Total,,132.5,U,+160,https://sportsbook.draftkings.com/event/liu-%40-stonehill/33511822?outcomes=0OU83106966U13250_3
2026-01-23 17:09:11,"Stonehill Skyhawks vs Long Island Sharks, 2026-01-23, 07",Stonehill Skyhawks,Long Island Sharks,draftkings,Total,,133.5,O,-188,https://sportsbook.draftkings.com/event/liu-%40-stonehill/33511822?outcomes=0OU83106966O13350_1
2026-01-23 17:09:11,"Stonehill Skyhawks vs Long Island Sharks, 2026-01-23, 07",Stonehill Skyhawks,Long Island Sharks,draftkings,Total,,133.5,U,+145,https://sportsbook.draftkings.com/event/liu-%40-stonehill/33511822?outcomes=0OU83106966U13350_3
2026-01-23 17:09:11,"Stonehill Skyhawks vs Long Island Sharks, 2026-01-23, 07",Stonehill Skyhawks,Long Island Sharks,draftkings,Total,,134.5,O,-166,https://sportsbook.draftkings.com/event/liu-%40-stonehill/33511822?outcomes=0OU83106966O13450_1
2026-01-23 17:09:11,"Stonehill Skyhawks vs Long Island Sharks, 2026-01-23, 07",Stonehill Skyhawks,Long Island Sharks,draftkings,Total,,134.5,U,+130,https://sportsbook.draftkings.com/event/liu-%40-stonehill/33511822?outcomes=0OU83106966U13450_3
2026-01-23 17:09:11,"Stonehill Skyhawks vs Long Island Sharks, 2026-01-23, 07",Stonehill Skyhawks,Long Island Sharks,draftkings,Total,,135.5,O,-154,https://sportsbook.draftkings.com/event/liu-%40-stonehill/33511822?outcomes=0OU83106966O13550_1
2026-01-23 17:09:11,"Stonehill Skyhawks vs Long Island Sharks, 2026-01-23, 07",Stonehill Skyhawks,Long Island Sharks,draftkings,Total,,136.5,O,-135,https://sportsbook.draftkings.com/event/liu-%40-stonehill/33511822?outcomes=0OU83106966O13650_1
2026-01-23 17:09:11,"Stonehill Skyhawks vs Long Island Sharks, 2026-01-23, 07",Stonehill Skyhawks,Long Island Sharks,draftkings,Total,,136.5,U,+105,https://sportsbook.draftkings.com/event/liu-%40-stonehill/33511822?outcomes=0OU83106966U13650_3
2026-01-23 17:09:11,"Stonehill Skyhawks vs Long Island Sharks, 2026-01-23, 07",Stonehill Skyhawks,Long Island Sharks,draftkings,Total,,137.5,O,-120,https://sportsbook.draftkings.com/event/liu-%40-stonehill/33511822?outcomes=0OU83106966O13750_1
2026-01-23 17:09:11,"Stonehill Skyhawks vs Long Island Sharks, 2026-01-23, 07",Stonehill Skyhawks,Long Island Sharks,draftkings,Total,,137.5,U,-110,https://sportsbook.draftkings.com/event/liu-%40-stonehill/33511822?outcomes=0OU83106966U13750_3
2026-01-23 17:09:11,"Stonehill Skyhawks vs Long Island Sharks, 2026-01-23, 07",Stonehill Skyhawks,Long Island Sharks,draftkings,Total,,139.5,O,+100,https://sportsbook.draftkings.com/event/liu-%40-stonehill/33511822?outcomes=0OU83106966O13950_1
2026-01-23 17:09:11,"Stonehill Skyhawks vs Long Island Sharks, 2026-01-23, 07",Stonehill Skyhawks,Long Island Sharks,draftkings,Total,,139.5,U,-130,https://sportsbook.draftkings.com/event/liu-%40-stonehill/33511822?outcomes=0OU83106966U13950_3
2026-01-23 17:09:11,"Stonehill Skyhawks vs Long Island Sharks, 2026-01-23, 07",Stonehill Skyhawks,Long Island Sharks,draftkings,Total,,140.5,O,+114,https://sportsbook.draftkings.com/event/liu-%40-stonehill/33511822?outcomes=0OU83106966O14050_1
2026-01-23 17:09:11,"Stonehill Skyhawks vs Long Island Sharks, 2026-01-23, 07",Stonehill Skyhawks,Long Island Sharks,draftkings,Total,,140.5,U,-145,https://sportsbook.draftkings.com/event/liu-%40-stonehill/33511822?outcomes=0OU83106966U14050_3
2026-01-23 17:09:11,"Stonehill Skyhawks vs Long Island Sharks, 2026-01-23, 07",Stonehill Skyhawks,Long Island Sharks,draftkings,Total,,141.5,O,+124,https://sportsbook.draftkings.com/event/liu-%40-stonehill/33511822?outcomes=0OU83106966O14150_1
2026-01-23 17:09:11,"Stonehill Skyhawks vs Long Island Sharks, 2026-01-23, 07",Stonehill Skyhawks,Long Island Sharks,draftkings,Total,,141.5,U,-160,https://sportsbook.draftkings.com/event/liu-%40-stonehill/33511822?outcomes=0OU83106966U14150_3
2026-01-23 17:09:11,"Stonehill Skyhawks vs Long Island Sharks, 2026-01-23, 07",Stonehill Skyhawks,Long Island Sharks,draftkings,Total,,135.5,U,+120,https://sportsbook.draftkings.com/event/liu-%40-stonehill/33511822?outcomes=0OU83106966U13550_3
2026-01-23 17:09:11,"Syracuse Orange vs Miami Hurricanes, 2026-01-24, 02",Syracuse Orange,Miami Hurricanes,fanduel,Spread,Miami Hurricanes,-1.5,,-105,https://sportsbook.fanduel.ca/addToBetslip?marketId=801.152221029&selectionId=13109
2026-01-23 17:09:11,"Syracuse Orange vs Miami Hurricanes, 2026-01-24, 02",Syracuse Orange,Miami Hurricanes,fanduel,Spread,Syracuse Orange,1.5,,-115,https://sportsbook.fanduel.ca/addToBetslip?marketId=801.152221029&selectionId=332213
2026-01-23 17:09:11,"Syracuse Orange vs Miami Hurricanes, 2026-01-24, 02",Syracuse Orange,Miami Hurricanes,pinnacle,Spread,Syracuse Orange,2.0,,-129,
2026-01-23 17:09:11,"Syracuse Orange vs Miami Hurricanes, 2026-01-24, 02",Syracuse Orange,Miami Hurricanes,pinnacle,Spread,Miami Hurricanes,-2.0,,+102,
2026-01-23 17:09:11,"Syracuse Orange vs Miami Hurricanes, 2026-01-24, 02",Syracuse Orange,Miami Hurricanes,pinnacle,Spread,Syracuse Orange,1.5,,-116,
2026-01-23 17:09:11,"Syracuse Orange vs Miami Hurricanes, 2026-01-24, 02",Syracuse Orange,Miami Hurricanes,pinnacle,Spread,Miami Hurricanes,-1.5,,-108,
2026-01-23 17:09:11,"Syracuse Orange vs Miami Hurricanes, 2026-01-24, 02",Syracuse Orange,Miami Hurricanes,pinnacle,Spread,Syracuse Orange,1.0,,-107,
2026-01-23 17:09:11,"Syracuse Orange vs Miami Hurricanes, 2026-01-24, 02",Syracuse Orange,Miami Hurricanes,pinnacle,Spread,Miami Hurricanes,-1.0,,-113,
2026-01-23 17:09:11,"Syracuse Orange vs Miami Hurricanes, 2026-01-24, 02",Syracuse Orange,Miami Hurricanes,pinnacle,Spread,Syracuse Orange,-1.0,,+105,
2026-01-23 17:09:11,"Syracuse Orange vs Miami Hurricanes, 2026-01-24, 02",Syracuse Orange,Miami Hurricanes,pinnacle,Spread,Miami Hurricanes,1.0,,-132,
2026-01-23 17:09:11,"Syracuse Orange vs Miami Hurricanes, 2026-01-24, 02",Syracuse Orange,Miami Hurricanes,pinnacle,Spread,Syracuse Orange,-1.5,,+111,
2026-01-23 17:09:11,"Syracuse Orange vs Miami Hurricanes, 2026-01-24, 02",Syracuse Orange,Miami Hurricanes,pinnacle,Spread,Miami Hurricanes,1.5,,-140,
2026-01-23 17:09:11,"Syracuse Orange vs Miami Hurricanes, 2026-01-24, 02",Syracuse Orange,Miami Hurricanes,pinnacle,Spread,Syracuse Orange,-2.0,,+121,
2026-01-23 17:09:11,"Syracuse Orange vs Miami Hurricanes, 2026-01-24, 02",Syracuse Orange,Miami Hurricanes,pinnacle,Spread,Miami Hurricanes,2.0,,-153,
2026-01-23 17:09:11,"Syracuse Orange vs Miami Hurricanes, 2026-01-24, 02",Syracuse Orange,Miami Hurricanes,pinnacle,Spread,Syracuse Orange,-2.5,,+130,
2026-01-23 17:09:11,"Syracuse Orange vs Miami Hurricanes, 2026-01-24, 02",Syracuse Orange,Miami Hurricanes,pinnacle,Spread,Miami Hurricanes,2.5,,-166,
2026-01-23 17:09:11,"Syracuse Orange vs Miami Hurricanes, 2026-01-24, 02",Syracuse Orange,Miami Hurricanes,pinnacle,Spread,Miami Hurricanes,-2.5,,+112,
2026-01-23 17:09:11,"Syracuse Orange vs Miami Hurricanes, 2026-01-24, 02",Syracuse Orange,Miami Hurricanes,pinnacle,Spread,Syracuse Orange,2.5,,-141,
2026-01-23 17:09:11,"Syracuse Orange vs Miami Hurricanes, 2026-01-24, 02",Syracuse Orange,Miami Hurricanes,pinnacle,Spread,Miami Hurricanes,-3.0,,+119,
2026-01-23 17:09:11,"Syracuse Orange vs Miami Hurricanes, 2026-01-24, 02",Syracuse Orange,Miami Hurricanes,pinnacle,Spread,Syracuse Orange,3.0,,-151,
2026-01-23 17:09:11,"Syracuse Orange vs Miami Hurricanes, 2026-01-24, 02",Syracuse Orange,Miami Hurricanes,draftkings,Spread,Miami Hurricanes,-1.5,,-110,https://sportsbook.draftkings.com/event/miami-fl-%40-syracuse/33516480?outcomes=0HC83117202N150_3
2026-01-23 17:09:11,"Syracuse Orange vs Miami Hurricanes, 2026-01-24, 02",Syracuse Orange,Miami Hurricanes,draftkings,Spread,Syracuse Orange,1.5,,-110,https://sportsbook.draftkings.com/event/miami-fl-%40-syracuse/33516480?outcomes=0HC83117202P150_1
2026-01-23 17:09:11,"Syracuse Orange vs Miami Hurricanes, 2026-01-24, 02",Syracuse Orange,Miami Hurricanes,fanduel,Total,,150.5,O,-110,https://sportsbook.fanduel.ca/addToBetslip?marketId=801.152221028&selectionId=7017823
2026-01-23 17:09:11,"Syracuse Orange vs Miami Hurricanes, 2026-01-24, 02",Syracuse Orange,Miami Hurricanes,fanduel,Total,,150.5,U,-110,https://sportsbook.fanduel.ca/addToBetslip?marketId=801.152221028&selectionId=7017824
2026-01-23 17:09:11,"Syracuse Orange vs Miami Hurricanes, 2026-01-24, 02",Syracuse Orange,Miami Hurricanes,pinnacle,Total,,152.5,O,+110,
2026-01-23 17:09:11,"Syracuse Orange vs Miami Hurricanes, 2026-01-24, 02",Syracuse Orange,Miami Hurricanes,pinnacle,Total,,152.5,U,-144,
2026-01-23 17:09:11,"Syracuse Orange vs Miami Hurricanes, 2026-01-24, 02",Syracuse Orange,Miami Hurricanes,pinnacle,Total,,152.0,O,+105,
2026-01-23 17:09:11,"Syracuse Orange vs Miami Hurricanes, 2026-01-24, 02",Syracuse Orange,Miami Hurricanes,pinnacle,Total,,152.0,U,-137,
2026-01-23 17:09:11,"Syracuse Orange vs Miami Hurricanes, 2026-01-24, 02",Syracuse Orange,Miami Hurricanes,pinnacle,Total,,151.5,O,-100,
2026-01-23 17:09:11,"Syracuse Orange vs Miami Hurricanes, 2026-01-24, 02",Syracuse Orange,Miami Hurricanes,pinnacle,Total,,151.5,U,-130,
2026-01-23 17:09:11,"Syracuse Orange vs Miami Hurricanes, 2026-01-24, 02",Syracuse Orange,Miami Hurricanes,pinnacle,Total,,151.0,O,-106,
2026-01-23 17:09:11,"Syracuse Orange vs Miami Hurricanes, 2026-01-24, 02",Syracuse Orange,Miami Hurricanes,pinnacle,Total,,151.0,U,-123,
2026-01-23 17:09:11,"Syracuse Orange vs Miami Hurricanes, 2026-01-24, 02",Syracuse Orange,Miami Hurricanes,pinnacle,Total,,150.5,O,-110,
2026-01-23 17:09:11,"Syracuse Orange vs Miami Hurricanes, 2026-01-24, 02",Syracuse Orange,Miami Hurricanes,pinnacle,Total,,150.0,O,-119,
2026-01-23 17:09:11,"Syracuse Orange vs Miami Hurricanes, 2026-01-24, 02",Syracuse Orange,Miami Hurricanes,pinnacle,Total,,150.0,U,-110,
2026-01-23 17:09:11,"Syracuse Orange vs Miami Hurricanes, 2026-01-24, 02",Syracuse Orange,Miami Hurricanes,pinnacle,Total,,149.5,O,-126,
2026-01-23 17:09:11,"Syracuse Orange vs Miami Hurricanes, 2026-01-24, 02",Syracuse Orange,Miami Hurricanes,pinnacle,Total,,149.5,U,-104,
2026-01-23 17:09:11,"Syracuse Orange vs Miami Hurricanes, 2026-01-24, 02",Syracuse Orange,Miami Hurricanes,pinnacle,Total,,149.0,O,-133,
2026-01-23 17:09:11,"Syracuse Orange vs Miami Hurricanes, 2026-01-24, 02",Syracuse Orange,Miami Hurricanes,pinnacle,Total,,149.0,U,+102,
2026-01-23 17:09:11,"Syracuse Orange vs Miami Hurricanes, 2026-01-24, 02",Syracuse Orange,Miami Hurricanes,pinnacle,Total,,148.5,O,-140,
2026-01-23 17:09:11,"Syracuse Orange vs Miami Hurricanes, 2026-01-24, 02",Syracuse Orange,Miami Hurricanes,pinnacle,Total,,148.5,U,+107,
2026-01-23 17:09:11,"Syracuse Orange vs Miami Hurricanes, 2026-01-24, 02",Syracuse Orange,Miami Hurricanes,pinnacle,Total,,150.5,U,-114,
2026-01-23 17:09:11,"Syracuse Orange vs Miami Hurricanes, 2026-01-24, 02",Syracuse Orange,Miami Hurricanes,draftkings,Total,,150.5,O,-110,https://sportsbook.draftkings.com/event/miami-fl-%40-syracuse/33516480?outcomes=0OU83117202O15050_1
2026-01-23 17:09:11,"Syracuse Orange vs Miami Hurricanes, 2026-01-24, 02",Syracuse Orange,Miami Hurricanes,draftkings,Total,,150.5,U,-110,https://sportsbook.draftkings.com/event/miami-fl-%40-syracuse/33516480?outcomes=0OU83117202U15050_3
2026-01-23 17:09:11,"Tennessee Buccaneers vs Citadel Bulldogs, 2026-01-23, 07",Tennessee Buccaneers,Citadel Bulldogs,pinnacle,Spread,Tennessee Buccaneers,-15.0,,-154,
2026-01-23 17:09:11,"Tennessee Buccaneers vs Citadel Bulldogs, 2026-01-23, 07",Tennessee Buccaneers,Citadel Bulldogs,pinnacle,Spread,Citadel Bulldogs,15.0,,+126,
2026-01-23 17:09:11,"Tennessee Buccaneers vs Citadel Bulldogs, 2026-01-23, 07",Tennessee Buccaneers,Citadel Bulldogs,pinnacle,Spread,Tennessee Buccaneers,-15.5,,-143,
2026-01-23 17:09:11,"Tennessee Buccaneers vs Citadel Bulldogs, 2026-01-23, 07",Tennessee Buccaneers,Citadel Bulldogs,pinnacle,Spread,Citadel Bulldogs,15.5,,+118,
2026-01-23 17:09:11,"Tennessee Buccaneers vs Citadel Bulldogs, 2026-01-23, 07",Tennessee Buccaneers,Citadel Bulldogs,pinnacle,Spread,Tennessee Buccaneers,-16.0,,-133,
2026-01-23 17:09:11,"Tennessee Buccaneers vs Citadel Bulldogs, 2026-01-23, 07",Tennessee Buccaneers,Citadel Bulldogs,pinnacle,Spread,Citadel Bulldogs,16.0,,+110,
2026-01-23 17:09:11,"Tennessee Buccaneers vs Citadel Bulldogs, 2026-01-23, 07",Tennessee Buccaneers,Citadel Bulldogs,pinnacle,Spread,Tennessee Buccaneers,-16.5,,-123,
2026-01-23 17:09:11,"Tennessee Buccaneers vs Citadel Bulldogs, 2026-01-23, 07",Tennessee Buccaneers,Citadel Bulldogs,pinnacle,Spread,Citadel Bulldogs,16.5,,+101,
2026-01-23 17:09:11,"Tennessee Buccaneers vs Citadel Bulldogs, 2026-01-23, 07",Tennessee Buccaneers,Citadel Bulldogs,pinnacle,Spread,Tennessee Buccaneers,-17.0,,-111,
2026-01-23 17:09:11,"Tennessee Buccaneers vs Citadel Bulldogs, 2026-01-23, 07",Tennessee Buccaneers,Citadel Bulldogs,pinnacle,Spread,Citadel Bulldogs,17.0,,-106,
2026-01-23 17:09:11,"Tennessee Buccaneers vs Citadel Bulldogs, 2026-01-23, 07",Tennessee Buccaneers,Citadel Bulldogs,pinnacle,Spread,Tennessee Buccaneers,-17.5,,-103,
2026-01-23 17:09:11,"Tennessee Buccaneers vs Citadel Bulldogs, 2026-01-23, 07",Tennessee Buccaneers,Citadel Bulldogs,pinnacle,Spread,Citadel Bulldogs,17.5,,-117,
2026-01-23 17:09:11,"Tennessee Buccaneers vs Citadel Bulldogs, 2026-01-23, 07",Tennessee Buccaneers,Citadel Bulldogs,pinnacle,Spread,Tennessee Buccaneers,-18.0,,+105,
2026-01-23 17:09:11,"Tennessee Buccaneers vs Citadel Bulldogs, 2026-01-23, 07",Tennessee Buccaneers,Citadel Bulldogs,pinnacle,Spread,Citadel Bulldogs,18.0,,-127,
2026-01-23 17:09:11,"Tennessee Buccaneers vs Citadel Bulldogs, 2026-01-23, 07",Tennessee Buccaneers,Citadel Bulldogs,pinnacle,Spread,Tennessee Buccaneers,-18.5,,+112,
2026-01-23 17:09:11,"Tennessee Buccaneers vs Citadel Bulldogs, 2026-01-23, 07",Tennessee Buccaneers,Citadel Bulldogs,pinnacle,Spread,Citadel Bulldogs,18.5,,-137,
2026-01-23 17:09:11,"Tennessee Buccaneers vs Citadel Bulldogs, 2026-01-23, 07",Tennessee Buccaneers,Citadel Bulldogs,pinnacle,Spread,Tennessee Buccaneers,-19.0,,+120,
2026-01-23 17:09:11,"Tennessee Buccaneers vs Citadel Bulldogs, 2026-01-23, 07",Tennessee Buccaneers,Citadel Bulldogs,pinnacle,Spread,Citadel Bulldogs,19.0,,-147,
2026-01-23 17:09:11,"Tennessee Buccaneers vs Citadel Bulldogs, 2026-01-23, 07",Tennessee Buccaneers,Citadel Bulldogs,betonline,Spread,Citadel Bulldogs,17.5,,-115,
2026-01-23 17:09:11,"Tennessee Buccaneers vs Citadel Bulldogs, 2026-01-23, 07",Tennessee Buccaneers,Citadel Bulldogs,betonline,Spread,Tennessee Buccaneers,-17.5,,-105,
2026-01-23 17:09:11,"Tennessee Buccaneers vs Citadel Bulldogs, 2026-01-23, 07",Tennessee Buccaneers,Citadel Bulldogs,draftkings,Spread,Citadel Bulldogs,22.5,,-248,https://sportsbook.draftkings.com/event/the-citadel-%40-etsu/33510241?outcomes=0HC83106965P2250_3
2026-01-23 17:09:11,"Tennessee Buccaneers vs Citadel Bulldogs, 2026-01-23, 07",Tennessee Buccaneers,Citadel Bulldogs,draftkings,Spread,Tennessee Buccaneers,-22.5,,+176,https://sportsbook.draftkings.com/event/the-citadel-%40-etsu/33510241?outcomes=0HC83106965N2250_1
2026-01-23 17:09:11,"Tennessee Buccaneers vs Citadel Bulldogs, 2026-01-23, 07",Tennessee Buccaneers,Citadel Bulldogs,draftkings,Spread,Citadel Bulldogs,23.5,,-287,https://sportsbook.draftkings.com/event/the-citadel-%40-etsu/33510241?outcomes=0HC83106965P2350_3
2026-01-23 17:09:11,"Tennessee Buccaneers vs Citadel Bulldogs, 2026-01-23, 07",Tennessee Buccaneers,Citadel Bulldogs,draftkings,Spread,Tennessee Buccaneers,-23.5,,+199,https://sportsbook.draftkings.com/event/the-citadel-%40-etsu/33510241?outcomes=0HC83106965N2350_1
2026-01-23 17:09:11,"Tennessee Buccaneers vs Citadel Bulldogs, 2026-01-23, 07",Tennessee Buccaneers,Citadel Bulldogs,draftkings,Spread,Citadel Bulldogs,24.5,,-318,https://sportsbook.draftkings.com/event/the-citadel-%40-etsu/33510241?outcomes=0HC83106965P2450_3
2026-01-23 17:09:11,"Tennessee Buccaneers vs Citadel Bulldogs, 2026-01-23, 07",Tennessee Buccaneers,Citadel Bulldogs,draftkings,Spread,Tennessee Buccaneers,-24.5,,+217,https://sportsbook.draftkings.com/event/the-citadel-%40-etsu/33510241?outcomes=0HC83106965N2450_1
2026-01-23 17:09:11,"Tennessee Buccaneers vs Citadel Bulldogs, 2026-01-23, 07",Tennessee Buccaneers,Citadel Bulldogs,draftkings,Spread,Citadel Bulldogs,25.5,,-380,https://sportsbook.draftkings.com/event/the-citadel-%40-etsu/33510241?outcomes=0HC83106965P2550_3
2026-01-23 17:09:11,"Tennessee Buccaneers vs Citadel Bulldogs, 2026-01-23, 07",Tennessee Buccaneers,Citadel Bulldogs,draftkings,Spread,Tennessee Buccaneers,-25.5,,+252,https://sportsbook.draftkings.com/event/the-citadel-%40-etsu/33510241?outcomes=0HC83106965N2550_1
2026-01-23 17:09:11,"Tennessee Buccaneers vs Citadel Bulldogs, 2026-01-23, 07",Tennessee Buccaneers,Citadel Bulldogs,draftkings,Spread,Citadel Bulldogs,26.5,,-445,https://sportsbook.draftkings.com/event/the-citadel-%40-etsu/33510241?outcomes=0HC83106965P2650_3
2026-01-23 17:09:11,"Tennessee Buccaneers vs Citadel Bulldogs, 2026-01-23, 07",Tennessee Buccaneers,Citadel Bulldogs,draftkings,Spread,Tennessee Buccaneers,-26.5,,+286,https://sportsbook.draftkings.com/event/the-citadel-%40-etsu/33510241?outcomes=0HC83106965N2650_1
2026-01-23 17:09:11,"Tennessee Buccaneers vs Citadel Bulldogs, 2026-01-23, 07",Tennessee Buccaneers,Citadel Bulldogs,draftkings,Spread,Citadel Bulldogs,27.5,,-516,https://sportsbook.draftkings.com/event/the-citadel-%40-etsu/33510241?outcomes=0HC83106965P2750_3
2026-01-23 17:09:11,"Tennessee Buccaneers vs Citadel Bulldogs, 2026-01-23, 07",Tennessee Buccaneers,Citadel Bulldogs,draftkings,Spread,Tennessee Buccaneers,-27.5,,+321,https://sportsbook.draftkings.com/event/the-citadel-%40-etsu/33510241?outcomes=0HC83106965N2750_1
2026-01-23 17:09:11,"Tennessee Buccaneers vs Citadel Bulldogs, 2026-01-23, 07",Tennessee Buccaneers,Citadel Bulldogs,draftkings,Spread,Citadel Bulldogs,28.5,,-599,https://sportsbook.draftkings.com/event/the-citadel-%40-etsu/33510241?outcomes=0HC83106965P2850_3
2026-01-23 17:09:11,"Tennessee Buccaneers vs Citadel Bulldogs, 2026-01-23, 07",Tennessee Buccaneers,Citadel Bulldogs,draftkings,Spread,Tennessee Buccaneers,-28.5,,+358,https://sportsbook.draftkings.com/event/the-citadel-%40-etsu/33510241?outcomes=0HC83106965N2850_1
2026-01-23 17:09:11,"Tennessee Buccaneers vs Citadel Bulldogs, 2026-01-23, 07",Tennessee Buccaneers,Citadel Bulldogs,draftkings,Spread,Citadel Bulldogs,29.5,,-710,https://sportsbook.draftkings.com/event/the-citadel-%40-etsu/33510241?outcomes=0HC83106965P2950_3
2026-01-23 17:09:11,"Tennessee Buccaneers vs Citadel Bulldogs, 2026-01-23, 07",Tennessee Buccaneers,Citadel Bulldogs,draftkings,Spread,Tennessee Buccaneers,-29.5,,+402,https://sportsbook.draftkings.com/event/the-citadel-%40-etsu/33510241?outcomes=0HC83106965N2950_1
2026-01-23 17:09:11,"Tennessee Buccaneers vs Citadel Bulldogs, 2026-01-23, 07",Tennessee Buccaneers,Citadel Bulldogs,draftkings,Spread,Citadel Bulldogs,30.5,,-860,https://sportsbook.draftkings.com/event/the-citadel-%40-etsu/33510241?outcomes=0HC83106965P3050_3
2026-01-23 17:09:11,"Tennessee Buccaneers vs Citadel Bulldogs, 2026-01-23, 07",Tennessee Buccaneers,Citadel Bulldogs,draftkings,Spread,Tennessee Buccaneers,-30.5,,+458,https://sportsbook.draftkings.com/event/the-citadel-%40-etsu/33510241?outcomes=0HC83106965N3050_1
2026-01-23 17:09:11,"Tennessee Buccaneers vs Citadel Bulldogs, 2026-01-23, 07",Tennessee Buccaneers,Citadel Bulldogs,draftkings,Spread,Tennessee Buccaneers,-21.5,,+156,https://sportsbook.draftkings.com/event/the-citadel-%40-etsu/33510241?outcomes=0HC83106965N2150_1
2026-01-23 17:09:11,"Tennessee Buccaneers vs Citadel Bulldogs, 2026-01-23, 07",Tennessee Buccaneers,Citadel Bulldogs,draftkings,Spread,Citadel Bulldogs,21.5,,-217,https://sportsbook.draftkings.com/event/the-citadel-%40-etsu/33510241?outcomes=0HC83106965P2150_3
2026-01-23 17:09:11,"Tennessee Buccaneers vs Citadel Bulldogs, 2026-01-23, 07",Tennessee Buccaneers,Citadel Bulldogs,draftkings,Spread,Citadel Bulldogs,20.5,,-183,https://sportsbook.draftkings.com/event/the-citadel-%40-etsu/33510241?outcomes=0HC83106965P2050_3
2026-01-23 17:09:11,"Tennessee Buccaneers vs Citadel Bulldogs, 2026-01-23, 07",Tennessee Buccaneers,Citadel Bulldogs,draftkings,Spread,Tennessee Buccaneers,-8.5,,-517,https://sportsbook.draftkings.com/event/the-citadel-%40-etsu/33510241?outcomes=0HC83106965N850_1
2026-01-23 17:09:11,"Tennessee Buccaneers vs Citadel Bulldogs, 2026-01-23, 07",Tennessee Buccaneers,Citadel Bulldogs,draftkings,Spread,Citadel Bulldogs,9.5,,+273,https://sportsbook.draftkings.com/event/the-citadel-%40-etsu/33510241?outcomes=0HC83106965P950_3
2026-01-23 17:09:11,"Tennessee Buccaneers vs Citadel Bulldogs, 2026-01-23, 07",Tennessee Buccaneers,Citadel Bulldogs,draftkings,Spread,Tennessee Buccaneers,-9.5,,-419,https://sportsbook.draftkings.com/event/the-citadel-%40-etsu/33510241?outcomes=0HC83106965N950_1
2026-01-23 17:09:11,"Tennessee Buccaneers vs Citadel Bulldogs, 2026-01-23, 07",Tennessee Buccaneers,Citadel Bulldogs,draftkings,Spread,Citadel Bulldogs,10.5,,+229,https://sportsbook.draftkings.com/event/the-citadel-%40-etsu/33510241?outcomes=0HC83106965P1050_3
2026-01-23 17:09:11,"Tennessee Buccaneers vs Citadel Bulldogs, 2026-01-23, 07",Tennessee Buccaneers,Citadel Bulldogs,draftkings,Spread,Tennessee Buccaneers,-10.5,,-339,https://sportsbook.draftkings.com/event/the-citadel-%40-etsu/33510241?outcomes=0HC83106965N1050_1
2026-01-23 17:09:11,"Tennessee Buccaneers vs Citadel Bulldogs, 2026-01-23, 07",Tennessee Buccaneers,Citadel Bulldogs,draftkings,Spread,Citadel Bulldogs,11.5,,+196,https://sportsbook.draftkings.com/event/the-citadel-%40-etsu/33510241?outcomes=0HC83106965P1150_3
2026-01-23 17:09:11,"Tennessee Buccaneers vs Citadel Bulldogs, 2026-01-23, 07",Tennessee Buccaneers,Citadel Bulldogs,draftkings,Spread,Tennessee Buccaneers,-11.5,,-282,https://sportsbook.draftkings.com/event/the-citadel-%40-etsu/33510241?outcomes=0HC83106965N1150_1
2026-01-23 17:09:11,"Tennessee Buccaneers vs Citadel Bulldogs, 2026-01-23, 07",Tennessee Buccaneers,Citadel Bulldogs,draftkings,Spread,Citadel Bulldogs,12.5,,+172,https://sportsbook.draftkings.com/event/the-citadel-%40-etsu/33510241?outcomes=0HC83106965P1250_3
2026-01-23 17:09:11,"Tennessee Buccaneers vs Citadel Bulldogs, 2026-01-23, 07",Tennessee Buccaneers,Citadel Bulldogs,draftkings,Spread,Tennessee Buccaneers,-12.5,,-243,https://sportsbook.draftkings.com/event/the-citadel-%40-etsu/33510241?outcomes=0HC83106965N1250_1
2026-01-23 17:09:11,"Tennessee Buccaneers vs Citadel Bulldogs, 2026-01-23, 07",Tennessee Buccaneers,Citadel Bulldogs,draftkings,Spread,Citadel Bulldogs,13.5,,+151,https://sportsbook.draftkings.com/event/the-citadel-%40-etsu/33510241?outcomes=0HC83106965P1350_3
2026-01-23 17:09:11,"Tennessee Buccaneers vs Citadel Bulldogs, 2026-01-23, 07",Tennessee Buccaneers,Citadel Bulldogs,draftkings,Spread,Tennessee Buccaneers,-13.5,,-211,https://sportsbook.draftkings.com/event/the-citadel-%40-etsu/33510241?outcomes=0HC83106965N1350_1
2026-01-23 17:09:11,"Tennessee Buccaneers vs Citadel Bulldogs, 2026-01-23, 07",Tennessee Buccaneers,Citadel Bulldogs,draftkings,Spread,Citadel Bulldogs,14.5,,+128,https://sportsbook.draftkings.com/event/the-citadel-%40-etsu/33510241?outcomes=0HC83106965P1450_3
2026-01-23 17:09:11,"Tennessee Buccaneers vs Citadel Bulldogs, 2026-01-23, 07",Tennessee Buccaneers,Citadel Bulldogs,draftkings,Spread,Tennessee Buccaneers,-14.5,,-177,https://sportsbook.draftkings.com/event/the-citadel-%40-etsu/33510241?outcomes=0HC83106965N1450_1
2026-01-23 17:09:11,"Tennessee Buccaneers vs Citadel Bulldogs, 2026-01-23, 07",Tennessee Buccaneers,Citadel Bulldogs,draftkings,Spread,Citadel Bulldogs,15.5,,+108,https://sportsbook.draftkings.com/event/the-citadel-%40-etsu/33510241?outcomes=0HC83106965P1550_3
2026-01-23 17:09:11,"Tennessee Buccaneers vs Citadel Bulldogs, 2026-01-23, 07",Tennessee Buccaneers,Citadel Bulldogs,draftkings,Spread,Tennessee Buccaneers,-15.5,,-148,https://sportsbook.draftkings.com/event/the-citadel-%40-etsu/33510241?outcomes=0HC83106965N1550_1
2026-01-23 17:09:11,"Tennessee Buccaneers vs Citadel Bulldogs, 2026-01-23, 07",Tennessee Buccaneers,Citadel Bulldogs,draftkings,Spread,Citadel Bulldogs,16.5,,-104,https://sportsbook.draftkings.com/event/the-citadel-%40-etsu/33510241?outcomes=0HC83106965P1650_3
2026-01-23 17:09:11,"Tennessee Buccaneers vs Citadel Bulldogs, 2026-01-23, 07",Tennessee Buccaneers,Citadel Bulldogs,draftkings,Spread,Tennessee Buccaneers,-16.5,,-131,https://sportsbook.draftkings.com/event/the-citadel-%40-etsu/33510241?outcomes=0HC83106965N1650_1
2026-01-23 17:09:11,"Tennessee Buccaneers vs Citadel Bulldogs, 2026-01-23, 07",Tennessee Buccaneers,Citadel Bulldogs,draftkings,Spread,Citadel Bulldogs,18.5,,-139,https://sportsbook.draftkings.com/event/the-citadel-%40-etsu/33510241?outcomes=0HC83106965P1850_3
2026-01-23 17:09:11,"Tennessee Buccaneers vs Citadel Bulldogs, 2026-01-23, 07",Tennessee Buccaneers,Citadel Bulldogs,draftkings,Spread,Tennessee Buccaneers,-18.5,,+102,https://sportsbook.draftkings.com/event/the-citadel-%40-etsu/33510241?outcomes=0HC83106965N1850_1
2026-01-23 17:09:11,"Tennessee Buccaneers vs Citadel Bulldogs, 2026-01-23, 07",Tennessee Buccaneers,Citadel Bulldogs,draftkings,Spread,Citadel Bulldogs,19.5,,-161,https://sportsbook.draftkings.com/event/the-citadel-%40-etsu/33510241?outcomes=0HC83106965P1950_3
2026-01-23 17:09:11,"Tennessee Buccaneers vs Citadel Bulldogs, 2026-01-23, 07",Tennessee Buccaneers,Citadel Bulldogs,draftkings,Spread,Tennessee Buccaneers,-19.5,,+118,https://sportsbook.draftkings.com/event/the-citadel-%40-etsu/33510241?outcomes=0HC83106965N1950_1
2026-01-23 17:09:11,"Tennessee Buccaneers vs Citadel Bulldogs, 2026-01-23, 07",Tennessee Buccaneers,Citadel Bulldogs,draftkings,Spread,Tennessee Buccaneers,-20.5,,+133,https://sportsbook.draftkings.com/event/the-citadel-%40-etsu/33510241?outcomes=0HC83106965N2050_1
2026-01-23 17:09:11,"Tennessee Buccaneers vs Citadel Bulldogs, 2026-01-23, 07",Tennessee Buccaneers,Citadel Bulldogs,draftkings,Spread,Citadel Bulldogs,8.5,,+321,https://sportsbook.draftkings.com/event/the-citadel-%40-etsu/33510241?outcomes=0HC83106965P850_3
2026-01-23 17:09:11,"Tennessee Buccaneers vs Citadel Bulldogs, 2026-01-23, 07",Tennessee Buccaneers,Citadel Bulldogs,draftkings,Spread,Tennessee Buccaneers,-7.5,,-630,https://sportsbook.draftkings.com/event/the-citadel-%40-etsu/33510241?outcomes=0HC83106965N750_1
2026-01-23 17:09:11,"Tennessee Buccaneers vs Citadel Bulldogs, 2026-01-23, 07",Tennessee Buccaneers,Citadel Bulldogs,draftkings,Spread,Tennessee Buccaneers,-6.5,,-740,https://sportsbook.draftkings.com/event/the-citadel-%40-etsu/33510241?outcomes=0HC83106965N650_1
2026-01-23 17:09:11,"Tennessee Buccaneers vs Citadel Bulldogs, 2026-01-23, 07",Tennessee Buccaneers,Citadel Bulldogs,draftkings,Spread,Citadel Bulldogs,17.5,,-115,https://sportsbook.draftkings.com/event/the-citadel-%40-etsu/33510241?outcomes=0HC83102585P1750_3
2026-01-23 17:09:11,"Tennessee Buccaneers vs Citadel Bulldogs, 2026-01-23, 07",Tennessee Buccaneers,Citadel Bulldogs,draftkings,Spread,Tennessee Buccaneers,-17.5,,-105,https://sportsbook.draftkings.com/event/the-citadel-%40-etsu/33510241?outcomes=0HC83102585N1750_1
2026-01-23 17:09:11,"Tennessee Buccaneers vs Citadel Bulldogs, 2026-01-23, 07",Tennessee Buccaneers,Citadel Bulldogs,draftkings,Spread,Citadel Bulldogs,6.5,,+413,https://sportsbook.draftkings.com/event/the-citadel-%40-etsu/33510241?outcomes=0HC83106965P650_3
2026-01-23 17:09:11,"Tennessee Buccaneers vs Citadel Bulldogs, 2026-01-23, 07",Tennessee Buccaneers,Citadel Bulldogs,draftkings,Spread,Citadel Bulldogs,7.5,,+369,https://sportsbook.draftkings.com/event/the-citadel-%40-etsu/33510241?outcomes=0HC83106965P750_3
2026-01-23 17:09:11,"Tennessee Buccaneers vs Citadel Bulldogs, 2026-01-23, 07",Tennessee Buccaneers,Citadel Bulldogs,pinnacle,Total,,142.0,O,+113,
2026-01-23 17:09:11,"Tennessee Buccaneers vs Citadel Bulldogs, 2026-01-23, 07",Tennessee Buccaneers,Citadel Bulldogs,pinnacle,Total,,142.0,U,-143,
2026-01-23 17:09:11,"Tennessee Buccaneers vs Citadel Bulldogs, 2026-01-23, 07",Tennessee Buccaneers,Citadel Bulldogs,pinnacle,Total,,141.5,O,+107,
2026-01-23 17:09:11,"Tennessee Buccaneers vs Citadel Bulldogs, 2026-01-23, 07",Tennessee Buccaneers,Citadel Bulldogs,pinnacle,Total,,141.5,U,-135,
2026-01-23 17:09:11,"Tennessee Buccaneers vs Citadel Bulldogs, 2026-01-23, 07",Tennessee Buccaneers,Citadel Bulldogs,pinnacle,Total,,141.0,O,+101,
2026-01-23 17:09:11,"Tennessee Buccaneers vs Citadel Bulldogs, 2026-01-23, 07",Tennessee Buccaneers,Citadel Bulldogs,pinnacle,Total,,141.0,U,-127,
2026-01-23 17:09:11,"Tennessee Buccaneers vs Citadel Bulldogs, 2026-01-23, 07",Tennessee Buccaneers,Citadel Bulldogs,pinnacle,Total,,140.5,O,-106,
2026-01-23 17:09:11,"Tennessee Buccaneers vs Citadel Bulldogs, 2026-01-23, 07",Tennessee Buccaneers,Citadel Bulldogs,pinnacle,Total,,140.5,U,-118,
2026-01-23 17:09:11,"Tennessee Buccaneers vs Citadel Bulldogs, 2026-01-23, 07",Tennessee Buccaneers,Citadel Bulldogs,pinnacle,Total,,140.0,O,-110,
2026-01-23 17:09:11,"Tennessee Buccaneers vs Citadel Bulldogs, 2026-01-23, 07",Tennessee Buccaneers,Citadel Bulldogs,pinnacle,Total,,140.0,U,-110,
2026-01-23 17:09:11,"Tennessee Buccaneers vs Citadel Bulldogs, 2026-01-23, 07",Tennessee Buccaneers,Citadel Bulldogs,pinnacle,Total,,139.5,O,-119,
2026-01-23 17:09:11,"Tennessee Buccaneers vs Citadel Bulldogs, 2026-01-23, 07",Tennessee Buccaneers,Citadel Bulldogs,pinnacle,Total,,139.5,U,-105,
2026-01-23 17:09:11,"Tennessee Buccaneers vs Citadel Bulldogs, 2026-01-23, 07",Tennessee Buccaneers,Citadel Bulldogs,pinnacle,Total,,139.0,O,-126,
2026-01-23 17:09:11,"Tennessee Buccaneers vs Citadel Bulldogs, 2026-01-23, 07",Tennessee Buccaneers,Citadel Bulldogs,pinnacle,Total,,139.0,U,+100,
2026-01-23 17:09:11,"Tennessee Buccaneers vs Citadel Bulldogs, 2026-01-23, 07",Tennessee Buccaneers,Citadel Bulldogs,pinnacle,Total,,138.5,O,-132,
2026-01-23 17:09:11,"Tennessee Buccaneers vs Citadel Bulldogs, 2026-01-23, 07",Tennessee Buccaneers,Citadel Bulldogs,pinnacle,Total,,138.5,U,+105,
2026-01-23 17:09:11,"Tennessee Buccaneers vs Citadel Bulldogs, 2026-01-23, 07",Tennessee Buccaneers,Citadel Bulldogs,pinnacle,Total,,138.0,O,-140,
2026-01-23 17:09:11,"Tennessee Buccaneers vs Citadel Bulldogs, 2026-01-23, 07",Tennessee Buccaneers,Citadel Bulldogs,pinnacle,Total,,138.0,U,+111,
2026-01-23 17:09:11,"Tennessee Buccaneers vs Citadel Bulldogs, 2026-01-23, 07",Tennessee Buccaneers,Citadel Bulldogs,betonline,Total,,139.5,U,-110,
2026-01-23 17:09:11,"Tennessee Buccaneers vs Citadel Bulldogs, 2026-01-23, 07",Tennessee Buccaneers,Citadel Bulldogs,betonline,Total,,139.5,O,-110,
2026-01-23 17:09:11,"Tennessee Buccaneers vs Citadel Bulldogs, 2026-01-23, 07",Tennessee Buccaneers,Citadel Bulldogs,draftkings,Total,,140.5,O,-110,https://sportsbook.draftkings.com/event/the-citadel-%40-etsu/33510241?outcomes=0OU83102585O14050_1
2026-01-23 17:09:11,"Tennessee Buccaneers vs Citadel Bulldogs, 2026-01-23, 07",Tennessee Buccaneers,Citadel Bulldogs,draftkings,Total,,140.5,U,-110,https://sportsbook.draftkings.com/event/the-citadel-%40-etsu/33510241?outcomes=0OU83102585U14050_3
2026-01-23 17:09:11,"Tennessee Buccaneers vs Citadel Bulldogs, 2026-01-23, 07",Tennessee Buccaneers,Citadel Bulldogs,draftkings,Total,,128.5,O,-445,https://sportsbook.draftkings.com/event/the-citadel-%40-etsu/33510241?outcomes=0OU83106965O12850_1
2026-01-23 17:09:11,"Tennessee Buccaneers vs Citadel Bulldogs, 2026-01-23, 07",Tennessee Buccaneers,Citadel Bulldogs,draftkings,Total,,128.5,U,+310,https://sportsbook.draftkings.com/event/the-citadel-%40-etsu/33510241?outcomes=0OU83106965U12850_3
2026-01-23 17:09:11,"Tennessee Buccaneers vs Citadel Bulldogs, 2026-01-23, 07",Tennessee Buccaneers,Citadel Bulldogs,draftkings,Total,,129.5,O,-395,https://sportsbook.draftkings.com/event/the-citadel-%40-etsu/33510241?outcomes=0OU83106965O12950_1
2026-01-23 17:09:11,"Tennessee Buccaneers vs Citadel Bulldogs, 2026-01-23, 07",Tennessee Buccaneers,Citadel Bulldogs,draftkings,Total,,129.5,U,+280,https://sportsbook.draftkings.com/event/the-citadel-%40-etsu/33510241?outcomes=0OU83106965U12950_3
2026-01-23 17:09:11,"Tennessee Buccaneers vs Citadel Bulldogs, 2026-01-23, 07",Tennessee Buccaneers,Citadel Bulldogs,draftkings,Total,,130.5,O,-345,https://sportsbook.draftkings.com/event/the-citadel-%40-etsu/33510241?outcomes=0OU83106965O13050_1
2026-01-23 17:09:11,"Tennessee Buccaneers vs Citadel Bulldogs, 2026-01-23, 07",Tennessee Buccaneers,Citadel Bulldogs,draftkings,Total,,144.5,U,-180,https://sportsbook.draftkings.com/event/the-citadel-%40-etsu/33510241?outcomes=0OU83106965U14450_3
2026-01-23 17:09:11,"Tennessee Buccaneers vs Citadel Bulldogs, 2026-01-23, 07",Tennessee Buccaneers,Citadel Bulldogs,draftkings,Total,,145.5,O,+154,https://sportsbook.draftkings.com/event/the-citadel-%40-etsu/33510241?outcomes=0OU83106965O14550_1
2026-01-23 17:09:11,"Tennessee Buccaneers vs Citadel Bulldogs, 2026-01-23, 07",Tennessee Buccaneers,Citadel Bulldogs,draftkings,Total,,145.5,U,-200,https://sportsbook.draftkings.com/event/the-citadel-%40-etsu/33510241?outcomes=0OU83106965U14550_3
2026-01-23 17:09:11,"Tennessee Buccaneers vs Citadel Bulldogs, 2026-01-23, 07",Tennessee Buccaneers,Citadel Bulldogs,draftkings,Total,,146.5,O,+175,https://sportsbook.draftkings.com/event/the-citadel-%40-etsu/33510241?outcomes=0OU83106965O14650_1
2026-01-23 17:09:11,"Tennessee Buccaneers vs Citadel Bulldogs, 2026-01-23, 07",Tennessee Buccaneers,Citadel Bulldogs,draftkings,Total,,146.5,U,-230,https://sportsbook.draftkings.com/event/the-citadel-%40-etsu/33510241?outcomes=0OU83106965U14650_3
2026-01-23 17:09:11,"Tennessee Buccaneers vs Citadel Bulldogs, 2026-01-23, 07",Tennessee Buccaneers,Citadel Bulldogs,draftkings,Total,,147.5,O,+195,https://sportsbook.draftkings.com/event/the-citadel-%40-etsu/33510241?outcomes=0OU83106965O14750_1
2026-01-23 17:09:11,"Tennessee Buccaneers vs Citadel Bulldogs, 2026-01-23, 07",Tennessee Buccaneers,Citadel Bulldogs,draftkings,Total,,147.5,U,-260,https://sportsbook.draftkings.com/event/the-citadel-%40-etsu/33510241?outcomes=0OU83106965U14750_3
2026-01-23 17:09:11,"Tennessee Buccaneers vs Citadel Bulldogs, 2026-01-23, 07",Tennessee Buccaneers,Citadel Bulldogs,draftkings,Total,,148.5,O,+220,https://sportsbook.draftkings.com/event/the-citadel-%40-etsu/33510241?outcomes=0OU83106965O14850_1
2026-01-23 17:09:11,"Tennessee Buccaneers vs Citadel Bulldogs, 2026-01-23, 07",Tennessee Buccaneers,Citadel Bulldogs,draftkings,Total,,148.5,U,-298,https://sportsbook.draftkings.com/event/the-citadel-%40-etsu/33510241?outcomes=0OU83106965U14850_3
2026-01-23 17:09:11,"Tennessee Buccaneers vs Citadel Bulldogs, 2026-01-23, 07",Tennessee Buccaneers,Citadel Bulldogs,draftkings,Total,,149.5,O,+240,https://sportsbook.draftkings.com/event/the-citadel-%40-etsu/33510241?outcomes=0OU83106965O14950_1
2026-01-23 17:09:11,"Tennessee Buccaneers vs Citadel Bulldogs, 2026-01-23, 07",Tennessee Buccaneers,Citadel Bulldogs,draftkings,Total,,149.5,U,-330,https://sportsbook.draftkings.com/event/the-citadel-%40-etsu/33510241?outcomes=0OU83106965U14950_3
2026-01-23 17:09:11,"Tennessee Buccaneers vs Citadel Bulldogs, 2026-01-23, 07",Tennessee Buccaneers,Citadel Bulldogs,draftkings,Total,,150.5,O,+260,https://sportsbook.draftkings.com/event/the-citadel-%40-etsu/33510241?outcomes=0OU83106965O15050_1
2026-01-23 17:09:11,"Tennessee Buccaneers vs Citadel Bulldogs, 2026-01-23, 07",Tennessee Buccaneers,Citadel Bulldogs,draftkings,Total,,150.5,U,-360,https://sportsbook.draftkings.com/event/the-citadel-%40-etsu/33510241?outcomes=0OU83106965U15050_3
2026-01-23 17:09:11,"Tennessee Buccaneers vs Citadel Bulldogs, 2026-01-23, 07",Tennessee Buccaneers,Citadel Bulldogs,draftkings,Total,,151.5,O,+300,https://sportsbook.draftkings.com/event/the-citadel-%40-etsu/33510241?outcomes=0OU83106965O15150_1
2026-01-23 17:09:11,"Tennessee Buccaneers vs Citadel Bulldogs, 2026-01-23, 07",Tennessee Buccaneers,Citadel Bulldogs,draftkings,Total,,151.5,U,-425,https://sportsbook.draftkings.com/event/the-citadel-%40-etsu/33510241?outcomes=0OU83106965U15150_3
2026-01-23 17:09:11,"Tennessee Buccaneers vs Citadel Bulldogs, 2026-01-23, 07",Tennessee Buccaneers,Citadel Bulldogs,draftkings,Total,,152.5,O,+325,https://sportsbook.draftkings.com/event/the-citadel-%40-etsu/33510241?outcomes=0OU83106965O15250_1
2026-01-23 17:09:11,"Tennessee Buccaneers vs Citadel Bulldogs, 2026-01-23, 07",Tennessee Buccaneers,Citadel Bulldogs,draftkings,Total,,152.5,U,-475,https://sportsbook.draftkings.com/event/the-citadel-%40-etsu/33510241?outcomes=0OU83106965U15250_3
2026-01-23 17:09:11,"Tennessee Buccaneers vs Citadel Bulldogs, 2026-01-23, 07",Tennessee Buccaneers,Citadel Bulldogs,draftkings,Total,,144.5,O,+140,https://sportsbook.draftkings.com/event/the-citadel-%40-etsu/33510241?outcomes=0OU83106965O14450_1
2026-01-23 17:09:11,"Tennessee Buccaneers vs Citadel Bulldogs, 2026-01-23, 07",Tennessee Buccaneers,Citadel Bulldogs,draftkings,Total,,143.5,U,-166,https://sportsbook.draftkings.com/event/the-citadel-%40-etsu/33510241?outcomes=0OU83106965U14350_3
2026-01-23 17:09:11,"Tennessee Buccaneers vs Citadel Bulldogs, 2026-01-23, 07",Tennessee Buccaneers,Citadel Bulldogs,draftkings,Total,,143.5,O,+130,https://sportsbook.draftkings.com/event/the-citadel-%40-etsu/33510241?outcomes=0OU83106965O14350_1
2026-01-23 17:09:11,"Tennessee Buccaneers vs Citadel Bulldogs, 2026-01-23, 07",Tennessee Buccaneers,Citadel Bulldogs,draftkings,Total,,142.5,U,-145,https://sportsbook.draftkings.com/event/the-citadel-%40-etsu/33510241?outcomes=0OU83106965U14250_3
2026-01-23 17:09:11,"Tennessee Buccaneers vs Citadel Bulldogs, 2026-01-23, 07",Tennessee Buccaneers,Citadel Bulldogs,draftkings,Total,,130.5,U,+250,https://sportsbook.draftkings.com/event/the-citadel-%40-etsu/33510241?outcomes=0OU83106965U13050_3
2026-01-23 17:09:11,"Tennessee Buccaneers vs Citadel Bulldogs, 2026-01-23, 07",Tennessee Buccaneers,Citadel Bulldogs,draftkings,Total,,131.5,O,-315,https://sportsbook.draftkings.com/event/the-citadel-%40-etsu/33510241?outcomes=0OU83106965O13150_1
2026-01-23 17:09:11,"Tennessee Buccaneers vs Citadel Bulldogs, 2026-01-23, 07",Tennessee Buccaneers,Citadel Bulldogs,draftkings,Total,,131.5,U,+230,https://sportsbook.draftkings.com/event/the-citadel-%40-etsu/33510241?outcomes=0OU83106965U13150_3
2026-01-23 17:09:11,"Tennessee Buccaneers vs Citadel Bulldogs, 2026-01-23, 07",Tennessee Buccaneers,Citadel Bulldogs,draftkings,Total,,132.5,O,-270,https://sportsbook.draftkings.com/event/the-citadel-%40-etsu/33510241?outcomes=0OU83106965O13250_1
2026-01-23 17:09:11,"Tennessee Buccaneers vs Citadel Bulldogs, 2026-01-23, 07",Tennessee Buccaneers,Citadel Bulldogs,draftkings,Total,,132.5,U,+200,https://sportsbook.draftkings.com/event/the-citadel-%40-etsu/33510241?outcomes=0OU83106965U13250_3
2026-01-23 17:09:11,"Tennessee Buccaneers vs Citadel Bulldogs, 2026-01-23, 07",Tennessee Buccaneers,Citadel Bulldogs,draftkings,Total,,133.5,O,-238,https://sportsbook.draftkings.com/event/the-citadel-%40-etsu/33510241?outcomes=0OU83106965O13350_1
2026-01-23 17:09:11,"Tennessee Buccaneers vs Citadel Bulldogs, 2026-01-23, 07",Tennessee Buccaneers,Citadel Bulldogs,draftkings,Total,,133.5,U,+180,https://sportsbook.draftkings.com/event/the-citadel-%40-etsu/33510241?outcomes=0OU83106965U13350_3
2026-01-23 17:09:11,"Tennessee Buccaneers vs Citadel Bulldogs, 2026-01-23, 07",Tennessee Buccaneers,Citadel Bulldogs,draftkings,Total,,134.5,O,-215,https://sportsbook.draftkings.com/event/the-citadel-%40-etsu/33510241?outcomes=0OU83106965O13450_1
2026-01-23 17:09:11,"Tennessee Buccaneers vs Citadel Bulldogs, 2026-01-23, 07",Tennessee Buccaneers,Citadel Bulldogs,draftkings,Total,,134.5,U,+165,https://sportsbook.draftkings.com/event/the-citadel-%40-etsu/33510241?outcomes=0OU83106965U13450_3
2026-01-23 17:09:11,"Tennessee Buccaneers vs Citadel Bulldogs, 2026-01-23, 07",Tennessee Buccaneers,Citadel Bulldogs,draftkings,Total,,135.5,O,-195,https://sportsbook.draftkings.com/event/the-citadel-%40-etsu/33510241?outcomes=0OU83106965O13550_1
2026-01-23 17:09:11,"Tennessee Buccaneers vs Citadel Bulldogs, 2026-01-23, 07",Tennessee Buccaneers,Citadel Bulldogs,draftkings,Total,,135.5,U,+150,https://sportsbook.draftkings.com/event/the-citadel-%40-etsu/33510241?outcomes=0OU83106965U13550_3
2026-01-23 17:09:11,"Tennessee Buccaneers vs Citadel Bulldogs, 2026-01-23, 07",Tennessee Buccaneers,Citadel Bulldogs,draftkings,Total,,136.5,U,+135,https://sportsbook.draftkings.com/event/the-citadel-%40-etsu/33510241?outcomes=0OU83106965U13650_3
2026-01-23 17:09:11,"Tennessee Buccaneers vs Citadel Bulldogs, 2026-01-23, 07",Tennessee Buccaneers,Citadel Bulldogs,draftkings,Total,,137.5,O,-154,https://sportsbook.draftkings.com/event/the-citadel-%40-etsu/33510241?outcomes=0OU83106965O13750_1
2026-01-23 17:09:11,"Tennessee Buccaneers vs Citadel Bulldogs, 2026-01-23, 07",Tennessee Buccaneers,Citadel Bulldogs,draftkings,Total,,137.5,U,+120,https://sportsbook.draftkings.com/event/the-citadel-%40-etsu/33510241?outcomes=0OU83106965U13750_3
2026-01-23 17:09:11,"Tennessee Buccaneers vs Citadel Bulldogs, 2026-01-23, 07",Tennessee Buccaneers,Citadel Bulldogs,draftkings,Total,,138.5,O,-135,https://sportsbook.draftkings.com/event/the-citadel-%40-etsu/33510241?outcomes=0OU83106965O13850_1
2026-01-23 17:09:11,"Tennessee Buccaneers vs Citadel Bulldogs, 2026-01-23, 07",Tennessee Buccaneers,Citadel Bulldogs,draftkings,Total,,138.5,U,+105,https://sportsbook.draftkings.com/event/the-citadel-%40-etsu/33510241?outcomes=0OU83106965U13850_3
2026-01-23 17:09:11,"Tennessee Buccaneers vs Citadel Bulldogs, 2026-01-23, 07",Tennessee Buccaneers,Citadel Bulldogs,draftkings,Total,,139.5,O,-125,https://sportsbook.draftkings.com/event/the-citadel-%40-etsu/33510241?outcomes=0OU83106965O13950_1
2026-01-23 17:09:11,"Tennessee Buccaneers vs Citadel Bulldogs, 2026-01-23, 07",Tennessee Buccaneers,Citadel Bulldogs,draftkings,Total,,139.5,U,-105,https://sportsbook.draftkings.com/event/the-citadel-%40-etsu/33510241?outcomes=0OU83106965U13950_3
2026-01-23 17:09:11,"Tennessee Buccaneers vs Citadel Bulldogs, 2026-01-23, 07",Tennessee Buccaneers,Citadel Bulldogs,draftkings,Total,,141.5,O,+100,https://sportsbook.draftkings.com/event/the-citadel-%40-etsu/33510241?outcomes=0OU83106965O14150_1
2026-01-23 17:09:11,"Tennessee Buccaneers vs Citadel Bulldogs, 2026-01-23, 07",Tennessee Buccaneers,Citadel Bulldogs,draftkings,Total,,141.5,U,-130,https://sportsbook.draftkings.com/event/the-citadel-%40-etsu/33510241?outcomes=0OU83106965U14150_3
2026-01-23 17:09:11,"Tennessee Buccaneers vs Citadel Bulldogs, 2026-01-23, 07",Tennessee Buccaneers,Citadel Bulldogs,draftkings,Total,,142.5,O,+114,https://sportsbook.draftkings.com/event/the-citadel-%40-etsu/33510241?outcomes=0OU83106965O14250_1
2026-01-23 17:09:11,"Tennessee Buccaneers vs Citadel Bulldogs, 2026-01-23, 07",Tennessee Buccaneers,Citadel Bulldogs,draftkings,Total,,136.5,O,-175,https://sportsbook.draftkings.com/event/the-citadel-%40-etsu/33510241?outcomes=0OU83106965O13650_1
2026-01-23 17:09:11,"Texas A&M Aggies vs South Carolina Gamecocks, 2026-01-24, 01",Texas A&M Aggies,South Carolina Gamecocks,fanduel,Spread,South Carolina Gamecocks,8.5,,-110,https://sportsbook.fanduel.ca/addToBetslip?marketId=801.152222357&selectionId=705560
2026-01-23 17:09:11,"Texas A&M Aggies vs South Carolina Gamecocks, 2026-01-24, 01",Texas A&M Aggies,South Carolina Gamecocks,fanduel,Spread,Texas A&M Aggies,-8.5,,-110,https://sportsbook.fanduel.ca/addToBetslip?marketId=801.152222357&selectionId=701629
2026-01-23 17:09:11,"Texas A&M Aggies vs South Carolina Gamecocks, 2026-01-24, 01",Texas A&M Aggies,South Carolina Gamecocks,draftkings,Spread,South Carolina Gamecocks,8.5,,-110,https://sportsbook.draftkings.com/event/south-carolina-%40-texas-a&m/33516944?outcomes=0HC83118155P850_3
2026-01-23 17:09:11,"Texas A&M Aggies vs South Carolina Gamecocks, 2026-01-24, 01",Texas A&M Aggies,South Carolina Gamecocks,draftkings,Spread,Texas A&M Aggies,-8.5,,-110,https://sportsbook.draftkings.com/event/south-carolina-%40-texas-a&m/33516944?outcomes=0HC83118155N850_1
2026-01-23 17:09:11,"Texas A&M Aggies vs South Carolina Gamecocks, 2026-01-24, 01",Texas A&M Aggies,South Carolina Gamecocks,fanduel,Total,,156.5,O,-110,https://sportsbook.fanduel.ca/addToBetslip?marketId=801.152222358&selectionId=7017823
2026-01-23 17:09:11,"Texas A&M Aggies vs South Carolina Gamecocks, 2026-01-24, 01",Texas A&M Aggies,South Carolina Gamecocks,fanduel,Total,,156.5,U,-110,https://sportsbook.fanduel.ca/addToBetslip?marketId=801.152222358&selectionId=7017824
2026-01-23 17:09:11,"Texas A&M Aggies vs South Carolina Gamecocks, 2026-01-24, 01",Texas A&M Aggies,South Carolina Gamecocks,draftkings,Total,,156.5,O,-110,https://sportsbook.draftkings.com/event/south-carolina-%40-texas-a&m/33516944?outcomes=0OU83118155O15650_1
2026-01-23 17:09:11,"Texas A&M Aggies vs South Carolina Gamecocks, 2026-01-24, 01",Texas A&M Aggies,South Carolina Gamecocks,draftkings,Total,,156.5,U,-110,https://sportsbook.draftkings.com/event/south-carolina-%40-texas-a&m/33516944?outcomes=0OU83118155U15650_3
2026-01-23 17:09:11,"Texas Longhorns vs Georgia Bulldogs, 2026-01-24, 01",Texas Longhorns,Georgia Bulldogs,fanduel,Spread,Georgia Bulldogs,1.5,,-102,https://sportsbook.fanduel.ca/addToBetslip?marketId=801.152220713&selectionId=332210
2026-01-23 17:09:11,"Texas Longhorns vs Georgia Bulldogs, 2026-01-24, 01",Texas Longhorns,Georgia Bulldogs,fanduel,Spread,Texas Longhorns,-1.5,,-120,https://sportsbook.fanduel.ca/addToBetslip?marketId=801.152220713&selectionId=332193
2026-01-23 17:09:11,"Texas Longhorns vs Georgia Bulldogs, 2026-01-24, 01",Texas Longhorns,Georgia Bulldogs,betonline,Spread,Georgia Bulldogs,3.0,,-115,
2026-01-23 17:09:11,"Texas Longhorns vs Georgia Bulldogs, 2026-01-24, 01",Texas Longhorns,Georgia Bulldogs,betonline,Spread,Texas Longhorns,-3.0,,-105,
2026-01-23 17:09:11,"Texas Longhorns vs Georgia Bulldogs, 2026-01-24, 01",Texas Longhorns,Georgia Bulldogs,pinnacle,Spread,Texas Longhorns,-2.5,,-110,
2026-01-23 17:09:11,"Texas Longhorns vs Georgia Bulldogs, 2026-01-24, 01",Texas Longhorns,Georgia Bulldogs,pinnacle,Spread,Georgia Bulldogs,2.5,,-114,
2026-01-23 17:09:11,"Texas Longhorns vs Georgia Bulldogs, 2026-01-24, 01",Texas Longhorns,Georgia Bulldogs,pinnacle,Spread,Texas Longhorns,-3.0,,-102,
2026-01-23 17:09:11,"Texas Longhorns vs Georgia Bulldogs, 2026-01-24, 01",Texas Longhorns,Georgia Bulldogs,pinnacle,Spread,Georgia Bulldogs,3.0,,-124,
2026-01-23 17:09:11,"Texas Longhorns vs Georgia Bulldogs, 2026-01-24, 01",Texas Longhorns,Georgia Bulldogs,pinnacle,Spread,Texas Longhorns,-3.5,,+106,
2026-01-23 17:09:11,"Texas Longhorns vs Georgia Bulldogs, 2026-01-24, 01",Texas Longhorns,Georgia Bulldogs,pinnacle,Spread,Georgia Bulldogs,3.5,,-133,
2026-01-23 17:09:11,"Texas Longhorns vs Georgia Bulldogs, 2026-01-24, 01",Texas Longhorns,Georgia Bulldogs,pinnacle,Spread,Texas Longhorns,-4.0,,+113,
2026-01-23 17:09:11,"Texas Longhorns vs Georgia Bulldogs, 2026-01-24, 01",Texas Longhorns,Georgia Bulldogs,pinnacle,Spread,Georgia Bulldogs,4.0,,-142,
2026-01-23 17:09:11,"Texas Longhorns vs Georgia Bulldogs, 2026-01-24, 01",Texas Longhorns,Georgia Bulldogs,pinnacle,Spread,Georgia Bulldogs,2.0,,-101,
2026-01-23 17:09:11,"Texas Longhorns vs Georgia Bulldogs, 2026-01-24, 01",Texas Longhorns,Georgia Bulldogs,pinnacle,Spread,Texas Longhorns,-2.0,,-120,
2026-01-23 17:09:11,"Texas Longhorns vs Georgia Bulldogs, 2026-01-24, 01",Texas Longhorns,Georgia Bulldogs,pinnacle,Spread,Texas Longhorns,-1.5,,-136,
2026-01-23 17:09:11,"Texas Longhorns vs Georgia Bulldogs, 2026-01-24, 01",Texas Longhorns,Georgia Bulldogs,pinnacle,Spread,Texas Longhorns,1.5,,-171,
2026-01-23 17:09:11,"Texas Longhorns vs Georgia Bulldogs, 2026-01-24, 01",Texas Longhorns,Georgia Bulldogs,pinnacle,Spread,Georgia Bulldogs,-1.5,,+134,
2026-01-23 17:09:11,"Texas Longhorns vs Georgia Bulldogs, 2026-01-24, 01",Texas Longhorns,Georgia Bulldogs,pinnacle,Spread,Texas Longhorns,1.0,,-162,
2026-01-23 17:09:11,"Texas Longhorns vs Georgia Bulldogs, 2026-01-24, 01",Texas Longhorns,Georgia Bulldogs,pinnacle,Spread,Georgia Bulldogs,-1.0,,+127,
2026-01-23 17:09:11,"Texas Longhorns vs Georgia Bulldogs, 2026-01-24, 01",Texas Longhorns,Georgia Bulldogs,pinnacle,Spread,Texas Longhorns,-1.0,,-144,
2026-01-23 17:09:11,"Texas Longhorns vs Georgia Bulldogs, 2026-01-24, 01",Texas Longhorns,Georgia Bulldogs,pinnacle,Spread,Georgia Bulldogs,1.0,,+114,
2026-01-23 17:09:11,"Texas Longhorns vs Georgia Bulldogs, 2026-01-24, 01",Texas Longhorns,Georgia Bulldogs,pinnacle,Spread,Georgia Bulldogs,1.5,,+108,
2026-01-23 17:09:11,"Texas Longhorns vs Georgia Bulldogs, 2026-01-24, 01",Texas Longhorns,Georgia Bulldogs,draftkings,Spread,Georgia Bulldogs,2.5,,-105,https://sportsbook.draftkings.com/event/georgia-bulldogs-%40-texas/33516271?outcomes=0HC83116646P250_3
2026-01-23 17:09:11,"Texas Longhorns vs Georgia Bulldogs, 2026-01-24, 01",Texas Longhorns,Georgia Bulldogs,draftkings,Spread,Texas Longhorns,-2.5,,-115,https://sportsbook.draftkings.com/event/georgia-bulldogs-%40-texas/33516271?outcomes=0HC83116646N250_1
2026-01-23 17:09:11,"Texas Longhorns vs Georgia Bulldogs, 2026-01-24, 01",Texas Longhorns,Georgia Bulldogs,fanduel,Total,,170.5,O,-110,https://sportsbook.fanduel.ca/addToBetslip?marketId=801.152220712&selectionId=7017823
2026-01-23 17:09:11,"Texas Longhorns vs Georgia Bulldogs, 2026-01-24, 01",Texas Longhorns,Georgia Bulldogs,fanduel,Total,,170.5,U,-110,https://sportsbook.fanduel.ca/addToBetslip?marketId=801.152220712&selectionId=7017824
2026-01-23 17:09:11,"Texas Longhorns vs Georgia Bulldogs, 2026-01-24, 01",Texas Longhorns,Georgia Bulldogs,betonline,Total,,169.5,U,-110,
2026-01-23 17:09:11,"Texas Longhorns vs Georgia Bulldogs, 2026-01-24, 01",Texas Longhorns,Georgia Bulldogs,betonline,Total,,169.5,O,-110,
2026-01-23 17:09:11,"Texas Longhorns vs Georgia Bulldogs, 2026-01-24, 01",Texas Longhorns,Georgia Bulldogs,pinnacle,Total,,172.5,O,+110,
2026-01-23 17:09:11,"Texas Longhorns vs Georgia Bulldogs, 2026-01-24, 01",Texas Longhorns,Georgia Bulldogs,pinnacle,Total,,172.5,U,-144,
2026-01-23 17:09:11,"Texas Longhorns vs Georgia Bulldogs, 2026-01-24, 01",Texas Longhorns,Georgia Bulldogs,pinnacle,Total,,172.0,O,+105,
2026-01-23 17:09:11,"Texas Longhorns vs Georgia Bulldogs, 2026-01-24, 01",Texas Longhorns,Georgia Bulldogs,pinnacle,Total,,172.0,U,-137,
2026-01-23 17:09:11,"Texas Longhorns vs Georgia Bulldogs, 2026-01-24, 01",Texas Longhorns,Georgia Bulldogs,pinnacle,Total,,171.5,O,-100,
2026-01-23 17:09:11,"Texas Longhorns vs Georgia Bulldogs, 2026-01-24, 01",Texas Longhorns,Georgia Bulldogs,pinnacle,Total,,171.5,U,-130,
2026-01-23 17:09:11,"Texas Longhorns vs Georgia Bulldogs, 2026-01-24, 01",Texas Longhorns,Georgia Bulldogs,pinnacle,Total,,171.0,O,-106,
2026-01-23 17:09:11,"Texas Longhorns vs Georgia Bulldogs, 2026-01-24, 01",Texas Longhorns,Georgia Bulldogs,pinnacle,Total,,171.0,U,-123,
2026-01-23 17:09:11,"Texas Longhorns vs Georgia Bulldogs, 2026-01-24, 01",Texas Longhorns,Georgia Bulldogs,pinnacle,Total,,170.5,O,-110,
2026-01-23 17:09:11,"Texas Longhorns vs Georgia Bulldogs, 2026-01-24, 01",Texas Longhorns,Georgia Bulldogs,pinnacle,Total,,170.5,U,-114,
2026-01-23 17:09:11,"Texas Longhorns vs Georgia Bulldogs, 2026-01-24, 01",Texas Longhorns,Georgia Bulldogs,pinnacle,Total,,170.0,O,-119,
2026-01-23 17:09:11,"Texas Longhorns vs Georgia Bulldogs, 2026-01-24, 01",Texas Longhorns,Georgia Bulldogs,pinnacle,Total,,170.0,U,-109,
2026-01-23 17:09:11,"Texas Longhorns vs Georgia Bulldogs, 2026-01-24, 01",Texas Longhorns,Georgia Bulldogs,pinnacle,Total,,169.5,O,-126,
2026-01-23 17:09:11,"Texas Longhorns vs Georgia Bulldogs, 2026-01-24, 01",Texas Longhorns,Georgia Bulldogs,pinnacle,Total,,169.5,U,-103,
2026-01-23 17:09:11,"Texas Longhorns vs Georgia Bulldogs, 2026-01-24, 01",Texas Longhorns,Georgia Bulldogs,pinnacle,Total,,169.0,O,-133,
2026-01-23 17:09:11,"Texas Longhorns vs Georgia Bulldogs, 2026-01-24, 01",Texas Longhorns,Georgia Bulldogs,pinnacle,Total,,169.0,U,+102,
2026-01-23 17:09:11,"Texas Longhorns vs Georgia Bulldogs, 2026-01-24, 01",Texas Longhorns,Georgia Bulldogs,pinnacle,Total,,168.5,O,-140,
2026-01-23 17:09:11,"Texas Longhorns vs Georgia Bulldogs, 2026-01-24, 01",Texas Longhorns,Georgia Bulldogs,pinnacle,Total,,168.5,U,+107,
2026-01-23 17:09:11,"Texas Longhorns vs Georgia Bulldogs, 2026-01-24, 01",Texas Longhorns,Georgia Bulldogs,draftkings,Total,,169.5,O,-112,https://sportsbook.draftkings.com/event/georgia-bulldogs-%40-texas/33516271?outcomes=0OU83116646O16950_1
2026-01-23 17:09:11,"Texas Longhorns vs Georgia Bulldogs, 2026-01-24, 01",Texas Longhorns,Georgia Bulldogs,draftkings,Total,,169.5,U,-108,https://sportsbook.draftkings.com/event/georgia-bulldogs-%40-texas/33516271?outcomes=0OU83116646U16950_3
2026-01-23 17:09:11,"Texas Red Raiders vs Houston Cougars, 2026-01-24, 02",Texas Red Raiders,Houston Cougars,fanduel,Spread,Houston Cougars,-1.5,,-118,https://sportsbook.fanduel.ca/addToBetslip?marketId=801.152220543&selectionId=13123
2026-01-23 17:09:11,"Texas Red Raiders vs Houston Cougars, 2026-01-24, 02",Texas Red Raiders,Houston Cougars,fanduel,Spread,Texas Red Raiders,1.5,,-104,https://sportsbook.fanduel.ca/addToBetslip?marketId=801.152220543&selectionId=284244
2026-01-23 17:09:11,"Texas Red Raiders vs Houston Cougars, 2026-01-24, 02",Texas Red Raiders,Houston Cougars,pinnacle,Spread,Houston Cougars,1.5,,-155,
2026-01-23 17:09:11,"Texas Red Raiders vs Houston Cougars, 2026-01-24, 02",Texas Red Raiders,Houston Cougars,pinnacle,Spread,Texas Red Raiders,-1.5,,+126,
2026-01-23 17:09:11,"Texas Red Raiders vs Houston Cougars, 2026-01-24, 02",Texas Red Raiders,Houston Cougars,pinnacle,Spread,Houston Cougars,1.0,,-147,
2026-01-23 17:09:11,"Texas Red Raiders vs Houston Cougars, 2026-01-24, 02",Texas Red Raiders,Houston Cougars,pinnacle,Spread,Texas Red Raiders,4.0,,-151,
2026-01-23 17:09:11,"Texas Red Raiders vs Houston Cougars, 2026-01-24, 02",Texas Red Raiders,Houston Cougars,pinnacle,Spread,Houston Cougars,-4.0,,+124,
2026-01-23 17:09:11,"Texas Red Raiders vs Houston Cougars, 2026-01-24, 02",Texas Red Raiders,Houston Cougars,pinnacle,Spread,Texas Red Raiders,3.5,,-141,
2026-01-23 17:09:11,"Texas Red Raiders vs Houston Cougars, 2026-01-24, 02",Texas Red Raiders,Houston Cougars,pinnacle,Spread,Houston Cougars,-3.5,,+116,
2026-01-23 17:09:11,"Texas Red Raiders vs Houston Cougars, 2026-01-24, 02",Texas Red Raiders,Houston Cougars,pinnacle,Spread,Houston Cougars,-3.0,,+108,
2026-01-23 17:09:11,"Texas Red Raiders vs Houston Cougars, 2026-01-24, 02",Texas Red Raiders,Houston Cougars,pinnacle,Spread,Texas Red Raiders,2.5,,-121,
2026-01-23 17:09:11,"Texas Red Raiders vs Houston Cougars, 2026-01-24, 02",Texas Red Raiders,Houston Cougars,pinnacle,Spread,Houston Cougars,-2.5,,+100,
2026-01-23 17:09:11,"Texas Red Raiders vs Houston Cougars, 2026-01-24, 02",Texas Red Raiders,Houston Cougars,pinnacle,Spread,Texas Red Raiders,2.0,,-109,
2026-01-23 17:09:11,"Texas Red Raiders vs Houston Cougars, 2026-01-24, 02",Texas Red Raiders,Houston Cougars,pinnacle,Spread,Houston Cougars,-2.0,,-111,
2026-01-23 17:09:11,"Texas Red Raiders vs Houston Cougars, 2026-01-24, 02",Texas Red Raiders,Houston Cougars,pinnacle,Spread,Texas Red Raiders,1.5,,+102,
2026-01-23 17:09:11,"Texas Red Raiders vs Houston Cougars, 2026-01-24, 02",Texas Red Raiders,Houston Cougars,pinnacle,Spread,Houston Cougars,-1.5,,-123,
2026-01-23 17:09:11,"Texas Red Raiders vs Houston Cougars, 2026-01-24, 02",Texas Red Raiders,Houston Cougars,pinnacle,Spread,Texas Red Raiders,1.0,,+108,
2026-01-23 17:09:11,"Texas Red Raiders vs Houston Cougars, 2026-01-24, 02",Texas Red Raiders,Houston Cougars,pinnacle,Spread,Houston Cougars,-1.0,,-131,
2026-01-23 17:09:11,"Texas Red Raiders vs Houston Cougars, 2026-01-24, 02",Texas Red Raiders,Houston Cougars,pinnacle,Spread,Texas Red Raiders,-1.0,,+120,
2026-01-23 17:09:11,"Texas Red Raiders vs Houston Cougars, 2026-01-24, 02",Texas Red Raiders,Houston Cougars,pinnacle,Spread,Texas Red Raiders,3.0,,-131,
2026-01-23 17:09:11,"Texas Red Raiders vs Houston Cougars, 2026-01-24, 02",Texas Red Raiders,Houston Cougars,draftkings,Spread,Houston Cougars,-2.5,,-112,https://sportsbook.draftkings.com/event/houston-%40-texas-tech/33510333?outcomes=0HC83102758N250_3
2026-01-23 17:09:11,"Texas Red Raiders vs Houston Cougars, 2026-01-24, 02",Texas Red Raiders,Houston Cougars,draftkings,Spread,Texas Red Raiders,2.5,,-108,https://sportsbook.draftkings.com/event/houston-%40-texas-tech/33510333?outcomes=0HC83102758P250_1
2026-01-23 17:09:11,"Texas Red Raiders vs Houston Cougars, 2026-01-24, 02",Texas Red Raiders,Houston Cougars,fanduel,Total,,141.5,O,-110,https://sportsbook.fanduel.ca/addToBetslip?marketId=801.152220542&selectionId=7017823
2026-01-23 17:09:11,"Texas Red Raiders vs Houston Cougars, 2026-01-24, 02",Texas Red Raiders,Houston Cougars,fanduel,Total,,141.5,U,-110,https://sportsbook.fanduel.ca/addToBetslip?marketId=801.152220542&selectionId=7017824
2026-01-23 17:09:11,"Texas Red Raiders vs Houston Cougars, 2026-01-24, 02",Texas Red Raiders,Houston Cougars,pinnacle,Total,,142.5,U,-141,
2026-01-23 17:09:11,"Texas Red Raiders vs Houston Cougars, 2026-01-24, 02",Texas Red Raiders,Houston Cougars,pinnacle,Total,,142.0,O,+107,
2026-01-23 17:09:11,"Texas Red Raiders vs Houston Cougars, 2026-01-24, 02",Texas Red Raiders,Houston Cougars,pinnacle,Total,,142.0,U,-134,
2026-01-23 17:09:11,"Texas Red Raiders vs Houston Cougars, 2026-01-24, 02",Texas Red Raiders,Houston Cougars,pinnacle,Total,,141.5,O,+101,
2026-01-23 17:09:11,"Texas Red Raiders vs Houston Cougars, 2026-01-24, 02",Texas Red Raiders,Houston Cougars,pinnacle,Total,,141.5,U,-126,
2026-01-23 17:09:11,"Texas Red Raiders vs Houston Cougars, 2026-01-24, 02",Texas Red Raiders,Houston Cougars,pinnacle,Total,,141.0,O,-105,
2026-01-23 17:09:11,"Texas Red Raiders vs Houston Cougars, 2026-01-24, 02",Texas Red Raiders,Houston Cougars,pinnacle,Total,,141.0,U,-120,
2026-01-23 17:09:11,"Texas Red Raiders vs Houston Cougars, 2026-01-24, 02",Texas Red Raiders,Houston Cougars,pinnacle,Total,,140.5,O,-110,
2026-01-23 17:09:11,"Texas Red Raiders vs Houston Cougars, 2026-01-24, 02",Texas Red Raiders,Houston Cougars,pinnacle,Total,,140.5,U,-114,
2026-01-23 17:09:11,"Texas Red Raiders vs Houston Cougars, 2026-01-24, 02",Texas Red Raiders,Houston Cougars,pinnacle,Total,,140.0,O,-116,
2026-01-23 17:09:11,"Texas Red Raiders vs Houston Cougars, 2026-01-24, 02",Texas Red Raiders,Houston Cougars,pinnacle,Total,,140.0,U,-108,
2026-01-23 17:09:11,"Texas Red Raiders vs Houston Cougars, 2026-01-24, 02",Texas Red Raiders,Houston Cougars,pinnacle,Total,,139.5,O,-121,
2026-01-23 17:09:11,"Texas Red Raiders vs Houston Cougars, 2026-01-24, 02",Texas Red Raiders,Houston Cougars,pinnacle,Total,,139.5,U,-103,
2026-01-23 17:09:11,"Texas Red Raiders vs Houston Cougars, 2026-01-24, 02",Texas Red Raiders,Houston Cougars,pinnacle,Total,,139.0,O,-128,
2026-01-23 17:09:11,"Texas Red Raiders vs Houston Cougars, 2026-01-24, 02",Texas Red Raiders,Houston Cougars,pinnacle,Total,,139.0,U,+102,
2026-01-23 17:09:11,"Texas Red Raiders vs Houston Cougars, 2026-01-24, 02",Texas Red Raiders,Houston Cougars,pinnacle,Total,,138.5,O,-134,
2026-01-23 17:09:11,"Texas Red Raiders vs Houston Cougars, 2026-01-24, 02",Texas Red Raiders,Houston Cougars,pinnacle,Total,,138.5,U,+107,
2026-01-23 17:09:11,"Texas Red Raiders vs Houston Cougars, 2026-01-24, 02",Texas Red Raiders,Houston Cougars,pinnacle,Total,,142.5,O,+112,
2026-01-23 17:09:11,"Texas Red Raiders vs Houston Cougars, 2026-01-24, 02",Texas Red Raiders,Houston Cougars,draftkings,Total,,139.5,O,-110,https://sportsbook.draftkings.com/event/houston-%40-texas-tech/33510333?outcomes=0OU83102758O13950_1
2026-01-23 17:09:11,"Texas Red Raiders vs Houston Cougars, 2026-01-24, 02",Texas Red Raiders,Houston Cougars,draftkings,Total,,139.5,U,-110,https://sportsbook.draftkings.com/event/houston-%40-texas-tech/33510333?outcomes=0OU83102758U13950_3
2026-01-23 17:09:11,"UCLA Bruins vs Northwestern Wildcats, 2026-01-24, 06",UCLA Bruins,Northwestern Wildcats,draftkings,Spread,Northwestern Wildcats,7.5,,-118,https://sportsbook.draftkings.com/event/northwestern-%40-ucla/33516710?outcomes=0HC83117649P750_3
2026-01-23 17:09:11,"UCLA Bruins vs Northwestern Wildcats, 2026-01-24, 06",UCLA Bruins,Northwestern Wildcats,draftkings,Spread,UCLA Bruins,-7.5,,-102,https://sportsbook.draftkings.com/event/northwestern-%40-ucla/33516710?outcomes=0HC83117649N750_1
2026-01-23 17:09:11,"UCLA Bruins vs Northwestern Wildcats, 2026-01-24, 06",UCLA Bruins,Northwestern Wildcats,draftkings,Total,,144.5,O,-110,https://sportsbook.draftkings.com/event/northwestern-%40-ucla/33516710?outcomes=0OU83117649O14450_1
2026-01-23 17:09:11,"UCLA Bruins vs Northwestern Wildcats, 2026-01-24, 06",UCLA Bruins,Northwestern Wildcats,draftkings,Total,,144.5,U,-110,https://sportsbook.draftkings.com/event/northwestern-%40-ucla/33516710?outcomes=0OU83117649U14450_3
2026-01-23 17:09:11,"Virginia Cavaliers vs North Carolina Tar Heels, 2026-01-24, 12",Virginia Cavaliers,North Carolina Tar Heels,pinnacle,Spread,Virginia Cavaliers,-5.0,,-152,
2026-01-23 17:09:11,"Virginia Cavaliers vs North Carolina Tar Heels, 2026-01-24, 12",Virginia Cavaliers,North Carolina Tar Heels,pinnacle,Spread,North Carolina Tar Heels,5.0,,+120,
2026-01-23 17:09:11,"Virginia Cavaliers vs North Carolina Tar Heels, 2026-01-24, 12",Virginia Cavaliers,North Carolina Tar Heels,pinnacle,Spread,Virginia Cavaliers,-5.5,,-142,
2026-01-23 17:09:11,"Virginia Cavaliers vs North Carolina Tar Heels, 2026-01-24, 12",Virginia Cavaliers,North Carolina Tar Heels,pinnacle,Spread,North Carolina Tar Heels,5.5,,+112,
2026-01-23 17:09:11,"Virginia Cavaliers vs North Carolina Tar Heels, 2026-01-24, 12",Virginia Cavaliers,North Carolina Tar Heels,pinnacle,Spread,Virginia Cavaliers,-6.0,,-132,
2026-01-23 17:09:11,"Virginia Cavaliers vs North Carolina Tar Heels, 2026-01-24, 12",Virginia Cavaliers,North Carolina Tar Heels,pinnacle,Spread,North Carolina Tar Heels,6.0,,+105,
2026-01-23 17:09:11,"Virginia Cavaliers vs North Carolina Tar Heels, 2026-01-24, 12",Virginia Cavaliers,North Carolina Tar Heels,pinnacle,Spread,Virginia Cavaliers,-6.5,,-121,
2026-01-23 17:09:11,"Virginia Cavaliers vs North Carolina Tar Heels, 2026-01-24, 12",Virginia Cavaliers,North Carolina Tar Heels,pinnacle,Spread,North Carolina Tar Heels,6.5,,-103,
2026-01-23 17:09:11,"Virginia Cavaliers vs North Carolina Tar Heels, 2026-01-24, 12",Virginia Cavaliers,North Carolina Tar Heels,pinnacle,Spread,Virginia Cavaliers,-7.0,,-109,
2026-01-23 17:09:11,"Virginia Cavaliers vs North Carolina Tar Heels, 2026-01-24, 12",Virginia Cavaliers,North Carolina Tar Heels,pinnacle,Spread,North Carolina Tar Heels,7.0,,-111,
2026-01-23 17:09:11,"Virginia Cavaliers vs North Carolina Tar Heels, 2026-01-24, 12",Virginia Cavaliers,North Carolina Tar Heels,pinnacle,Spread,Virginia Cavaliers,-7.5,,-102,
2026-01-23 17:09:11,"Virginia Cavaliers vs North Carolina Tar Heels, 2026-01-24, 12",Virginia Cavaliers,North Carolina Tar Heels,pinnacle,Spread,North Carolina Tar Heels,7.5,,-123,
2026-01-23 17:09:11,"Virginia Cavaliers vs North Carolina Tar Heels, 2026-01-24, 12",Virginia Cavaliers,North Carolina Tar Heels,pinnacle,Spread,Virginia Cavaliers,-8.0,,+106,
2026-01-23 17:09:11,"Virginia Cavaliers vs North Carolina Tar Heels, 2026-01-24, 12",Virginia Cavaliers,North Carolina Tar Heels,pinnacle,Spread,North Carolina Tar Heels,8.0,,-133,
2026-01-23 17:09:11,"Virginia Cavaliers vs North Carolina Tar Heels, 2026-01-24, 12",Virginia Cavaliers,North Carolina Tar Heels,pinnacle,Spread,Virginia Cavaliers,-8.5,,+114,
2026-01-23 17:09:11,"Virginia Cavaliers vs North Carolina Tar Heels, 2026-01-24, 12",Virginia Cavaliers,North Carolina Tar Heels,pinnacle,Spread,North Carolina Tar Heels,8.5,,-143,
2026-01-23 17:09:11,"Virginia Cavaliers vs North Carolina Tar Heels, 2026-01-24, 12",Virginia Cavaliers,North Carolina Tar Heels,pinnacle,Spread,Virginia Cavaliers,-9.0,,+121,
2026-01-23 17:09:11,"Virginia Cavaliers vs North Carolina Tar Heels, 2026-01-24, 12",Virginia Cavaliers,North Carolina Tar Heels,pinnacle,Spread,North Carolina Tar Heels,9.0,,-154,
2026-01-23 17:09:11,"Virginia Cavaliers vs North Carolina Tar Heels, 2026-01-24, 12",Virginia Cavaliers,North Carolina Tar Heels,betonline,Spread,Virginia Cavaliers,-7.5,,-110,
2026-01-23 17:09:11,"Virginia Cavaliers vs North Carolina Tar Heels, 2026-01-24, 12",Virginia Cavaliers,North Carolina Tar Heels,betonline,Spread,North Carolina Tar Heels,7.5,,-110,
2026-01-23 17:09:11,"Virginia Cavaliers vs North Carolina Tar Heels, 2026-01-24, 12",Virginia Cavaliers,North Carolina Tar Heels,fanduel,Spread,North Carolina Tar Heels,6.5,,-102,https://sportsbook.fanduel.ca/addToBetslip?marketId=801.152220892&selectionId=332652
2026-01-23 17:09:11,"Virginia Cavaliers vs North Carolina Tar Heels, 2026-01-24, 12",Virginia Cavaliers,North Carolina Tar Heels,fanduel,Spread,Virginia Cavaliers,-6.5,,-120,https://sportsbook.fanduel.ca/addToBetslip?marketId=801.152220892&selectionId=332651
2026-01-23 17:09:11,"Virginia Cavaliers vs North Carolina Tar Heels, 2026-01-24, 12",Virginia Cavaliers,North Carolina Tar Heels,draftkings,Spread,North Carolina Tar Heels,7.5,,-112,https://sportsbook.draftkings.com/event/north-carolina-%40-virginia/33510330?outcomes=0HC83102755P750_3
2026-01-23 17:09:11,"Virginia Cavaliers vs North Carolina Tar Heels, 2026-01-24, 12",Virginia Cavaliers,North Carolina Tar Heels,draftkings,Spread,Virginia Cavaliers,-7.5,,-108,https://sportsbook.draftkings.com/event/north-carolina-%40-virginia/33510330?outcomes=0HC83102755N750_1
2026-01-23 17:09:11,"Virginia Cavaliers vs North Carolina Tar Heels, 2026-01-24, 12",Virginia Cavaliers,North Carolina Tar Heels,pinnacle,Total,,147.0,U,+112,
2026-01-23 17:09:11,"Virginia Cavaliers vs North Carolina Tar Heels, 2026-01-24, 12",Virginia Cavaliers,North Carolina Tar Heels,pinnacle,Total,,151.0,O,+105,
2026-01-23 17:09:11,"Virginia Cavaliers vs North Carolina Tar Heels, 2026-01-24, 12",Virginia Cavaliers,North Carolina Tar Heels,pinnacle,Total,,151.0,U,-137,
2026-01-23 17:09:11,"Virginia Cavaliers vs North Carolina Tar Heels, 2026-01-24, 12",Virginia Cavaliers,North Carolina Tar Heels,pinnacle,Total,,150.5,O,-100,
2026-01-23 17:09:11,"Virginia Cavaliers vs North Carolina Tar Heels, 2026-01-24, 12",Virginia Cavaliers,North Carolina Tar Heels,pinnacle,Total,,150.5,U,-130,
2026-01-23 17:09:11,"Virginia Cavaliers vs North Carolina Tar Heels, 2026-01-24, 12",Virginia Cavaliers,North Carolina Tar Heels,pinnacle,Total,,150.0,O,-105,
2026-01-23 17:09:11,"Virginia Cavaliers vs North Carolina Tar Heels, 2026-01-24, 12",Virginia Cavaliers,North Carolina Tar Heels,pinnacle,Total,,150.0,U,-124,
2026-01-23 17:09:11,"Virginia Cavaliers vs North Carolina Tar Heels, 2026-01-24, 12",Virginia Cavaliers,North Carolina Tar Heels,pinnacle,Total,,149.5,U,-117,
2026-01-23 17:09:11,"Virginia Cavaliers vs North Carolina Tar Heels, 2026-01-24, 12",Virginia Cavaliers,North Carolina Tar Heels,pinnacle,Total,,149.0,O,-115,
2026-01-23 17:09:11,"Virginia Cavaliers vs North Carolina Tar Heels, 2026-01-24, 12",Virginia Cavaliers,North Carolina Tar Heels,pinnacle,Total,,149.0,U,-109,
2026-01-23 17:09:11,"Virginia Cavaliers vs North Carolina Tar Heels, 2026-01-24, 12",Virginia Cavaliers,North Carolina Tar Heels,pinnacle,Total,,148.5,O,-124,
2026-01-23 17:09:11,"Virginia Cavaliers vs North Carolina Tar Heels, 2026-01-24, 12",Virginia Cavaliers,North Carolina Tar Heels,pinnacle,Total,,148.5,U,-105,
2026-01-23 17:09:11,"Virginia Cavaliers vs North Carolina Tar Heels, 2026-01-24, 12",Virginia Cavaliers,North Carolina Tar Heels,pinnacle,Total,,148.0,O,-132,
2026-01-23 17:09:11,"Virginia Cavaliers vs North Carolina Tar Heels, 2026-01-24, 12",Virginia Cavaliers,North Carolina Tar Heels,pinnacle,Total,,148.0,U,+101,
2026-01-23 17:09:11,"Virginia Cavaliers vs North Carolina Tar Heels, 2026-01-24, 12",Virginia Cavaliers,North Carolina Tar Heels,pinnacle,Total,,147.5,O,-138,
2026-01-23 17:09:11,"Virginia Cavaliers vs North Carolina Tar Heels, 2026-01-24, 12",Virginia Cavaliers,North Carolina Tar Heels,pinnacle,Total,,147.5,U,+106,
2026-01-23 17:09:11,"Virginia Cavaliers vs North Carolina Tar Heels, 2026-01-24, 12",Virginia Cavaliers,North Carolina Tar Heels,pinnacle,Total,,147.0,O,-146,
2026-01-23 17:09:11,"Virginia Cavaliers vs North Carolina Tar Heels, 2026-01-24, 12",Virginia Cavaliers,North Carolina Tar Heels,pinnacle,Total,,149.5,O,-111,
2026-01-23 17:09:11,"Virginia Cavaliers vs North Carolina Tar Heels, 2026-01-24, 12",Virginia Cavaliers,North Carolina Tar Heels,fanduel,Total,,149.5,O,-110,https://sportsbook.fanduel.ca/addToBetslip?marketId=801.152220893&selectionId=7017823
2026-01-23 17:09:11,"Virginia Cavaliers vs North Carolina Tar Heels, 2026-01-24, 12",Virginia Cavaliers,North Carolina Tar Heels,fanduel,Total,,149.5,U,-110,https://sportsbook.fanduel.ca/addToBetslip?marketId=801.152220893&selectionId=7017824
2026-01-23 17:09:11,"Virginia Cavaliers vs North Carolina Tar Heels, 2026-01-24, 12",Virginia Cavaliers,North Carolina Tar Heels,draftkings,Total,,149.5,O,-110,https://sportsbook.draftkings.com/event/north-carolina-%40-virginia/33510330?outcomes=0OU83102755O14950_1
2026-01-23 17:09:11,"Virginia Cavaliers vs North Carolina Tar Heels, 2026-01-24, 12",Virginia Cavaliers,North Carolina Tar Heels,draftkings,Total,,149.5,U,-110,https://sportsbook.draftkings.com/event/north-carolina-%40-virginia/33510330?outcomes=0OU83102755U14950_3
2026-01-23 17:09:11,"Virginia Cavaliers vs North Carolina Tar Heels, 2026-01-24, 12",Virginia Cavaliers,North Carolina Tar Heels,betonline,Total,,150.0,U,-110,
2026-01-23 17:09:11,"Virginia Cavaliers vs North Carolina Tar Heels, 2026-01-24, 12",Virginia Cavaliers,North Carolina Tar Heels,betonline,Total,,150.0,O,-110,
