local_timestamp,game,home_team,away_team,sportsbook,outcome_name,outcome_target,outcome_line,outcome_over_under,odds,link
2026-01-22 21:19:22,"Appalachian Mountaineers vs Louisiana Warhawks, 2026-01-23, 12",Appalachian Mountaineers,Louisiana Warhawks,pinnacle,Spread,Louisiana Warhawks,13.0,,+122,
2026-01-22 21:19:22,"Appalachian Mountaineers vs Louisiana Warhawks, 2026-01-23, 12",Appalachian Mountaineers,Louisiana Warhawks,pinnacle,Spread,Appalachian Mountaineers,-13.0,,-155,
2026-01-22 21:19:22,"Appalachian Mountaineers vs Louisiana Warhawks, 2026-01-23, 12",Appalachian Mountaineers,Louisiana Warhawks,pinnacle,Spread,Appalachian Mountaineers,-13.5,,-145,
2026-01-22 21:19:22,"Appalachian Mountaineers vs Louisiana Warhawks, 2026-01-23, 12",Appalachian Mountaineers,Louisiana Warhawks,pinnacle,Spread,Louisiana Warhawks,13.5,,+114,
2026-01-22 21:19:22,"Appalachian Mountaineers vs Louisiana Warhawks, 2026-01-23, 12",Appalachian Mountaineers,Louisiana Warhawks,pinnacle,Spread,Appalachian Mountaineers,-16.0,,+104,
2026-01-22 21:19:22,"Appalachian Mountaineers vs Louisiana Warhawks, 2026-01-23, 12",Appalachian Mountaineers,Louisiana Warhawks,pinnacle,Spread,Louisiana Warhawks,14.0,,+107,
2026-01-22 21:19:22,"Appalachian Mountaineers vs Louisiana Warhawks, 2026-01-23, 12",Appalachian Mountaineers,Louisiana Warhawks,pinnacle,Spread,Appalachian Mountaineers,-14.5,,-124,
2026-01-22 21:19:22,"Appalachian Mountaineers vs Louisiana Warhawks, 2026-01-23, 12",Appalachian Mountaineers,Louisiana Warhawks,pinnacle,Spread,Louisiana Warhawks,14.5,,-101,
2026-01-22 21:19:22,"Appalachian Mountaineers vs Louisiana Warhawks, 2026-01-23, 12",Appalachian Mountaineers,Louisiana Warhawks,pinnacle,Spread,Appalachian Mountaineers,-15.0,,-111,
2026-01-22 21:19:22,"Appalachian Mountaineers vs Louisiana Warhawks, 2026-01-23, 12",Appalachian Mountaineers,Louisiana Warhawks,pinnacle,Spread,Louisiana Warhawks,15.0,,-109,
2026-01-22 21:19:22,"Appalachian Mountaineers vs Louisiana Warhawks, 2026-01-23, 12",Appalachian Mountaineers,Louisiana Warhawks,pinnacle,Spread,Appalachian Mountaineers,-15.5,,-104,
2026-01-22 21:19:22,"Appalachian Mountaineers vs Louisiana Warhawks, 2026-01-23, 12",Appalachian Mountaineers,Louisiana Warhawks,pinnacle,Spread,Louisiana Warhawks,15.5,,-120,
2026-01-22 21:19:22,"Appalachian Mountaineers vs Louisiana Warhawks, 2026-01-23, 12",Appalachian Mountaineers,Louisiana Warhawks,pinnacle,Spread,Louisiana Warhawks,16.5,,-141,
2026-01-22 21:19:22,"Appalachian Mountaineers vs Louisiana Warhawks, 2026-01-23, 12",Appalachian Mountaineers,Louisiana Warhawks,pinnacle,Spread,Louisiana Warhawks,16.0,,-131,
2026-01-22 21:19:22,"Appalachian Mountaineers vs Louisiana Warhawks, 2026-01-23, 12",Appalachian Mountaineers,Louisiana Warhawks,pinnacle,Spread,Appalachian Mountaineers,-16.5,,+111,
2026-01-22 21:19:22,"Appalachian Mountaineers vs Louisiana Warhawks, 2026-01-23, 12",Appalachian Mountaineers,Louisiana Warhawks,pinnacle,Spread,Appalachian Mountaineers,-14.0,,-134,
2026-01-22 21:19:22,"Appalachian Mountaineers vs Louisiana Warhawks, 2026-01-23, 12",Appalachian Mountaineers,Louisiana Warhawks,pinnacle,Spread,Appalachian Mountaineers,-17.0,,+119,
2026-01-22 21:19:22,"Appalachian Mountaineers vs Louisiana Warhawks, 2026-01-23, 12",Appalachian Mountaineers,Louisiana Warhawks,pinnacle,Spread,Louisiana Warhawks,17.0,,-151,
2026-01-22 21:19:22,"Cal Davis Aggies vs UC San Diego Tritons, 2026-01-22, 09",Cal Davis Aggies,UC San Diego Tritons,pinnacle,Spread,UC San Diego Tritons,-3.5,,-115,
2026-01-22 21:19:22,"Cal Davis Aggies vs UC San Diego Tritons, 2026-01-22, 09",Cal Davis Aggies,UC San Diego Tritons,pinnacle,Spread,UC San Diego Tritons,-2.0,,-155,
2026-01-22 21:19:22,"Cal Davis Aggies vs UC San Diego Tritons, 2026-01-22, 09",Cal Davis Aggies,UC San Diego Tritons,pinnacle,Spread,Cal Davis Aggies,2.0,,+114,
2026-01-22 21:19:22,"Cal Davis Aggies vs UC San Diego Tritons, 2026-01-22, 09",Cal Davis Aggies,UC San Diego Tritons,pinnacle,Spread,UC San Diego Tritons,-3.0,,-128,
2026-01-22 21:19:22,"Cal Davis Aggies vs UC San Diego Tritons, 2026-01-22, 09",Cal Davis Aggies,UC San Diego Tritons,pinnacle,Spread,Cal Davis Aggies,2.5,,+103,
2026-01-22 21:19:22,"Cal Davis Aggies vs UC San Diego Tritons, 2026-01-22, 09",Cal Davis Aggies,UC San Diego Tritons,pinnacle,Spread,Cal Davis Aggies,3.0,,-106,
2026-01-22 21:19:22,"Cal Davis Aggies vs UC San Diego Tritons, 2026-01-22, 09",Cal Davis Aggies,UC San Diego Tritons,pinnacle,Spread,UC San Diego Tritons,-2.5,,-139,
2026-01-22 21:19:22,"Cal Davis Aggies vs UC San Diego Tritons, 2026-01-22, 09",Cal Davis Aggies,UC San Diego Tritons,pinnacle,Spread,Cal Davis Aggies,3.5,,-115,
2026-01-22 21:19:22,"Cal Davis Aggies vs UC San Diego Tritons, 2026-01-22, 09",Cal Davis Aggies,UC San Diego Tritons,pinnacle,Spread,UC San Diego Tritons,-4.0,,-106,
2026-01-22 21:19:22,"Cal Davis Aggies vs UC San Diego Tritons, 2026-01-22, 09",Cal Davis Aggies,UC San Diego Tritons,fanduel,Spread,Cal Davis Aggies,8.5,,-330,https://sportsbook.fanduel.ca/addToBetslip?marketId=801.154051433&selectionId=5145586
2026-01-22 21:19:22,"Cal Davis Aggies vs UC San Diego Tritons, 2026-01-22, 09",Cal Davis Aggies,UC San Diego Tritons,pinnacle,Spread,UC San Diego Tritons,-4.5,,+102,
2026-01-22 21:19:22,"Cal Davis Aggies vs UC San Diego Tritons, 2026-01-22, 09",Cal Davis Aggies,UC San Diego Tritons,fanduel,Spread,UC San Diego Tritons,6.5,,-700,https://sportsbook.fanduel.ca/addToBetslip?marketId=801.154051444&selectionId=41651551
2026-01-22 21:19:22,"Cal Davis Aggies vs UC San Diego Tritons, 2026-01-22, 09",Cal Davis Aggies,UC San Diego Tritons,fanduel,Spread,Cal Davis Aggies,-6.5,,+420,https://sportsbook.fanduel.ca/addToBetslip?marketId=801.154051444&selectionId=5145586
2026-01-22 21:19:22,"Cal Davis Aggies vs UC San Diego Tritons, 2026-01-22, 09",Cal Davis Aggies,UC San Diego Tritons,fanduel,Spread,UC San Diego Tritons,-8.5,,+230,https://sportsbook.fanduel.ca/addToBetslip?marketId=801.154051433&selectionId=41651551
2026-01-22 21:19:22,"Cal Davis Aggies vs UC San Diego Tritons, 2026-01-22, 09",Cal Davis Aggies,UC San Diego Tritons,fanduel,Spread,UC San Diego Tritons,-2.5,,-125,https://sportsbook.fanduel.ca/addToBetslip?marketId=801.153974774&selectionId=41651551
2026-01-22 21:19:22,"Cal Davis Aggies vs UC San Diego Tritons, 2026-01-22, 09",Cal Davis Aggies,UC San Diego Tritons,fanduel,Spread,Cal Davis Aggies,2.5,,-106,https://sportsbook.fanduel.ca/addToBetslip?marketId=801.153974774&selectionId=5145586
2026-01-22 21:19:22,"Cal Davis Aggies vs UC San Diego Tritons, 2026-01-22, 09",Cal Davis Aggies,UC San Diego Tritons,pinnacle,Spread,Cal Davis Aggies,5.0,,-154,
2026-01-22 21:19:22,"Cal Davis Aggies vs UC San Diego Tritons, 2026-01-22, 09",Cal Davis Aggies,UC San Diego Tritons,pinnacle,Spread,UC San Diego Tritons,-5.0,,+113,
2026-01-22 21:19:22,"Cal Davis Aggies vs UC San Diego Tritons, 2026-01-22, 09",Cal Davis Aggies,UC San Diego Tritons,pinnacle,Spread,Cal Davis Aggies,4.5,,-138,
2026-01-22 21:19:22,"Cal Davis Aggies vs UC San Diego Tritons, 2026-01-22, 09",Cal Davis Aggies,UC San Diego Tritons,pinnacle,Spread,Cal Davis Aggies,4.0,,-127,
2026-01-22 21:19:22,"Montana State Bobcats vs Idaho State Bengals, 2026-01-22, 09",Montana State Bobcats,Idaho State Bengals,fanduel,Spread,Idaho State Bengals,16.5,,-550,https://sportsbook.fanduel.ca/addToBetslip?marketId=801.154049593&selectionId=711058
2026-01-22 21:19:22,"Montana State Bobcats vs Idaho State Bengals, 2026-01-22, 09",Montana State Bobcats,Idaho State Bengals,fanduel,Spread,Montana State Bobcats,-16.5,,+330,https://sportsbook.fanduel.ca/addToBetslip?marketId=801.154049593&selectionId=719431
2026-01-22 21:19:22,"Montana State Bobcats vs Idaho State Bengals, 2026-01-22, 09",Montana State Bobcats,Idaho State Bengals,fanduel,Spread,Idaho State Bengals,-1.5,,+350,https://sportsbook.fanduel.ca/addToBetslip?marketId=801.154049546&selectionId=711058
2026-01-22 21:19:22,"Montana State Bobcats vs Idaho State Bengals, 2026-01-22, 09",Montana State Bobcats,Idaho State Bengals,fanduel,Spread,Montana State Bobcats,1.5,,-550,https://sportsbook.fanduel.ca/addToBetslip?marketId=801.154049546&selectionId=719431
2026-01-22 21:19:22,"Montana State Bobcats vs Idaho State Bengals, 2026-01-22, 09",Montana State Bobcats,Idaho State Bengals,fanduel,Spread,Idaho State Bengals,10.5,,-185,https://sportsbook.fanduel.ca/addToBetslip?marketId=801.154049550&selectionId=711058
2026-01-22 21:19:22,"Montana State Bobcats vs Idaho State Bengals, 2026-01-22, 09",Montana State Bobcats,Idaho State Bengals,fanduel,Spread,Montana State Bobcats,-10.5,,+135,https://sportsbook.fanduel.ca/addToBetslip?marketId=801.154049550&selectionId=719431
2026-01-22 21:19:22,"Montana State Bobcats vs Idaho State Bengals, 2026-01-22, 09",Montana State Bobcats,Idaho State Bengals,fanduel,Spread,Idaho State Bengals,1.5,,+250,https://sportsbook.fanduel.ca/addToBetslip?marketId=801.154049590&selectionId=711058
2026-01-22 21:19:22,"Montana State Bobcats vs Idaho State Bengals, 2026-01-22, 09",Montana State Bobcats,Idaho State Bengals,fanduel,Spread,Montana State Bobcats,-1.5,,-370,https://sportsbook.fanduel.ca/addToBetslip?marketId=801.154049590&selectionId=719431
2026-01-22 21:19:22,"Montana State Bobcats vs Idaho State Bengals, 2026-01-22, 09",Montana State Bobcats,Idaho State Bengals,fanduel,Spread,Idaho State Bengals,7.5,,-114,https://sportsbook.fanduel.ca/addToBetslip?marketId=801.153974432&selectionId=711058
2026-01-22 21:19:22,"Montana State Bobcats vs Idaho State Bengals, 2026-01-22, 09",Montana State Bobcats,Idaho State Bengals,fanduel,Spread,Montana State Bobcats,-7.5,,-114,https://sportsbook.fanduel.ca/addToBetslip?marketId=801.153974432&selectionId=719431
2026-01-22 21:19:22,"Montana State Bobcats vs Idaho State Bengals, 2026-01-22, 09",Montana State Bobcats,Idaho State Bengals,fanduel,Spread,Idaho State Bengals,13.5,,-310,https://sportsbook.fanduel.ca/addToBetslip?marketId=801.154049584&selectionId=711058
2026-01-22 21:19:22,"Montana State Bobcats vs Idaho State Bengals, 2026-01-22, 09",Montana State Bobcats,Idaho State Bengals,fanduel,Spread,Montana State Bobcats,-13.5,,+220,https://sportsbook.fanduel.ca/addToBetslip?marketId=801.154049584&selectionId=719431
2026-01-22 21:19:22,"Montana State Bobcats vs Idaho State Bengals, 2026-01-22, 09",Montana State Bobcats,Idaho State Bengals,fanduel,Spread,Idaho State Bengals,4.5,,+145,https://sportsbook.fanduel.ca/addToBetslip?marketId=801.154049553&selectionId=711058
2026-01-22 21:19:22,"Montana State Bobcats vs Idaho State Bengals, 2026-01-22, 09",Montana State Bobcats,Idaho State Bengals,fanduel,Spread,Montana State Bobcats,-4.5,,-195,https://sportsbook.fanduel.ca/addToBetslip?marketId=801.154049553&selectionId=719431
2026-01-22 21:19:21,"Cal Davis Aggies vs UC San Diego Tritons, 2026-01-22, 09",Cal Davis Aggies,UC San Diego Tritons,pinnacle,Spread,UC San Diego Tritons,-6.0,,+103,
2026-01-22 21:19:21,"Cal Davis Aggies vs UC San Diego Tritons, 2026-01-22, 09",Cal Davis Aggies,UC San Diego Tritons,pinnacle,Spread,Cal Davis Aggies,5.5,,-126,
2026-01-22 21:19:21,"Cal Davis Aggies vs UC San Diego Tritons, 2026-01-22, 09",Cal Davis Aggies,UC San Diego Tritons,pinnacle,Spread,UC San Diego Tritons,-5.5,,-107,
2026-01-22 21:19:21,"Cal Davis Aggies vs UC San Diego Tritons, 2026-01-22, 09",Cal Davis Aggies,UC San Diego Tritons,fanduel,Spread,UC San Diego Tritons,-11.5,,+380,https://sportsbook.fanduel.ca/addToBetslip?marketId=801.154051464&selectionId=41651551
2026-01-22 21:19:21,"Cal Davis Aggies vs UC San Diego Tritons, 2026-01-22, 09",Cal Davis Aggies,UC San Diego Tritons,pinnacle,Spread,Cal Davis Aggies,6.0,,-138,
2026-01-22 21:19:21,"Cal Davis Aggies vs UC San Diego Tritons, 2026-01-22, 09",Cal Davis Aggies,UC San Diego Tritons,fanduel,Spread,Cal Davis Aggies,11.5,,-600,https://sportsbook.fanduel.ca/addToBetslip?marketId=801.154051464&selectionId=5145586
2026-01-22 21:19:21,"Cal Davis Aggies vs UC San Diego Tritons, 2026-01-22, 09",Cal Davis Aggies,UC San Diego Tritons,fanduel,Spread,UC San Diego Tritons,0.5,,-180,https://sportsbook.fanduel.ca/addToBetslip?marketId=801.154051520&selectionId=41651551
2026-01-22 21:19:21,"Cal Davis Aggies vs UC San Diego Tritons, 2026-01-22, 09",Cal Davis Aggies,UC San Diego Tritons,fanduel,Spread,Cal Davis Aggies,-0.5,,+135,https://sportsbook.fanduel.ca/addToBetslip?marketId=801.154051520&selectionId=5145586
2026-01-22 21:19:21,"Cal Davis Aggies vs UC San Diego Tritons, 2026-01-22, 09",Cal Davis Aggies,UC San Diego Tritons,fanduel,Spread,UC San Diego Tritons,-5.5,,+135,https://sportsbook.fanduel.ca/addToBetslip?marketId=801.154051442&selectionId=41651551
2026-01-22 21:19:21,"Cal Davis Aggies vs UC San Diego Tritons, 2026-01-22, 09",Cal Davis Aggies,UC San Diego Tritons,fanduel,Spread,Cal Davis Aggies,5.5,,-185,https://sportsbook.fanduel.ca/addToBetslip?marketId=801.154051442&selectionId=5145586
2026-01-22 21:19:21,"Cal Davis Aggies vs UC San Diego Tritons, 2026-01-22, 09",Cal Davis Aggies,UC San Diego Tritons,pinnacle,Spread,UC San Diego Tritons,-6.5,,+111,
2026-01-22 21:19:21,"Cal Davis Aggies vs UC San Diego Tritons, 2026-01-22, 09",Cal Davis Aggies,UC San Diego Tritons,draftkings,Spread,Cal Davis Aggies,8.5,,-290,https://sportsbook.draftkings.com/event/uc-san-diego-%40-uc-davis/33503920?outcomes=0HC83094912P850_1
2026-01-22 21:19:21,"Cal Davis Aggies vs UC San Diego Tritons, 2026-01-22, 09",Cal Davis Aggies,UC San Diego Tritons,pinnacle,Spread,Cal Davis Aggies,6.5,,-150,
2026-01-22 21:19:21,"Cal Davis Aggies vs UC San Diego Tritons, 2026-01-22, 09",Cal Davis Aggies,UC San Diego Tritons,draftkings,Spread,Cal Davis Aggies,6.5,,-215,https://sportsbook.draftkings.com/event/uc-san-diego-%40-uc-davis/33503920?outcomes=0HC83094912P650_1
2026-01-22 21:19:21,"Cal Davis Aggies vs UC San Diego Tritons, 2026-01-22, 09",Cal Davis Aggies,UC San Diego Tritons,draftkings,Spread,UC San Diego Tritons,1.5,,-180,https://sportsbook.draftkings.com/event/uc-san-diego-%40-uc-davis/33503920?outcomes=0HC83094912P150_3
2026-01-22 21:19:21,"Cal Davis Aggies vs UC San Diego Tritons, 2026-01-22, 09",Cal Davis Aggies,UC San Diego Tritons,draftkings,Spread,Cal Davis Aggies,-3.5,,+185,https://sportsbook.draftkings.com/event/uc-san-diego-%40-uc-davis/33503920?outcomes=0HC83094912N350_1
2026-01-22 21:19:21,"Cal Davis Aggies vs UC San Diego Tritons, 2026-01-22, 09",Cal Davis Aggies,UC San Diego Tritons,draftkings,Spread,UC San Diego Tritons,-4.5,,+120,https://sportsbook.draftkings.com/event/uc-san-diego-%40-uc-davis/33503920?outcomes=0HC83094912N450_3
2026-01-22 21:19:21,"Cal Davis Aggies vs UC San Diego Tritons, 2026-01-22, 09",Cal Davis Aggies,UC San Diego Tritons,draftkings,Spread,UC San Diego Tritons,2.5,,-215,https://sportsbook.draftkings.com/event/uc-san-diego-%40-uc-davis/33503920?outcomes=0HC83094912P250_3
2026-01-22 21:19:21,"Cal Davis Aggies vs UC San Diego Tritons, 2026-01-22, 09",Cal Davis Aggies,UC San Diego Tritons,draftkings,Spread,UC San Diego Tritons,-5.5,,+140,https://sportsbook.draftkings.com/event/uc-san-diego-%40-uc-davis/33503920?outcomes=0HC83094912N550_3
2026-01-22 21:19:21,"Cal Davis Aggies vs UC San Diego Tritons, 2026-01-22, 09",Cal Davis Aggies,UC San Diego Tritons,draftkings,Spread,UC San Diego Tritons,-7.5,,+180,https://sportsbook.draftkings.com/event/uc-san-diego-%40-uc-davis/33503920?outcomes=0HC83094912N750_3
2026-01-22 21:19:21,"Cal Davis Aggies vs UC San Diego Tritons, 2026-01-22, 09",Cal Davis Aggies,UC San Diego Tritons,draftkings,Spread,UC San Diego Tritons,-8.5,,+210,https://sportsbook.draftkings.com/event/uc-san-diego-%40-uc-davis/33503920?outcomes=0HC83094912N850_3
2026-01-22 21:19:21,"Cal Davis Aggies vs UC San Diego Tritons, 2026-01-22, 09",Cal Davis Aggies,UC San Diego Tritons,draftkings,Spread,UC San Diego Tritons,-1.5,,-130,https://sportsbook.draftkings.com/event/uc-san-diego-%40-uc-davis/33503920?outcomes=0HC83094912N150_3
2026-01-22 21:19:21,"Cal Davis Aggies vs UC San Diego Tritons, 2026-01-22, 09",Cal Davis Aggies,UC San Diego Tritons,draftkings,Spread,UC San Diego Tritons,-6.5,,+160,https://sportsbook.draftkings.com/event/uc-san-diego-%40-uc-davis/33503920?outcomes=0HC83094912N650_3
2026-01-22 21:19:21,"Cal Davis Aggies vs UC San Diego Tritons, 2026-01-22, 09",Cal Davis Aggies,UC San Diego Tritons,draftkings,Spread,Cal Davis Aggies,1.5,,-105,https://sportsbook.draftkings.com/event/uc-san-diego-%40-uc-davis/33503920?outcomes=0HC83094912P150_1
2026-01-22 21:19:21,"Cal Davis Aggies vs UC San Diego Tritons, 2026-01-22, 09",Cal Davis Aggies,UC San Diego Tritons,draftkings,Spread,UC San Diego Tritons,3.5,,-255,https://sportsbook.draftkings.com/event/uc-san-diego-%40-uc-davis/33503920?outcomes=0HC83094912P350_3
2026-01-22 21:19:21,"Cal Davis Aggies vs UC San Diego Tritons, 2026-01-22, 09",Cal Davis Aggies,UC San Diego Tritons,draftkings,Spread,Cal Davis Aggies,5.5,,-190,https://sportsbook.draftkings.com/event/uc-san-diego-%40-uc-davis/33503920?outcomes=0HC83094912P550_1
2026-01-22 21:19:21,"Cal Davis Aggies vs UC San Diego Tritons, 2026-01-22, 09",Cal Davis Aggies,UC San Diego Tritons,draftkings,Spread,Cal Davis Aggies,7.5,,-245,https://sportsbook.draftkings.com/event/uc-san-diego-%40-uc-davis/33503920?outcomes=0HC83094912P750_1
2026-01-22 21:19:21,"Cal Davis Aggies vs UC San Diego Tritons, 2026-01-22, 09",Cal Davis Aggies,UC San Diego Tritons,draftkings,Spread,Cal Davis Aggies,4.5,,-165,https://sportsbook.draftkings.com/event/uc-san-diego-%40-uc-davis/33503920?outcomes=0HC83094912P450_1
2026-01-22 21:19:21,"Cal Davis Aggies vs UC San Diego Tritons, 2026-01-22, 09",Cal Davis Aggies,UC San Diego Tritons,draftkings,Spread,Cal Davis Aggies,-1.5,,+135,https://sportsbook.draftkings.com/event/uc-san-diego-%40-uc-davis/33503920?outcomes=0HC83094912N150_1
2026-01-22 21:19:21,"Cal Davis Aggies vs UC San Diego Tritons, 2026-01-22, 09",Cal Davis Aggies,UC San Diego Tritons,draftkings,Spread,Cal Davis Aggies,-2.5,,+155,https://sportsbook.draftkings.com/event/uc-san-diego-%40-uc-davis/33503920?outcomes=0HC83094912N250_1
2026-01-22 21:19:17,"Montana State Bobcats vs Idaho State Bengals, 2026-01-22, 09",Montana State Bobcats,Idaho State Bengals,fanduel,Spread,Idaho State Bengals,8.5,,-125,https://sportsbook.fanduel.ca/addToBetslip?marketId=801.153974432&selectionId=711058
2026-01-22 21:19:17,"Montana State Bobcats vs Idaho State Bengals, 2026-01-22, 09",Montana State Bobcats,Idaho State Bengals,fanduel,Spread,Idaho State Bengals,5.5,,+130,https://sportsbook.fanduel.ca/addToBetslip?marketId=801.154049553&selectionId=711058
2026-01-22 21:19:17,"Montana State Bobcats vs Idaho State Bengals, 2026-01-22, 09",Montana State Bobcats,Idaho State Bengals,fanduel,Spread,Montana State Bobcats,-14.5,,+230,https://sportsbook.fanduel.ca/addToBetslip?marketId=801.154049584&selectionId=719431
2026-01-22 21:19:17,"Montana State Bobcats vs Idaho State Bengals, 2026-01-22, 09",Montana State Bobcats,Idaho State Bengals,fanduel,Spread,Idaho State Bengals,14.5,,-340,https://sportsbook.fanduel.ca/addToBetslip?marketId=801.154049584&selectionId=711058
2026-01-22 21:19:17,"Montana State Bobcats vs Idaho State Bengals, 2026-01-22, 09",Montana State Bobcats,Idaho State Bengals,fanduel,Spread,Montana State Bobcats,-8.5,,-106,https://sportsbook.fanduel.ca/addToBetslip?marketId=801.153974432&selectionId=719431
2026-01-22 21:19:17,"Montana State Bobcats vs Idaho State Bengals, 2026-01-22, 09",Montana State Bobcats,Idaho State Bengals,fanduel,Spread,Montana State Bobcats,-2.5,,-330,https://sportsbook.fanduel.ca/addToBetslip?marketId=801.154049590&selectionId=719431
2026-01-22 21:19:17,"Montana State Bobcats vs Idaho State Bengals, 2026-01-22, 09",Montana State Bobcats,Idaho State Bengals,fanduel,Spread,Montana State Bobcats,-5.5,,-175,https://sportsbook.fanduel.ca/addToBetslip?marketId=801.154049553&selectionId=719431
2026-01-22 21:19:17,"Montana State Bobcats vs Idaho State Bengals, 2026-01-22, 09",Montana State Bobcats,Idaho State Bengals,fanduel,Spread,Montana State Bobcats,-11.5,,+145,https://sportsbook.fanduel.ca/addToBetslip?marketId=801.154049550&selectionId=719431
2026-01-22 21:19:17,"Montana State Bobcats vs Idaho State Bengals, 2026-01-22, 09",Montana State Bobcats,Idaho State Bengals,fanduel,Spread,Idaho State Bengals,11.5,,-200,https://sportsbook.fanduel.ca/addToBetslip?marketId=801.154049550&selectionId=711058
2026-01-22 21:19:17,"Montana State Bobcats vs Idaho State Bengals, 2026-01-22, 09",Montana State Bobcats,Idaho State Bengals,fanduel,Spread,Montana State Bobcats,0.5,,-550,https://sportsbook.fanduel.ca/addToBetslip?marketId=801.154049546&selectionId=719431
2026-01-22 21:19:17,"Montana State Bobcats vs Idaho State Bengals, 2026-01-22, 09",Montana State Bobcats,Idaho State Bengals,fanduel,Spread,Idaho State Bengals,-0.5,,+330,https://sportsbook.fanduel.ca/addToBetslip?marketId=801.154049546&selectionId=711058
2026-01-22 21:19:17,"Montana State Bobcats vs Idaho State Bengals, 2026-01-22, 09",Montana State Bobcats,Idaho State Bengals,fanduel,Spread,Montana State Bobcats,-17.5,,+360,https://sportsbook.fanduel.ca/addToBetslip?marketId=801.154049593&selectionId=719431
2026-01-22 21:19:17,"Montana State Bobcats vs Idaho State Bengals, 2026-01-22, 09",Montana State Bobcats,Idaho State Bengals,fanduel,Spread,Idaho State Bengals,17.5,,-600,https://sportsbook.fanduel.ca/addToBetslip?marketId=801.154049593&selectionId=711058
2026-01-22 21:19:17,"Montana State Bobcats vs Idaho State Bengals, 2026-01-22, 09",Montana State Bobcats,Idaho State Bengals,fanduel,Spread,Idaho State Bengals,2.5,,+230,https://sportsbook.fanduel.ca/addToBetslip?marketId=801.154049590&selectionId=711058
2026-01-22 21:19:16,"Montana State Bobcats vs Idaho State Bengals, 2026-01-22, 09",Montana State Bobcats,Idaho State Bengals,draftkings,Spread,Idaho State Bengals,9.5,,-135,https://sportsbook.draftkings.com/event/idaho-state-%40-montana-state/33504072?outcomes=0HC83095099P950_3
2026-01-22 21:19:16,"Montana State Bobcats vs Idaho State Bengals, 2026-01-22, 09",Montana State Bobcats,Idaho State Bengals,draftkings,Spread,Idaho State Bengals,11.5,,-190,https://sportsbook.draftkings.com/event/idaho-state-%40-montana-state/33504072?outcomes=0HC83095099P1150_3
2026-01-22 21:19:16,"Montana State Bobcats vs Idaho State Bengals, 2026-01-22, 09",Montana State Bobcats,Idaho State Bengals,draftkings,Spread,Idaho State Bengals,6.5,,+120,https://sportsbook.draftkings.com/event/idaho-state-%40-montana-state/33504072?outcomes=0HC83095099P650_3
2026-01-22 21:19:16,"Montana State Bobcats vs Idaho State Bengals, 2026-01-22, 09",Montana State Bobcats,Idaho State Bengals,draftkings,Spread,Idaho State Bengals,5.5,,+140,https://sportsbook.draftkings.com/event/idaho-state-%40-montana-state/33504072?outcomes=0HC83095099P550_3
2026-01-22 21:19:16,"Montana State Bobcats vs Idaho State Bengals, 2026-01-22, 09",Montana State Bobcats,Idaho State Bengals,draftkings,Spread,Idaho State Bengals,4.5,,+160,https://sportsbook.draftkings.com/event/idaho-state-%40-montana-state/33504072?outcomes=0HC83095099P450_3
2026-01-22 21:19:16,"Montana State Bobcats vs Idaho State Bengals, 2026-01-22, 09",Montana State Bobcats,Idaho State Bengals,draftkings,Spread,Idaho State Bengals,3.5,,+185,https://sportsbook.draftkings.com/event/idaho-state-%40-montana-state/33504072?outcomes=0HC83095099P350_3
2026-01-22 21:19:16,"Montana State Bobcats vs Idaho State Bengals, 2026-01-22, 09",Montana State Bobcats,Idaho State Bengals,draftkings,Spread,Idaho State Bengals,2.5,,+220,https://sportsbook.draftkings.com/event/idaho-state-%40-montana-state/33504072?outcomes=0HC83095099P250_3
2026-01-22 21:19:16,"Montana State Bobcats vs Idaho State Bengals, 2026-01-22, 09",Montana State Bobcats,Idaho State Bengals,draftkings,Spread,Idaho State Bengals,13.5,,-260,https://sportsbook.draftkings.com/event/idaho-state-%40-montana-state/33504072?outcomes=0HC83095099P1350_3
2026-01-22 21:19:16,"Montana State Bobcats vs Idaho State Bengals, 2026-01-22, 09",Montana State Bobcats,Idaho State Bengals,draftkings,Spread,Idaho State Bengals,12.5,,-225,https://sportsbook.draftkings.com/event/idaho-state-%40-montana-state/33504072?outcomes=0HC83095099P1250_3
2026-01-22 21:19:16,"Montana State Bobcats vs Idaho State Bengals, 2026-01-22, 09",Montana State Bobcats,Idaho State Bengals,draftkings,Spread,Idaho State Bengals,10.5,,-165,https://sportsbook.draftkings.com/event/idaho-state-%40-montana-state/33504072?outcomes=0HC83095099P1050_3
2026-01-22 21:19:16,"Montana State Bobcats vs Idaho State Bengals, 2026-01-22, 09",Montana State Bobcats,Idaho State Bengals,draftkings,Spread,Montana State Bobcats,-5.5,,-185,https://sportsbook.draftkings.com/event/idaho-state-%40-montana-state/33504072?outcomes=0HC83095099N550_1
2026-01-22 21:19:16,"Montana State Bobcats vs Idaho State Bengals, 2026-01-22, 09",Montana State Bobcats,Idaho State Bengals,draftkings,Spread,Montana State Bobcats,-6.5,,-160,https://sportsbook.draftkings.com/event/idaho-state-%40-montana-state/33504072?outcomes=0HC83095099N650_1
2026-01-22 21:19:16,"Montana State Bobcats vs Idaho State Bengals, 2026-01-22, 09",Montana State Bobcats,Idaho State Bengals,draftkings,Spread,Montana State Bobcats,-4.5,,-215,https://sportsbook.draftkings.com/event/idaho-state-%40-montana-state/33504072?outcomes=0HC83095099N450_1
2026-01-22 21:19:16,"Montana State Bobcats vs Idaho State Bengals, 2026-01-22, 09",Montana State Bobcats,Idaho State Bengals,draftkings,Spread,Montana State Bobcats,-3.5,,-250,https://sportsbook.draftkings.com/event/idaho-state-%40-montana-state/33504072?outcomes=0HC83095099N350_1
2026-01-22 21:19:16,"Montana State Bobcats vs Idaho State Bengals, 2026-01-22, 09",Montana State Bobcats,Idaho State Bengals,draftkings,Spread,Montana State Bobcats,-2.5,,-310,https://sportsbook.draftkings.com/event/idaho-state-%40-montana-state/33504072?outcomes=0HC83095099N250_1
2026-01-22 21:19:16,"Montana State Bobcats vs Idaho State Bengals, 2026-01-22, 09",Montana State Bobcats,Idaho State Bengals,draftkings,Spread,Montana State Bobcats,-13.5,,+190,https://sportsbook.draftkings.com/event/idaho-state-%40-montana-state/33504072?outcomes=0HC83095099N1350_1
2026-01-22 21:19:16,"Montana State Bobcats vs Idaho State Bengals, 2026-01-22, 09",Montana State Bobcats,Idaho State Bengals,draftkings,Spread,Montana State Bobcats,-12.5,,+165,https://sportsbook.draftkings.com/event/idaho-state-%40-montana-state/33504072?outcomes=0HC83095099N1250_1
2026-01-22 21:19:16,"Montana State Bobcats vs Idaho State Bengals, 2026-01-22, 09",Montana State Bobcats,Idaho State Bengals,draftkings,Spread,Montana State Bobcats,-10.5,,+120,https://sportsbook.draftkings.com/event/idaho-state-%40-montana-state/33504072?outcomes=0HC83095099N1050_1
2026-01-22 21:19:16,"Montana State Bobcats vs Idaho State Bengals, 2026-01-22, 09",Montana State Bobcats,Idaho State Bengals,draftkings,Spread,Montana State Bobcats,-11.5,,+140,https://sportsbook.draftkings.com/event/idaho-state-%40-montana-state/33504072?outcomes=0HC83095099N1150_1
2026-01-22 21:19:16,"Montana State Bobcats vs Idaho State Bengals, 2026-01-22, 09",Montana State Bobcats,Idaho State Bengals,draftkings,Spread,Montana State Bobcats,-9.5,,+100,https://sportsbook.draftkings.com/event/idaho-state-%40-montana-state/33504072?outcomes=0HC83095099N950_1
2026-01-22 21:19:15,"Southeast Missouri State Redhawks vs Arkansas Little Rock Trojans, 2026-01-22, 08",Southeast Missouri State Redhawks,Arkansas Little Rock Trojans,draftkings,Spread,Arkansas Little Rock Trojans,6.5,,-135,https://sportsbook.draftkings.com/event/little-rock-%40-se-missouri-state/33504075?outcomes=0HC83095054P650_3
2026-01-22 21:19:15,"Southeast Missouri State Redhawks vs Arkansas Little Rock Trojans, 2026-01-22, 08",Southeast Missouri State Redhawks,Arkansas Little Rock Trojans,draftkings,Spread,Arkansas Little Rock Trojans,9.5,,-235,https://sportsbook.draftkings.com/event/little-rock-%40-se-missouri-state/33504075?outcomes=0HC83095054P950_3
2026-01-22 21:19:15,"Southeast Missouri State Redhawks vs Arkansas Little Rock Trojans, 2026-01-22, 08",Southeast Missouri State Redhawks,Arkansas Little Rock Trojans,draftkings,Spread,Arkansas Little Rock Trojans,8.5,,-190,https://sportsbook.draftkings.com/event/little-rock-%40-se-missouri-state/33504075?outcomes=0HC83095054P850_3
2026-01-22 21:19:15,"Southeast Missouri State Redhawks vs Arkansas Little Rock Trojans, 2026-01-22, 08",Southeast Missouri State Redhawks,Arkansas Little Rock Trojans,draftkings,Spread,Arkansas Little Rock Trojans,7.5,,-155,https://sportsbook.draftkings.com/event/little-rock-%40-se-missouri-state/33504075?outcomes=0HC83095054P750_3
2026-01-22 21:19:15,"Southeast Missouri State Redhawks vs Arkansas Little Rock Trojans, 2026-01-22, 08",Southeast Missouri State Redhawks,Arkansas Little Rock Trojans,draftkings,Spread,Arkansas Little Rock Trojans,3.5,,+120,https://sportsbook.draftkings.com/event/little-rock-%40-se-missouri-state/33504075?outcomes=0HC83095054P350_3
2026-01-22 21:19:15,"Southeast Missouri State Redhawks vs Arkansas Little Rock Trojans, 2026-01-22, 08",Southeast Missouri State Redhawks,Arkansas Little Rock Trojans,draftkings,Spread,Arkansas Little Rock Trojans,2.5,,+150,https://sportsbook.draftkings.com/event/little-rock-%40-se-missouri-state/33504075?outcomes=0HC83095054P250_3
2026-01-22 21:19:15,"Southeast Missouri State Redhawks vs Arkansas Little Rock Trojans, 2026-01-22, 08",Southeast Missouri State Redhawks,Arkansas Little Rock Trojans,draftkings,Spread,Arkansas Little Rock Trojans,1.5,,+180,https://sportsbook.draftkings.com/event/little-rock-%40-se-missouri-state/33504075?outcomes=0HC83095054P150_3
2026-01-22 21:19:15,"Southeast Missouri State Redhawks vs Arkansas Little Rock Trojans, 2026-01-22, 08",Southeast Missouri State Redhawks,Arkansas Little Rock Trojans,draftkings,Spread,Southeast Missouri State Redhawks,1.5,,-380,https://sportsbook.draftkings.com/event/little-rock-%40-se-missouri-state/33504075?outcomes=0HC83095054P150_1
2026-01-22 21:19:15,"Southeast Missouri State Redhawks vs Arkansas Little Rock Trojans, 2026-01-22, 08",Southeast Missouri State Redhawks,Arkansas Little Rock Trojans,draftkings,Spread,Arkansas Little Rock Trojans,12.5,,-475,https://sportsbook.draftkings.com/event/little-rock-%40-se-missouri-state/33504075?outcomes=0HC83095054P1250_3
2026-01-22 21:19:15,"Southeast Missouri State Redhawks vs Arkansas Little Rock Trojans, 2026-01-22, 08",Southeast Missouri State Redhawks,Arkansas Little Rock Trojans,draftkings,Spread,Arkansas Little Rock Trojans,11.5,,-370,https://sportsbook.draftkings.com/event/little-rock-%40-se-missouri-state/33504075?outcomes=0HC83095054P1150_3
2026-01-22 21:19:15,"Southeast Missouri State Redhawks vs Arkansas Little Rock Trojans, 2026-01-22, 08",Southeast Missouri State Redhawks,Arkansas Little Rock Trojans,draftkings,Spread,Arkansas Little Rock Trojans,10.5,,-300,https://sportsbook.draftkings.com/event/little-rock-%40-se-missouri-state/33504075?outcomes=0HC83095054P1050_3
2026-01-22 21:19:15,"Southeast Missouri State Redhawks vs Arkansas Little Rock Trojans, 2026-01-22, 08",Southeast Missouri State Redhawks,Arkansas Little Rock Trojans,draftkings,Spread,Southeast Missouri State Redhawks,-2.5,,-200,https://sportsbook.draftkings.com/event/little-rock-%40-se-missouri-state/33504075?outcomes=0HC83095054N250_1
2026-01-22 21:19:15,"Southeast Missouri State Redhawks vs Arkansas Little Rock Trojans, 2026-01-22, 08",Southeast Missouri State Redhawks,Arkansas Little Rock Trojans,draftkings,Spread,Southeast Missouri State Redhawks,-8.5,,+140,https://sportsbook.draftkings.com/event/little-rock-%40-se-missouri-state/33504075?outcomes=0HC83095054N850_1
2026-01-22 21:19:15,"Southeast Missouri State Redhawks vs Arkansas Little Rock Trojans, 2026-01-22, 08",Southeast Missouri State Redhawks,Arkansas Little Rock Trojans,draftkings,Spread,Southeast Missouri State Redhawks,-9.5,,+175,https://sportsbook.draftkings.com/event/little-rock-%40-se-missouri-state/33504075?outcomes=0HC83095054N950_1
2026-01-22 21:19:15,"Southeast Missouri State Redhawks vs Arkansas Little Rock Trojans, 2026-01-22, 08",Southeast Missouri State Redhawks,Arkansas Little Rock Trojans,draftkings,Spread,Southeast Missouri State Redhawks,-12.5,,+320,https://sportsbook.draftkings.com/event/little-rock-%40-se-missouri-state/33504075?outcomes=0HC83095054N1250_1
2026-01-22 21:19:15,"Southeast Missouri State Redhawks vs Arkansas Little Rock Trojans, 2026-01-22, 08",Southeast Missouri State Redhawks,Arkansas Little Rock Trojans,draftkings,Spread,Southeast Missouri State Redhawks,-10.5,,+215,https://sportsbook.draftkings.com/event/little-rock-%40-se-missouri-state/33504075?outcomes=0HC83095054N1050_1
2026-01-22 21:19:15,"Southeast Missouri State Redhawks vs Arkansas Little Rock Trojans, 2026-01-22, 08",Southeast Missouri State Redhawks,Arkansas Little Rock Trojans,draftkings,Spread,Arkansas Little Rock Trojans,-1.5,,+265,https://sportsbook.draftkings.com/event/little-rock-%40-se-missouri-state/33504075?outcomes=0HC83095054N150_3
2026-01-22 21:19:15,"Southeast Missouri State Redhawks vs Arkansas Little Rock Trojans, 2026-01-22, 08",Southeast Missouri State Redhawks,Arkansas Little Rock Trojans,draftkings,Spread,Southeast Missouri State Redhawks,-1.5,,-250,https://sportsbook.draftkings.com/event/little-rock-%40-se-missouri-state/33504075?outcomes=0HC83095054N150_1
2026-01-22 21:19:15,"Southeast Missouri State Redhawks vs Arkansas Little Rock Trojans, 2026-01-22, 08",Southeast Missouri State Redhawks,Arkansas Little Rock Trojans,draftkings,Spread,Southeast Missouri State Redhawks,-11.5,,+265,https://sportsbook.draftkings.com/event/little-rock-%40-se-missouri-state/33504075?outcomes=0HC83095054N1150_1
2026-01-22 21:19:15,"Southeast Missouri State Redhawks vs Arkansas Little Rock Trojans, 2026-01-22, 08",Southeast Missouri State Redhawks,Arkansas Little Rock Trojans,draftkings,Spread,Southeast Missouri State Redhawks,-4.5,,-140,https://sportsbook.draftkings.com/event/little-rock-%40-se-missouri-state/33504075?outcomes=0HC83095054N450_1
2026-01-22 21:19:15,"Southeast Missouri State Redhawks vs Arkansas Little Rock Trojans, 2026-01-22, 08",Southeast Missouri State Redhawks,Arkansas Little Rock Trojans,draftkings,Spread,Southeast Missouri State Redhawks,-7.5,,+115,https://sportsbook.draftkings.com/event/little-rock-%40-se-missouri-state/33504075?outcomes=0HC83095054N750_1
2026-01-22 21:19:15,"Southeast Missouri State Redhawks vs Arkansas Little Rock Trojans, 2026-01-22, 08",Southeast Missouri State Redhawks,Arkansas Little Rock Trojans,draftkings,Spread,Southeast Missouri State Redhawks,-6.5,,+100,https://sportsbook.draftkings.com/event/little-rock-%40-se-missouri-state/33504075?outcomes=0HC83095054N650_1
2026-01-22 21:19:15,"Southeast Missouri State Redhawks vs Arkansas Little Rock Trojans, 2026-01-22, 08",Southeast Missouri State Redhawks,Arkansas Little Rock Trojans,draftkings,Spread,Southeast Missouri State Redhawks,-3.5,,-165,https://sportsbook.draftkings.com/event/little-rock-%40-se-missouri-state/33504075?outcomes=0HC83095054N350_1
2026-01-22 21:19:14,"St. Bonaventure Bonnies vs Saint Louis Billikens, 2026-01-23, 05",St. Bonaventure Bonnies,Saint Louis Billikens,betonline,Spread,Saint Louis Billikens,-8.0,,-110,
2026-01-22 21:19:14,"St. Bonaventure Bonnies vs Saint Louis Billikens, 2026-01-23, 05",St. Bonaventure Bonnies,Saint Louis Billikens,betonline,Spread,St. Bonaventure Bonnies,8.0,,-110,
2026-01-22 21:19:11,"Oral Roberts Golden Eagles vs North Dakota Fighting Hawks, 2026-01-22, 08",Oral Roberts Golden Eagles,North Dakota Fighting Hawks,draftkings,Spread,Oral Roberts Golden Eagles,12.5,,-235,https://sportsbook.draftkings.com/event/north-dakota-%40-oral-roberts/33504073?outcomes=0HC83094829P1250_1
2026-01-22 21:19:11,"Oral Roberts Golden Eagles vs North Dakota Fighting Hawks, 2026-01-22, 08",Oral Roberts Golden Eagles,North Dakota Fighting Hawks,draftkings,Spread,Oral Roberts Golden Eagles,8.5,,-105,https://sportsbook.draftkings.com/event/north-dakota-%40-oral-roberts/33504073?outcomes=0HC83094829P850_1
2026-01-22 21:19:11,"Oral Roberts Golden Eagles vs North Dakota Fighting Hawks, 2026-01-22, 08",Oral Roberts Golden Eagles,North Dakota Fighting Hawks,draftkings,Spread,Oral Roberts Golden Eagles,6.5,,+135,https://sportsbook.draftkings.com/event/north-dakota-%40-oral-roberts/33504073?outcomes=0HC83094829P650_1
2026-01-22 21:19:11,"Oral Roberts Golden Eagles vs North Dakota Fighting Hawks, 2026-01-22, 08",Oral Roberts Golden Eagles,North Dakota Fighting Hawks,draftkings,Spread,Oral Roberts Golden Eagles,2.5,,+275,https://sportsbook.draftkings.com/event/north-dakota-%40-oral-roberts/33504073?outcomes=0HC83094829P250_1
2026-01-22 21:19:11,"Oral Roberts Golden Eagles vs North Dakota Fighting Hawks, 2026-01-22, 08",Oral Roberts Golden Eagles,North Dakota Fighting Hawks,draftkings,Spread,Oral Roberts Golden Eagles,5.5,,+160,https://sportsbook.draftkings.com/event/north-dakota-%40-oral-roberts/33504073?outcomes=0HC83094829P550_1
2026-01-22 21:19:11,"Oral Roberts Golden Eagles vs North Dakota Fighting Hawks, 2026-01-22, 08",Oral Roberts Golden Eagles,North Dakota Fighting Hawks,draftkings,Spread,Oral Roberts Golden Eagles,4.5,,+190,https://sportsbook.draftkings.com/event/north-dakota-%40-oral-roberts/33504073?outcomes=0HC83094829P450_1
2026-01-22 21:19:11,"Oral Roberts Golden Eagles vs North Dakota Fighting Hawks, 2026-01-22, 08",Oral Roberts Golden Eagles,North Dakota Fighting Hawks,draftkings,Spread,Oral Roberts Golden Eagles,3.5,,+225,https://sportsbook.draftkings.com/event/north-dakota-%40-oral-roberts/33504073?outcomes=0HC83094829P350_1
2026-01-22 21:19:11,"Oral Roberts Golden Eagles vs North Dakota Fighting Hawks, 2026-01-22, 08",Oral Roberts Golden Eagles,North Dakota Fighting Hawks,draftkings,Spread,Oral Roberts Golden Eagles,10.5,,-155,https://sportsbook.draftkings.com/event/north-dakota-%40-oral-roberts/33504073?outcomes=0HC83094829P1050_1
2026-01-22 21:19:11,"Oral Roberts Golden Eagles vs North Dakota Fighting Hawks, 2026-01-22, 08",Oral Roberts Golden Eagles,North Dakota Fighting Hawks,draftkings,Spread,Oral Roberts Golden Eagles,13.5,,-290,https://sportsbook.draftkings.com/event/north-dakota-%40-oral-roberts/33504073?outcomes=0HC83094829P1350_1
2026-01-22 21:19:11,"Oral Roberts Golden Eagles vs North Dakota Fighting Hawks, 2026-01-22, 08",Oral Roberts Golden Eagles,North Dakota Fighting Hawks,draftkings,Spread,North Dakota Fighting Hawks,-8.5,,-130,https://sportsbook.draftkings.com/event/north-dakota-%40-oral-roberts/33504073?outcomes=0HC83094829N850_3
2026-01-22 21:19:11,"Oral Roberts Golden Eagles vs North Dakota Fighting Hawks, 2026-01-22, 08",Oral Roberts Golden Eagles,North Dakota Fighting Hawks,draftkings,Spread,North Dakota Fighting Hawks,-6.5,,-185,https://sportsbook.draftkings.com/event/north-dakota-%40-oral-roberts/33504073?outcomes=0HC83094829N650_3
2026-01-22 21:19:11,"Oral Roberts Golden Eagles vs North Dakota Fighting Hawks, 2026-01-22, 08",Oral Roberts Golden Eagles,North Dakota Fighting Hawks,draftkings,Spread,North Dakota Fighting Hawks,-5.5,,-220,https://sportsbook.draftkings.com/event/north-dakota-%40-oral-roberts/33504073?outcomes=0HC83094829N550_3
2026-01-22 21:19:11,"Oral Roberts Golden Eagles vs North Dakota Fighting Hawks, 2026-01-22, 08",Oral Roberts Golden Eagles,North Dakota Fighting Hawks,draftkings,Spread,North Dakota Fighting Hawks,-4.5,,-260,https://sportsbook.draftkings.com/event/north-dakota-%40-oral-roberts/33504073?outcomes=0HC83094829N450_3
2026-01-22 21:19:11,"Oral Roberts Golden Eagles vs North Dakota Fighting Hawks, 2026-01-22, 08",Oral Roberts Golden Eagles,North Dakota Fighting Hawks,draftkings,Spread,North Dakota Fighting Hawks,-3.5,,-310,https://sportsbook.draftkings.com/event/north-dakota-%40-oral-roberts/33504073?outcomes=0HC83094829N350_3
2026-01-22 21:19:11,"Oral Roberts Golden Eagles vs North Dakota Fighting Hawks, 2026-01-22, 08",Oral Roberts Golden Eagles,North Dakota Fighting Hawks,draftkings,Spread,North Dakota Fighting Hawks,-2.5,,-390,https://sportsbook.draftkings.com/event/north-dakota-%40-oral-roberts/33504073?outcomes=0HC83094829N250_3
2026-01-22 21:19:11,"Oral Roberts Golden Eagles vs North Dakota Fighting Hawks, 2026-01-22, 08",Oral Roberts Golden Eagles,North Dakota Fighting Hawks,draftkings,Spread,North Dakota Fighting Hawks,-13.5,,+210,https://sportsbook.draftkings.com/event/north-dakota-%40-oral-roberts/33504073?outcomes=0HC83094829N1350_3
2026-01-22 21:19:11,"Oral Roberts Golden Eagles vs North Dakota Fighting Hawks, 2026-01-22, 08",Oral Roberts Golden Eagles,North Dakota Fighting Hawks,draftkings,Spread,North Dakota Fighting Hawks,-12.5,,+170,https://sportsbook.draftkings.com/event/north-dakota-%40-oral-roberts/33504073?outcomes=0HC83094829N1250_3
2026-01-22 21:19:11,"Oral Roberts Golden Eagles vs North Dakota Fighting Hawks, 2026-01-22, 08",Oral Roberts Golden Eagles,North Dakota Fighting Hawks,draftkings,Spread,North Dakota Fighting Hawks,-11.5,,+140,https://sportsbook.draftkings.com/event/north-dakota-%40-oral-roberts/33504073?outcomes=0HC83094829N1150_3
2026-01-22 21:19:11,"Oral Roberts Golden Eagles vs North Dakota Fighting Hawks, 2026-01-22, 08",Oral Roberts Golden Eagles,North Dakota Fighting Hawks,draftkings,Spread,North Dakota Fighting Hawks,-10.5,,+115,https://sportsbook.draftkings.com/event/north-dakota-%40-oral-roberts/33504073?outcomes=0HC83094829N1050_3
2026-01-22 21:19:11,"Oral Roberts Golden Eagles vs North Dakota Fighting Hawks, 2026-01-22, 08",Oral Roberts Golden Eagles,North Dakota Fighting Hawks,draftkings,Spread,Oral Roberts Golden Eagles,11.5,,-195,https://sportsbook.draftkings.com/event/north-dakota-%40-oral-roberts/33504073?outcomes=0HC83094829P1150_1
2026-01-22 21:19:11,"Southern Illinois Cougars vs Tennessee Blue Raiders, 2026-01-22, 09",Southern Illinois Cougars,Tennessee Blue Raiders,draftkings,Spread,Southern Illinois Cougars,3.5,,-195,https://sportsbook.draftkings.com/event/tennessee-state-%40-siu-edwardsville/33504083?outcomes=0HC83094865P350_1
2026-01-22 21:19:11,"Southern Illinois Cougars vs Tennessee Blue Raiders, 2026-01-22, 09",Southern Illinois Cougars,Tennessee Blue Raiders,draftkings,Spread,Tennessee Blue Raiders,-3.5,,+145,https://sportsbook.draftkings.com/event/tennessee-state-%40-siu-edwardsville/33504083?outcomes=0HC83094865N350_3
2026-01-22 21:19:10,"Southern Indiana Screaming Eagles vs Eastern Illinois Panthers, 2026-01-22, 08",Southern Indiana Screaming Eagles,Eastern Illinois Panthers,draftkings,Spread,Eastern Illinois Panthers,2.5,,+200,https://sportsbook.draftkings.com/event/eastern-illinois-%40-southern-indiana/33504074?outcomes=0HC83094766P250_3
2026-01-22 21:19:10,"Southern Indiana Screaming Eagles vs Eastern Illinois Panthers, 2026-01-22, 08",Southern Indiana Screaming Eagles,Eastern Illinois Panthers,draftkings,Spread,Eastern Illinois Panthers,4.5,,+140,https://sportsbook.draftkings.com/event/eastern-illinois-%40-southern-indiana/33504074?outcomes=0HC83094766P450_3
2026-01-22 21:19:10,"Southern Indiana Screaming Eagles vs Eastern Illinois Panthers, 2026-01-22, 08",Southern Indiana Screaming Eagles,Eastern Illinois Panthers,draftkings,Spread,Eastern Illinois Panthers,9.5,,-170,https://sportsbook.draftkings.com/event/eastern-illinois-%40-southern-indiana/33504074?outcomes=0HC83094766P950_3
2026-01-22 21:19:10,"Southern Indiana Screaming Eagles vs Eastern Illinois Panthers, 2026-01-22, 08",Southern Indiana Screaming Eagles,Eastern Illinois Panthers,draftkings,Spread,Eastern Illinois Panthers,5.5,,+120,https://sportsbook.draftkings.com/event/eastern-illinois-%40-southern-indiana/33504074?outcomes=0HC83094766P550_3
2026-01-22 21:19:10,"Southern Indiana Screaming Eagles vs Eastern Illinois Panthers, 2026-01-22, 08",Southern Indiana Screaming Eagles,Eastern Illinois Panthers,draftkings,Spread,Eastern Illinois Panthers,10.5,,-210,https://sportsbook.draftkings.com/event/eastern-illinois-%40-southern-indiana/33504074?outcomes=0HC83094766P1050_3
2026-01-22 21:19:10,"Southern Indiana Screaming Eagles vs Eastern Illinois Panthers, 2026-01-22, 08",Southern Indiana Screaming Eagles,Eastern Illinois Panthers,draftkings,Spread,Eastern Illinois Panthers,12.5,,-310,https://sportsbook.draftkings.com/event/eastern-illinois-%40-southern-indiana/33504074?outcomes=0HC83094766P1250_3
2026-01-22 21:19:10,"Southern Indiana Screaming Eagles vs Eastern Illinois Panthers, 2026-01-22, 08",Southern Indiana Screaming Eagles,Eastern Illinois Panthers,draftkings,Spread,Eastern Illinois Panthers,3.5,,+165,https://sportsbook.draftkings.com/event/eastern-illinois-%40-southern-indiana/33504074?outcomes=0HC83094766P350_3
2026-01-22 21:19:10,"Southern Indiana Screaming Eagles vs Eastern Illinois Panthers, 2026-01-22, 08",Southern Indiana Screaming Eagles,Eastern Illinois Panthers,draftkings,Spread,Eastern Illinois Panthers,13.5,,-370,https://sportsbook.draftkings.com/event/eastern-illinois-%40-southern-indiana/33504074?outcomes=0HC83094766P1350_3
2026-01-22 21:19:10,"Southern Indiana Screaming Eagles vs Eastern Illinois Panthers, 2026-01-22, 08",Southern Indiana Screaming Eagles,Eastern Illinois Panthers,draftkings,Spread,Eastern Illinois Panthers,11.5,,-260,https://sportsbook.draftkings.com/event/eastern-illinois-%40-southern-indiana/33504074?outcomes=0HC83094766P1150_3
2026-01-22 21:19:10,"Southern Indiana Screaming Eagles vs Eastern Illinois Panthers, 2026-01-22, 08",Southern Indiana Screaming Eagles,Eastern Illinois Panthers,draftkings,Spread,Eastern Illinois Panthers,6.5,,+105,https://sportsbook.draftkings.com/event/eastern-illinois-%40-southern-indiana/33504074?outcomes=0HC83094766P650_3
2026-01-22 21:19:10,"Southern Indiana Screaming Eagles vs Eastern Illinois Panthers, 2026-01-22, 08",Southern Indiana Screaming Eagles,Eastern Illinois Panthers,draftkings,Spread,Southern Indiana Screaming Eagles,-5.5,,-165,https://sportsbook.draftkings.com/event/eastern-illinois-%40-southern-indiana/33504074?outcomes=0HC83094766N550_1
2026-01-22 21:19:10,"Southern Indiana Screaming Eagles vs Eastern Illinois Panthers, 2026-01-22, 08",Southern Indiana Screaming Eagles,Eastern Illinois Panthers,draftkings,Spread,Southern Indiana Screaming Eagles,-11.5,,+190,https://sportsbook.draftkings.com/event/eastern-illinois-%40-southern-indiana/33504074?outcomes=0HC83094766N1150_1
2026-01-22 21:19:10,"Southern Indiana Screaming Eagles vs Eastern Illinois Panthers, 2026-01-22, 08",Southern Indiana Screaming Eagles,Eastern Illinois Panthers,draftkings,Spread,Southern Indiana Screaming Eagles,-2.5,,-280,https://sportsbook.draftkings.com/event/eastern-illinois-%40-southern-indiana/33504074?outcomes=0HC83094766N250_1
2026-01-22 21:19:10,"Southern Indiana Screaming Eagles vs Eastern Illinois Panthers, 2026-01-22, 08",Southern Indiana Screaming Eagles,Eastern Illinois Panthers,draftkings,Spread,Southern Indiana Screaming Eagles,-13.5,,+265,https://sportsbook.draftkings.com/event/eastern-illinois-%40-southern-indiana/33504074?outcomes=0HC83094766N1350_1
2026-01-22 21:19:10,"Southern Indiana Screaming Eagles vs Eastern Illinois Panthers, 2026-01-22, 08",Southern Indiana Screaming Eagles,Eastern Illinois Panthers,draftkings,Spread,Southern Indiana Screaming Eagles,-12.5,,+220,https://sportsbook.draftkings.com/event/eastern-illinois-%40-southern-indiana/33504074?outcomes=0HC83094766N1250_1
2026-01-22 21:19:10,"Southern Indiana Screaming Eagles vs Eastern Illinois Panthers, 2026-01-22, 08",Southern Indiana Screaming Eagles,Eastern Illinois Panthers,draftkings,Spread,Southern Indiana Screaming Eagles,-4.5,,-190,https://sportsbook.draftkings.com/event/eastern-illinois-%40-southern-indiana/33504074?outcomes=0HC83094766N450_1
2026-01-22 21:19:10,"Southern Indiana Screaming Eagles vs Eastern Illinois Panthers, 2026-01-22, 08",Southern Indiana Screaming Eagles,Eastern Illinois Panthers,draftkings,Spread,Southern Indiana Screaming Eagles,-9.5,,+125,https://sportsbook.draftkings.com/event/eastern-illinois-%40-southern-indiana/33504074?outcomes=0HC83094766N950_1
2026-01-22 21:19:10,"Southern Indiana Screaming Eagles vs Eastern Illinois Panthers, 2026-01-22, 08",Southern Indiana Screaming Eagles,Eastern Illinois Panthers,draftkings,Spread,Southern Indiana Screaming Eagles,-10.5,,+155,https://sportsbook.draftkings.com/event/eastern-illinois-%40-southern-indiana/33504074?outcomes=0HC83094766N1050_1
2026-01-22 21:19:10,"Southern Indiana Screaming Eagles vs Eastern Illinois Panthers, 2026-01-22, 08",Southern Indiana Screaming Eagles,Eastern Illinois Panthers,draftkings,Spread,Southern Indiana Screaming Eagles,-6.5,,-145,https://sportsbook.draftkings.com/event/eastern-illinois-%40-southern-indiana/33504074?outcomes=0HC83094766N650_1
2026-01-22 21:19:10,"Southern Indiana Screaming Eagles vs Eastern Illinois Panthers, 2026-01-22, 08",Southern Indiana Screaming Eagles,Eastern Illinois Panthers,draftkings,Spread,Southern Indiana Screaming Eagles,-3.5,,-225,https://sportsbook.draftkings.com/event/eastern-illinois-%40-southern-indiana/33504074?outcomes=0HC83094766N350_1
2026-01-22 21:19:04,"Denver Pioneers vs North Dakota State Bison, 2026-01-22, 09",Denver Pioneers,North Dakota State Bison,fanduel,Spread,North Dakota State Bison,-7.5,,-125,https://sportsbook.fanduel.ca/addToBetslip?marketId=801.153982228&selectionId=3755902
2026-01-22 21:19:04,"Denver Pioneers vs North Dakota State Bison, 2026-01-22, 09",Denver Pioneers,North Dakota State Bison,fanduel,Spread,Denver Pioneers,7.5,,-106,https://sportsbook.fanduel.ca/addToBetslip?marketId=801.153982228&selectionId=13124
2026-01-22 21:19:04,"Denver Pioneers vs North Dakota State Bison, 2026-01-22, 09",Denver Pioneers,North Dakota State Bison,fanduel,Spread,Denver Pioneers,10.5,,-170,https://sportsbook.fanduel.ca/addToBetslip?marketId=801.154051366&selectionId=13124
2026-01-22 21:19:04,"Denver Pioneers vs North Dakota State Bison, 2026-01-22, 09",Denver Pioneers,North Dakota State Bison,fanduel,Spread,Denver Pioneers,1.5,,+270,https://sportsbook.fanduel.ca/addToBetslip?marketId=801.154051348&selectionId=13124
2026-01-22 21:19:04,"Denver Pioneers vs North Dakota State Bison, 2026-01-22, 09",Denver Pioneers,North Dakota State Bison,fanduel,Spread,North Dakota State Bison,-10.5,,+125,https://sportsbook.fanduel.ca/addToBetslip?marketId=801.154051366&selectionId=3755902
2026-01-22 21:19:04,"Denver Pioneers vs North Dakota State Bison, 2026-01-22, 09",Denver Pioneers,North Dakota State Bison,fanduel,Spread,North Dakota State Bison,-1.5,,-400,https://sportsbook.fanduel.ca/addToBetslip?marketId=801.154051348&selectionId=3755902
2026-01-22 21:19:04,"Denver Pioneers vs North Dakota State Bison, 2026-01-22, 09",Denver Pioneers,North Dakota State Bison,fanduel,Spread,North Dakota State Bison,-4.5,,-210,https://sportsbook.fanduel.ca/addToBetslip?marketId=801.154051397&selectionId=3755902
2026-01-22 21:19:04,"Denver Pioneers vs North Dakota State Bison, 2026-01-22, 09",Denver Pioneers,North Dakota State Bison,fanduel,Spread,North Dakota State Bison,-13.5,,+200,https://sportsbook.fanduel.ca/addToBetslip?marketId=801.154051398&selectionId=3755902
2026-01-22 21:19:04,"Denver Pioneers vs North Dakota State Bison, 2026-01-22, 09",Denver Pioneers,North Dakota State Bison,fanduel,Spread,Denver Pioneers,4.5,,+155,https://sportsbook.fanduel.ca/addToBetslip?marketId=801.154051397&selectionId=13124
2026-01-22 21:19:04,"Denver Pioneers vs North Dakota State Bison, 2026-01-22, 09",Denver Pioneers,North Dakota State Bison,fanduel,Spread,Denver Pioneers,16.5,,-460,https://sportsbook.fanduel.ca/addToBetslip?marketId=801.154051355&selectionId=13124
2026-01-22 21:19:04,"Denver Pioneers vs North Dakota State Bison, 2026-01-22, 09",Denver Pioneers,North Dakota State Bison,fanduel,Spread,North Dakota State Bison,-16.5,,+310,https://sportsbook.fanduel.ca/addToBetslip?marketId=801.154051355&selectionId=3755902
2026-01-22 21:19:04,"Denver Pioneers vs North Dakota State Bison, 2026-01-22, 09",Denver Pioneers,North Dakota State Bison,fanduel,Spread,Denver Pioneers,-1.5,,+370,https://sportsbook.fanduel.ca/addToBetslip?marketId=801.154051383&selectionId=13124
2026-01-22 21:19:04,"Denver Pioneers vs North Dakota State Bison, 2026-01-22, 09",Denver Pioneers,North Dakota State Bison,fanduel,Spread,North Dakota State Bison,1.5,,-600,https://sportsbook.fanduel.ca/addToBetslip?marketId=801.154051383&selectionId=3755902
2026-01-22 21:19:04,"Denver Pioneers vs North Dakota State Bison, 2026-01-22, 09",Denver Pioneers,North Dakota State Bison,fanduel,Spread,Denver Pioneers,13.5,,-280,https://sportsbook.fanduel.ca/addToBetslip?marketId=801.154051398&selectionId=13124
2026-01-22 21:19:03,"Appalachian Mountaineers vs Louisiana Warhawks, 2026-01-23, 12",Appalachian Mountaineers,Louisiana Warhawks,betonline,Spread,Appalachian Mountaineers,-15.5,,-115,
2026-01-22 21:19:03,"Appalachian Mountaineers vs Louisiana Warhawks, 2026-01-23, 12",Appalachian Mountaineers,Louisiana Warhawks,betonline,Spread,Louisiana Warhawks,15.5,,-105,
2026-01-22 21:19:03,"Appalachian Mountaineers vs Louisiana Warhawks, 2026-01-23, 12",Appalachian Mountaineers,Louisiana Warhawks,pinnacle,Spread,Appalachian Mountaineers,-18.0,,+120,
2026-01-22 21:19:03,"Appalachian Mountaineers vs Louisiana Warhawks, 2026-01-23, 12",Appalachian Mountaineers,Louisiana Warhawks,pinnacle,Spread,Louisiana Warhawks,18.0,,-153,
2026-01-22 21:19:03,"Appalachian Mountaineers vs Louisiana Warhawks, 2026-01-23, 12",Appalachian Mountaineers,Louisiana Warhawks,pinnacle,Spread,Appalachian Mountaineers,-17.5,,+113,
2026-01-22 21:19:03,"Appalachian Mountaineers vs Louisiana Warhawks, 2026-01-23, 12",Appalachian Mountaineers,Louisiana Warhawks,pinnacle,Spread,Louisiana Warhawks,17.5,,-142,
2026-01-22 21:19:03,"Austin Peay Governors vs Stetson Hatters, 2026-01-23, 01",Austin Peay Governors,Stetson Hatters,betonline,Spread,Austin Peay Governors,-14.5,,-110,
2026-01-22 21:19:03,"Austin Peay Governors vs Stetson Hatters, 2026-01-23, 01",Austin Peay Governors,Stetson Hatters,betonline,Spread,Stetson Hatters,14.5,,-110,
2026-01-22 21:19:03,"Buffalo Bulls vs Massachusetts Minutemen, 2026-01-23, 07",Buffalo Bulls,Massachusetts Minutemen,draftkings,Spread,Massachusetts Minutemen,-1.5,,-112,https://sportsbook.draftkings.com/event/umass-%40-buffalo/33510245?outcomes=0HC83102592N150_3
2026-01-22 21:19:03,"Buffalo Bulls vs Massachusetts Minutemen, 2026-01-23, 07",Buffalo Bulls,Massachusetts Minutemen,draftkings,Spread,Buffalo Bulls,1.5,,-108,https://sportsbook.draftkings.com/event/umass-%40-buffalo/33510245?outcomes=0HC83102592P150_1
2026-01-22 21:19:03,"Buffalo Bulls vs Massachusetts Minutemen, 2026-01-23, 07",Buffalo Bulls,Massachusetts Minutemen,pinnacle,Spread,Buffalo Bulls,4.0,,-162,
2026-01-22 21:19:03,"Buffalo Bulls vs Massachusetts Minutemen, 2026-01-23, 07",Buffalo Bulls,Massachusetts Minutemen,pinnacle,Spread,Massachusetts Minutemen,-4.0,,+127,
2026-01-22 21:19:03,"Buffalo Bulls vs Massachusetts Minutemen, 2026-01-23, 07",Buffalo Bulls,Massachusetts Minutemen,pinnacle,Spread,Buffalo Bulls,3.5,,-151,
2026-01-22 21:19:03,"Buffalo Bulls vs Massachusetts Minutemen, 2026-01-23, 07",Buffalo Bulls,Massachusetts Minutemen,pinnacle,Spread,Massachusetts Minutemen,-3.5,,+119,
2026-01-22 21:19:03,"Buffalo Bulls vs Massachusetts Minutemen, 2026-01-23, 07",Buffalo Bulls,Massachusetts Minutemen,pinnacle,Spread,Buffalo Bulls,3.0,,-140,
2026-01-22 21:19:03,"Buffalo Bulls vs Massachusetts Minutemen, 2026-01-23, 07",Buffalo Bulls,Massachusetts Minutemen,pinnacle,Spread,Massachusetts Minutemen,-3.0,,+111,
2026-01-22 21:19:03,"Buffalo Bulls vs Massachusetts Minutemen, 2026-01-23, 07",Buffalo Bulls,Massachusetts Minutemen,pinnacle,Spread,Buffalo Bulls,2.5,,-129,
2026-01-22 21:19:03,"Buffalo Bulls vs Massachusetts Minutemen, 2026-01-23, 07",Buffalo Bulls,Massachusetts Minutemen,pinnacle,Spread,Massachusetts Minutemen,-2.5,,+103,
2026-01-22 21:19:03,"Buffalo Bulls vs Massachusetts Minutemen, 2026-01-23, 07",Buffalo Bulls,Massachusetts Minutemen,pinnacle,Spread,Buffalo Bulls,2.0,,-114,
2026-01-22 21:19:03,"Buffalo Bulls vs Massachusetts Minutemen, 2026-01-23, 07",Buffalo Bulls,Massachusetts Minutemen,pinnacle,Spread,Massachusetts Minutemen,-2.0,,-106,
2026-01-22 21:19:03,"Buffalo Bulls vs Massachusetts Minutemen, 2026-01-23, 07",Buffalo Bulls,Massachusetts Minutemen,pinnacle,Spread,Buffalo Bulls,1.5,,-105,
2026-01-22 21:19:03,"Buffalo Bulls vs Massachusetts Minutemen, 2026-01-23, 07",Buffalo Bulls,Massachusetts Minutemen,pinnacle,Spread,Massachusetts Minutemen,-1.5,,-120,
2026-01-22 21:19:03,"Buffalo Bulls vs Massachusetts Minutemen, 2026-01-23, 07",Buffalo Bulls,Massachusetts Minutemen,pinnacle,Spread,Buffalo Bulls,1.0,,+101,
2026-01-22 21:19:03,"Buffalo Bulls vs Massachusetts Minutemen, 2026-01-23, 07",Buffalo Bulls,Massachusetts Minutemen,pinnacle,Spread,Massachusetts Minutemen,-1.0,,-127,
2026-01-22 21:19:03,"Buffalo Bulls vs Massachusetts Minutemen, 2026-01-23, 07",Buffalo Bulls,Massachusetts Minutemen,pinnacle,Spread,Buffalo Bulls,-1.0,,+113,
2026-01-22 21:19:03,"Buffalo Bulls vs Massachusetts Minutemen, 2026-01-23, 07",Buffalo Bulls,Massachusetts Minutemen,pinnacle,Spread,Massachusetts Minutemen,1.0,,-142,
2026-01-22 21:19:03,"Buffalo Bulls vs Massachusetts Minutemen, 2026-01-23, 07",Buffalo Bulls,Massachusetts Minutemen,pinnacle,Spread,Buffalo Bulls,-1.5,,+118,
2026-01-22 21:19:03,"Buffalo Bulls vs Massachusetts Minutemen, 2026-01-23, 07",Buffalo Bulls,Massachusetts Minutemen,pinnacle,Spread,Massachusetts Minutemen,1.5,,-150,
2026-01-22 21:19:03,"Buffalo Bulls vs Massachusetts Minutemen, 2026-01-23, 07",Buffalo Bulls,Massachusetts Minutemen,betonline,Spread,Massachusetts Minutemen,-1.5,,-110,
2026-01-22 21:19:03,"Buffalo Bulls vs Massachusetts Minutemen, 2026-01-23, 07",Buffalo Bulls,Massachusetts Minutemen,betonline,Spread,Buffalo Bulls,1.5,,-110,
2026-01-22 21:19:03,"Butler Bulldogs vs Marquette Golden Eagles, 2026-01-23, 08",Butler Bulldogs,Marquette Golden Eagles,draftkings,Spread,Marquette Golden Eagles,7.5,,-115,https://sportsbook.draftkings.com/event/marquette-%40-butler/33510246?outcomes=0HC83102588P750_3
2026-01-22 21:19:03,"Butler Bulldogs vs Marquette Golden Eagles, 2026-01-23, 08",Butler Bulldogs,Marquette Golden Eagles,draftkings,Spread,Butler Bulldogs,-7.5,,-105,https://sportsbook.draftkings.com/event/marquette-%40-butler/33510246?outcomes=0HC83102588N750_1
2026-01-22 21:19:03,"Butler Bulldogs vs Marquette Golden Eagles, 2026-01-23, 08",Butler Bulldogs,Marquette Golden Eagles,pinnacle,Spread,Butler Bulldogs,-5.0,,-155,
2026-01-22 21:19:03,"Butler Bulldogs vs Marquette Golden Eagles, 2026-01-23, 08",Butler Bulldogs,Marquette Golden Eagles,pinnacle,Spread,Marquette Golden Eagles,5.0,,+122,
2026-01-22 21:19:03,"Butler Bulldogs vs Marquette Golden Eagles, 2026-01-23, 08",Butler Bulldogs,Marquette Golden Eagles,pinnacle,Spread,Butler Bulldogs,-5.5,,-144,
2026-01-22 21:19:03,"Butler Bulldogs vs Marquette Golden Eagles, 2026-01-23, 08",Butler Bulldogs,Marquette Golden Eagles,pinnacle,Spread,Marquette Golden Eagles,5.5,,+114,
2026-01-22 21:19:03,"Butler Bulldogs vs Marquette Golden Eagles, 2026-01-23, 08",Butler Bulldogs,Marquette Golden Eagles,pinnacle,Spread,Butler Bulldogs,-6.0,,-134,
2026-01-22 21:19:03,"Butler Bulldogs vs Marquette Golden Eagles, 2026-01-23, 08",Butler Bulldogs,Marquette Golden Eagles,pinnacle,Spread,Marquette Golden Eagles,6.0,,+106,
2026-01-22 21:19:03,"Butler Bulldogs vs Marquette Golden Eagles, 2026-01-23, 08",Butler Bulldogs,Marquette Golden Eagles,pinnacle,Spread,Butler Bulldogs,-6.5,,-124,
2026-01-22 21:19:03,"Butler Bulldogs vs Marquette Golden Eagles, 2026-01-23, 08",Butler Bulldogs,Marquette Golden Eagles,pinnacle,Spread,Marquette Golden Eagles,6.5,,-102,
2026-01-22 21:19:03,"Butler Bulldogs vs Marquette Golden Eagles, 2026-01-23, 08",Butler Bulldogs,Marquette Golden Eagles,pinnacle,Spread,Butler Bulldogs,-7.0,,-111,
2026-01-22 21:19:03,"Butler Bulldogs vs Marquette Golden Eagles, 2026-01-23, 08",Butler Bulldogs,Marquette Golden Eagles,pinnacle,Spread,Butler Bulldogs,-7.5,,-104,
2026-01-22 21:19:03,"Butler Bulldogs vs Marquette Golden Eagles, 2026-01-23, 08",Butler Bulldogs,Marquette Golden Eagles,pinnacle,Spread,Marquette Golden Eagles,7.5,,-121,
2026-01-22 21:19:03,"Butler Bulldogs vs Marquette Golden Eagles, 2026-01-23, 08",Butler Bulldogs,Marquette Golden Eagles,pinnacle,Spread,Butler Bulldogs,-8.0,,+104,
2026-01-22 21:19:03,"Butler Bulldogs vs Marquette Golden Eagles, 2026-01-23, 08",Butler Bulldogs,Marquette Golden Eagles,pinnacle,Spread,Marquette Golden Eagles,8.0,,-131,
2026-01-22 21:19:03,"Butler Bulldogs vs Marquette Golden Eagles, 2026-01-23, 08",Butler Bulldogs,Marquette Golden Eagles,pinnacle,Spread,Butler Bulldogs,-8.5,,+112,
2026-01-22 21:19:03,"Butler Bulldogs vs Marquette Golden Eagles, 2026-01-23, 08",Butler Bulldogs,Marquette Golden Eagles,pinnacle,Spread,Marquette Golden Eagles,8.5,,-141,
2026-01-22 21:19:03,"Butler Bulldogs vs Marquette Golden Eagles, 2026-01-23, 08",Butler Bulldogs,Marquette Golden Eagles,pinnacle,Spread,Butler Bulldogs,-9.0,,+119,
2026-01-22 21:19:03,"Butler Bulldogs vs Marquette Golden Eagles, 2026-01-23, 08",Butler Bulldogs,Marquette Golden Eagles,pinnacle,Spread,Marquette Golden Eagles,9.0,,-151,
2026-01-22 21:19:03,"Butler Bulldogs vs Marquette Golden Eagles, 2026-01-23, 08",Butler Bulldogs,Marquette Golden Eagles,pinnacle,Spread,Marquette Golden Eagles,7.0,,-109,
2026-01-22 21:19:03,"Butler Bulldogs vs Marquette Golden Eagles, 2026-01-23, 08",Butler Bulldogs,Marquette Golden Eagles,betonline,Spread,Butler Bulldogs,-7.5,,-105,
2026-01-22 21:19:03,"Butler Bulldogs vs Marquette Golden Eagles, 2026-01-23, 08",Butler Bulldogs,Marquette Golden Eagles,betonline,Spread,Marquette Golden Eagles,7.5,,-115,
2026-01-22 21:19:03,"Cal Davis Aggies vs UC San Diego Tritons, 2026-01-22, 09",Cal Davis Aggies,UC San Diego Tritons,draftkings,Spread,UC San Diego Tritons,-9.5,,+200,https://sportsbook.draftkings.com/event/uc-san-diego-%40-uc-davis/33503920?outcomes=0HC83094912N950_3
2026-01-22 21:19:03,"Cal Davis Aggies vs UC San Diego Tritons, 2026-01-22, 09",Cal Davis Aggies,UC San Diego Tritons,draftkings,Spread,Cal Davis Aggies,9.5,,-280,https://sportsbook.draftkings.com/event/uc-san-diego-%40-uc-davis/33503920?outcomes=0HC83094912P950_1
2026-01-22 21:19:03,"Cal Davis Aggies vs UC San Diego Tritons, 2026-01-22, 09",Cal Davis Aggies,UC San Diego Tritons,draftkings,Spread,UC San Diego Tritons,-2.5,,-135,https://sportsbook.draftkings.com/event/uc-san-diego-%40-uc-davis/33503920?outcomes=0HC83094912N250_3
2026-01-22 21:19:03,"Cal Davis Aggies vs UC San Diego Tritons, 2026-01-22, 09",Cal Davis Aggies,UC San Diego Tritons,draftkings,Spread,Cal Davis Aggies,2.5,,+100,https://sportsbook.draftkings.com/event/uc-san-diego-%40-uc-davis/33503920?outcomes=0HC83094912P250_1
2026-01-22 21:19:03,"Cal Davis Aggies vs UC San Diego Tritons, 2026-01-22, 09",Cal Davis Aggies,UC San Diego Tritons,draftkings,Spread,UC San Diego Tritons,-3.5,,-115,https://sportsbook.draftkings.com/event/uc-san-diego-%40-uc-davis/33503920?outcomes=0HC83094660N350_3
2026-01-22 21:19:03,"Cal Davis Aggies vs UC San Diego Tritons, 2026-01-22, 09",Cal Davis Aggies,UC San Diego Tritons,draftkings,Spread,Cal Davis Aggies,3.5,,-115,https://sportsbook.draftkings.com/event/uc-san-diego-%40-uc-davis/33503920?outcomes=0HC83094660P350_1
2026-01-22 21:19:03,"Cal Davis Aggies vs UC San Diego Tritons, 2026-01-22, 09",Cal Davis Aggies,UC San Diego Tritons,draftkings,Spread,UC San Diego Tritons,-10.5,,+240,https://sportsbook.draftkings.com/event/uc-san-diego-%40-uc-davis/33503920?outcomes=0HC83094912N1050_3
2026-01-22 21:19:03,"Cal Davis Aggies vs UC San Diego Tritons, 2026-01-22, 09",Cal Davis Aggies,UC San Diego Tritons,draftkings,Spread,Cal Davis Aggies,10.5,,-330,https://sportsbook.draftkings.com/event/uc-san-diego-%40-uc-davis/33503920?outcomes=0HC83094912P1050_1
2026-01-22 21:19:03,"Cal Davis Aggies vs UC San Diego Tritons, 2026-01-22, 09",Cal Davis Aggies,UC San Diego Tritons,fanduel,Spread,UC San Diego Tritons,-13.5,,+390,https://sportsbook.fanduel.ca/addToBetslip?marketId=801.154051464&selectionId=41651551
2026-01-22 21:19:03,"Cal Davis Aggies vs UC San Diego Tritons, 2026-01-22, 09",Cal Davis Aggies,UC San Diego Tritons,fanduel,Spread,Cal Davis Aggies,13.5,,-650,https://sportsbook.fanduel.ca/addToBetslip?marketId=801.154051464&selectionId=5145586
2026-01-22 21:19:03,"Cal Davis Aggies vs UC San Diego Tritons, 2026-01-22, 09",Cal Davis Aggies,UC San Diego Tritons,fanduel,Spread,UC San Diego Tritons,-1.5,,-190,https://sportsbook.fanduel.ca/addToBetslip?marketId=801.154051520&selectionId=41651551
2026-01-22 21:19:03,"Cal Davis Aggies vs UC San Diego Tritons, 2026-01-22, 09",Cal Davis Aggies,UC San Diego Tritons,fanduel,Spread,UC San Diego Tritons,-7.5,,+155,https://sportsbook.fanduel.ca/addToBetslip?marketId=801.154051442&selectionId=41651551
2026-01-22 21:19:03,"Cal Davis Aggies vs UC San Diego Tritons, 2026-01-22, 09",Cal Davis Aggies,UC San Diego Tritons,fanduel,Spread,Cal Davis Aggies,7.5,,-210,https://sportsbook.fanduel.ca/addToBetslip?marketId=801.154051442&selectionId=5145586
2026-01-22 21:19:03,"Cal Davis Aggies vs UC San Diego Tritons, 2026-01-22, 09",Cal Davis Aggies,UC San Diego Tritons,fanduel,Spread,UC San Diego Tritons,4.5,,-550,https://sportsbook.fanduel.ca/addToBetslip?marketId=801.154051444&selectionId=41651551
2026-01-22 21:19:03,"Cal Davis Aggies vs UC San Diego Tritons, 2026-01-22, 09",Cal Davis Aggies,UC San Diego Tritons,fanduel,Spread,Cal Davis Aggies,-4.5,,+350,https://sportsbook.fanduel.ca/addToBetslip?marketId=801.154051444&selectionId=5145586
2026-01-22 21:19:03,"Cal Davis Aggies vs UC San Diego Tritons, 2026-01-22, 09",Cal Davis Aggies,UC San Diego Tritons,fanduel,Spread,UC San Diego Tritons,1.5,,-280,https://sportsbook.fanduel.ca/addToBetslip?marketId=801.154051452&selectionId=41651551
2026-01-22 21:19:03,"Cal Davis Aggies vs UC San Diego Tritons, 2026-01-22, 09",Cal Davis Aggies,UC San Diego Tritons,fanduel,Spread,Cal Davis Aggies,-1.5,,+200,https://sportsbook.fanduel.ca/addToBetslip?marketId=801.154051452&selectionId=5145586
2026-01-22 21:19:03,"Cal Davis Aggies vs UC San Diego Tritons, 2026-01-22, 09",Cal Davis Aggies,UC San Diego Tritons,fanduel,Spread,UC San Diego Tritons,-10.5,,+240,https://sportsbook.fanduel.ca/addToBetslip?marketId=801.154051433&selectionId=41651551
2026-01-22 21:19:03,"Cal Davis Aggies vs UC San Diego Tritons, 2026-01-22, 09",Cal Davis Aggies,UC San Diego Tritons,fanduel,Spread,Cal Davis Aggies,10.5,,-350,https://sportsbook.fanduel.ca/addToBetslip?marketId=801.154051433&selectionId=5145586
2026-01-22 21:19:03,"Cal Davis Aggies vs UC San Diego Tritons, 2026-01-22, 09",Cal Davis Aggies,UC San Diego Tritons,fanduel,Spread,UC San Diego Tritons,-4.5,,-108,https://sportsbook.fanduel.ca/addToBetslip?marketId=801.153974774&selectionId=41651551
2026-01-22 21:19:03,"Cal Davis Aggies vs UC San Diego Tritons, 2026-01-22, 09",Cal Davis Aggies,UC San Diego Tritons,fanduel,Spread,Cal Davis Aggies,4.5,,-122,https://sportsbook.fanduel.ca/addToBetslip?marketId=801.153974774&selectionId=5145586
2026-01-22 21:19:03,"Cal Davis Aggies vs UC San Diego Tritons, 2026-01-22, 09",Cal Davis Aggies,UC San Diego Tritons,fanduel,Spread,Cal Davis Aggies,1.5,,+140,https://sportsbook.fanduel.ca/addToBetslip?marketId=801.154051520&selectionId=5145586
2026-01-22 21:19:03,"Cal State Fullerton Titans vs Long Beach State 49ers, 2026-01-22, 10",Cal State Fullerton Titans,Long Beach State 49ers,draftkings,Spread,Long Beach State 49ers,3.5,,-112,https://sportsbook.draftkings.com/event/long-beach-state-%40-cal-state-fullerton/33504088?outcomes=0HC83087257P350_3
2026-01-22 21:19:03,"Cal State Fullerton Titans vs Long Beach State 49ers, 2026-01-22, 10",Cal State Fullerton Titans,Long Beach State 49ers,draftkings,Spread,Cal State Fullerton Titans,-3.5,,-108,https://sportsbook.draftkings.com/event/long-beach-state-%40-cal-state-fullerton/33504088?outcomes=0HC83087257N350_1
2026-01-22 21:19:03,"Cal State Fullerton Titans vs Long Beach State 49ers, 2026-01-22, 10",Cal State Fullerton Titans,Long Beach State 49ers,draftkings,Spread,Long Beach State 49ers,-10.5,,+470,https://sportsbook.draftkings.com/event/long-beach-state-%40-cal-state-fullerton/33504088?outcomes=0HC83091380N1050_3
2026-01-22 21:19:03,"Cal State Fullerton Titans vs Long Beach State 49ers, 2026-01-22, 10",Cal State Fullerton Titans,Long Beach State 49ers,draftkings,Spread,Cal State Fullerton Titans,10.5,,-900,https://sportsbook.draftkings.com/event/long-beach-state-%40-cal-state-fullerton/33504088?outcomes=0HC83091380P1050_1
2026-01-22 21:19:03,"Cal State Fullerton Titans vs Long Beach State 49ers, 2026-01-22, 10",Cal State Fullerton Titans,Long Beach State 49ers,draftkings,Spread,Long Beach State 49ers,-9.5,,+412,https://sportsbook.draftkings.com/event/long-beach-state-%40-cal-state-fullerton/33504088?outcomes=0HC83091380N950_3
2026-01-22 21:19:03,"Cal State Fullerton Titans vs Long Beach State 49ers, 2026-01-22, 10",Cal State Fullerton Titans,Long Beach State 49ers,draftkings,Spread,Cal State Fullerton Titans,9.5,,-740,https://sportsbook.draftkings.com/event/long-beach-state-%40-cal-state-fullerton/33504088?outcomes=0HC83091380P950_1
2026-01-22 21:19:03,"Cal State Fullerton Titans vs Long Beach State 49ers, 2026-01-22, 10",Cal State Fullerton Titans,Long Beach State 49ers,draftkings,Spread,Long Beach State 49ers,-8.5,,+360,https://sportsbook.draftkings.com/event/long-beach-state-%40-cal-state-fullerton/33504088?outcomes=0HC83091380N850_3
2026-01-22 21:19:03,"Cal State Fullerton Titans vs Long Beach State 49ers, 2026-01-22, 10",Cal State Fullerton Titans,Long Beach State 49ers,draftkings,Spread,Cal State Fullerton Titans,8.5,,-610,https://sportsbook.draftkings.com/event/long-beach-state-%40-cal-state-fullerton/33504088?outcomes=0HC83091380P850_1
2026-01-22 21:19:03,"Cal State Fullerton Titans vs Long Beach State 49ers, 2026-01-22, 10",Cal State Fullerton Titans,Long Beach State 49ers,draftkings,Spread,Long Beach State 49ers,-7.5,,+318,https://sportsbook.draftkings.com/event/long-beach-state-%40-cal-state-fullerton/33504088?outcomes=0HC83091380N750_3
2026-01-22 21:19:03,"Cal State Fullerton Titans vs Long Beach State 49ers, 2026-01-22, 10",Cal State Fullerton Titans,Long Beach State 49ers,draftkings,Spread,Cal State Fullerton Titans,7.5,,-510,https://sportsbook.draftkings.com/event/long-beach-state-%40-cal-state-fullerton/33504088?outcomes=0HC83091380P750_1
2026-01-22 21:19:03,"Cal State Fullerton Titans vs Long Beach State 49ers, 2026-01-22, 10",Cal State Fullerton Titans,Long Beach State 49ers,draftkings,Spread,Long Beach State 49ers,-6.5,,+284,https://sportsbook.draftkings.com/event/long-beach-state-%40-cal-state-fullerton/33504088?outcomes=0HC83091380N650_3
2026-01-22 21:19:03,"Cal State Fullerton Titans vs Long Beach State 49ers, 2026-01-22, 10",Cal State Fullerton Titans,Long Beach State 49ers,draftkings,Spread,Cal State Fullerton Titans,6.5,,-442,https://sportsbook.draftkings.com/event/long-beach-state-%40-cal-state-fullerton/33504088?outcomes=0HC83091380P650_1
2026-01-22 21:19:03,"Cal State Fullerton Titans vs Long Beach State 49ers, 2026-01-22, 10",Cal State Fullerton Titans,Long Beach State 49ers,draftkings,Spread,Long Beach State 49ers,-5.5,,+255,https://sportsbook.draftkings.com/event/long-beach-state-%40-cal-state-fullerton/33504088?outcomes=0HC83091380N550_3
2026-01-22 21:19:03,"Cal State Fullerton Titans vs Long Beach State 49ers, 2026-01-22, 10",Cal State Fullerton Titans,Long Beach State 49ers,draftkings,Spread,Long Beach State 49ers,-4.5,,+226,https://sportsbook.draftkings.com/event/long-beach-state-%40-cal-state-fullerton/33504088?outcomes=0HC83091380N450_3
2026-01-22 21:19:03,"Cal State Fullerton Titans vs Long Beach State 49ers, 2026-01-22, 10",Cal State Fullerton Titans,Long Beach State 49ers,draftkings,Spread,Cal State Fullerton Titans,4.5,,-333,https://sportsbook.draftkings.com/event/long-beach-state-%40-cal-state-fullerton/33504088?outcomes=0HC83091380P450_1
2026-01-22 21:19:03,"Cal State Fullerton Titans vs Long Beach State 49ers, 2026-01-22, 10",Cal State Fullerton Titans,Long Beach State 49ers,draftkings,Spread,Long Beach State 49ers,-3.5,,+199,https://sportsbook.draftkings.com/event/long-beach-state-%40-cal-state-fullerton/33504088?outcomes=0HC83091380N350_3
2026-01-22 21:19:03,"Cal State Fullerton Titans vs Long Beach State 49ers, 2026-01-22, 10",Cal State Fullerton Titans,Long Beach State 49ers,draftkings,Spread,Cal State Fullerton Titans,3.5,,-287,https://sportsbook.draftkings.com/event/long-beach-state-%40-cal-state-fullerton/33504088?outcomes=0HC83091380P350_1
2026-01-22 21:19:03,"Cal State Fullerton Titans vs Long Beach State 49ers, 2026-01-22, 10",Cal State Fullerton Titans,Long Beach State 49ers,draftkings,Spread,Long Beach State 49ers,-2.5,,+171,https://sportsbook.draftkings.com/event/long-beach-state-%40-cal-state-fullerton/33504088?outcomes=0HC83091380N250_3
2026-01-22 21:19:03,"Cal State Fullerton Titans vs Long Beach State 49ers, 2026-01-22, 10",Cal State Fullerton Titans,Long Beach State 49ers,draftkings,Spread,Cal State Fullerton Titans,2.5,,-241,https://sportsbook.draftkings.com/event/long-beach-state-%40-cal-state-fullerton/33504088?outcomes=0HC83091380P250_1
2026-01-22 21:19:03,"Cal State Fullerton Titans vs Long Beach State 49ers, 2026-01-22, 10",Cal State Fullerton Titans,Long Beach State 49ers,draftkings,Spread,Long Beach State 49ers,-1.5,,+149,https://sportsbook.draftkings.com/event/long-beach-state-%40-cal-state-fullerton/33504088?outcomes=0HC83091380N150_3
2026-01-22 21:19:03,"Cal State Fullerton Titans vs Long Beach State 49ers, 2026-01-22, 10",Cal State Fullerton Titans,Long Beach State 49ers,draftkings,Spread,Cal State Fullerton Titans,1.5,,-207,https://sportsbook.draftkings.com/event/long-beach-state-%40-cal-state-fullerton/33504088?outcomes=0HC83091380P150_1
2026-01-22 21:19:03,"Cal State Fullerton Titans vs Long Beach State 49ers, 2026-01-22, 10",Cal State Fullerton Titans,Long Beach State 49ers,draftkings,Spread,Long Beach State 49ers,1.5,,+113,https://sportsbook.draftkings.com/event/long-beach-state-%40-cal-state-fullerton/33504088?outcomes=0HC83091380P150_3
2026-01-22 21:19:03,"Cal State Fullerton Titans vs Long Beach State 49ers, 2026-01-22, 10",Cal State Fullerton Titans,Long Beach State 49ers,draftkings,Spread,Cal State Fullerton Titans,-1.5,,-154,https://sportsbook.draftkings.com/event/long-beach-state-%40-cal-state-fullerton/33504088?outcomes=0HC83091380N150_1
2026-01-22 21:19:03,"Cal State Fullerton Titans vs Long Beach State 49ers, 2026-01-22, 10",Cal State Fullerton Titans,Long Beach State 49ers,draftkings,Spread,Long Beach State 49ers,2.5,,-103,https://sportsbook.draftkings.com/event/long-beach-state-%40-cal-state-fullerton/33504088?outcomes=0HC83091380P250_3
2026-01-22 21:19:03,"Cal State Fullerton Titans vs Long Beach State 49ers, 2026-01-22, 10",Cal State Fullerton Titans,Long Beach State 49ers,draftkings,Spread,Cal State Fullerton Titans,-2.5,,-132,https://sportsbook.draftkings.com/event/long-beach-state-%40-cal-state-fullerton/33504088?outcomes=0HC83091380N250_1
2026-01-22 21:19:03,"Cal State Fullerton Titans vs Long Beach State 49ers, 2026-01-22, 10",Cal State Fullerton Titans,Long Beach State 49ers,draftkings,Spread,Long Beach State 49ers,4.5,,-133,https://sportsbook.draftkings.com/event/long-beach-state-%40-cal-state-fullerton/33504088?outcomes=0HC83091380P450_3
2026-01-22 21:19:03,"Cal State Fullerton Titans vs Long Beach State 49ers, 2026-01-22, 10",Cal State Fullerton Titans,Long Beach State 49ers,draftkings,Spread,Cal State Fullerton Titans,5.5,,-385,https://sportsbook.draftkings.com/event/long-beach-state-%40-cal-state-fullerton/33504088?outcomes=0HC83091380P550_1
2026-01-22 21:19:03,"Cal State Fullerton Titans vs Long Beach State 49ers, 2026-01-22, 10",Cal State Fullerton Titans,Long Beach State 49ers,draftkings,Spread,Cal State Fullerton Titans,-4.5,,-102,https://sportsbook.draftkings.com/event/long-beach-state-%40-cal-state-fullerton/33504088?outcomes=0HC83091380N450_1
2026-01-22 21:19:03,"Cal State Fullerton Titans vs Long Beach State 49ers, 2026-01-22, 10",Cal State Fullerton Titans,Long Beach State 49ers,draftkings,Spread,Long Beach State 49ers,5.5,,-151,https://sportsbook.draftkings.com/event/long-beach-state-%40-cal-state-fullerton/33504088?outcomes=0HC83091380P550_3
2026-01-22 21:19:03,"Cal State Fullerton Titans vs Long Beach State 49ers, 2026-01-22, 10",Cal State Fullerton Titans,Long Beach State 49ers,draftkings,Spread,Cal State Fullerton Titans,-5.5,,+110,https://sportsbook.draftkings.com/event/long-beach-state-%40-cal-state-fullerton/33504088?outcomes=0HC83091380N550_1
2026-01-22 21:19:03,"Cal State Fullerton Titans vs Long Beach State 49ers, 2026-01-22, 10",Cal State Fullerton Titans,Long Beach State 49ers,draftkings,Spread,Long Beach State 49ers,6.5,,-169,https://sportsbook.draftkings.com/event/long-beach-state-%40-cal-state-fullerton/33504088?outcomes=0HC83091380P650_3
2026-01-22 21:19:03,"Cal State Fullerton Titans vs Long Beach State 49ers, 2026-01-22, 10",Cal State Fullerton Titans,Long Beach State 49ers,draftkings,Spread,Cal State Fullerton Titans,-6.5,,+123,https://sportsbook.draftkings.com/event/long-beach-state-%40-cal-state-fullerton/33504088?outcomes=0HC83091380N650_1
2026-01-22 21:19:03,"Cal State Fullerton Titans vs Long Beach State 49ers, 2026-01-22, 10",Cal State Fullerton Titans,Long Beach State 49ers,draftkings,Spread,Long Beach State 49ers,7.5,,-197,https://sportsbook.draftkings.com/event/long-beach-state-%40-cal-state-fullerton/33504088?outcomes=0HC83091380P750_3
2026-01-22 21:19:03,"Cal State Fullerton Titans vs Long Beach State 49ers, 2026-01-22, 10",Cal State Fullerton Titans,Long Beach State 49ers,draftkings,Spread,Cal State Fullerton Titans,-7.5,,+142,https://sportsbook.draftkings.com/event/long-beach-state-%40-cal-state-fullerton/33504088?outcomes=0HC83091380N750_1
2026-01-22 21:19:03,"Cal State Fullerton Titans vs Long Beach State 49ers, 2026-01-22, 10",Cal State Fullerton Titans,Long Beach State 49ers,draftkings,Spread,Long Beach State 49ers,8.5,,-231,https://sportsbook.draftkings.com/event/long-beach-state-%40-cal-state-fullerton/33504088?outcomes=0HC83091380P850_3
2026-01-22 21:19:03,"Cal State Fullerton Titans vs Long Beach State 49ers, 2026-01-22, 10",Cal State Fullerton Titans,Long Beach State 49ers,draftkings,Spread,Cal State Fullerton Titans,-8.5,,+164,https://sportsbook.draftkings.com/event/long-beach-state-%40-cal-state-fullerton/33504088?outcomes=0HC83091380N850_1
2026-01-22 21:19:03,"Cal State Fullerton Titans vs Long Beach State 49ers, 2026-01-22, 10",Cal State Fullerton Titans,Long Beach State 49ers,draftkings,Spread,Long Beach State 49ers,9.5,,-265,https://sportsbook.draftkings.com/event/long-beach-state-%40-cal-state-fullerton/33504088?outcomes=0HC83091380P950_3
2026-01-22 21:19:03,"Cal State Fullerton Titans vs Long Beach State 49ers, 2026-01-22, 10",Cal State Fullerton Titans,Long Beach State 49ers,draftkings,Spread,Cal State Fullerton Titans,-9.5,,+186,https://sportsbook.draftkings.com/event/long-beach-state-%40-cal-state-fullerton/33504088?outcomes=0HC83091380N950_1
2026-01-22 21:19:03,"Cal State Fullerton Titans vs Long Beach State 49ers, 2026-01-22, 10",Cal State Fullerton Titans,Long Beach State 49ers,draftkings,Spread,Long Beach State 49ers,10.5,,-319,https://sportsbook.draftkings.com/event/long-beach-state-%40-cal-state-fullerton/33504088?outcomes=0HC83091380P1050_3
2026-01-22 21:19:03,"Cal State Fullerton Titans vs Long Beach State 49ers, 2026-01-22, 10",Cal State Fullerton Titans,Long Beach State 49ers,draftkings,Spread,Cal State Fullerton Titans,-10.5,,+218,https://sportsbook.draftkings.com/event/long-beach-state-%40-cal-state-fullerton/33504088?outcomes=0HC83091380N1050_1
2026-01-22 21:19:03,"Cal State Fullerton Titans vs Long Beach State 49ers, 2026-01-22, 10",Cal State Fullerton Titans,Long Beach State 49ers,draftkings,Spread,Long Beach State 49ers,11.5,,-381,https://sportsbook.draftkings.com/event/long-beach-state-%40-cal-state-fullerton/33504088?outcomes=0HC83091380P1150_3
2026-01-22 21:19:03,"Cal State Fullerton Titans vs Long Beach State 49ers, 2026-01-22, 10",Cal State Fullerton Titans,Long Beach State 49ers,draftkings,Spread,Cal State Fullerton Titans,-11.5,,+253,https://sportsbook.draftkings.com/event/long-beach-state-%40-cal-state-fullerton/33504088?outcomes=0HC83091380N1150_1
2026-01-22 21:19:03,"Cal State Fullerton Titans vs Long Beach State 49ers, 2026-01-22, 10",Cal State Fullerton Titans,Long Beach State 49ers,draftkings,Spread,Long Beach State 49ers,12.5,,-445,https://sportsbook.draftkings.com/event/long-beach-state-%40-cal-state-fullerton/33504088?outcomes=0HC83091380P1250_3
2026-01-22 21:19:03,"Cal State Fullerton Titans vs Long Beach State 49ers, 2026-01-22, 10",Cal State Fullerton Titans,Long Beach State 49ers,draftkings,Spread,Cal State Fullerton Titans,-12.5,,+286,https://sportsbook.draftkings.com/event/long-beach-state-%40-cal-state-fullerton/33504088?outcomes=0HC83091380N1250_1
2026-01-22 21:19:03,"Cal State Fullerton Titans vs Long Beach State 49ers, 2026-01-22, 10",Cal State Fullerton Titans,Long Beach State 49ers,draftkings,Spread,Long Beach State 49ers,13.5,,-527,https://sportsbook.draftkings.com/event/long-beach-state-%40-cal-state-fullerton/33504088?outcomes=0HC83091380P1350_3
2026-01-22 21:19:03,"Cal State Fullerton Titans vs Long Beach State 49ers, 2026-01-22, 10",Cal State Fullerton Titans,Long Beach State 49ers,draftkings,Spread,Cal State Fullerton Titans,-13.5,,+325,https://sportsbook.draftkings.com/event/long-beach-state-%40-cal-state-fullerton/33504088?outcomes=0HC83091380N1350_1
2026-01-22 21:19:03,"Cal State Fullerton Titans vs Long Beach State 49ers, 2026-01-22, 10",Cal State Fullerton Titans,Long Beach State 49ers,draftkings,Spread,Long Beach State 49ers,14.5,,-650,https://sportsbook.draftkings.com/event/long-beach-state-%40-cal-state-fullerton/33504088?outcomes=0HC83091380P1450_3
2026-01-22 21:19:03,"Cal State Fullerton Titans vs Long Beach State 49ers, 2026-01-22, 10",Cal State Fullerton Titans,Long Beach State 49ers,draftkings,Spread,Cal State Fullerton Titans,-14.5,,+379,https://sportsbook.draftkings.com/event/long-beach-state-%40-cal-state-fullerton/33504088?outcomes=0HC83091380N1450_1
2026-01-22 21:19:03,"Cal State Fullerton Titans vs Long Beach State 49ers, 2026-01-22, 10",Cal State Fullerton Titans,Long Beach State 49ers,draftkings,Spread,Long Beach State 49ers,15.5,,-830,https://sportsbook.draftkings.com/event/long-beach-state-%40-cal-state-fullerton/33504088?outcomes=0HC83091380P1550_3
2026-01-22 21:19:03,"Cal State Fullerton Titans vs Long Beach State 49ers, 2026-01-22, 10",Cal State Fullerton Titans,Long Beach State 49ers,draftkings,Spread,Cal State Fullerton Titans,-15.5,,+444,https://sportsbook.draftkings.com/event/long-beach-state-%40-cal-state-fullerton/33504088?outcomes=0HC83091380N1550_1
2026-01-22 21:19:03,"Cal State Fullerton Titans vs Long Beach State 49ers, 2026-01-22, 10",Cal State Fullerton Titans,Long Beach State 49ers,fanduel,Spread,Cal State Fullerton Titans,-3.5,,-106,https://sportsbook.fanduel.ca/addToBetslip?marketId=801.153975358&selectionId=2909534
2026-01-22 21:19:03,"Cal State Fullerton Titans vs Long Beach State 49ers, 2026-01-22, 10",Cal State Fullerton Titans,Long Beach State 49ers,fanduel,Spread,Long Beach State 49ers,3.5,,-114,https://sportsbook.fanduel.ca/addToBetslip?marketId=801.153975358&selectionId=732126
2026-01-22 21:19:03,"Cal State Fullerton Titans vs Long Beach State 49ers, 2026-01-22, 10",Cal State Fullerton Titans,Long Beach State 49ers,fanduel,Spread,Cal State Fullerton Titans,-0.5,,-180,https://sportsbook.fanduel.ca/addToBetslip?marketId=801.154042229&selectionId=2909534
2026-01-22 21:19:03,"Cal State Fullerton Titans vs Long Beach State 49ers, 2026-01-22, 10",Cal State Fullerton Titans,Long Beach State 49ers,fanduel,Spread,Long Beach State 49ers,-5.5,,+310,https://sportsbook.fanduel.ca/addToBetslip?marketId=801.154042222&selectionId=732126
2026-01-22 21:19:03,"Cal State Fullerton Titans vs Long Beach State 49ers, 2026-01-22, 10",Cal State Fullerton Titans,Long Beach State 49ers,fanduel,Spread,Long Beach State 49ers,-0.5,,+140,https://sportsbook.fanduel.ca/addToBetslip?marketId=801.154042229&selectionId=732126
2026-01-22 21:19:03,"Cal State Fullerton Titans vs Long Beach State 49ers, 2026-01-22, 10",Cal State Fullerton Titans,Long Beach State 49ers,fanduel,Spread,Long Beach State 49ers,6.5,,-210,https://sportsbook.fanduel.ca/addToBetslip?marketId=801.154042150&selectionId=732126
2026-01-22 21:19:03,"Cal State Fullerton Titans vs Long Beach State 49ers, 2026-01-22, 10",Cal State Fullerton Titans,Long Beach State 49ers,fanduel,Spread,Cal State Fullerton Titans,-6.5,,+162,https://sportsbook.fanduel.ca/addToBetslip?marketId=801.154042150&selectionId=2909534
2026-01-22 21:19:03,"Cal State Fullerton Titans vs Long Beach State 49ers, 2026-01-22, 10",Cal State Fullerton Titans,Long Beach State 49ers,fanduel,Spread,Long Beach State 49ers,9.5,,-350,https://sportsbook.fanduel.ca/addToBetslip?marketId=801.154042233&selectionId=732126
2026-01-22 21:19:03,"Cal State Fullerton Titans vs Long Beach State 49ers, 2026-01-22, 10",Cal State Fullerton Titans,Long Beach State 49ers,fanduel,Spread,Cal State Fullerton Titans,-9.5,,+255,https://sportsbook.fanduel.ca/addToBetslip?marketId=801.154042233&selectionId=2909534
2026-01-22 21:19:03,"Cal State Fullerton Titans vs Long Beach State 49ers, 2026-01-22, 10",Cal State Fullerton Titans,Long Beach State 49ers,fanduel,Spread,Long Beach State 49ers,-2.5,,+190,https://sportsbook.fanduel.ca/addToBetslip?marketId=801.154042189&selectionId=732126
2026-01-22 21:19:03,"Cal State Fullerton Titans vs Long Beach State 49ers, 2026-01-22, 10",Cal State Fullerton Titans,Long Beach State 49ers,fanduel,Spread,Cal State Fullerton Titans,2.5,,-250,https://sportsbook.fanduel.ca/addToBetslip?marketId=801.154042189&selectionId=2909534
2026-01-22 21:19:03,"Cal State Fullerton Titans vs Long Beach State 49ers, 2026-01-22, 10",Cal State Fullerton Titans,Long Beach State 49ers,fanduel,Spread,Long Beach State 49ers,12.5,,-590,https://sportsbook.fanduel.ca/addToBetslip?marketId=801.154042198&selectionId=732126
2026-01-22 21:19:03,"Cal State Fullerton Titans vs Long Beach State 49ers, 2026-01-22, 10",Cal State Fullerton Titans,Long Beach State 49ers,fanduel,Spread,Cal State Fullerton Titans,-12.5,,+390,https://sportsbook.fanduel.ca/addToBetslip?marketId=801.154042198&selectionId=2909534
2026-01-22 21:19:03,"Cal State Fullerton Titans vs Long Beach State 49ers, 2026-01-22, 10",Cal State Fullerton Titans,Long Beach State 49ers,fanduel,Spread,Cal State Fullerton Titans,5.5,,-440,https://sportsbook.fanduel.ca/addToBetslip?marketId=801.154042222&selectionId=2909534
2026-01-22 21:19:03,"Cal State Fullerton Titans vs Long Beach State 49ers, 2026-01-22, 10",Cal State Fullerton Titans,Long Beach State 49ers,betonline,Spread,Long Beach State 49ers,3.5,,-110,
2026-01-22 21:19:03,"Cal State Fullerton Titans vs Long Beach State 49ers, 2026-01-22, 10",Cal State Fullerton Titans,Long Beach State 49ers,betonline,Spread,Cal State Fullerton Titans,-3.5,,-110,
2026-01-22 21:19:03,"Cal State Fullerton Titans vs Long Beach State 49ers, 2026-01-22, 10",Cal State Fullerton Titans,Long Beach State 49ers,betmgm,Spread,Long Beach State 49ers,3.5,,-115,https://www.on.betmgm.ca/en/sports/events/18888248?options=18888248-1444486514--232001509&type=Single
2026-01-22 21:19:03,"Cal State Fullerton Titans vs Long Beach State 49ers, 2026-01-22, 10",Cal State Fullerton Titans,Long Beach State 49ers,betmgm,Spread,Cal State Fullerton Titans,-3.5,,-105,https://www.on.betmgm.ca/en/sports/events/18888248?options=18888248-1444486514--232001508&type=Single
2026-01-22 21:19:03,"Cal State Fullerton Titans vs Long Beach State 49ers, 2026-01-22, 10",Cal State Fullerton Titans,Long Beach State 49ers,pinnacle,Spread,Cal State Fullerton Titans,-4.0,,+102,
2026-01-22 21:19:03,"Cal State Fullerton Titans vs Long Beach State 49ers, 2026-01-22, 10",Cal State Fullerton Titans,Long Beach State 49ers,pinnacle,Spread,Long Beach State 49ers,4.0,,-123,
2026-01-22 21:19:03,"Cal State Fullerton Titans vs Long Beach State 49ers, 2026-01-22, 10",Cal State Fullerton Titans,Long Beach State 49ers,pinnacle,Spread,Cal State Fullerton Titans,-4.5,,+110,
2026-01-22 21:19:03,"Cal State Fullerton Titans vs Long Beach State 49ers, 2026-01-22, 10",Cal State Fullerton Titans,Long Beach State 49ers,pinnacle,Spread,Long Beach State 49ers,4.5,,-134,
2026-01-22 21:19:03,"Cal State Fullerton Titans vs Long Beach State 49ers, 2026-01-22, 10",Cal State Fullerton Titans,Long Beach State 49ers,pinnacle,Spread,Cal State Fullerton Titans,-5.0,,+118,
2026-01-22 21:19:03,"Cal State Fullerton Titans vs Long Beach State 49ers, 2026-01-22, 10",Cal State Fullerton Titans,Long Beach State 49ers,pinnacle,Spread,Long Beach State 49ers,5.0,,-144,
2026-01-22 21:19:03,"Cal State Fullerton Titans vs Long Beach State 49ers, 2026-01-22, 10",Cal State Fullerton Titans,Long Beach State 49ers,pinnacle,Spread,Cal State Fullerton Titans,-5.5,,+126,
2026-01-22 21:19:03,"Cal State Fullerton Titans vs Long Beach State 49ers, 2026-01-22, 10",Cal State Fullerton Titans,Long Beach State 49ers,pinnacle,Spread,Long Beach State 49ers,5.5,,-155,
2026-01-22 21:19:03,"Cal State Fullerton Titans vs Long Beach State 49ers, 2026-01-22, 10",Cal State Fullerton Titans,Long Beach State 49ers,pinnacle,Spread,Long Beach State 49ers,3.5,,-111,
2026-01-22 21:19:03,"Cal State Fullerton Titans vs Long Beach State 49ers, 2026-01-22, 10",Cal State Fullerton Titans,Long Beach State 49ers,pinnacle,Spread,Cal State Fullerton Titans,-3.5,,-105,
2026-01-22 21:19:03,"Cal State Fullerton Titans vs Long Beach State 49ers, 2026-01-22, 10",Cal State Fullerton Titans,Long Beach State 49ers,pinnacle,Spread,Long Beach State 49ers,3.0,,-104,
2026-01-22 21:19:03,"Cal State Fullerton Titans vs Long Beach State 49ers, 2026-01-22, 10",Cal State Fullerton Titans,Long Beach State 49ers,pinnacle,Spread,Cal State Fullerton Titans,-3.0,,-117,
2026-01-22 21:19:03,"Cal State Fullerton Titans vs Long Beach State 49ers, 2026-01-22, 10",Cal State Fullerton Titans,Long Beach State 49ers,pinnacle,Spread,Cal State Fullerton Titans,-1.5,,-150,
2026-01-22 21:19:03,"Cal State Fullerton Titans vs Long Beach State 49ers, 2026-01-22, 10",Cal State Fullerton Titans,Long Beach State 49ers,pinnacle,Spread,Long Beach State 49ers,1.5,,+123,
2026-01-22 21:19:03,"Cal State Fullerton Titans vs Long Beach State 49ers, 2026-01-22, 10",Cal State Fullerton Titans,Long Beach State 49ers,pinnacle,Spread,Cal State Fullerton Titans,-2.0,,-138,
2026-01-22 21:19:03,"Cal State Fullerton Titans vs Long Beach State 49ers, 2026-01-22, 10",Cal State Fullerton Titans,Long Beach State 49ers,pinnacle,Spread,Long Beach State 49ers,2.0,,+114,
2026-01-22 21:19:03,"Cal State Fullerton Titans vs Long Beach State 49ers, 2026-01-22, 10",Cal State Fullerton Titans,Long Beach State 49ers,pinnacle,Spread,Cal State Fullerton Titans,-2.5,,-126,
2026-01-22 21:19:03,"Cal State Fullerton Titans vs Long Beach State 49ers, 2026-01-22, 10",Cal State Fullerton Titans,Long Beach State 49ers,pinnacle,Spread,Long Beach State 49ers,2.5,,+104,
2026-01-22 21:19:03,"California Gauchos vs California Polytechnic Mustangs, 2026-01-22, 09",California Gauchos,California Polytechnic Mustangs,draftkings,Spread,California Polytechnic Mustangs,12.5,,+190,https://sportsbook.draftkings.com/event/cal-poly-%40-uc-santa-barbara/33504079?outcomes=0HC83094929P1250_3
2026-01-22 21:19:03,"California Gauchos vs California Polytechnic Mustangs, 2026-01-22, 09",California Gauchos,California Polytechnic Mustangs,draftkings,Spread,California Gauchos,-12.5,,-260,https://sportsbook.draftkings.com/event/cal-poly-%40-uc-santa-barbara/33504079?outcomes=0HC83094929N1250_1
2026-01-22 21:19:03,"California Gauchos vs California Polytechnic Mustangs, 2026-01-22, 09",California Gauchos,California Polytechnic Mustangs,draftkings,Spread,California Polytechnic Mustangs,13.5,,+165,https://sportsbook.draftkings.com/event/cal-poly-%40-uc-santa-barbara/33504079?outcomes=0HC83094929P1350_3
2026-01-22 21:19:03,"California Gauchos vs California Polytechnic Mustangs, 2026-01-22, 09",California Gauchos,California Polytechnic Mustangs,draftkings,Spread,California Gauchos,-13.5,,-220,https://sportsbook.draftkings.com/event/cal-poly-%40-uc-santa-barbara/33504079?outcomes=0HC83094929N1350_1
2026-01-22 21:19:03,"California Gauchos vs California Polytechnic Mustangs, 2026-01-22, 09",California Gauchos,California Polytechnic Mustangs,draftkings,Spread,California Polytechnic Mustangs,14.5,,+135,https://sportsbook.draftkings.com/event/cal-poly-%40-uc-santa-barbara/33504079?outcomes=0HC83094929P1450_3
2026-01-22 21:19:03,"California Gauchos vs California Polytechnic Mustangs, 2026-01-22, 09",California Gauchos,California Polytechnic Mustangs,draftkings,Spread,California Polytechnic Mustangs,19.5,,-155,https://sportsbook.draftkings.com/event/cal-poly-%40-uc-santa-barbara/33504079?outcomes=0HC83094929P1950_3
2026-01-22 21:19:03,"California Gauchos vs California Polytechnic Mustangs, 2026-01-22, 09",California Gauchos,California Polytechnic Mustangs,draftkings,Spread,California Gauchos,-19.5,,+115,https://sportsbook.draftkings.com/event/cal-poly-%40-uc-santa-barbara/33504079?outcomes=0HC83094929N1950_1
2026-01-22 21:19:03,"California Gauchos vs California Polytechnic Mustangs, 2026-01-22, 09",California Gauchos,California Polytechnic Mustangs,draftkings,Spread,California Polytechnic Mustangs,20.5,,-185,https://sportsbook.draftkings.com/event/cal-poly-%40-uc-santa-barbara/33504079?outcomes=0HC83094929P2050_3
2026-01-22 21:19:03,"California Gauchos vs California Polytechnic Mustangs, 2026-01-22, 09",California Gauchos,California Polytechnic Mustangs,draftkings,Spread,California Gauchos,-20.5,,+135,https://sportsbook.draftkings.com/event/cal-poly-%40-uc-santa-barbara/33504079?outcomes=0HC83094929N2050_1
2026-01-22 21:19:03,"California Gauchos vs California Polytechnic Mustangs, 2026-01-22, 09",California Gauchos,California Polytechnic Mustangs,draftkings,Spread,California Polytechnic Mustangs,21.5,,-215,https://sportsbook.draftkings.com/event/cal-poly-%40-uc-santa-barbara/33504079?outcomes=0HC83094929P2150_3
2026-01-22 21:19:03,"California Gauchos vs California Polytechnic Mustangs, 2026-01-22, 09",California Gauchos,California Polytechnic Mustangs,draftkings,Spread,California Gauchos,-21.5,,+160,https://sportsbook.draftkings.com/event/cal-poly-%40-uc-santa-barbara/33504079?outcomes=0HC83094929N2150_1
2026-01-22 21:19:03,"California Gauchos vs California Polytechnic Mustangs, 2026-01-22, 09",California Gauchos,California Polytechnic Mustangs,draftkings,Spread,California Gauchos,-11.5,,-310,https://sportsbook.draftkings.com/event/cal-poly-%40-uc-santa-barbara/33504079?outcomes=0HC83094929N1150_1
2026-01-22 21:19:03,"California Gauchos vs California Polytechnic Mustangs, 2026-01-22, 09",California Gauchos,California Polytechnic Mustangs,draftkings,Spread,California Gauchos,-18.5,,+100,https://sportsbook.draftkings.com/event/cal-poly-%40-uc-santa-barbara/33504079?outcomes=0HC83094929N1850_1
2026-01-22 21:19:03,"California Gauchos vs California Polytechnic Mustangs, 2026-01-22, 09",California Gauchos,California Polytechnic Mustangs,draftkings,Spread,California Polytechnic Mustangs,11.5,,+220,https://sportsbook.draftkings.com/event/cal-poly-%40-uc-santa-barbara/33504079?outcomes=0HC83094929P1150_3
2026-01-22 21:19:03,"California Gauchos vs California Polytechnic Mustangs, 2026-01-22, 09",California Gauchos,California Polytechnic Mustangs,draftkings,Spread,California Polytechnic Mustangs,18.5,,-135,https://sportsbook.draftkings.com/event/cal-poly-%40-uc-santa-barbara/33504079?outcomes=0HC83094929P1850_3
2026-01-22 21:19:03,"California Gauchos vs California Polytechnic Mustangs, 2026-01-22, 09",California Gauchos,California Polytechnic Mustangs,draftkings,Spread,California Gauchos,-16.5,,-130,https://sportsbook.draftkings.com/event/cal-poly-%40-uc-santa-barbara/33504079?outcomes=0HC83094929N1650_1
2026-01-22 21:19:03,"California Gauchos vs California Polytechnic Mustangs, 2026-01-22, 09",California Gauchos,California Polytechnic Mustangs,draftkings,Spread,California Polytechnic Mustangs,16.5,,-105,https://sportsbook.draftkings.com/event/cal-poly-%40-uc-santa-barbara/33504079?outcomes=0HC83094929P1650_3
2026-01-22 21:19:03,"California Gauchos vs California Polytechnic Mustangs, 2026-01-22, 09",California Gauchos,California Polytechnic Mustangs,draftkings,Spread,California Gauchos,-14.5,,-185,https://sportsbook.draftkings.com/event/cal-poly-%40-uc-santa-barbara/33504079?outcomes=0HC83094929N1450_1
2026-01-22 21:19:03,"California Gauchos vs California Polytechnic Mustangs, 2026-01-22, 09",California Gauchos,California Polytechnic Mustangs,fanduel,Spread,California Gauchos,-24.5,,+185,https://sportsbook.fanduel.ca/addToBetslip?marketId=801.154053708&selectionId=4389435
2026-01-22 21:19:03,"California Gauchos vs California Polytechnic Mustangs, 2026-01-22, 09",California Gauchos,California Polytechnic Mustangs,fanduel,Spread,California Polytechnic Mustangs,15.5,,+130,https://sportsbook.fanduel.ca/addToBetslip?marketId=801.154053710&selectionId=5145585
2026-01-22 21:19:03,"California Gauchos vs California Polytechnic Mustangs, 2026-01-22, 09",California Gauchos,California Polytechnic Mustangs,fanduel,Spread,California Gauchos,-15.5,,-175,https://sportsbook.fanduel.ca/addToBetslip?marketId=801.154053710&selectionId=4389435
2026-01-22 21:19:03,"California Gauchos vs California Polytechnic Mustangs, 2026-01-22, 09",California Gauchos,California Polytechnic Mustangs,fanduel,Spread,California Polytechnic Mustangs,18.5,,-112,https://sportsbook.fanduel.ca/addToBetslip?marketId=801.154005536&selectionId=5145585
2026-01-22 21:19:03,"California Gauchos vs California Polytechnic Mustangs, 2026-01-22, 09",California Gauchos,California Polytechnic Mustangs,fanduel,Spread,California Gauchos,-18.5,,-118,https://sportsbook.fanduel.ca/addToBetslip?marketId=801.154005536&selectionId=4389435
2026-01-22 21:19:03,"California Gauchos vs California Polytechnic Mustangs, 2026-01-22, 09",California Gauchos,California Polytechnic Mustangs,fanduel,Spread,California Polytechnic Mustangs,27.5,,-400,https://sportsbook.fanduel.ca/addToBetslip?marketId=801.154053751&selectionId=5145585
2026-01-22 21:19:03,"California Gauchos vs California Polytechnic Mustangs, 2026-01-22, 09",California Gauchos,California Polytechnic Mustangs,fanduel,Spread,California Gauchos,-27.5,,+270,https://sportsbook.fanduel.ca/addToBetslip?marketId=801.154053751&selectionId=4389435
2026-01-22 21:19:03,"California Gauchos vs California Polytechnic Mustangs, 2026-01-22, 09",California Gauchos,California Polytechnic Mustangs,fanduel,Spread,California Polytechnic Mustangs,12.5,,+200,https://sportsbook.fanduel.ca/addToBetslip?marketId=801.154053725&selectionId=5145585
2026-01-22 21:19:03,"California Gauchos vs California Polytechnic Mustangs, 2026-01-22, 09",California Gauchos,California Polytechnic Mustangs,fanduel,Spread,California Gauchos,-12.5,,-280,https://sportsbook.fanduel.ca/addToBetslip?marketId=801.154053725&selectionId=4389435
2026-01-22 21:19:03,"California Gauchos vs California Polytechnic Mustangs, 2026-01-22, 09",California Gauchos,California Polytechnic Mustangs,fanduel,Spread,California Polytechnic Mustangs,9.5,,+320,https://sportsbook.fanduel.ca/addToBetslip?marketId=801.154053721&selectionId=5145585
2026-01-22 21:19:03,"California Gauchos vs California Polytechnic Mustangs, 2026-01-22, 09",California Gauchos,California Polytechnic Mustangs,fanduel,Spread,California Gauchos,-9.5,,-480,https://sportsbook.fanduel.ca/addToBetslip?marketId=801.154053721&selectionId=4389435
2026-01-22 21:19:03,"California Gauchos vs California Polytechnic Mustangs, 2026-01-22, 09",California Gauchos,California Polytechnic Mustangs,fanduel,Spread,California Polytechnic Mustangs,24.5,,-260,https://sportsbook.fanduel.ca/addToBetslip?marketId=801.154053708&selectionId=5145585
2026-01-22 21:19:03,"California Gauchos vs California Polytechnic Mustangs, 2026-01-22, 09",California Gauchos,California Polytechnic Mustangs,fanduel,Spread,California Gauchos,-21.5,,+125,https://sportsbook.fanduel.ca/addToBetslip?marketId=801.154053706&selectionId=4389435
2026-01-22 21:19:03,"California Gauchos vs California Polytechnic Mustangs, 2026-01-22, 09",California Gauchos,California Polytechnic Mustangs,fanduel,Spread,California Polytechnic Mustangs,21.5,,-165,https://sportsbook.fanduel.ca/addToBetslip?marketId=801.154053706&selectionId=5145585
2026-01-22 21:19:03,"California Highlanders vs California Anteaters, 2026-01-22, 10",California Highlanders,California Anteaters,betonline,Spread,California Highlanders,8.0,,-110,
2026-01-22 21:19:03,"California Highlanders vs California Anteaters, 2026-01-22, 10",California Highlanders,California Anteaters,draftkings,Spread,California Anteaters,-14.5,,+217,https://sportsbook.draftkings.com/event/uc-irvine-%40-uc-riverside/33504085?outcomes=0HC83091328N1450_3
2026-01-22 21:19:03,"California Highlanders vs California Anteaters, 2026-01-22, 10",California Highlanders,California Anteaters,draftkings,Spread,California Highlanders,14.5,,-317,https://sportsbook.draftkings.com/event/uc-irvine-%40-uc-riverside/33504085?outcomes=0HC83091328P1450_1
2026-01-22 21:19:03,"California Highlanders vs California Anteaters, 2026-01-22, 10",California Highlanders,California Anteaters,draftkings,Spread,California Anteaters,-13.5,,+184,https://sportsbook.draftkings.com/event/uc-irvine-%40-uc-riverside/33504085?outcomes=0HC83091328N1350_3
2026-01-22 21:19:03,"California Highlanders vs California Anteaters, 2026-01-22, 10",California Highlanders,California Anteaters,draftkings,Spread,California Highlanders,13.5,,-262,https://sportsbook.draftkings.com/event/uc-irvine-%40-uc-riverside/33504085?outcomes=0HC83091328P1350_1
2026-01-22 21:19:03,"California Highlanders vs California Anteaters, 2026-01-22, 10",California Highlanders,California Anteaters,draftkings,Spread,California Anteaters,-12.5,,+160,https://sportsbook.draftkings.com/event/uc-irvine-%40-uc-riverside/33504085?outcomes=0HC83091328N1250_3
2026-01-22 21:19:03,"California Highlanders vs California Anteaters, 2026-01-22, 10",California Highlanders,California Anteaters,draftkings,Spread,California Highlanders,12.5,,-224,https://sportsbook.draftkings.com/event/uc-irvine-%40-uc-riverside/33504085?outcomes=0HC83091328P1250_1
2026-01-22 21:19:03,"California Highlanders vs California Anteaters, 2026-01-22, 10",California Highlanders,California Anteaters,draftkings,Spread,California Anteaters,-11.5,,+140,https://sportsbook.draftkings.com/event/uc-irvine-%40-uc-riverside/33504085?outcomes=0HC83091328N1150_3
2026-01-22 21:19:03,"California Highlanders vs California Anteaters, 2026-01-22, 10",California Highlanders,California Anteaters,draftkings,Spread,California Highlanders,11.5,,-193,https://sportsbook.draftkings.com/event/uc-irvine-%40-uc-riverside/33504085?outcomes=0HC83091328P1150_1
2026-01-22 21:19:03,"California Highlanders vs California Anteaters, 2026-01-22, 10",California Highlanders,California Anteaters,draftkings,Spread,California Anteaters,-10.5,,+120,https://sportsbook.draftkings.com/event/uc-irvine-%40-uc-riverside/33504085?outcomes=0HC83091328N1050_3
2026-01-22 21:19:03,"California Highlanders vs California Anteaters, 2026-01-22, 10",California Highlanders,California Anteaters,draftkings,Spread,California Highlanders,10.5,,-165,https://sportsbook.draftkings.com/event/uc-irvine-%40-uc-riverside/33504085?outcomes=0HC83091328P1050_1
2026-01-22 21:19:03,"California Highlanders vs California Anteaters, 2026-01-22, 10",California Highlanders,California Anteaters,draftkings,Spread,California Anteaters,-9.5,,+103,https://sportsbook.draftkings.com/event/uc-irvine-%40-uc-riverside/33504085?outcomes=0HC83091328N950_3
2026-01-22 21:19:03,"California Highlanders vs California Anteaters, 2026-01-22, 10",California Highlanders,California Anteaters,draftkings,Spread,California Highlanders,9.5,,-140,https://sportsbook.draftkings.com/event/uc-irvine-%40-uc-riverside/33504085?outcomes=0HC83091328P950_1
2026-01-22 21:19:03,"California Highlanders vs California Anteaters, 2026-01-22, 10",California Highlanders,California Anteaters,draftkings,Spread,California Anteaters,-7.5,,-129,https://sportsbook.draftkings.com/event/uc-irvine-%40-uc-riverside/33504085?outcomes=0HC83091328N750_3
2026-01-22 21:19:03,"California Highlanders vs California Anteaters, 2026-01-22, 10",California Highlanders,California Anteaters,draftkings,Spread,California Highlanders,15.5,,-384,https://sportsbook.draftkings.com/event/uc-irvine-%40-uc-riverside/33504085?outcomes=0HC83091328P1550_1
2026-01-22 21:19:03,"California Highlanders vs California Anteaters, 2026-01-22, 10",California Highlanders,California Anteaters,draftkings,Spread,California Highlanders,7.5,,-105,https://sportsbook.draftkings.com/event/uc-irvine-%40-uc-riverside/33504085?outcomes=0HC83091328P750_1
2026-01-22 21:19:03,"California Highlanders vs California Anteaters, 2026-01-22, 10",California Highlanders,California Anteaters,draftkings,Spread,California Highlanders,6.5,,+110,https://sportsbook.draftkings.com/event/uc-irvine-%40-uc-riverside/33504085?outcomes=0HC83091328P650_1
2026-01-22 21:19:03,"California Highlanders vs California Anteaters, 2026-01-22, 10",California Highlanders,California Anteaters,draftkings,Spread,California Anteaters,-5.5,,-172,https://sportsbook.draftkings.com/event/uc-irvine-%40-uc-riverside/33504085?outcomes=0HC83091328N550_3
2026-01-22 21:19:03,"California Highlanders vs California Anteaters, 2026-01-22, 10",California Highlanders,California Anteaters,draftkings,Spread,California Highlanders,5.5,,+125,https://sportsbook.draftkings.com/event/uc-irvine-%40-uc-riverside/33504085?outcomes=0HC83091328P550_1
2026-01-22 21:19:03,"California Highlanders vs California Anteaters, 2026-01-22, 10",California Highlanders,California Anteaters,draftkings,Spread,California Anteaters,-4.5,,-199,https://sportsbook.draftkings.com/event/uc-irvine-%40-uc-riverside/33504085?outcomes=0HC83091328N450_3
2026-01-22 21:19:03,"California Highlanders vs California Anteaters, 2026-01-22, 10",California Highlanders,California Anteaters,draftkings,Spread,California Highlanders,4.5,,+144,https://sportsbook.draftkings.com/event/uc-irvine-%40-uc-riverside/33504085?outcomes=0HC83091328P450_1
2026-01-22 21:19:03,"California Highlanders vs California Anteaters, 2026-01-22, 10",California Highlanders,California Anteaters,draftkings,Spread,California Anteaters,-3.5,,-226,https://sportsbook.draftkings.com/event/uc-irvine-%40-uc-riverside/33504085?outcomes=0HC83091328N350_3
2026-01-22 21:19:03,"California Highlanders vs California Anteaters, 2026-01-22, 10",California Highlanders,California Anteaters,draftkings,Spread,California Highlanders,3.5,,+162,https://sportsbook.draftkings.com/event/uc-irvine-%40-uc-riverside/33504085?outcomes=0HC83091328P350_1
2026-01-22 21:19:03,"California Highlanders vs California Anteaters, 2026-01-22, 10",California Highlanders,California Anteaters,draftkings,Spread,California Anteaters,-2.5,,-280,https://sportsbook.draftkings.com/event/uc-irvine-%40-uc-riverside/33504085?outcomes=0HC83091328N250_3
2026-01-22 21:19:03,"California Highlanders vs California Anteaters, 2026-01-22, 10",California Highlanders,California Anteaters,draftkings,Spread,California Highlanders,2.5,,+195,https://sportsbook.draftkings.com/event/uc-irvine-%40-uc-riverside/33504085?outcomes=0HC83091328P250_1
2026-01-22 21:19:03,"California Highlanders vs California Anteaters, 2026-01-22, 10",California Highlanders,California Anteaters,draftkings,Spread,California Anteaters,-1.5,,-351,https://sportsbook.draftkings.com/event/uc-irvine-%40-uc-riverside/33504085?outcomes=0HC83091328N150_3
2026-01-22 21:19:03,"California Highlanders vs California Anteaters, 2026-01-22, 10",California Highlanders,California Anteaters,draftkings,Spread,California Highlanders,1.5,,+236,https://sportsbook.draftkings.com/event/uc-irvine-%40-uc-riverside/33504085?outcomes=0HC83091328P150_1
2026-01-22 21:19:03,"California Highlanders vs California Anteaters, 2026-01-22, 10",California Highlanders,California Anteaters,draftkings,Spread,California Anteaters,1.5,,-513,https://sportsbook.draftkings.com/event/uc-irvine-%40-uc-riverside/33504085?outcomes=0HC83091328P150_3
2026-01-22 21:19:03,"California Highlanders vs California Anteaters, 2026-01-22, 10",California Highlanders,California Anteaters,draftkings,Spread,California Highlanders,-1.5,,+319,https://sportsbook.draftkings.com/event/uc-irvine-%40-uc-riverside/33504085?outcomes=0HC83091328N150_1
2026-01-22 21:19:03,"California Highlanders vs California Anteaters, 2026-01-22, 10",California Highlanders,California Anteaters,draftkings,Spread,California Anteaters,-6.5,,-150,https://sportsbook.draftkings.com/event/uc-irvine-%40-uc-riverside/33504085?outcomes=0HC83091328N650_3
2026-01-22 21:19:03,"California Highlanders vs California Anteaters, 2026-01-22, 10",California Highlanders,California Anteaters,draftkings,Spread,California Anteaters,-15.5,,+254,https://sportsbook.draftkings.com/event/uc-irvine-%40-uc-riverside/33504085?outcomes=0HC83091328N1550_3
2026-01-22 21:19:03,"California Highlanders vs California Anteaters, 2026-01-22, 10",California Highlanders,California Anteaters,draftkings,Spread,California Highlanders,16.5,,-458,https://sportsbook.draftkings.com/event/uc-irvine-%40-uc-riverside/33504085?outcomes=0HC83091328P1650_1
2026-01-22 21:19:03,"California Highlanders vs California Anteaters, 2026-01-22, 10",California Highlanders,California Anteaters,draftkings,Spread,California Anteaters,-16.5,,+292,https://sportsbook.draftkings.com/event/uc-irvine-%40-uc-riverside/33504085?outcomes=0HC83091328N1650_3
2026-01-22 21:19:03,"California Highlanders vs California Anteaters, 2026-01-22, 10",California Highlanders,California Anteaters,draftkings,Spread,California Anteaters,-8.5,,-108,https://sportsbook.draftkings.com/event/uc-irvine-%40-uc-riverside/33504085?outcomes=0HC83087253N850_3
2026-01-22 21:19:03,"California Highlanders vs California Anteaters, 2026-01-22, 10",California Highlanders,California Anteaters,draftkings,Spread,California Highlanders,8.5,,-112,https://sportsbook.draftkings.com/event/uc-irvine-%40-uc-riverside/33504085?outcomes=0HC83087253P850_1
2026-01-22 21:19:03,"California Highlanders vs California Anteaters, 2026-01-22, 10",California Highlanders,California Anteaters,draftkings,Spread,California Anteaters,-20.5,,+506,https://sportsbook.draftkings.com/event/uc-irvine-%40-uc-riverside/33504085?outcomes=0HC83091328N2050_3
2026-01-22 21:19:03,"California Highlanders vs California Anteaters, 2026-01-22, 10",California Highlanders,California Anteaters,draftkings,Spread,California Highlanders,20.5,,-1020,https://sportsbook.draftkings.com/event/uc-irvine-%40-uc-riverside/33504085?outcomes=0HC83091328P2050_1
2026-01-22 21:19:03,"California Highlanders vs California Anteaters, 2026-01-22, 10",California Highlanders,California Anteaters,draftkings,Spread,California Anteaters,-19.5,,+445,https://sportsbook.draftkings.com/event/uc-irvine-%40-uc-riverside/33504085?outcomes=0HC83091328N1950_3
2026-01-22 21:19:03,"California Highlanders vs California Anteaters, 2026-01-22, 10",California Highlanders,California Anteaters,draftkings,Spread,California Highlanders,19.5,,-830,https://sportsbook.draftkings.com/event/uc-irvine-%40-uc-riverside/33504085?outcomes=0HC83091328P1950_1
2026-01-22 21:19:03,"California Highlanders vs California Anteaters, 2026-01-22, 10",California Highlanders,California Anteaters,draftkings,Spread,California Anteaters,-18.5,,+383,https://sportsbook.draftkings.com/event/uc-irvine-%40-uc-riverside/33504085?outcomes=0HC83091328N1850_3
2026-01-22 21:19:03,"California Highlanders vs California Anteaters, 2026-01-22, 10",California Highlanders,California Anteaters,draftkings,Spread,California Highlanders,18.5,,-660,https://sportsbook.draftkings.com/event/uc-irvine-%40-uc-riverside/33504085?outcomes=0HC83091328P1850_1
2026-01-22 21:19:03,"California Highlanders vs California Anteaters, 2026-01-22, 10",California Highlanders,California Anteaters,draftkings,Spread,California Anteaters,-17.5,,+337,https://sportsbook.draftkings.com/event/uc-irvine-%40-uc-riverside/33504085?outcomes=0HC83091328N1750_3
2026-01-22 21:19:03,"California Highlanders vs California Anteaters, 2026-01-22, 10",California Highlanders,California Anteaters,draftkings,Spread,California Highlanders,17.5,,-552,https://sportsbook.draftkings.com/event/uc-irvine-%40-uc-riverside/33504085?outcomes=0HC83091328P1750_1
2026-01-22 21:19:03,"California Highlanders vs California Anteaters, 2026-01-22, 10",California Highlanders,California Anteaters,draftkings,Spread,California Anteaters,2.5,,-610,https://sportsbook.draftkings.com/event/uc-irvine-%40-uc-riverside/33504085?outcomes=0HC83091328P250_3
2026-01-22 21:19:03,"California Highlanders vs California Anteaters, 2026-01-22, 10",California Highlanders,California Anteaters,draftkings,Spread,California Highlanders,-2.5,,+362,https://sportsbook.draftkings.com/event/uc-irvine-%40-uc-riverside/33504085?outcomes=0HC83091328N250_1
2026-01-22 21:19:03,"California Highlanders vs California Anteaters, 2026-01-22, 10",California Highlanders,California Anteaters,draftkings,Spread,California Highlanders,-3.5,,+415,https://sportsbook.draftkings.com/event/uc-irvine-%40-uc-riverside/33504085?outcomes=0HC83091328N350_1
2026-01-22 21:19:03,"California Highlanders vs California Anteaters, 2026-01-22, 10",California Highlanders,California Anteaters,draftkings,Spread,California Anteaters,3.5,,-750,https://sportsbook.draftkings.com/event/uc-irvine-%40-uc-riverside/33504085?outcomes=0HC83091328P350_3
2026-01-22 21:19:03,"California Highlanders vs California Anteaters, 2026-01-22, 10",California Highlanders,California Anteaters,draftkings,Spread,California Anteaters,4.5,,-870,https://sportsbook.draftkings.com/event/uc-irvine-%40-uc-riverside/33504085?outcomes=0HC83091328P450_3
2026-01-22 21:19:03,"California Highlanders vs California Anteaters, 2026-01-22, 10",California Highlanders,California Anteaters,draftkings,Spread,California Highlanders,-4.5,,+459,https://sportsbook.draftkings.com/event/uc-irvine-%40-uc-riverside/33504085?outcomes=0HC83091328N450_1
2026-01-22 21:19:03,"California Highlanders vs California Anteaters, 2026-01-22, 10",California Highlanders,California Anteaters,draftkings,Spread,California Anteaters,5.5,,-1020,https://sportsbook.draftkings.com/event/uc-irvine-%40-uc-riverside/33504085?outcomes=0HC83091328P550_3
2026-01-22 21:19:03,"California Highlanders vs California Anteaters, 2026-01-22, 10",California Highlanders,California Anteaters,draftkings,Spread,California Highlanders,-5.5,,+506,https://sportsbook.draftkings.com/event/uc-irvine-%40-uc-riverside/33504085?outcomes=0HC83091328N550_1
2026-01-22 21:19:03,"California Highlanders vs California Anteaters, 2026-01-22, 10",California Highlanders,California Anteaters,fanduel,Spread,California Anteaters,1.5,,-500,https://sportsbook.fanduel.ca/addToBetslip?marketId=801.154056618&selectionId=734340
2026-01-22 21:19:03,"California Highlanders vs California Anteaters, 2026-01-22, 10",California Highlanders,California Anteaters,fanduel,Spread,California Highlanders,-1.5,,+340,https://sportsbook.fanduel.ca/addToBetslip?marketId=801.154056618&selectionId=727609
2026-01-22 21:19:03,"California Highlanders vs California Anteaters, 2026-01-22, 10",California Highlanders,California Anteaters,fanduel,Spread,California Anteaters,-13.5,,+200,https://sportsbook.fanduel.ca/addToBetslip?marketId=801.154056613&selectionId=734340
2026-01-22 21:19:03,"California Highlanders vs California Anteaters, 2026-01-22, 10",California Highlanders,California Anteaters,fanduel,Spread,California Highlanders,13.5,,-265,https://sportsbook.fanduel.ca/addToBetslip?marketId=801.154056613&selectionId=727609
2026-01-22 21:19:03,"California Highlanders vs California Anteaters, 2026-01-22, 10",California Highlanders,California Anteaters,fanduel,Spread,California Anteaters,-16.5,,+300,https://sportsbook.fanduel.ca/addToBetslip?marketId=801.154056675&selectionId=734340
2026-01-22 21:19:03,"California Highlanders vs California Anteaters, 2026-01-22, 10",California Highlanders,California Anteaters,fanduel,Spread,California Highlanders,16.5,,-430,https://sportsbook.fanduel.ca/addToBetslip?marketId=801.154056675&selectionId=727609
2026-01-22 21:19:03,"California Highlanders vs California Anteaters, 2026-01-22, 10",California Highlanders,California Anteaters,fanduel,Spread,California Anteaters,-1.5,,-360,https://sportsbook.fanduel.ca/addToBetslip?marketId=801.154056611&selectionId=734340
2026-01-22 21:19:03,"California Highlanders vs California Anteaters, 2026-01-22, 10",California Highlanders,California Anteaters,fanduel,Spread,California Highlanders,1.5,,+260,https://sportsbook.fanduel.ca/addToBetslip?marketId=801.154056611&selectionId=727609
2026-01-22 21:19:03,"California Highlanders vs California Anteaters, 2026-01-22, 10",California Highlanders,California Anteaters,fanduel,Spread,California Anteaters,-4.5,,-200,https://sportsbook.fanduel.ca/addToBetslip?marketId=801.154056666&selectionId=734340
2026-01-22 21:19:03,"California Highlanders vs California Anteaters, 2026-01-22, 10",California Highlanders,California Anteaters,fanduel,Spread,California Anteaters,-10.5,,+134,https://sportsbook.fanduel.ca/addToBetslip?marketId=801.154056624&selectionId=734340
2026-01-22 21:19:03,"California Highlanders vs California Anteaters, 2026-01-22, 10",California Highlanders,California Anteaters,fanduel,Spread,California Highlanders,10.5,,-172,https://sportsbook.fanduel.ca/addToBetslip?marketId=801.154056624&selectionId=727609
2026-01-22 21:19:03,"California Highlanders vs California Anteaters, 2026-01-22, 10",California Highlanders,California Anteaters,fanduel,Spread,California Anteaters,-8.5,,-102,https://sportsbook.fanduel.ca/addToBetslip?marketId=801.153975279&selectionId=734340
2026-01-22 21:19:03,"California Highlanders vs California Anteaters, 2026-01-22, 10",California Highlanders,California Anteaters,fanduel,Spread,California Highlanders,8.5,,-120,https://sportsbook.fanduel.ca/addToBetslip?marketId=801.153975279&selectionId=727609
2026-01-22 21:19:03,"California Highlanders vs California Anteaters, 2026-01-22, 10",California Highlanders,California Anteaters,fanduel,Spread,California Highlanders,4.5,,+154,https://sportsbook.fanduel.ca/addToBetslip?marketId=801.154056666&selectionId=727609
2026-01-22 21:19:03,"California Highlanders vs California Anteaters, 2026-01-22, 10",California Highlanders,California Anteaters,betonline,Spread,California Anteaters,-8.0,,-110,
2026-01-22 21:19:03,"California Highlanders vs California Anteaters, 2026-01-22, 10",California Highlanders,California Anteaters,betmgm,Spread,California Anteaters,-8.5,,-105,https://www.on.betmgm.ca/en/sports/events/18888247?options=18888247-1444455239--232084504&type=Single
2026-01-22 21:19:03,"California Highlanders vs California Anteaters, 2026-01-22, 10",California Highlanders,California Anteaters,betmgm,Spread,California Highlanders,8.5,,-115,https://www.on.betmgm.ca/en/sports/events/18888247?options=18888247-1444455239--232084503&type=Single
2026-01-22 21:19:03,"California Highlanders vs California Anteaters, 2026-01-22, 10",California Highlanders,California Anteaters,pinnacle,Spread,California Highlanders,10.0,,-137,
2026-01-22 21:19:03,"California Highlanders vs California Anteaters, 2026-01-22, 10",California Highlanders,California Anteaters,pinnacle,Spread,California Anteaters,-10.0,,+113,
2026-01-22 21:19:03,"California Highlanders vs California Anteaters, 2026-01-22, 10",California Highlanders,California Anteaters,pinnacle,Spread,California Highlanders,9.5,,-128,
2026-01-22 21:19:03,"California Highlanders vs California Anteaters, 2026-01-22, 10",California Highlanders,California Anteaters,pinnacle,Spread,California Anteaters,-9.5,,+105,
2026-01-22 21:19:03,"California Highlanders vs California Anteaters, 2026-01-22, 10",California Highlanders,California Anteaters,pinnacle,Spread,California Highlanders,9.0,,-118,
2026-01-22 21:19:03,"California Highlanders vs California Anteaters, 2026-01-22, 10",California Highlanders,California Anteaters,pinnacle,Spread,California Anteaters,-9.0,,-103,
2026-01-22 21:19:03,"California Highlanders vs California Anteaters, 2026-01-22, 10",California Highlanders,California Anteaters,pinnacle,Spread,California Highlanders,8.5,,-106,
2026-01-22 21:19:03,"California Highlanders vs California Anteaters, 2026-01-22, 10",California Highlanders,California Anteaters,pinnacle,Spread,California Anteaters,-8.5,,-110,
2026-01-22 21:19:03,"California Highlanders vs California Anteaters, 2026-01-22, 10",California Highlanders,California Anteaters,pinnacle,Spread,California Highlanders,8.0,,+101,
2026-01-22 21:19:03,"California Highlanders vs California Anteaters, 2026-01-22, 10",California Highlanders,California Anteaters,pinnacle,Spread,California Anteaters,-8.0,,-122,
2026-01-22 21:19:03,"California Highlanders vs California Anteaters, 2026-01-22, 10",California Highlanders,California Anteaters,pinnacle,Spread,California Highlanders,7.5,,+109,
2026-01-22 21:19:03,"California Highlanders vs California Anteaters, 2026-01-22, 10",California Highlanders,California Anteaters,pinnacle,Spread,California Anteaters,-7.5,,-132,
2026-01-22 21:19:03,"California Highlanders vs California Anteaters, 2026-01-22, 10",California Highlanders,California Anteaters,pinnacle,Spread,California Highlanders,7.0,,+117,
2026-01-22 21:19:03,"California Highlanders vs California Anteaters, 2026-01-22, 10",California Highlanders,California Anteaters,pinnacle,Spread,California Anteaters,-7.0,,-143,
2026-01-22 21:19:03,"California Highlanders vs California Anteaters, 2026-01-22, 10",California Highlanders,California Anteaters,pinnacle,Spread,California Highlanders,6.5,,+125,
2026-01-22 21:19:03,"California Highlanders vs California Anteaters, 2026-01-22, 10",California Highlanders,California Anteaters,pinnacle,Spread,California Anteaters,-6.5,,-153,
2026-01-22 21:19:03,"California Highlanders vs California Anteaters, 2026-01-22, 10",California Highlanders,California Anteaters,pinnacle,Spread,California Highlanders,10.5,,-147,
2026-01-22 21:19:03,"California Highlanders vs California Anteaters, 2026-01-22, 10",California Highlanders,California Anteaters,pinnacle,Spread,California Anteaters,-10.5,,+121,
2026-01-22 21:19:03,"Colorado State Rams vs Utah State Aggies, 2026-01-23, 10",Colorado State Rams,Utah State Aggies,draftkings,Spread,Utah State Aggies,-3.5,,-115,https://sportsbook.draftkings.com/event/utah-state-%40-colorado-state/33510250?outcomes=0HC83102591N350_3
2026-01-22 21:19:03,"Colorado State Rams vs Utah State Aggies, 2026-01-23, 10",Colorado State Rams,Utah State Aggies,draftkings,Spread,Colorado State Rams,3.5,,-105,https://sportsbook.draftkings.com/event/utah-state-%40-colorado-state/33510250?outcomes=0HC83102591P350_1
2026-01-22 21:19:03,"Colorado State Rams vs Utah State Aggies, 2026-01-23, 10",Colorado State Rams,Utah State Aggies,betonline,Spread,Colorado State Rams,4.0,,-110,
2026-01-22 21:19:03,"Colorado State Rams vs Utah State Aggies, 2026-01-23, 10",Colorado State Rams,Utah State Aggies,betonline,Spread,Utah State Aggies,-4.0,,-110,
2026-01-22 21:19:03,"Colorado State Rams vs Utah State Aggies, 2026-01-23, 10",Colorado State Rams,Utah State Aggies,pinnacle,Spread,Utah State Aggies,-4.0,,-110,
2026-01-22 21:19:03,"Colorado State Rams vs Utah State Aggies, 2026-01-23, 10",Colorado State Rams,Utah State Aggies,pinnacle,Spread,Colorado State Rams,4.0,,-110,
2026-01-22 21:19:03,"Colorado State Rams vs Utah State Aggies, 2026-01-23, 10",Colorado State Rams,Utah State Aggies,pinnacle,Spread,Utah State Aggies,-6.0,,+121,
2026-01-22 21:19:03,"Colorado State Rams vs Utah State Aggies, 2026-01-23, 10",Colorado State Rams,Utah State Aggies,pinnacle,Spread,Colorado State Rams,5.5,,-143,
2026-01-22 21:19:03,"Colorado State Rams vs Utah State Aggies, 2026-01-23, 10",Colorado State Rams,Utah State Aggies,pinnacle,Spread,Utah State Aggies,-5.5,,+113,
2026-01-22 21:19:03,"Colorado State Rams vs Utah State Aggies, 2026-01-23, 10",Colorado State Rams,Utah State Aggies,pinnacle,Spread,Colorado State Rams,5.0,,-133,
2026-01-22 21:19:03,"Colorado State Rams vs Utah State Aggies, 2026-01-23, 10",Colorado State Rams,Utah State Aggies,pinnacle,Spread,Utah State Aggies,-5.0,,+105,
2026-01-22 21:19:03,"Colorado State Rams vs Utah State Aggies, 2026-01-23, 10",Colorado State Rams,Utah State Aggies,pinnacle,Spread,Colorado State Rams,4.5,,-122,
2026-01-22 21:19:03,"Colorado State Rams vs Utah State Aggies, 2026-01-23, 10",Colorado State Rams,Utah State Aggies,pinnacle,Spread,Utah State Aggies,-4.5,,-103,
2026-01-22 21:19:03,"Colorado State Rams vs Utah State Aggies, 2026-01-23, 10",Colorado State Rams,Utah State Aggies,pinnacle,Spread,Colorado State Rams,3.5,,-103,
2026-01-22 21:19:03,"Colorado State Rams vs Utah State Aggies, 2026-01-23, 10",Colorado State Rams,Utah State Aggies,pinnacle,Spread,Utah State Aggies,-3.5,,-122,
2026-01-22 21:19:03,"Colorado State Rams vs Utah State Aggies, 2026-01-23, 10",Colorado State Rams,Utah State Aggies,pinnacle,Spread,Colorado State Rams,3.0,,+105,
2026-01-22 21:19:03,"Colorado State Rams vs Utah State Aggies, 2026-01-23, 10",Colorado State Rams,Utah State Aggies,pinnacle,Spread,Utah State Aggies,-3.0,,-132,
2026-01-22 21:19:03,"Colorado State Rams vs Utah State Aggies, 2026-01-23, 10",Colorado State Rams,Utah State Aggies,pinnacle,Spread,Utah State Aggies,-2.5,,-142,
2026-01-22 21:19:03,"Colorado State Rams vs Utah State Aggies, 2026-01-23, 10",Colorado State Rams,Utah State Aggies,pinnacle,Spread,Colorado State Rams,2.0,,+122,
2026-01-22 21:19:03,"Colorado State Rams vs Utah State Aggies, 2026-01-23, 10",Colorado State Rams,Utah State Aggies,pinnacle,Spread,Colorado State Rams,2.5,,+113,
2026-01-22 21:19:03,"Colorado State Rams vs Utah State Aggies, 2026-01-23, 10",Colorado State Rams,Utah State Aggies,pinnacle,Spread,Colorado State Rams,6.0,,-153,
2026-01-22 21:19:03,"Colorado State Rams vs Utah State Aggies, 2026-01-23, 10",Colorado State Rams,Utah State Aggies,pinnacle,Spread,Utah State Aggies,-2.0,,-155,
2026-01-22 21:19:03,"Connecticut Blue Devils vs Fairleigh Dickinson Knights, 2026-01-23, 07",Connecticut Blue Devils,Fairleigh Dickinson Knights,betonline,Spread,Fairleigh Dickinson Knights,6.5,,-110,
2026-01-22 21:19:03,"Connecticut Blue Devils vs Fairleigh Dickinson Knights, 2026-01-23, 07",Connecticut Blue Devils,Fairleigh Dickinson Knights,betonline,Spread,Connecticut Blue Devils,-6.5,,-110,
2026-01-22 21:19:03,"Denver Pioneers vs North Dakota State Bison, 2026-01-22, 09",Denver Pioneers,North Dakota State Bison,draftkings,Spread,Denver Pioneers,6.5,,+105,https://sportsbook.draftkings.com/event/north-dakota-state-%40-denver/33504087?outcomes=0HC83094712P650_1
2026-01-22 21:19:03,"Denver Pioneers vs North Dakota State Bison, 2026-01-22, 09",Denver Pioneers,North Dakota State Bison,draftkings,Spread,North Dakota State Bison,-2.5,,-250,https://sportsbook.draftkings.com/event/north-dakota-state-%40-denver/33504087?outcomes=0HC83094712N250_3
2026-01-22 21:19:03,"Denver Pioneers vs North Dakota State Bison, 2026-01-22, 09",Denver Pioneers,North Dakota State Bison,draftkings,Spread,North Dakota State Bison,-9.5,,+115,https://sportsbook.draftkings.com/event/north-dakota-state-%40-denver/33504087?outcomes=0HC83094712N950_3
2026-01-22 21:19:03,"Denver Pioneers vs North Dakota State Bison, 2026-01-22, 09",Denver Pioneers,North Dakota State Bison,draftkings,Spread,Denver Pioneers,2.5,,+185,https://sportsbook.draftkings.com/event/north-dakota-state-%40-denver/33504087?outcomes=0HC83094712P250_1
2026-01-22 21:19:03,"Denver Pioneers vs North Dakota State Bison, 2026-01-22, 09",Denver Pioneers,North Dakota State Bison,draftkings,Spread,Denver Pioneers,9.5,,-155,https://sportsbook.draftkings.com/event/north-dakota-state-%40-denver/33504087?outcomes=0HC83094712P950_1
2026-01-22 21:19:03,"Denver Pioneers vs North Dakota State Bison, 2026-01-22, 09",Denver Pioneers,North Dakota State Bison,draftkings,Spread,North Dakota State Bison,-1.5,,-310,https://sportsbook.draftkings.com/event/north-dakota-state-%40-denver/33504087?outcomes=0HC83094712N150_3
2026-01-22 21:19:03,"Denver Pioneers vs North Dakota State Bison, 2026-01-22, 09",Denver Pioneers,North Dakota State Bison,draftkings,Spread,North Dakota State Bison,-8.5,,-105,https://sportsbook.draftkings.com/event/north-dakota-state-%40-denver/33504087?outcomes=0HC83094712N850_3
2026-01-22 21:19:03,"Denver Pioneers vs North Dakota State Bison, 2026-01-22, 09",Denver Pioneers,North Dakota State Bison,draftkings,Spread,Denver Pioneers,1.5,,+220,https://sportsbook.draftkings.com/event/north-dakota-state-%40-denver/33504087?outcomes=0HC83094712P150_1
2026-01-22 21:19:03,"Denver Pioneers vs North Dakota State Bison, 2026-01-22, 09",Denver Pioneers,North Dakota State Bison,draftkings,Spread,Denver Pioneers,8.5,,-130,https://sportsbook.draftkings.com/event/north-dakota-state-%40-denver/33504087?outcomes=0HC83094712P850_1
2026-01-22 21:19:03,"Denver Pioneers vs North Dakota State Bison, 2026-01-22, 09",Denver Pioneers,North Dakota State Bison,draftkings,Spread,North Dakota State Bison,-6.5,,-140,https://sportsbook.draftkings.com/event/north-dakota-state-%40-denver/33504087?outcomes=0HC83094712N650_3
2026-01-22 21:19:03,"Denver Pioneers vs North Dakota State Bison, 2026-01-22, 09",Denver Pioneers,North Dakota State Bison,draftkings,Spread,Denver Pioneers,3.5,,+155,https://sportsbook.draftkings.com/event/north-dakota-state-%40-denver/33504087?outcomes=0HC83094712P350_1
2026-01-22 21:19:03,"Denver Pioneers vs North Dakota State Bison, 2026-01-22, 09",Denver Pioneers,North Dakota State Bison,draftkings,Spread,Denver Pioneers,4.5,,+135,https://sportsbook.draftkings.com/event/north-dakota-state-%40-denver/33504087?outcomes=0HC83094712P450_1
2026-01-22 21:19:03,"Denver Pioneers vs North Dakota State Bison, 2026-01-22, 09",Denver Pioneers,North Dakota State Bison,draftkings,Spread,North Dakota State Bison,-12.5,,+185,https://sportsbook.draftkings.com/event/north-dakota-state-%40-denver/33504087?outcomes=0HC83094712N1250_3
2026-01-22 21:19:03,"Denver Pioneers vs North Dakota State Bison, 2026-01-22, 09",Denver Pioneers,North Dakota State Bison,draftkings,Spread,Denver Pioneers,12.5,,-250,https://sportsbook.draftkings.com/event/north-dakota-state-%40-denver/33504087?outcomes=0HC83094712P1250_1
2026-01-22 21:19:03,"Denver Pioneers vs North Dakota State Bison, 2026-01-22, 09",Denver Pioneers,North Dakota State Bison,draftkings,Spread,North Dakota State Bison,-11.5,,+160,https://sportsbook.draftkings.com/event/north-dakota-state-%40-denver/33504087?outcomes=0HC83094712N1150_3
2026-01-22 21:19:03,"Denver Pioneers vs North Dakota State Bison, 2026-01-22, 09",Denver Pioneers,North Dakota State Bison,draftkings,Spread,Denver Pioneers,11.5,,-215,https://sportsbook.draftkings.com/event/north-dakota-state-%40-denver/33504087?outcomes=0HC83094712P1150_1
2026-01-22 21:19:03,"Denver Pioneers vs North Dakota State Bison, 2026-01-22, 09",Denver Pioneers,North Dakota State Bison,draftkings,Spread,North Dakota State Bison,-10.5,,+135,https://sportsbook.draftkings.com/event/north-dakota-state-%40-denver/33504087?outcomes=0HC83094712N1050_3
2026-01-22 21:19:03,"Denver Pioneers vs North Dakota State Bison, 2026-01-22, 09",Denver Pioneers,North Dakota State Bison,draftkings,Spread,Denver Pioneers,10.5,,-180,https://sportsbook.draftkings.com/event/north-dakota-state-%40-denver/33504087?outcomes=0HC83094712P1050_1
2026-01-22 21:19:03,"Denver Pioneers vs North Dakota State Bison, 2026-01-22, 09",Denver Pioneers,North Dakota State Bison,draftkings,Spread,North Dakota State Bison,-4.5,,-185,https://sportsbook.draftkings.com/event/north-dakota-state-%40-denver/33504087?outcomes=0HC83094712N450_3
2026-01-22 21:19:03,"Denver Pioneers vs North Dakota State Bison, 2026-01-22, 09",Denver Pioneers,North Dakota State Bison,draftkings,Spread,North Dakota State Bison,-3.5,,-215,https://sportsbook.draftkings.com/event/north-dakota-state-%40-denver/33504087?outcomes=0HC83094712N350_3
2026-01-22 21:19:03,"Denver Pioneers vs North Dakota State Bison, 2026-01-22, 09",Denver Pioneers,North Dakota State Bison,fanduel,Spread,North Dakota State Bison,0.5,,-600,https://sportsbook.fanduel.ca/addToBetslip?marketId=801.154051383&selectionId=3755902
2026-01-22 21:19:03,"Denver Pioneers vs North Dakota State Bison, 2026-01-22, 09",Denver Pioneers,North Dakota State Bison,fanduel,Spread,Denver Pioneers,-0.5,,+370,https://sportsbook.fanduel.ca/addToBetslip?marketId=801.154051383&selectionId=13124
2026-01-22 21:19:03,"Denver Pioneers vs North Dakota State Bison, 2026-01-22, 09",Denver Pioneers,North Dakota State Bison,fanduel,Spread,North Dakota State Bison,-17.5,,+310,https://sportsbook.fanduel.ca/addToBetslip?marketId=801.154051355&selectionId=3755902
2026-01-22 21:19:03,"Denver Pioneers vs North Dakota State Bison, 2026-01-22, 09",Denver Pioneers,North Dakota State Bison,fanduel,Spread,Denver Pioneers,17.5,,-460,https://sportsbook.fanduel.ca/addToBetslip?marketId=801.154051355&selectionId=13124
2026-01-22 21:19:03,"Denver Pioneers vs North Dakota State Bison, 2026-01-22, 09",Denver Pioneers,North Dakota State Bison,fanduel,Spread,North Dakota State Bison,-5.5,,-200,https://sportsbook.fanduel.ca/addToBetslip?marketId=801.154051397&selectionId=3755902
2026-01-22 21:19:03,"Denver Pioneers vs North Dakota State Bison, 2026-01-22, 09",Denver Pioneers,North Dakota State Bison,fanduel,Spread,Denver Pioneers,5.5,,+145,https://sportsbook.fanduel.ca/addToBetslip?marketId=801.154051397&selectionId=13124
2026-01-22 21:19:03,"Denver Pioneers vs North Dakota State Bison, 2026-01-22, 09",Denver Pioneers,North Dakota State Bison,fanduel,Spread,North Dakota State Bison,-14.5,,+200,https://sportsbook.fanduel.ca/addToBetslip?marketId=801.154051398&selectionId=3755902
2026-01-22 21:19:03,"Denver Pioneers vs North Dakota State Bison, 2026-01-22, 09",Denver Pioneers,North Dakota State Bison,fanduel,Spread,Denver Pioneers,14.5,,-290,https://sportsbook.fanduel.ca/addToBetslip?marketId=801.154051398&selectionId=13124
2026-01-22 21:19:03,"Denver Pioneers vs North Dakota State Bison, 2026-01-22, 09",Denver Pioneers,North Dakota State Bison,fanduel,Spread,North Dakota State Bison,-2.5,,-370,https://sportsbook.fanduel.ca/addToBetslip?marketId=801.154051348&selectionId=3755902
2026-01-22 21:19:03,"Denver Pioneers vs North Dakota State Bison, 2026-01-22, 09",Denver Pioneers,North Dakota State Bison,fanduel,Spread,Denver Pioneers,2.5,,+250,https://sportsbook.fanduel.ca/addToBetslip?marketId=801.154051348&selectionId=13124
2026-01-22 21:19:03,"Denver Pioneers vs North Dakota State Bison, 2026-01-22, 09",Denver Pioneers,North Dakota State Bison,fanduel,Spread,North Dakota State Bison,-8.5,,-122,https://sportsbook.fanduel.ca/addToBetslip?marketId=801.153982228&selectionId=3755902
2026-01-22 21:19:03,"Denver Pioneers vs North Dakota State Bison, 2026-01-22, 09",Denver Pioneers,North Dakota State Bison,fanduel,Spread,Denver Pioneers,8.5,,-108,https://sportsbook.fanduel.ca/addToBetslip?marketId=801.153982228&selectionId=13124
2026-01-22 21:19:03,"Denver Pioneers vs North Dakota State Bison, 2026-01-22, 09",Denver Pioneers,North Dakota State Bison,fanduel,Spread,North Dakota State Bison,-11.5,,+130,https://sportsbook.fanduel.ca/addToBetslip?marketId=801.154051366&selectionId=3755902
2026-01-22 21:19:03,"Denver Pioneers vs North Dakota State Bison, 2026-01-22, 09",Denver Pioneers,North Dakota State Bison,fanduel,Spread,Denver Pioneers,11.5,,-175,https://sportsbook.fanduel.ca/addToBetslip?marketId=801.154051366&selectionId=13124
2026-01-22 21:19:03,"Eastern Washington vs Portland State Vikings, 2026-01-22, 09",Eastern Washington,Portland State Vikings,draftkings,Spread,Portland State Vikings,-8.5,,+140,https://sportsbook.draftkings.com/event/portland-state-%40-eastern-washington/33504077?outcomes=0HC83094820N850_3
2026-01-22 21:19:03,"Eastern Washington vs Portland State Vikings, 2026-01-22, 09",Eastern Washington,Portland State Vikings,draftkings,Spread,Eastern Washington,8.5,,-190,https://sportsbook.draftkings.com/event/portland-state-%40-eastern-washington/33504077?outcomes=0HC83094820P850_1
2026-01-22 21:19:03,"Eastern Washington vs Portland State Vikings, 2026-01-22, 09",Eastern Washington,Portland State Vikings,draftkings,Spread,Portland State Vikings,-7.5,,+125,https://sportsbook.draftkings.com/event/portland-state-%40-eastern-washington/33504077?outcomes=0HC83094820N750_3
2026-01-22 21:19:03,"Eastern Washington vs Portland State Vikings, 2026-01-22, 09",Eastern Washington,Portland State Vikings,draftkings,Spread,Eastern Washington,7.5,,-165,https://sportsbook.draftkings.com/event/portland-state-%40-eastern-washington/33504077?outcomes=0HC83094820P750_1
2026-01-22 21:19:03,"Eastern Washington vs Portland State Vikings, 2026-01-22, 09",Eastern Washington,Portland State Vikings,draftkings,Spread,Portland State Vikings,-6.5,,+110,https://sportsbook.draftkings.com/event/portland-state-%40-eastern-washington/33504077?outcomes=0HC83094820N650_3
2026-01-22 21:19:03,"Eastern Washington vs Portland State Vikings, 2026-01-22, 09",Eastern Washington,Portland State Vikings,draftkings,Spread,Eastern Washington,6.5,,-150,https://sportsbook.draftkings.com/event/portland-state-%40-eastern-washington/33504077?outcomes=0HC83094820P650_1
2026-01-22 21:19:03,"Eastern Washington vs Portland State Vikings, 2026-01-22, 09",Eastern Washington,Portland State Vikings,draftkings,Spread,Portland State Vikings,-5.5,,-105,https://sportsbook.draftkings.com/event/portland-state-%40-eastern-washington/33504077?outcomes=0HC83094820N550_3
2026-01-22 21:19:03,"Eastern Washington vs Portland State Vikings, 2026-01-22, 09",Eastern Washington,Portland State Vikings,draftkings,Spread,Eastern Washington,5.5,,-130,https://sportsbook.draftkings.com/event/portland-state-%40-eastern-washington/33504077?outcomes=0HC83094820P550_1
2026-01-22 21:19:03,"Eastern Washington vs Portland State Vikings, 2026-01-22, 09",Eastern Washington,Portland State Vikings,draftkings,Spread,Portland State Vikings,1.5,,-265,https://sportsbook.draftkings.com/event/portland-state-%40-eastern-washington/33504077?outcomes=0HC83094820P150_3
2026-01-22 21:19:03,"Eastern Washington vs Portland State Vikings, 2026-01-22, 09",Eastern Washington,Portland State Vikings,draftkings,Spread,Portland State Vikings,2.5,,-320,https://sportsbook.draftkings.com/event/portland-state-%40-eastern-washington/33504077?outcomes=0HC83094820P250_3
2026-01-22 21:19:03,"Eastern Washington vs Portland State Vikings, 2026-01-22, 09",Eastern Washington,Portland State Vikings,draftkings,Spread,Eastern Washington,-2.5,,+230,https://sportsbook.draftkings.com/event/portland-state-%40-eastern-washington/33504077?outcomes=0HC83094820N250_1
2026-01-22 21:19:03,"Eastern Washington vs Portland State Vikings, 2026-01-22, 09",Eastern Washington,Portland State Vikings,draftkings,Spread,Portland State Vikings,-1.5,,-190,https://sportsbook.draftkings.com/event/portland-state-%40-eastern-washington/33504077?outcomes=0HC83094820N150_3
2026-01-22 21:19:03,"Eastern Washington vs Portland State Vikings, 2026-01-22, 09",Eastern Washington,Portland State Vikings,draftkings,Spread,Portland State Vikings,-9.5,,+160,https://sportsbook.draftkings.com/event/portland-state-%40-eastern-washington/33504077?outcomes=0HC83094820N950_3
2026-01-22 21:19:03,"Eastern Washington vs Portland State Vikings, 2026-01-22, 09",Eastern Washington,Portland State Vikings,draftkings,Spread,Eastern Washington,9.5,,-220,https://sportsbook.draftkings.com/event/portland-state-%40-eastern-washington/33504077?outcomes=0HC83094820P950_1
2026-01-22 21:19:03,"Eastern Washington vs Portland State Vikings, 2026-01-22, 09",Eastern Washington,Portland State Vikings,draftkings,Spread,Portland State Vikings,-10.5,,+190,https://sportsbook.draftkings.com/event/portland-state-%40-eastern-washington/33504077?outcomes=0HC83094820N1050_3
2026-01-22 21:19:03,"Eastern Washington vs Portland State Vikings, 2026-01-22, 09",Eastern Washington,Portland State Vikings,draftkings,Spread,Portland State Vikings,-2.5,,-160,https://sportsbook.draftkings.com/event/portland-state-%40-eastern-washington/33504077?outcomes=0HC83094820N250_3
2026-01-22 21:19:03,"Eastern Washington vs Portland State Vikings, 2026-01-22, 09",Eastern Washington,Portland State Vikings,draftkings,Spread,Eastern Washington,10.5,,-260,https://sportsbook.draftkings.com/event/portland-state-%40-eastern-washington/33504077?outcomes=0HC83094820P1050_1
2026-01-22 21:19:03,"Eastern Washington vs Portland State Vikings, 2026-01-22, 09",Eastern Washington,Portland State Vikings,draftkings,Spread,Eastern Washington,2.5,,+115,https://sportsbook.draftkings.com/event/portland-state-%40-eastern-washington/33504077?outcomes=0HC83094820P250_1
2026-01-22 21:19:03,"Eastern Washington vs Portland State Vikings, 2026-01-22, 09",Eastern Washington,Portland State Vikings,draftkings,Spread,Eastern Washington,1.5,,+140,https://sportsbook.draftkings.com/event/portland-state-%40-eastern-washington/33504077?outcomes=0HC83094820P150_1
2026-01-22 21:19:03,"Eastern Washington vs Portland State Vikings, 2026-01-22, 09",Eastern Washington,Portland State Vikings,fanduel,Spread,Eastern Washington,2.5,,+140,https://sportsbook.fanduel.ca/addToBetslip?marketId=801.154054545&selectionId=673361
2026-01-22 21:19:03,"Eastern Washington vs Portland State Vikings, 2026-01-22, 09",Eastern Washington,Portland State Vikings,fanduel,Spread,Eastern Washington,-0.5,,+200,https://sportsbook.fanduel.ca/addToBetslip?marketId=801.154054548&selectionId=673361
2026-01-22 21:19:03,"Eastern Washington vs Portland State Vikings, 2026-01-22, 09",Eastern Washington,Portland State Vikings,fanduel,Spread,Portland State Vikings,-2.5,,-190,https://sportsbook.fanduel.ca/addToBetslip?marketId=801.154054545&selectionId=2909529
2026-01-22 21:19:03,"Eastern Washington vs Portland State Vikings, 2026-01-22, 09",Eastern Washington,Portland State Vikings,fanduel,Spread,Eastern Washington,11.5,,-350,https://sportsbook.fanduel.ca/addToBetslip?marketId=801.154054480&selectionId=673361
2026-01-22 21:19:03,"Eastern Washington vs Portland State Vikings, 2026-01-22, 09",Eastern Washington,Portland State Vikings,fanduel,Spread,Portland State Vikings,-11.5,,+240,https://sportsbook.fanduel.ca/addToBetslip?marketId=801.154054480&selectionId=2909529
2026-01-22 21:19:03,"Eastern Washington vs Portland State Vikings, 2026-01-22, 09",Eastern Washington,Portland State Vikings,fanduel,Spread,Eastern Washington,14.5,,-600,https://sportsbook.fanduel.ca/addToBetslip?marketId=801.154054543&selectionId=673361
2026-01-22 21:19:03,"Eastern Washington vs Portland State Vikings, 2026-01-22, 09",Eastern Washington,Portland State Vikings,fanduel,Spread,Portland State Vikings,3.5,,-600,https://sportsbook.fanduel.ca/addToBetslip?marketId=801.154054488&selectionId=2909529
2026-01-22 21:19:03,"Eastern Washington vs Portland State Vikings, 2026-01-22, 09",Eastern Washington,Portland State Vikings,fanduel,Spread,Eastern Washington,-3.5,,+360,https://sportsbook.fanduel.ca/addToBetslip?marketId=801.154054488&selectionId=673361
2026-01-22 21:19:03,"Eastern Washington vs Portland State Vikings, 2026-01-22, 09",Eastern Washington,Portland State Vikings,fanduel,Spread,Portland State Vikings,-5.5,,-110,https://sportsbook.fanduel.ca/addToBetslip?marketId=801.153974364&selectionId=2909529
2026-01-22 21:19:03,"Eastern Washington vs Portland State Vikings, 2026-01-22, 09",Eastern Washington,Portland State Vikings,fanduel,Spread,Eastern Washington,5.5,,-120,https://sportsbook.fanduel.ca/addToBetslip?marketId=801.153974364&selectionId=673361
2026-01-22 21:19:03,"Eastern Washington vs Portland State Vikings, 2026-01-22, 09",Eastern Washington,Portland State Vikings,fanduel,Spread,Portland State Vikings,-8.5,,+155,https://sportsbook.fanduel.ca/addToBetslip?marketId=801.154054513&selectionId=2909529
2026-01-22 21:19:03,"Eastern Washington vs Portland State Vikings, 2026-01-22, 09",Eastern Washington,Portland State Vikings,fanduel,Spread,Eastern Washington,8.5,,-200,https://sportsbook.fanduel.ca/addToBetslip?marketId=801.154054513&selectionId=673361
2026-01-22 21:19:03,"Eastern Washington vs Portland State Vikings, 2026-01-22, 09",Eastern Washington,Portland State Vikings,fanduel,Spread,Portland State Vikings,0.5,,-280,https://sportsbook.fanduel.ca/addToBetslip?marketId=801.154054548&selectionId=2909529
2026-01-22 21:19:03,"Eastern Washington vs Portland State Vikings, 2026-01-22, 09",Eastern Washington,Portland State Vikings,fanduel,Spread,Portland State Vikings,-14.5,,+390,https://sportsbook.fanduel.ca/addToBetslip?marketId=801.154054543&selectionId=2909529
2026-01-22 21:19:03,"Eastern Washington vs Portland State Vikings, 2026-01-22, 09",Eastern Washington,Portland State Vikings,draftkings,Spread,Eastern Washington,-1.5,,+195,https://sportsbook.draftkings.com/event/portland-state-%40-eastern-washington/33504077?outcomes=0HC83094820N150_1
2026-01-22 21:19:03,"Eastern Washington vs Portland State Vikings, 2026-01-22, 09",Eastern Washington,Portland State Vikings,betmgm,Spread,Portland State Vikings,-2.5,,-115,https://www.on.betmgm.ca/en/sports/events/18888240?options=18888240-1444396758--232230380&type=Single
2026-01-22 21:19:03,"Eastern Washington vs Portland State Vikings, 2026-01-22, 09",Eastern Washington,Portland State Vikings,betmgm,Spread,Eastern Washington,2.5,,-105,https://www.on.betmgm.ca/en/sports/events/18888240?options=18888240-1444396758--232230379&type=Single
2026-01-22 21:19:03,"Gardner Webb Runnin' Bulldogs vs South Carolina Upstate Spartans, 2026-01-23, 07",Gardner Webb Runnin' Bulldogs,South Carolina Upstate Spartans,betonline,Spread,Gardner Webb Runnin' Bulldogs,9.5,,-110,
2026-01-22 21:19:03,"Gardner Webb Runnin' Bulldogs vs South Carolina Upstate Spartans, 2026-01-23, 07",Gardner Webb Runnin' Bulldogs,South Carolina Upstate Spartans,betonline,Spread,South Carolina Upstate Spartans,-9.5,,-110,
2026-01-22 21:19:03,"Hawaii Rainbow Warriors vs Cal State Bakersfield Roadrunners, 2026-01-22, 11",Hawaii Rainbow Warriors,Cal State Bakersfield Roadrunners,fanduel,Spread,Cal State Bakersfield Roadrunners,10.5,,+200,https://sportsbook.fanduel.ca/addToBetslip?marketId=801.154057178&selectionId=4542340
2026-01-22 21:19:03,"Hawaii Rainbow Warriors vs Cal State Bakersfield Roadrunners, 2026-01-22, 11",Hawaii Rainbow Warriors,Cal State Bakersfield Roadrunners,fanduel,Spread,Hawaii Rainbow Warriors,-10.5,,-265,https://sportsbook.fanduel.ca/addToBetslip?marketId=801.154057178&selectionId=42154131
2026-01-22 21:19:03,"Hawaii Rainbow Warriors vs Cal State Bakersfield Roadrunners, 2026-01-22, 11",Hawaii Rainbow Warriors,Cal State Bakersfield Roadrunners,fanduel,Spread,Cal State Bakersfield Roadrunners,7.5,,+310,https://sportsbook.fanduel.ca/addToBetslip?marketId=801.154057177&selectionId=4542340
2026-01-22 21:19:03,"Hawaii Rainbow Warriors vs Cal State Bakersfield Roadrunners, 2026-01-22, 11",Hawaii Rainbow Warriors,Cal State Bakersfield Roadrunners,fanduel,Spread,Hawaii Rainbow Warriors,-7.5,,-440,https://sportsbook.fanduel.ca/addToBetslip?marketId=801.154057177&selectionId=42154131
2026-01-22 21:19:03,"Hawaii Rainbow Warriors vs Cal State Bakersfield Roadrunners, 2026-01-22, 11",Hawaii Rainbow Warriors,Cal State Bakersfield Roadrunners,fanduel,Spread,Cal State Bakersfield Roadrunners,13.5,,+128,https://sportsbook.fanduel.ca/addToBetslip?marketId=801.154057119&selectionId=4542340
2026-01-22 21:19:03,"Hawaii Rainbow Warriors vs Cal State Bakersfield Roadrunners, 2026-01-22, 11",Hawaii Rainbow Warriors,Cal State Bakersfield Roadrunners,fanduel,Spread,Hawaii Rainbow Warriors,-13.5,,-166,https://sportsbook.fanduel.ca/addToBetslip?marketId=801.154057119&selectionId=42154131
2026-01-22 21:19:03,"Hawaii Rainbow Warriors vs Cal State Bakersfield Roadrunners, 2026-01-22, 11",Hawaii Rainbow Warriors,Cal State Bakersfield Roadrunners,fanduel,Spread,Cal State Bakersfield Roadrunners,25.5,,-390,https://sportsbook.fanduel.ca/addToBetslip?marketId=801.154057174&selectionId=4542340
2026-01-22 21:19:03,"Hawaii Rainbow Warriors vs Cal State Bakersfield Roadrunners, 2026-01-22, 11",Hawaii Rainbow Warriors,Cal State Bakersfield Roadrunners,fanduel,Spread,Hawaii Rainbow Warriors,-25.5,,+280,https://sportsbook.fanduel.ca/addToBetslip?marketId=801.154057174&selectionId=42154131
2026-01-22 21:19:03,"Hawaii Rainbow Warriors vs Cal State Bakersfield Roadrunners, 2026-01-22, 11",Hawaii Rainbow Warriors,Cal State Bakersfield Roadrunners,fanduel,Spread,Cal State Bakersfield Roadrunners,22.5,,-250,https://sportsbook.fanduel.ca/addToBetslip?marketId=801.154057176&selectionId=4542340
2026-01-22 21:19:03,"Hawaii Rainbow Warriors vs Cal State Bakersfield Roadrunners, 2026-01-22, 11",Hawaii Rainbow Warriors,Cal State Bakersfield Roadrunners,fanduel,Spread,Hawaii Rainbow Warriors,-22.5,,+190,https://sportsbook.fanduel.ca/addToBetslip?marketId=801.154057176&selectionId=42154131
2026-01-22 21:19:03,"Hawaii Rainbow Warriors vs Cal State Bakersfield Roadrunners, 2026-01-22, 11",Hawaii Rainbow Warriors,Cal State Bakersfield Roadrunners,fanduel,Spread,Cal State Bakersfield Roadrunners,16.5,,-110,https://sportsbook.fanduel.ca/addToBetslip?marketId=801.153975541&selectionId=4542340
2026-01-22 21:19:03,"Hawaii Rainbow Warriors vs Cal State Bakersfield Roadrunners, 2026-01-22, 11",Hawaii Rainbow Warriors,Cal State Bakersfield Roadrunners,fanduel,Spread,Hawaii Rainbow Warriors,-16.5,,-110,https://sportsbook.fanduel.ca/addToBetslip?marketId=801.153975541&selectionId=42154131
2026-01-22 21:19:03,"Hawaii Rainbow Warriors vs Cal State Bakersfield Roadrunners, 2026-01-22, 11",Hawaii Rainbow Warriors,Cal State Bakersfield Roadrunners,fanduel,Spread,Cal State Bakersfield Roadrunners,19.5,,-172,https://sportsbook.fanduel.ca/addToBetslip?marketId=801.154057116&selectionId=4542340
2026-01-22 21:19:03,"Hawaii Rainbow Warriors vs Cal State Bakersfield Roadrunners, 2026-01-22, 11",Hawaii Rainbow Warriors,Cal State Bakersfield Roadrunners,fanduel,Spread,Hawaii Rainbow Warriors,-19.5,,+134,https://sportsbook.fanduel.ca/addToBetslip?marketId=801.154057116&selectionId=42154131
2026-01-22 21:19:03,"Hawaii Rainbow Warriors vs Cal State Bakersfield Roadrunners, 2026-01-22, 11",Hawaii Rainbow Warriors,Cal State Bakersfield Roadrunners,betonline,Spread,Hawaii Rainbow Warriors,-16.5,,-105,
2026-01-22 21:19:03,"Hawaii Rainbow Warriors vs Cal State Bakersfield Roadrunners, 2026-01-22, 11",Hawaii Rainbow Warriors,Cal State Bakersfield Roadrunners,betonline,Spread,Cal State Bakersfield Roadrunners,16.5,,-115,
2026-01-22 21:19:03,"Hawaii Rainbow Warriors vs Cal State Bakersfield Roadrunners, 2026-01-22, 11",Hawaii Rainbow Warriors,Cal State Bakersfield Roadrunners,pinnacle,Spread,Hawaii Rainbow Warriors,-14.5,,-145,
2026-01-22 21:19:03,"Hawaii Rainbow Warriors vs Cal State Bakersfield Roadrunners, 2026-01-22, 11",Hawaii Rainbow Warriors,Cal State Bakersfield Roadrunners,pinnacle,Spread,Cal State Bakersfield Roadrunners,14.5,,+119,
2026-01-22 21:19:03,"Hawaii Rainbow Warriors vs Cal State Bakersfield Roadrunners, 2026-01-22, 11",Hawaii Rainbow Warriors,Cal State Bakersfield Roadrunners,pinnacle,Spread,Hawaii Rainbow Warriors,-15.0,,-135,
2026-01-22 21:19:03,"Hawaii Rainbow Warriors vs Cal State Bakersfield Roadrunners, 2026-01-22, 11",Hawaii Rainbow Warriors,Cal State Bakersfield Roadrunners,pinnacle,Spread,Cal State Bakersfield Roadrunners,15.0,,+111,
2026-01-22 21:19:03,"Hawaii Rainbow Warriors vs Cal State Bakersfield Roadrunners, 2026-01-22, 11",Hawaii Rainbow Warriors,Cal State Bakersfield Roadrunners,pinnacle,Spread,Hawaii Rainbow Warriors,-15.5,,-125,
2026-01-22 21:19:03,"Hawaii Rainbow Warriors vs Cal State Bakersfield Roadrunners, 2026-01-22, 11",Hawaii Rainbow Warriors,Cal State Bakersfield Roadrunners,pinnacle,Spread,Cal State Bakersfield Roadrunners,15.5,,+103,
2026-01-22 21:19:03,"Hawaii Rainbow Warriors vs Cal State Bakersfield Roadrunners, 2026-01-22, 11",Hawaii Rainbow Warriors,Cal State Bakersfield Roadrunners,pinnacle,Spread,Cal State Bakersfield Roadrunners,16.0,,-105,
2026-01-22 21:19:03,"Hawaii Rainbow Warriors vs Cal State Bakersfield Roadrunners, 2026-01-22, 11",Hawaii Rainbow Warriors,Cal State Bakersfield Roadrunners,pinnacle,Spread,Hawaii Rainbow Warriors,-16.5,,-104,
2026-01-22 21:19:03,"Hawaii Rainbow Warriors vs Cal State Bakersfield Roadrunners, 2026-01-22, 11",Hawaii Rainbow Warriors,Cal State Bakersfield Roadrunners,pinnacle,Spread,Cal State Bakersfield Roadrunners,16.5,,-112,
2026-01-22 21:19:03,"Hawaii Rainbow Warriors vs Cal State Bakersfield Roadrunners, 2026-01-22, 11",Hawaii Rainbow Warriors,Cal State Bakersfield Roadrunners,pinnacle,Spread,Hawaii Rainbow Warriors,-17.0,,+103,
2026-01-22 21:19:03,"Hawaii Rainbow Warriors vs Cal State Bakersfield Roadrunners, 2026-01-22, 11",Hawaii Rainbow Warriors,Cal State Bakersfield Roadrunners,pinnacle,Spread,Cal State Bakersfield Roadrunners,17.0,,-124,
2026-01-22 21:19:03,"Hawaii Rainbow Warriors vs Cal State Bakersfield Roadrunners, 2026-01-22, 11",Hawaii Rainbow Warriors,Cal State Bakersfield Roadrunners,pinnacle,Spread,Hawaii Rainbow Warriors,-17.5,,+111,
2026-01-22 21:19:03,"Hawaii Rainbow Warriors vs Cal State Bakersfield Roadrunners, 2026-01-22, 11",Hawaii Rainbow Warriors,Cal State Bakersfield Roadrunners,pinnacle,Spread,Cal State Bakersfield Roadrunners,17.5,,-135,
2026-01-22 21:19:03,"Hawaii Rainbow Warriors vs Cal State Bakersfield Roadrunners, 2026-01-22, 11",Hawaii Rainbow Warriors,Cal State Bakersfield Roadrunners,pinnacle,Spread,Hawaii Rainbow Warriors,-18.0,,+119,
2026-01-22 21:19:03,"Hawaii Rainbow Warriors vs Cal State Bakersfield Roadrunners, 2026-01-22, 11",Hawaii Rainbow Warriors,Cal State Bakersfield Roadrunners,pinnacle,Spread,Cal State Bakersfield Roadrunners,18.0,,-145,
2026-01-22 21:19:03,"Hawaii Rainbow Warriors vs Cal State Bakersfield Roadrunners, 2026-01-22, 11",Hawaii Rainbow Warriors,Cal State Bakersfield Roadrunners,pinnacle,Spread,Hawaii Rainbow Warriors,-18.5,,+127,
2026-01-22 21:19:03,"Hawaii Rainbow Warriors vs Cal State Bakersfield Roadrunners, 2026-01-22, 11",Hawaii Rainbow Warriors,Cal State Bakersfield Roadrunners,pinnacle,Spread,Cal State Bakersfield Roadrunners,18.5,,-156,
2026-01-22 21:19:03,"Hawaii Rainbow Warriors vs Cal State Bakersfield Roadrunners, 2026-01-22, 11",Hawaii Rainbow Warriors,Cal State Bakersfield Roadrunners,pinnacle,Spread,Hawaii Rainbow Warriors,-16.0,,-116,
2026-01-22 21:19:03,"Hawaii Rainbow Warriors vs Cal State Bakersfield Roadrunners, 2026-01-23, 12",Hawaii Rainbow Warriors,Cal State Bakersfield Roadrunners,draftkings,Spread,Cal State Bakersfield Roadrunners,19.5,,-182,https://sportsbook.draftkings.com/event/csu-bakersfield-%40-hawaii/33504084?outcomes=0HC83091419P1950_3
2026-01-22 21:19:03,"Hawaii Rainbow Warriors vs Cal State Bakersfield Roadrunners, 2026-01-23, 12",Hawaii Rainbow Warriors,Cal State Bakersfield Roadrunners,draftkings,Spread,Hawaii Rainbow Warriors,-19.5,,+132,https://sportsbook.draftkings.com/event/csu-bakersfield-%40-hawaii/33504084?outcomes=0HC83091419N1950_1
2026-01-22 21:19:03,"Hawaii Rainbow Warriors vs Cal State Bakersfield Roadrunners, 2026-01-23, 12",Hawaii Rainbow Warriors,Cal State Bakersfield Roadrunners,draftkings,Spread,Cal State Bakersfield Roadrunners,20.5,,-213,https://sportsbook.draftkings.com/event/csu-bakersfield-%40-hawaii/33504084?outcomes=0HC83091419P2050_3
2026-01-22 21:19:03,"Hawaii Rainbow Warriors vs Cal State Bakersfield Roadrunners, 2026-01-23, 12",Hawaii Rainbow Warriors,Cal State Bakersfield Roadrunners,draftkings,Spread,Hawaii Rainbow Warriors,-20.5,,+153,https://sportsbook.draftkings.com/event/csu-bakersfield-%40-hawaii/33504084?outcomes=0HC83091419N2050_1
2026-01-22 21:19:03,"Hawaii Rainbow Warriors vs Cal State Bakersfield Roadrunners, 2026-01-23, 12",Hawaii Rainbow Warriors,Cal State Bakersfield Roadrunners,draftkings,Spread,Cal State Bakersfield Roadrunners,21.5,,-248,https://sportsbook.draftkings.com/event/csu-bakersfield-%40-hawaii/33504084?outcomes=0HC83091419P2150_3
2026-01-22 21:19:03,"Hawaii Rainbow Warriors vs Cal State Bakersfield Roadrunners, 2026-01-23, 12",Hawaii Rainbow Warriors,Cal State Bakersfield Roadrunners,draftkings,Spread,Hawaii Rainbow Warriors,-21.5,,+175,https://sportsbook.draftkings.com/event/csu-bakersfield-%40-hawaii/33504084?outcomes=0HC83091419N2150_1
2026-01-22 21:19:03,"Hawaii Rainbow Warriors vs Cal State Bakersfield Roadrunners, 2026-01-23, 12",Hawaii Rainbow Warriors,Cal State Bakersfield Roadrunners,draftkings,Spread,Cal State Bakersfield Roadrunners,22.5,,-286,https://sportsbook.draftkings.com/event/csu-bakersfield-%40-hawaii/33504084?outcomes=0HC83091419P2250_3
2026-01-22 21:19:03,"Hawaii Rainbow Warriors vs Cal State Bakersfield Roadrunners, 2026-01-23, 12",Hawaii Rainbow Warriors,Cal State Bakersfield Roadrunners,draftkings,Spread,Hawaii Rainbow Warriors,-22.5,,+199,https://sportsbook.draftkings.com/event/csu-bakersfield-%40-hawaii/33504084?outcomes=0HC83091419N2250_1
2026-01-22 21:19:03,"Hawaii Rainbow Warriors vs Cal State Bakersfield Roadrunners, 2026-01-23, 12",Hawaii Rainbow Warriors,Cal State Bakersfield Roadrunners,draftkings,Spread,Cal State Bakersfield Roadrunners,23.5,,-328,https://sportsbook.draftkings.com/event/csu-bakersfield-%40-hawaii/33504084?outcomes=0HC83091419P2350_3
2026-01-22 21:19:03,"Hawaii Rainbow Warriors vs Cal State Bakersfield Roadrunners, 2026-01-23, 12",Hawaii Rainbow Warriors,Cal State Bakersfield Roadrunners,draftkings,Spread,Hawaii Rainbow Warriors,-23.5,,+223,https://sportsbook.draftkings.com/event/csu-bakersfield-%40-hawaii/33504084?outcomes=0HC83091419N2350_1
2026-01-22 21:19:03,"Hawaii Rainbow Warriors vs Cal State Bakersfield Roadrunners, 2026-01-23, 12",Hawaii Rainbow Warriors,Cal State Bakersfield Roadrunners,draftkings,Spread,Cal State Bakersfield Roadrunners,24.5,,-378,https://sportsbook.draftkings.com/event/csu-bakersfield-%40-hawaii/33504084?outcomes=0HC83091419P2450_3
2026-01-22 21:19:03,"Hawaii Rainbow Warriors vs Cal State Bakersfield Roadrunners, 2026-01-23, 12",Hawaii Rainbow Warriors,Cal State Bakersfield Roadrunners,draftkings,Spread,Hawaii Rainbow Warriors,-24.5,,+251,https://sportsbook.draftkings.com/event/csu-bakersfield-%40-hawaii/33504084?outcomes=0HC83091419N2450_1
2026-01-22 21:19:03,"Hawaii Rainbow Warriors vs Cal State Bakersfield Roadrunners, 2026-01-23, 12",Hawaii Rainbow Warriors,Cal State Bakersfield Roadrunners,draftkings,Spread,Cal State Bakersfield Roadrunners,25.5,,-434,https://sportsbook.draftkings.com/event/csu-bakersfield-%40-hawaii/33504084?outcomes=0HC83091419P2550_3
2026-01-22 21:19:03,"Hawaii Rainbow Warriors vs Cal State Bakersfield Roadrunners, 2026-01-23, 12",Hawaii Rainbow Warriors,Cal State Bakersfield Roadrunners,draftkings,Spread,Hawaii Rainbow Warriors,-18.5,,+113,https://sportsbook.draftkings.com/event/csu-bakersfield-%40-hawaii/33504084?outcomes=0HC83091419N1850_1
2026-01-22 21:19:03,"Hawaii Rainbow Warriors vs Cal State Bakersfield Roadrunners, 2026-01-23, 12",Hawaii Rainbow Warriors,Cal State Bakersfield Roadrunners,draftkings,Spread,Hawaii Rainbow Warriors,-25.5,,+281,https://sportsbook.draftkings.com/event/csu-bakersfield-%40-hawaii/33504084?outcomes=0HC83091419N2550_1
2026-01-22 21:19:03,"Hawaii Rainbow Warriors vs Cal State Bakersfield Roadrunners, 2026-01-23, 12",Hawaii Rainbow Warriors,Cal State Bakersfield Roadrunners,draftkings,Spread,Hawaii Rainbow Warriors,-26.5,,+316,https://sportsbook.draftkings.com/event/csu-bakersfield-%40-hawaii/33504084?outcomes=0HC83091419N2650_1
2026-01-22 21:19:03,"Hawaii Rainbow Warriors vs Cal State Bakersfield Roadrunners, 2026-01-23, 12",Hawaii Rainbow Warriors,Cal State Bakersfield Roadrunners,draftkings,Spread,Cal State Bakersfield Roadrunners,27.5,,-598,https://sportsbook.draftkings.com/event/csu-bakersfield-%40-hawaii/33504084?outcomes=0HC83091419P2750_3
2026-01-22 21:19:03,"Hawaii Rainbow Warriors vs Cal State Bakersfield Roadrunners, 2026-01-23, 12",Hawaii Rainbow Warriors,Cal State Bakersfield Roadrunners,draftkings,Spread,Hawaii Rainbow Warriors,-27.5,,+357,https://sportsbook.draftkings.com/event/csu-bakersfield-%40-hawaii/33504084?outcomes=0HC83091419N2750_1
2026-01-22 21:19:03,"Hawaii Rainbow Warriors vs Cal State Bakersfield Roadrunners, 2026-01-23, 12",Hawaii Rainbow Warriors,Cal State Bakersfield Roadrunners,draftkings,Spread,Cal State Bakersfield Roadrunners,28.5,,-710,https://sportsbook.draftkings.com/event/csu-bakersfield-%40-hawaii/33504084?outcomes=0HC83091419P2850_3
2026-01-22 21:19:03,"Hawaii Rainbow Warriors vs Cal State Bakersfield Roadrunners, 2026-01-23, 12",Hawaii Rainbow Warriors,Cal State Bakersfield Roadrunners,draftkings,Spread,Hawaii Rainbow Warriors,-28.5,,+403,https://sportsbook.draftkings.com/event/csu-bakersfield-%40-hawaii/33504084?outcomes=0HC83091419N2850_1
2026-01-22 21:19:03,"Hawaii Rainbow Warriors vs Cal State Bakersfield Roadrunners, 2026-01-23, 12",Hawaii Rainbow Warriors,Cal State Bakersfield Roadrunners,draftkings,Spread,Cal State Bakersfield Roadrunners,29.5,,-850,https://sportsbook.draftkings.com/event/csu-bakersfield-%40-hawaii/33504084?outcomes=0HC83091419P2950_3
2026-01-22 21:19:03,"Hawaii Rainbow Warriors vs Cal State Bakersfield Roadrunners, 2026-01-23, 12",Hawaii Rainbow Warriors,Cal State Bakersfield Roadrunners,draftkings,Spread,Hawaii Rainbow Warriors,-29.5,,+452,https://sportsbook.draftkings.com/event/csu-bakersfield-%40-hawaii/33504084?outcomes=0HC83091419N2950_1
2026-01-22 21:19:03,"Hawaii Rainbow Warriors vs Cal State Bakersfield Roadrunners, 2026-01-23, 12",Hawaii Rainbow Warriors,Cal State Bakersfield Roadrunners,draftkings,Spread,Cal State Bakersfield Roadrunners,26.5,,-507,https://sportsbook.draftkings.com/event/csu-bakersfield-%40-hawaii/33504084?outcomes=0HC83091419P2650_3
2026-01-22 21:19:03,"Hawaii Rainbow Warriors vs Cal State Bakersfield Roadrunners, 2026-01-23, 12",Hawaii Rainbow Warriors,Cal State Bakersfield Roadrunners,draftkings,Spread,Cal State Bakersfield Roadrunners,18.5,,-155,https://sportsbook.draftkings.com/event/csu-bakersfield-%40-hawaii/33504084?outcomes=0HC83091419P1850_3
2026-01-22 21:19:03,"Hawaii Rainbow Warriors vs Cal State Bakersfield Roadrunners, 2026-01-23, 12",Hawaii Rainbow Warriors,Cal State Bakersfield Roadrunners,draftkings,Spread,Cal State Bakersfield Roadrunners,17.5,,-136,https://sportsbook.draftkings.com/event/csu-bakersfield-%40-hawaii/33504084?outcomes=0HC83091419P1750_3
2026-01-22 21:19:03,"Hawaii Rainbow Warriors vs Cal State Bakersfield Roadrunners, 2026-01-23, 12",Hawaii Rainbow Warriors,Cal State Bakersfield Roadrunners,draftkings,Spread,Cal State Bakersfield Roadrunners,16.5,,-112,https://sportsbook.draftkings.com/event/csu-bakersfield-%40-hawaii/33504084?outcomes=0HC83087252P1650_3
2026-01-22 21:19:03,"Hawaii Rainbow Warriors vs Cal State Bakersfield Roadrunners, 2026-01-23, 12",Hawaii Rainbow Warriors,Cal State Bakersfield Roadrunners,draftkings,Spread,Hawaii Rainbow Warriors,-16.5,,-108,https://sportsbook.draftkings.com/event/csu-bakersfield-%40-hawaii/33504084?outcomes=0HC83087252N1650_1
2026-01-22 21:19:03,"Hawaii Rainbow Warriors vs Cal State Bakersfield Roadrunners, 2026-01-23, 12",Hawaii Rainbow Warriors,Cal State Bakersfield Roadrunners,draftkings,Spread,Cal State Bakersfield Roadrunners,5.5,,+427,https://sportsbook.draftkings.com/event/csu-bakersfield-%40-hawaii/33504084?outcomes=0HC83091419P550_3
2026-01-22 21:19:03,"Hawaii Rainbow Warriors vs Cal State Bakersfield Roadrunners, 2026-01-23, 12",Hawaii Rainbow Warriors,Cal State Bakersfield Roadrunners,draftkings,Spread,Hawaii Rainbow Warriors,-5.5,,-780,https://sportsbook.draftkings.com/event/csu-bakersfield-%40-hawaii/33504084?outcomes=0HC83091419N550_1
2026-01-22 21:19:03,"Hawaii Rainbow Warriors vs Cal State Bakersfield Roadrunners, 2026-01-23, 12",Hawaii Rainbow Warriors,Cal State Bakersfield Roadrunners,draftkings,Spread,Cal State Bakersfield Roadrunners,6.5,,+382,https://sportsbook.draftkings.com/event/csu-bakersfield-%40-hawaii/33504084?outcomes=0HC83091419P650_3
2026-01-22 21:19:03,"Hawaii Rainbow Warriors vs Cal State Bakersfield Roadrunners, 2026-01-23, 12",Hawaii Rainbow Warriors,Cal State Bakersfield Roadrunners,draftkings,Spread,Hawaii Rainbow Warriors,-6.5,,-660,https://sportsbook.draftkings.com/event/csu-bakersfield-%40-hawaii/33504084?outcomes=0HC83091419N650_1
2026-01-22 21:19:03,"Hawaii Rainbow Warriors vs Cal State Bakersfield Roadrunners, 2026-01-23, 12",Hawaii Rainbow Warriors,Cal State Bakersfield Roadrunners,draftkings,Spread,Cal State Bakersfield Roadrunners,7.5,,+341,https://sportsbook.draftkings.com/event/csu-bakersfield-%40-hawaii/33504084?outcomes=0HC83091419P750_3
2026-01-22 21:19:03,"Hawaii Rainbow Warriors vs Cal State Bakersfield Roadrunners, 2026-01-23, 12",Hawaii Rainbow Warriors,Cal State Bakersfield Roadrunners,draftkings,Spread,Hawaii Rainbow Warriors,-7.5,,-561,https://sportsbook.draftkings.com/event/csu-bakersfield-%40-hawaii/33504084?outcomes=0HC83091419N750_1
2026-01-22 21:19:03,"Hawaii Rainbow Warriors vs Cal State Bakersfield Roadrunners, 2026-01-23, 12",Hawaii Rainbow Warriors,Cal State Bakersfield Roadrunners,draftkings,Spread,Cal State Bakersfield Roadrunners,8.5,,+297,https://sportsbook.draftkings.com/event/csu-bakersfield-%40-hawaii/33504084?outcomes=0HC83091419P850_3
2026-01-22 21:19:03,"Hawaii Rainbow Warriors vs Cal State Bakersfield Roadrunners, 2026-01-23, 12",Hawaii Rainbow Warriors,Cal State Bakersfield Roadrunners,draftkings,Spread,Hawaii Rainbow Warriors,-17.5,,+100,https://sportsbook.draftkings.com/event/csu-bakersfield-%40-hawaii/33504084?outcomes=0HC83091419N1750_1
2026-01-22 21:19:03,"Hawaii Rainbow Warriors vs Cal State Bakersfield Roadrunners, 2026-01-23, 12",Hawaii Rainbow Warriors,Cal State Bakersfield Roadrunners,draftkings,Spread,Hawaii Rainbow Warriors,-8.5,,-467,https://sportsbook.draftkings.com/event/csu-bakersfield-%40-hawaii/33504084?outcomes=0HC83091419N850_1
2026-01-22 21:19:03,"Hawaii Rainbow Warriors vs Cal State Bakersfield Roadrunners, 2026-01-23, 12",Hawaii Rainbow Warriors,Cal State Bakersfield Roadrunners,draftkings,Spread,Hawaii Rainbow Warriors,-9.5,,-391,https://sportsbook.draftkings.com/event/csu-bakersfield-%40-hawaii/33504084?outcomes=0HC83091419N950_1
2026-01-22 21:19:03,"Hawaii Rainbow Warriors vs Cal State Bakersfield Roadrunners, 2026-01-23, 12",Hawaii Rainbow Warriors,Cal State Bakersfield Roadrunners,draftkings,Spread,Cal State Bakersfield Roadrunners,10.5,,+210,https://sportsbook.draftkings.com/event/csu-bakersfield-%40-hawaii/33504084?outcomes=0HC83091419P1050_3
2026-01-22 21:19:03,"Hawaii Rainbow Warriors vs Cal State Bakersfield Roadrunners, 2026-01-23, 12",Hawaii Rainbow Warriors,Cal State Bakersfield Roadrunners,draftkings,Spread,Hawaii Rainbow Warriors,-10.5,,-306,https://sportsbook.draftkings.com/event/csu-bakersfield-%40-hawaii/33504084?outcomes=0HC83091419N1050_1
2026-01-22 21:19:03,"Hawaii Rainbow Warriors vs Cal State Bakersfield Roadrunners, 2026-01-23, 12",Hawaii Rainbow Warriors,Cal State Bakersfield Roadrunners,draftkings,Spread,Cal State Bakersfield Roadrunners,11.5,,+181,https://sportsbook.draftkings.com/event/csu-bakersfield-%40-hawaii/33504084?outcomes=0HC83091419P1150_3
2026-01-22 21:19:03,"Hawaii Rainbow Warriors vs Cal State Bakersfield Roadrunners, 2026-01-23, 12",Hawaii Rainbow Warriors,Cal State Bakersfield Roadrunners,draftkings,Spread,Hawaii Rainbow Warriors,-11.5,,-258,https://sportsbook.draftkings.com/event/csu-bakersfield-%40-hawaii/33504084?outcomes=0HC83091419N1150_1
2026-01-22 21:19:03,"Hawaii Rainbow Warriors vs Cal State Bakersfield Roadrunners, 2026-01-23, 12",Hawaii Rainbow Warriors,Cal State Bakersfield Roadrunners,draftkings,Spread,Cal State Bakersfield Roadrunners,12.5,,+159,https://sportsbook.draftkings.com/event/csu-bakersfield-%40-hawaii/33504084?outcomes=0HC83091419P1250_3
2026-01-22 21:19:03,"Hawaii Rainbow Warriors vs Cal State Bakersfield Roadrunners, 2026-01-23, 12",Hawaii Rainbow Warriors,Cal State Bakersfield Roadrunners,draftkings,Spread,Hawaii Rainbow Warriors,-12.5,,-222,https://sportsbook.draftkings.com/event/csu-bakersfield-%40-hawaii/33504084?outcomes=0HC83091419N1250_1
2026-01-22 21:19:03,"Hawaii Rainbow Warriors vs Cal State Bakersfield Roadrunners, 2026-01-23, 12",Hawaii Rainbow Warriors,Cal State Bakersfield Roadrunners,draftkings,Spread,Cal State Bakersfield Roadrunners,13.5,,+139,https://sportsbook.draftkings.com/event/csu-bakersfield-%40-hawaii/33504084?outcomes=0HC83091419P1350_3
2026-01-22 21:19:03,"Hawaii Rainbow Warriors vs Cal State Bakersfield Roadrunners, 2026-01-23, 12",Hawaii Rainbow Warriors,Cal State Bakersfield Roadrunners,draftkings,Spread,Hawaii Rainbow Warriors,-13.5,,-193,https://sportsbook.draftkings.com/event/csu-bakersfield-%40-hawaii/33504084?outcomes=0HC83091419N1350_1
2026-01-22 21:19:03,"Hawaii Rainbow Warriors vs Cal State Bakersfield Roadrunners, 2026-01-23, 12",Hawaii Rainbow Warriors,Cal State Bakersfield Roadrunners,draftkings,Spread,Cal State Bakersfield Roadrunners,14.5,,+116,https://sportsbook.draftkings.com/event/csu-bakersfield-%40-hawaii/33504084?outcomes=0HC83091419P1450_3
2026-01-22 21:19:03,"Hawaii Rainbow Warriors vs Cal State Bakersfield Roadrunners, 2026-01-23, 12",Hawaii Rainbow Warriors,Cal State Bakersfield Roadrunners,draftkings,Spread,Hawaii Rainbow Warriors,-14.5,,-158,https://sportsbook.draftkings.com/event/csu-bakersfield-%40-hawaii/33504084?outcomes=0HC83091419N1450_1
2026-01-22 21:19:03,"Hawaii Rainbow Warriors vs Cal State Bakersfield Roadrunners, 2026-01-23, 12",Hawaii Rainbow Warriors,Cal State Bakersfield Roadrunners,draftkings,Spread,Cal State Bakersfield Roadrunners,15.5,,-103,https://sportsbook.draftkings.com/event/csu-bakersfield-%40-hawaii/33504084?outcomes=0HC83091419P1550_3
2026-01-22 21:19:03,"Hawaii Rainbow Warriors vs Cal State Bakersfield Roadrunners, 2026-01-23, 12",Hawaii Rainbow Warriors,Cal State Bakersfield Roadrunners,draftkings,Spread,Hawaii Rainbow Warriors,-15.5,,-132,https://sportsbook.draftkings.com/event/csu-bakersfield-%40-hawaii/33504084?outcomes=0HC83091419N1550_1
2026-01-22 21:19:03,"Hawaii Rainbow Warriors vs Cal State Bakersfield Roadrunners, 2026-01-23, 12",Hawaii Rainbow Warriors,Cal State Bakersfield Roadrunners,draftkings,Spread,Cal State Bakersfield Roadrunners,9.5,,+258,https://sportsbook.draftkings.com/event/csu-bakersfield-%40-hawaii/33504084?outcomes=0HC83091419P950_3
2026-01-22 21:19:03,"Hawaii Rainbow Warriors vs Cal State Bakersfield Roadrunners, 2026-01-23, 12",Hawaii Rainbow Warriors,Cal State Bakersfield Roadrunners,betmgm,Spread,Cal State Bakersfield Roadrunners,16.5,,-115,https://www.on.betmgm.ca/en/sports/events/18888249?options=18888249-1444827327--231086151&type=Single
2026-01-22 21:19:03,"Hawaii Rainbow Warriors vs Cal State Bakersfield Roadrunners, 2026-01-23, 12",Hawaii Rainbow Warriors,Cal State Bakersfield Roadrunners,betmgm,Spread,Hawaii Rainbow Warriors,-16.5,,-105,https://www.on.betmgm.ca/en/sports/events/18888249?options=18888249-1444827327--231086150&type=Single
2026-01-22 21:19:03,"Idaho Vandals vs Sacramento State Hornets, 2026-01-22, 09",Idaho Vandals,Sacramento State Hornets,fanduel,Spread,Idaho Vandals,-1.5,,-750,https://sportsbook.fanduel.ca/addToBetslip?marketId=801.154050285&selectionId=711059
2026-01-22 21:19:03,"Idaho Vandals vs Sacramento State Hornets, 2026-01-22, 09",Idaho Vandals,Sacramento State Hornets,fanduel,Spread,Sacramento State Hornets,10.5,,-114,https://sportsbook.fanduel.ca/addToBetslip?marketId=801.153975200&selectionId=5145582
2026-01-22 21:19:03,"Idaho Vandals vs Sacramento State Hornets, 2026-01-22, 09",Idaho Vandals,Sacramento State Hornets,fanduel,Spread,Idaho Vandals,-10.5,,-114,https://sportsbook.fanduel.ca/addToBetslip?marketId=801.153975200&selectionId=711059
2026-01-22 21:19:03,"Idaho Vandals vs Sacramento State Hornets, 2026-01-22, 09",Idaho Vandals,Sacramento State Hornets,fanduel,Spread,Sacramento State Hornets,16.5,,-290,https://sportsbook.fanduel.ca/addToBetslip?marketId=801.154050313&selectionId=5145582
2026-01-22 21:19:03,"Idaho Vandals vs Sacramento State Hornets, 2026-01-22, 09",Idaho Vandals,Sacramento State Hornets,fanduel,Spread,Idaho Vandals,-16.5,,+200,https://sportsbook.fanduel.ca/addToBetslip?marketId=801.154050313&selectionId=711059
2026-01-22 21:19:03,"Idaho Vandals vs Sacramento State Hornets, 2026-01-22, 09",Idaho Vandals,Sacramento State Hornets,fanduel,Spread,Sacramento State Hornets,1.5,,+450,https://sportsbook.fanduel.ca/addToBetslip?marketId=801.154050285&selectionId=5145582
2026-01-22 21:19:03,"Idaho Vandals vs Sacramento State Hornets, 2026-01-22, 09",Idaho Vandals,Sacramento State Hornets,fanduel,Spread,Idaho Vandals,-19.5,,+310,https://sportsbook.fanduel.ca/addToBetslip?marketId=801.154050292&selectionId=711059
2026-01-22 21:19:03,"Idaho Vandals vs Sacramento State Hornets, 2026-01-22, 09",Idaho Vandals,Sacramento State Hornets,fanduel,Spread,Sacramento State Hornets,19.5,,-460,https://sportsbook.fanduel.ca/addToBetslip?marketId=801.154050292&selectionId=5145582
2026-01-22 21:19:03,"Idaho Vandals vs Sacramento State Hornets, 2026-01-22, 09",Idaho Vandals,Sacramento State Hornets,fanduel,Spread,Idaho Vandals,-4.5,,-350,https://sportsbook.fanduel.ca/addToBetslip?marketId=801.154050335&selectionId=711059
2026-01-22 21:19:03,"Idaho Vandals vs Sacramento State Hornets, 2026-01-22, 09",Idaho Vandals,Sacramento State Hornets,fanduel,Spread,Sacramento State Hornets,7.5,,+135,https://sportsbook.fanduel.ca/addToBetslip?marketId=801.154050290&selectionId=5145582
2026-01-22 21:19:03,"Idaho Vandals vs Sacramento State Hornets, 2026-01-22, 09",Idaho Vandals,Sacramento State Hornets,fanduel,Spread,Idaho Vandals,-7.5,,-185,https://sportsbook.fanduel.ca/addToBetslip?marketId=801.154050290&selectionId=711059
2026-01-22 21:19:03,"Idaho Vandals vs Sacramento State Hornets, 2026-01-22, 09",Idaho Vandals,Sacramento State Hornets,fanduel,Spread,Sacramento State Hornets,13.5,,-180,https://sportsbook.fanduel.ca/addToBetslip?marketId=801.154050357&selectionId=5145582
2026-01-22 21:19:03,"Idaho Vandals vs Sacramento State Hornets, 2026-01-22, 09",Idaho Vandals,Sacramento State Hornets,fanduel,Spread,Idaho Vandals,-13.5,,+135,https://sportsbook.fanduel.ca/addToBetslip?marketId=801.154050357&selectionId=711059
2026-01-22 21:19:03,"Idaho Vandals vs Sacramento State Hornets, 2026-01-22, 09",Idaho Vandals,Sacramento State Hornets,fanduel,Spread,Sacramento State Hornets,4.5,,+240,https://sportsbook.fanduel.ca/addToBetslip?marketId=801.154050335&selectionId=5145582
2026-01-22 21:19:03,"Idaho Vandals vs Sacramento State Hornets, 2026-01-22, 09",Idaho Vandals,Sacramento State Hornets,betmgm,Spread,Sacramento State Hornets,10.5,,-115,https://www.on.betmgm.ca/en/sports/events/18888239?options=18888239-1444386992--232252557&type=Single
2026-01-22 21:19:03,"Idaho Vandals vs Sacramento State Hornets, 2026-01-22, 09",Idaho Vandals,Sacramento State Hornets,betmgm,Spread,Idaho Vandals,-10.5,,-105,https://www.on.betmgm.ca/en/sports/events/18888239?options=18888239-1444386992--232252556&type=Single
2026-01-22 21:19:03,"Idaho Vandals vs Sacramento State Hornets, 2026-01-22, 09",Idaho Vandals,Sacramento State Hornets,draftkings,Spread,Sacramento State Hornets,5.5,,+180,https://sportsbook.draftkings.com/event/sacramento-state-%40-idaho/33504086?outcomes=0HC83102834P550_3
2026-01-22 21:19:03,"Idaho Vandals vs Sacramento State Hornets, 2026-01-22, 09",Idaho Vandals,Sacramento State Hornets,draftkings,Spread,Idaho Vandals,-5.5,,-245,https://sportsbook.draftkings.com/event/sacramento-state-%40-idaho/33504086?outcomes=0HC83102834N550_1
2026-01-22 21:19:03,"Idaho Vandals vs Sacramento State Hornets, 2026-01-22, 09",Idaho Vandals,Sacramento State Hornets,draftkings,Spread,Sacramento State Hornets,6.5,,+160,https://sportsbook.draftkings.com/event/sacramento-state-%40-idaho/33504086?outcomes=0HC83102834P650_3
2026-01-22 21:19:03,"Idaho Vandals vs Sacramento State Hornets, 2026-01-22, 09",Idaho Vandals,Sacramento State Hornets,draftkings,Spread,Idaho Vandals,-6.5,,-215,https://sportsbook.draftkings.com/event/sacramento-state-%40-idaho/33504086?outcomes=0HC83102834N650_1
2026-01-22 21:19:03,"Idaho Vandals vs Sacramento State Hornets, 2026-01-22, 09",Idaho Vandals,Sacramento State Hornets,draftkings,Spread,Sacramento State Hornets,7.5,,+140,https://sportsbook.draftkings.com/event/sacramento-state-%40-idaho/33504086?outcomes=0HC83102834P750_3
2026-01-22 21:19:03,"Idaho Vandals vs Sacramento State Hornets, 2026-01-22, 09",Idaho Vandals,Sacramento State Hornets,draftkings,Spread,Idaho Vandals,-7.5,,-185,https://sportsbook.draftkings.com/event/sacramento-state-%40-idaho/33504086?outcomes=0HC83102834N750_1
2026-01-22 21:19:03,"Idaho Vandals vs Sacramento State Hornets, 2026-01-22, 09",Idaho Vandals,Sacramento State Hornets,draftkings,Spread,Sacramento State Hornets,8.5,,+115,https://sportsbook.draftkings.com/event/sacramento-state-%40-idaho/33504086?outcomes=0HC83102834P850_3
2026-01-22 21:19:03,"Idaho Vandals vs Sacramento State Hornets, 2026-01-22, 09",Idaho Vandals,Sacramento State Hornets,draftkings,Spread,Sacramento State Hornets,9.5,,-105,https://sportsbook.draftkings.com/event/sacramento-state-%40-idaho/33504086?outcomes=0HC83102834P950_3
2026-01-22 21:19:03,"Idaho Vandals vs Sacramento State Hornets, 2026-01-22, 09",Idaho Vandals,Sacramento State Hornets,draftkings,Spread,Idaho Vandals,-9.5,,-130,https://sportsbook.draftkings.com/event/sacramento-state-%40-idaho/33504086?outcomes=0HC83102834N950_1
2026-01-22 21:19:03,"Idaho Vandals vs Sacramento State Hornets, 2026-01-22, 09",Idaho Vandals,Sacramento State Hornets,draftkings,Spread,Sacramento State Hornets,12.5,,-170,https://sportsbook.draftkings.com/event/sacramento-state-%40-idaho/33504086?outcomes=0HC83102834P1250_3
2026-01-22 21:19:03,"Idaho Vandals vs Sacramento State Hornets, 2026-01-22, 09",Idaho Vandals,Sacramento State Hornets,draftkings,Spread,Sacramento State Hornets,13.5,,-200,https://sportsbook.draftkings.com/event/sacramento-state-%40-idaho/33504086?outcomes=0HC83102834P1350_3
2026-01-22 21:19:03,"Idaho Vandals vs Sacramento State Hornets, 2026-01-22, 09",Idaho Vandals,Sacramento State Hornets,draftkings,Spread,Idaho Vandals,-13.5,,+145,https://sportsbook.draftkings.com/event/sacramento-state-%40-idaho/33504086?outcomes=0HC83102834N1350_1
2026-01-22 21:19:03,"Idaho Vandals vs Sacramento State Hornets, 2026-01-22, 09",Idaho Vandals,Sacramento State Hornets,draftkings,Spread,Sacramento State Hornets,14.5,,-245,https://sportsbook.draftkings.com/event/sacramento-state-%40-idaho/33504086?outcomes=0HC83102834P1450_3
2026-01-22 21:19:03,"Idaho Vandals vs Sacramento State Hornets, 2026-01-22, 09",Idaho Vandals,Sacramento State Hornets,draftkings,Spread,Idaho Vandals,-14.5,,+180,https://sportsbook.draftkings.com/event/sacramento-state-%40-idaho/33504086?outcomes=0HC83102834N1450_1
2026-01-22 21:19:03,"Idaho Vandals vs Sacramento State Hornets, 2026-01-22, 09",Idaho Vandals,Sacramento State Hornets,draftkings,Spread,Sacramento State Hornets,15.5,,-295,https://sportsbook.draftkings.com/event/sacramento-state-%40-idaho/33504086?outcomes=0HC83102834P1550_3
2026-01-22 21:19:03,"Idaho Vandals vs Sacramento State Hornets, 2026-01-22, 09",Idaho Vandals,Sacramento State Hornets,draftkings,Spread,Idaho Vandals,-15.5,,+215,https://sportsbook.draftkings.com/event/sacramento-state-%40-idaho/33504086?outcomes=0HC83102834N1550_1
2026-01-22 21:19:03,"Idaho Vandals vs Sacramento State Hornets, 2026-01-22, 09",Idaho Vandals,Sacramento State Hornets,draftkings,Spread,Idaho Vandals,-12.5,,+125,https://sportsbook.draftkings.com/event/sacramento-state-%40-idaho/33504086?outcomes=0HC83102834N1250_1
2026-01-22 21:19:03,"Idaho Vandals vs Sacramento State Hornets, 2026-01-22, 09",Idaho Vandals,Sacramento State Hornets,draftkings,Spread,Idaho Vandals,-8.5,,-160,https://sportsbook.draftkings.com/event/sacramento-state-%40-idaho/33504086?outcomes=0HC83102834N850_1
2026-01-22 21:19:03,"Jacksonville State Gamecocks vs Tennessee Blue Raiders, 2026-01-23, 07",Jacksonville State Gamecocks,Tennessee Blue Raiders,pinnacle,Spread,Jacksonville State Gamecocks,2.0,,-139,
2026-01-22 21:19:03,"Jacksonville State Gamecocks vs Tennessee Blue Raiders, 2026-01-23, 07",Jacksonville State Gamecocks,Tennessee Blue Raiders,pinnacle,Spread,Tennessee Blue Raiders,-2.0,,+114,
2026-01-22 21:19:03,"Jacksonville State Gamecocks vs Tennessee Blue Raiders, 2026-01-23, 07",Jacksonville State Gamecocks,Tennessee Blue Raiders,pinnacle,Spread,Jacksonville State Gamecocks,1.5,,-127,
2026-01-22 21:19:03,"Jacksonville State Gamecocks vs Tennessee Blue Raiders, 2026-01-23, 07",Jacksonville State Gamecocks,Tennessee Blue Raiders,pinnacle,Spread,Tennessee Blue Raiders,-1.5,,+105,
2026-01-22 21:19:03,"Jacksonville State Gamecocks vs Tennessee Blue Raiders, 2026-01-23, 07",Jacksonville State Gamecocks,Tennessee Blue Raiders,pinnacle,Spread,Jacksonville State Gamecocks,1.0,,-120,
2026-01-22 21:19:03,"Jacksonville State Gamecocks vs Tennessee Blue Raiders, 2026-01-23, 07",Jacksonville State Gamecocks,Tennessee Blue Raiders,pinnacle,Spread,Tennessee Blue Raiders,-1.0,,-101,
2026-01-22 21:19:03,"Jacksonville State Gamecocks vs Tennessee Blue Raiders, 2026-01-23, 07",Jacksonville State Gamecocks,Tennessee Blue Raiders,pinnacle,Spread,Jacksonville State Gamecocks,-1.0,,-105,
2026-01-22 21:19:03,"Jacksonville State Gamecocks vs Tennessee Blue Raiders, 2026-01-23, 07",Jacksonville State Gamecocks,Tennessee Blue Raiders,pinnacle,Spread,Tennessee Blue Raiders,1.0,,-115,
2026-01-22 21:19:03,"Jacksonville State Gamecocks vs Tennessee Blue Raiders, 2026-01-23, 07",Jacksonville State Gamecocks,Tennessee Blue Raiders,pinnacle,Spread,Jacksonville State Gamecocks,-1.5,,+102,
2026-01-22 21:19:03,"Jacksonville State Gamecocks vs Tennessee Blue Raiders, 2026-01-23, 07",Jacksonville State Gamecocks,Tennessee Blue Raiders,pinnacle,Spread,Tennessee Blue Raiders,1.5,,-124,
2026-01-22 21:19:03,"Jacksonville State Gamecocks vs Tennessee Blue Raiders, 2026-01-23, 07",Jacksonville State Gamecocks,Tennessee Blue Raiders,pinnacle,Spread,Jacksonville State Gamecocks,-2.0,,+112,
2026-01-22 21:19:03,"Jacksonville State Gamecocks vs Tennessee Blue Raiders, 2026-01-23, 07",Jacksonville State Gamecocks,Tennessee Blue Raiders,pinnacle,Spread,Tennessee Blue Raiders,2.0,,-136,
2026-01-22 21:19:03,"Jacksonville State Gamecocks vs Tennessee Blue Raiders, 2026-01-23, 07",Jacksonville State Gamecocks,Tennessee Blue Raiders,pinnacle,Spread,Jacksonville State Gamecocks,-2.5,,+122,
2026-01-22 21:19:03,"Jacksonville State Gamecocks vs Tennessee Blue Raiders, 2026-01-23, 07",Jacksonville State Gamecocks,Tennessee Blue Raiders,pinnacle,Spread,Tennessee Blue Raiders,2.5,,-150,
2026-01-22 21:19:03,"Jacksonville State Gamecocks vs Tennessee Blue Raiders, 2026-01-23, 07",Jacksonville State Gamecocks,Tennessee Blue Raiders,pinnacle,Spread,Tennessee Blue Raiders,3.0,,-160,
2026-01-22 21:19:03,"Jacksonville State Gamecocks vs Tennessee Blue Raiders, 2026-01-23, 07",Jacksonville State Gamecocks,Tennessee Blue Raiders,pinnacle,Spread,Jacksonville State Gamecocks,-3.0,,+131,
2026-01-22 21:19:03,"Jacksonville State Gamecocks vs Tennessee Blue Raiders, 2026-01-23, 07",Jacksonville State Gamecocks,Tennessee Blue Raiders,pinnacle,Spread,Tennessee Blue Raiders,-2.5,,+123,
2026-01-22 21:19:03,"Jacksonville State Gamecocks vs Tennessee Blue Raiders, 2026-01-23, 07",Jacksonville State Gamecocks,Tennessee Blue Raiders,pinnacle,Spread,Jacksonville State Gamecocks,2.5,,-150,
2026-01-22 21:19:03,"Le Moyne Dolphins vs Wagner Seahawks, 2026-01-23, 07",Le Moyne Dolphins,Wagner Seahawks,betonline,Spread,Le Moyne Dolphins,-7.5,,-110,
2026-01-22 21:19:03,"Le Moyne Dolphins vs Wagner Seahawks, 2026-01-23, 07",Le Moyne Dolphins,Wagner Seahawks,betonline,Spread,Wagner Seahawks,7.5,,-110,
2026-01-22 21:19:03,"Lindenwood Lions vs Tennessee Tech Golden Eagles, 2026-01-22, 08",Lindenwood Lions,Tennessee Tech Golden Eagles,betmgm,Spread,Tennessee Tech Golden Eagles,8.5,,-110,https://www.on.betmgm.ca/en/sports/events/18888259?options=18888259-1444480777--232016550&type=Single
2026-01-22 21:19:03,"Lindenwood Lions vs Tennessee Tech Golden Eagles, 2026-01-22, 08",Lindenwood Lions,Tennessee Tech Golden Eagles,betmgm,Spread,Lindenwood Lions,-8.5,,-110,https://www.on.betmgm.ca/en/sports/events/18888259?options=18888259-1444480777--232016549&type=Single
2026-01-22 21:19:03,"Lindenwood Lions vs Tennessee Tech Golden Eagles, 2026-01-22, 08",Lindenwood Lions,Tennessee Tech Golden Eagles,draftkings,Spread,Tennessee Tech Golden Eagles,16.5,,+165,https://sportsbook.draftkings.com/event/tennessee-tech-%40-lindenwood/33504078?outcomes=0HC83095063P1650_3
2026-01-22 21:19:03,"Lindenwood Lions vs Tennessee Tech Golden Eagles, 2026-01-22, 08",Lindenwood Lions,Tennessee Tech Golden Eagles,draftkings,Spread,Lindenwood Lions,-16.5,,-225,https://sportsbook.draftkings.com/event/tennessee-tech-%40-lindenwood/33504078?outcomes=0HC83095063N1650_1
2026-01-22 21:19:03,"Lindenwood Lions vs Tennessee Tech Golden Eagles, 2026-01-22, 08",Lindenwood Lions,Tennessee Tech Golden Eagles,draftkings,Spread,Tennessee Tech Golden Eagles,17.5,,+140,https://sportsbook.draftkings.com/event/tennessee-tech-%40-lindenwood/33504078?outcomes=0HC83095063P1750_3
2026-01-22 21:19:03,"Lindenwood Lions vs Tennessee Tech Golden Eagles, 2026-01-22, 08",Lindenwood Lions,Tennessee Tech Golden Eagles,draftkings,Spread,Lindenwood Lions,-17.5,,-190,https://sportsbook.draftkings.com/event/tennessee-tech-%40-lindenwood/33504078?outcomes=0HC83095063N1750_1
2026-01-22 21:19:03,"Lindenwood Lions vs Tennessee Tech Golden Eagles, 2026-01-22, 08",Lindenwood Lions,Tennessee Tech Golden Eagles,draftkings,Spread,Tennessee Tech Golden Eagles,23.5,,-215,https://sportsbook.draftkings.com/event/tennessee-tech-%40-lindenwood/33504078?outcomes=0HC83095063P2350_3
2026-01-22 21:19:03,"Lindenwood Lions vs Tennessee Tech Golden Eagles, 2026-01-22, 08",Lindenwood Lions,Tennessee Tech Golden Eagles,draftkings,Spread,Lindenwood Lions,-23.5,,+160,https://sportsbook.draftkings.com/event/tennessee-tech-%40-lindenwood/33504078?outcomes=0HC83095063N2350_1
2026-01-22 21:19:03,"Lindenwood Lions vs Tennessee Tech Golden Eagles, 2026-01-22, 08",Lindenwood Lions,Tennessee Tech Golden Eagles,draftkings,Spread,Tennessee Tech Golden Eagles,24.5,,-255,https://sportsbook.draftkings.com/event/tennessee-tech-%40-lindenwood/33504078?outcomes=0HC83095063P2450_3
2026-01-22 21:19:03,"Lindenwood Lions vs Tennessee Tech Golden Eagles, 2026-01-22, 08",Lindenwood Lions,Tennessee Tech Golden Eagles,draftkings,Spread,Lindenwood Lions,-24.5,,+185,https://sportsbook.draftkings.com/event/tennessee-tech-%40-lindenwood/33504078?outcomes=0HC83095063N2450_1
2026-01-22 21:19:03,"Lindenwood Lions vs Tennessee Tech Golden Eagles, 2026-01-22, 08",Lindenwood Lions,Tennessee Tech Golden Eagles,draftkings,Spread,Lindenwood Lions,-19.5,,-130,https://sportsbook.draftkings.com/event/tennessee-tech-%40-lindenwood/33504078?outcomes=0HC83095063N1950_1
2026-01-22 21:19:03,"Lindenwood Lions vs Tennessee Tech Golden Eagles, 2026-01-22, 08",Lindenwood Lions,Tennessee Tech Golden Eagles,draftkings,Spread,Tennessee Tech Golden Eagles,19.5,,-105,https://sportsbook.draftkings.com/event/tennessee-tech-%40-lindenwood/33504078?outcomes=0HC83095063P1950_3
2026-01-22 21:19:03,"Lindenwood Lions vs Tennessee Tech Golden Eagles, 2026-01-22, 08",Lindenwood Lions,Tennessee Tech Golden Eagles,draftkings,Spread,Lindenwood Lions,-15.5,,-275,https://sportsbook.draftkings.com/event/tennessee-tech-%40-lindenwood/33504078?outcomes=0HC83095063N1550_1
2026-01-22 21:19:03,"Lindenwood Lions vs Tennessee Tech Golden Eagles, 2026-01-22, 08",Lindenwood Lions,Tennessee Tech Golden Eagles,draftkings,Spread,Lindenwood Lions,-22.5,,+135,https://sportsbook.draftkings.com/event/tennessee-tech-%40-lindenwood/33504078?outcomes=0HC83095063N2250_1
2026-01-22 21:19:03,"Lindenwood Lions vs Tennessee Tech Golden Eagles, 2026-01-22, 08",Lindenwood Lions,Tennessee Tech Golden Eagles,draftkings,Spread,Tennessee Tech Golden Eagles,15.5,,+200,https://sportsbook.draftkings.com/event/tennessee-tech-%40-lindenwood/33504078?outcomes=0HC83095063P1550_3
2026-01-22 21:19:03,"Lindenwood Lions vs Tennessee Tech Golden Eagles, 2026-01-22, 08",Lindenwood Lions,Tennessee Tech Golden Eagles,draftkings,Spread,Tennessee Tech Golden Eagles,22.5,,-180,https://sportsbook.draftkings.com/event/tennessee-tech-%40-lindenwood/33504078?outcomes=0HC83095063P2250_3
2026-01-22 21:19:03,"Lindenwood Lions vs Tennessee Tech Golden Eagles, 2026-01-22, 08",Lindenwood Lions,Tennessee Tech Golden Eagles,draftkings,Spread,Lindenwood Lions,-21.5,,+110,https://sportsbook.draftkings.com/event/tennessee-tech-%40-lindenwood/33504078?outcomes=0HC83095063N2150_1
2026-01-22 21:19:03,"Lindenwood Lions vs Tennessee Tech Golden Eagles, 2026-01-22, 08",Lindenwood Lions,Tennessee Tech Golden Eagles,draftkings,Spread,Lindenwood Lions,-14.5,,-350,https://sportsbook.draftkings.com/event/tennessee-tech-%40-lindenwood/33504078?outcomes=0HC83095063N1450_1
2026-01-22 21:19:03,"Lindenwood Lions vs Tennessee Tech Golden Eagles, 2026-01-22, 08",Lindenwood Lions,Tennessee Tech Golden Eagles,draftkings,Spread,Tennessee Tech Golden Eagles,21.5,,-150,https://sportsbook.draftkings.com/event/tennessee-tech-%40-lindenwood/33504078?outcomes=0HC83095063P2150_3
2026-01-22 21:19:03,"Lindenwood Lions vs Tennessee Tech Golden Eagles, 2026-01-22, 08",Lindenwood Lions,Tennessee Tech Golden Eagles,draftkings,Spread,Tennessee Tech Golden Eagles,14.5,,+245,https://sportsbook.draftkings.com/event/tennessee-tech-%40-lindenwood/33504078?outcomes=0HC83095063P1450_3
2026-01-22 21:19:03,"Lipscomb Bisons vs Florida Gulf Coast Eagles, 2026-01-23, 01",Lipscomb Bisons,Florida Gulf Coast Eagles,betonline,Spread,Florida Gulf Coast Eagles,4.5,,-110,
2026-01-22 21:19:03,"Lipscomb Bisons vs Florida Gulf Coast Eagles, 2026-01-23, 01",Lipscomb Bisons,Florida Gulf Coast Eagles,betonline,Spread,Lipscomb Bisons,-4.5,,-110,
2026-01-22 21:19:03,"Louisiana Bulldogs vs Kennesaw State Owls, 2026-01-23, 02",Louisiana Bulldogs,Kennesaw State Owls,draftkings,Spread,Kennesaw State Owls,-1.5,,+105,https://sportsbook.draftkings.com/event/kennesaw-state-%40-louisiana-tech/33510240?outcomes=0HC83102584N150_3
2026-01-22 21:19:03,"Louisiana Bulldogs vs Kennesaw State Owls, 2026-01-23, 02",Louisiana Bulldogs,Kennesaw State Owls,draftkings,Spread,Louisiana Bulldogs,1.5,,-125,https://sportsbook.draftkings.com/event/kennesaw-state-%40-louisiana-tech/33510240?outcomes=0HC83102584P150_1
2026-01-22 21:19:03,"Louisiana Bulldogs vs Kennesaw State Owls, 2026-01-23, 02",Louisiana Bulldogs,Kennesaw State Owls,pinnacle,Spread,Kennesaw State Owls,-1.0,,-109,
2026-01-22 21:19:03,"Louisiana Bulldogs vs Kennesaw State Owls, 2026-01-23, 02",Louisiana Bulldogs,Kennesaw State Owls,pinnacle,Spread,Louisiana Bulldogs,-1.0,,+101,
2026-01-22 21:19:03,"Louisiana Bulldogs vs Kennesaw State Owls, 2026-01-23, 02",Louisiana Bulldogs,Kennesaw State Owls,pinnacle,Spread,Kennesaw State Owls,1.0,,-127,
2026-01-22 21:19:03,"Louisiana Bulldogs vs Kennesaw State Owls, 2026-01-23, 02",Louisiana Bulldogs,Kennesaw State Owls,pinnacle,Spread,Louisiana Bulldogs,-1.5,,+107,
2026-01-22 21:19:03,"Louisiana Bulldogs vs Kennesaw State Owls, 2026-01-23, 02",Louisiana Bulldogs,Kennesaw State Owls,pinnacle,Spread,Kennesaw State Owls,1.5,,-135,
2026-01-22 21:19:03,"Louisiana Bulldogs vs Kennesaw State Owls, 2026-01-23, 02",Louisiana Bulldogs,Kennesaw State Owls,pinnacle,Spread,Louisiana Bulldogs,-2.0,,+116,
2026-01-22 21:19:03,"Louisiana Bulldogs vs Kennesaw State Owls, 2026-01-23, 02",Louisiana Bulldogs,Kennesaw State Owls,pinnacle,Spread,Kennesaw State Owls,2.0,,-147,
2026-01-22 21:19:03,"Louisiana Bulldogs vs Kennesaw State Owls, 2026-01-23, 02",Louisiana Bulldogs,Kennesaw State Owls,pinnacle,Spread,Louisiana Bulldogs,-2.5,,+126,
2026-01-22 21:19:03,"Louisiana Bulldogs vs Kennesaw State Owls, 2026-01-23, 02",Louisiana Bulldogs,Kennesaw State Owls,pinnacle,Spread,Kennesaw State Owls,2.5,,-160,
2026-01-22 21:19:03,"Louisiana Bulldogs vs Kennesaw State Owls, 2026-01-23, 02",Louisiana Bulldogs,Kennesaw State Owls,pinnacle,Spread,Louisiana Bulldogs,3.0,,-156,
2026-01-22 21:19:03,"Louisiana Bulldogs vs Kennesaw State Owls, 2026-01-23, 02",Louisiana Bulldogs,Kennesaw State Owls,pinnacle,Spread,Kennesaw State Owls,-3.0,,+123,
2026-01-22 21:19:03,"Louisiana Bulldogs vs Kennesaw State Owls, 2026-01-23, 02",Louisiana Bulldogs,Kennesaw State Owls,pinnacle,Spread,Louisiana Bulldogs,2.5,,-146,
2026-01-22 21:19:03,"Louisiana Bulldogs vs Kennesaw State Owls, 2026-01-23, 02",Louisiana Bulldogs,Kennesaw State Owls,pinnacle,Spread,Louisiana Bulldogs,1.0,,-111,
2026-01-22 21:19:03,"Louisiana Bulldogs vs Kennesaw State Owls, 2026-01-23, 02",Louisiana Bulldogs,Kennesaw State Owls,pinnacle,Spread,Kennesaw State Owls,-1.5,,-104,
2026-01-22 21:19:03,"Louisiana Bulldogs vs Kennesaw State Owls, 2026-01-23, 02",Louisiana Bulldogs,Kennesaw State Owls,pinnacle,Spread,Louisiana Bulldogs,1.5,,-121,
2026-01-22 21:19:03,"Louisiana Bulldogs vs Kennesaw State Owls, 2026-01-23, 02",Louisiana Bulldogs,Kennesaw State Owls,pinnacle,Spread,Kennesaw State Owls,-2.0,,+106,
2026-01-22 21:19:03,"Louisiana Bulldogs vs Kennesaw State Owls, 2026-01-23, 02",Louisiana Bulldogs,Kennesaw State Owls,pinnacle,Spread,Louisiana Bulldogs,2.0,,-133,
2026-01-22 21:19:03,"Louisiana Bulldogs vs Kennesaw State Owls, 2026-01-23, 02",Louisiana Bulldogs,Kennesaw State Owls,pinnacle,Spread,Kennesaw State Owls,-2.5,,+115,
2026-01-22 21:19:03,"Michigan Wolverines vs Ohio State Buckeyes, 2026-01-23, 08",Michigan Wolverines,Ohio State Buckeyes,draftkings,Spread,Ohio State Buckeyes,15.5,,-112,https://sportsbook.draftkings.com/event/ohio-state-%40-michigan/33510248?outcomes=0HC83102594P1550_3
2026-01-22 21:19:03,"Michigan Wolverines vs Ohio State Buckeyes, 2026-01-23, 08",Michigan Wolverines,Ohio State Buckeyes,draftkings,Spread,Michigan Wolverines,-15.5,,-108,https://sportsbook.draftkings.com/event/ohio-state-%40-michigan/33510248?outcomes=0HC83102594N1550_1
2026-01-22 21:19:03,"Michigan Wolverines vs Ohio State Buckeyes, 2026-01-23, 08",Michigan Wolverines,Ohio State Buckeyes,betonline,Spread,Michigan Wolverines,-15.0,,-110,
2026-01-22 21:19:03,"Michigan Wolverines vs Ohio State Buckeyes, 2026-01-23, 08",Michigan Wolverines,Ohio State Buckeyes,betonline,Spread,Ohio State Buckeyes,15.0,,-110,
2026-01-22 21:19:03,"Michigan Wolverines vs Ohio State Buckeyes, 2026-01-23, 08",Michigan Wolverines,Ohio State Buckeyes,pinnacle,Spread,Michigan Wolverines,-13.5,,-158,
2026-01-22 21:19:03,"Michigan Wolverines vs Ohio State Buckeyes, 2026-01-23, 08",Michigan Wolverines,Ohio State Buckeyes,pinnacle,Spread,Ohio State Buckeyes,13.5,,+124,
2026-01-22 21:19:03,"Michigan Wolverines vs Ohio State Buckeyes, 2026-01-23, 08",Michigan Wolverines,Ohio State Buckeyes,pinnacle,Spread,Michigan Wolverines,-14.0,,-147,
2026-01-22 21:19:03,"Michigan Wolverines vs Ohio State Buckeyes, 2026-01-23, 08",Michigan Wolverines,Ohio State Buckeyes,pinnacle,Spread,Ohio State Buckeyes,14.0,,+117,
2026-01-22 21:19:03,"Michigan Wolverines vs Ohio State Buckeyes, 2026-01-23, 08",Michigan Wolverines,Ohio State Buckeyes,pinnacle,Spread,Michigan Wolverines,-14.5,,-137,
2026-01-22 21:19:03,"Michigan Wolverines vs Ohio State Buckeyes, 2026-01-23, 08",Michigan Wolverines,Ohio State Buckeyes,pinnacle,Spread,Ohio State Buckeyes,14.5,,+109,
2026-01-22 21:19:03,"Michigan Wolverines vs Ohio State Buckeyes, 2026-01-23, 08",Michigan Wolverines,Ohio State Buckeyes,pinnacle,Spread,Michigan Wolverines,-15.0,,-126,
2026-01-22 21:19:03,"Michigan Wolverines vs Ohio State Buckeyes, 2026-01-23, 08",Michigan Wolverines,Ohio State Buckeyes,pinnacle,Spread,Ohio State Buckeyes,15.0,,+100,
2026-01-22 21:19:03,"Michigan Wolverines vs Ohio State Buckeyes, 2026-01-23, 08",Michigan Wolverines,Ohio State Buckeyes,pinnacle,Spread,Michigan Wolverines,-15.5,,-114,
2026-01-22 21:19:03,"Michigan Wolverines vs Ohio State Buckeyes, 2026-01-23, 08",Michigan Wolverines,Ohio State Buckeyes,pinnacle,Spread,Ohio State Buckeyes,15.5,,-107,
2026-01-22 21:19:03,"Michigan Wolverines vs Ohio State Buckeyes, 2026-01-23, 08",Michigan Wolverines,Ohio State Buckeyes,pinnacle,Spread,Michigan Wolverines,-16.0,,-106,
2026-01-22 21:19:03,"Michigan Wolverines vs Ohio State Buckeyes, 2026-01-23, 08",Michigan Wolverines,Ohio State Buckeyes,pinnacle,Spread,Ohio State Buckeyes,16.0,,-118,
2026-01-22 21:19:03,"Michigan Wolverines vs Ohio State Buckeyes, 2026-01-23, 08",Michigan Wolverines,Ohio State Buckeyes,pinnacle,Spread,Michigan Wolverines,-16.5,,+102,
2026-01-22 21:19:03,"Michigan Wolverines vs Ohio State Buckeyes, 2026-01-23, 08",Michigan Wolverines,Ohio State Buckeyes,pinnacle,Spread,Ohio State Buckeyes,16.5,,-128,
2026-01-22 21:19:03,"Michigan Wolverines vs Ohio State Buckeyes, 2026-01-23, 08",Michigan Wolverines,Ohio State Buckeyes,pinnacle,Spread,Michigan Wolverines,-17.0,,+109,
2026-01-22 21:19:03,"Michigan Wolverines vs Ohio State Buckeyes, 2026-01-23, 08",Michigan Wolverines,Ohio State Buckeyes,pinnacle,Spread,Ohio State Buckeyes,17.0,,-138,
2026-01-22 21:19:03,"Michigan Wolverines vs Ohio State Buckeyes, 2026-01-23, 08",Michigan Wolverines,Ohio State Buckeyes,pinnacle,Spread,Michigan Wolverines,-17.5,,+117,
2026-01-22 21:19:03,"Michigan Wolverines vs Ohio State Buckeyes, 2026-01-23, 08",Michigan Wolverines,Ohio State Buckeyes,pinnacle,Spread,Ohio State Buckeyes,17.5,,-148,
2026-01-22 21:19:03,"Montana Grizzlies vs Weber State Wildcats, 2026-01-22, 09",Montana Grizzlies,Weber State Wildcats,draftkings,Spread,Weber State Wildcats,-2.5,,+190,https://sportsbook.draftkings.com/event/weber-state-%40-montana/33504076?outcomes=0HC83095090N250_3
2026-01-22 21:19:03,"Montana Grizzlies vs Weber State Wildcats, 2026-01-22, 09",Montana Grizzlies,Weber State Wildcats,draftkings,Spread,Montana Grizzlies,2.5,,-260,https://sportsbook.draftkings.com/event/weber-state-%40-montana/33504076?outcomes=0HC83095090P250_1
2026-01-22 21:19:03,"Montana Grizzlies vs Weber State Wildcats, 2026-01-22, 09",Montana Grizzlies,Weber State Wildcats,draftkings,Spread,Weber State Wildcats,-1.5,,+160,https://sportsbook.draftkings.com/event/weber-state-%40-montana/33504076?outcomes=0HC83095090N150_3
2026-01-22 21:19:03,"Montana Grizzlies vs Weber State Wildcats, 2026-01-22, 09",Montana Grizzlies,Weber State Wildcats,draftkings,Spread,Montana Grizzlies,1.5,,-220,https://sportsbook.draftkings.com/event/weber-state-%40-montana/33504076?outcomes=0HC83095090P150_1
2026-01-22 21:19:03,"Montana Grizzlies vs Weber State Wildcats, 2026-01-22, 09",Montana Grizzlies,Weber State Wildcats,draftkings,Spread,Weber State Wildcats,6.5,,-180,https://sportsbook.draftkings.com/event/weber-state-%40-montana/33504076?outcomes=0HC83095090P650_3
2026-01-22 21:19:03,"Montana Grizzlies vs Weber State Wildcats, 2026-01-22, 09",Montana Grizzlies,Weber State Wildcats,draftkings,Spread,Montana Grizzlies,-6.5,,+135,https://sportsbook.draftkings.com/event/weber-state-%40-montana/33504076?outcomes=0HC83095090N650_1
2026-01-22 21:19:03,"Montana Grizzlies vs Weber State Wildcats, 2026-01-22, 09",Montana Grizzlies,Weber State Wildcats,draftkings,Spread,Weber State Wildcats,7.5,,-210,https://sportsbook.draftkings.com/event/weber-state-%40-montana/33504076?outcomes=0HC83095090P750_3
2026-01-22 21:19:03,"Montana Grizzlies vs Weber State Wildcats, 2026-01-22, 09",Montana Grizzlies,Weber State Wildcats,draftkings,Spread,Montana Grizzlies,-7.5,,+155,https://sportsbook.draftkings.com/event/weber-state-%40-montana/33504076?outcomes=0HC83095090N750_1
2026-01-22 21:19:03,"Montana Grizzlies vs Weber State Wildcats, 2026-01-22, 09",Montana Grizzlies,Weber State Wildcats,draftkings,Spread,Weber State Wildcats,1.5,,+120,https://sportsbook.draftkings.com/event/weber-state-%40-montana/33504076?outcomes=0HC83095090P150_3
2026-01-22 21:19:03,"Montana Grizzlies vs Weber State Wildcats, 2026-01-22, 09",Montana Grizzlies,Weber State Wildcats,draftkings,Spread,Weber State Wildcats,9.5,,-300,https://sportsbook.draftkings.com/event/weber-state-%40-montana/33504076?outcomes=0HC83095090P950_3
2026-01-22 21:19:03,"Montana Grizzlies vs Weber State Wildcats, 2026-01-22, 09",Montana Grizzlies,Weber State Wildcats,draftkings,Spread,Montana Grizzlies,-8.5,,+180,https://sportsbook.draftkings.com/event/weber-state-%40-montana/33504076?outcomes=0HC83095090N850_1
2026-01-22 21:19:03,"Montana Grizzlies vs Weber State Wildcats, 2026-01-22, 09",Montana Grizzlies,Weber State Wildcats,draftkings,Spread,Montana Grizzlies,-1.5,,-160,https://sportsbook.draftkings.com/event/weber-state-%40-montana/33504076?outcomes=0HC83095090N150_1
2026-01-22 21:19:03,"Montana Grizzlies vs Weber State Wildcats, 2026-01-22, 09",Montana Grizzlies,Weber State Wildcats,draftkings,Spread,Montana Grizzlies,-9.5,,+220,https://sportsbook.draftkings.com/event/weber-state-%40-montana/33504076?outcomes=0HC83095090N950_1
2026-01-22 21:19:03,"Montana Grizzlies vs Weber State Wildcats, 2026-01-22, 09",Montana Grizzlies,Weber State Wildcats,draftkings,Spread,Weber State Wildcats,8.5,,-250,https://sportsbook.draftkings.com/event/weber-state-%40-montana/33504076?outcomes=0HC83095090P850_3
2026-01-22 21:19:03,"Montana Grizzlies vs Weber State Wildcats, 2026-01-22, 09",Montana Grizzlies,Weber State Wildcats,draftkings,Spread,Montana Grizzlies,-4.5,,+100,https://sportsbook.draftkings.com/event/weber-state-%40-montana/33504076?outcomes=0HC83095090N450_1
2026-01-22 21:19:03,"Montana Grizzlies vs Weber State Wildcats, 2026-01-22, 09",Montana Grizzlies,Weber State Wildcats,draftkings,Spread,Weber State Wildcats,4.5,,-135,https://sportsbook.draftkings.com/event/weber-state-%40-montana/33504076?outcomes=0HC83095090P450_3
2026-01-22 21:19:03,"Montana Grizzlies vs Weber State Wildcats, 2026-01-22, 09",Montana Grizzlies,Weber State Wildcats,draftkings,Spread,Montana Grizzlies,-2.5,,-135,https://sportsbook.draftkings.com/event/weber-state-%40-montana/33504076?outcomes=0HC83095090N250_1
2026-01-22 21:19:03,"Montana Grizzlies vs Weber State Wildcats, 2026-01-22, 09",Montana Grizzlies,Weber State Wildcats,draftkings,Spread,Weber State Wildcats,2.5,,+100,https://sportsbook.draftkings.com/event/weber-state-%40-montana/33504076?outcomes=0HC83095090P250_3
2026-01-22 21:19:03,"Montana Grizzlies vs Weber State Wildcats, 2026-01-22, 09",Montana Grizzlies,Weber State Wildcats,fanduel,Spread,Montana Grizzlies,5.5,,-550,https://sportsbook.fanduel.ca/addToBetslip?marketId=801.154054122&selectionId=1095272
2026-01-22 21:19:03,"Montana Grizzlies vs Weber State Wildcats, 2026-01-22, 09",Montana Grizzlies,Weber State Wildcats,fanduel,Spread,Montana Grizzlies,-0.5,,-210,https://sportsbook.fanduel.ca/addToBetslip?marketId=801.154054152&selectionId=1095272
2026-01-22 21:19:03,"Montana Grizzlies vs Weber State Wildcats, 2026-01-22, 09",Montana Grizzlies,Weber State Wildcats,fanduel,Spread,Weber State Wildcats,-0.5,,+155,https://sportsbook.fanduel.ca/addToBetslip?marketId=801.154054152&selectionId=2330534
2026-01-22 21:19:03,"Montana Grizzlies vs Weber State Wildcats, 2026-01-22, 09",Montana Grizzlies,Weber State Wildcats,fanduel,Spread,Weber State Wildcats,12.5,,-650,https://sportsbook.fanduel.ca/addToBetslip?marketId=801.154054076&selectionId=2330534
2026-01-22 21:19:03,"Montana Grizzlies vs Weber State Wildcats, 2026-01-22, 09",Montana Grizzlies,Weber State Wildcats,fanduel,Spread,Montana Grizzlies,-12.5,,+390,https://sportsbook.fanduel.ca/addToBetslip?marketId=801.154054076&selectionId=1095272
2026-01-22 21:19:03,"Montana Grizzlies vs Weber State Wildcats, 2026-01-22, 09",Montana Grizzlies,Weber State Wildcats,fanduel,Spread,Weber State Wildcats,9.5,,-340,https://sportsbook.fanduel.ca/addToBetslip?marketId=801.154054144&selectionId=2330534
2026-01-22 21:19:03,"Montana Grizzlies vs Weber State Wildcats, 2026-01-22, 09",Montana Grizzlies,Weber State Wildcats,fanduel,Spread,Montana Grizzlies,-9.5,,+230,https://sportsbook.fanduel.ca/addToBetslip?marketId=801.154054144&selectionId=1095272
2026-01-22 21:19:03,"Montana Grizzlies vs Weber State Wildcats, 2026-01-22, 09",Montana Grizzlies,Weber State Wildcats,fanduel,Spread,Weber State Wildcats,6.5,,-190,https://sportsbook.fanduel.ca/addToBetslip?marketId=801.154054112&selectionId=2330534
2026-01-22 21:19:03,"Montana Grizzlies vs Weber State Wildcats, 2026-01-22, 09",Montana Grizzlies,Weber State Wildcats,fanduel,Spread,Montana Grizzlies,-6.5,,+140,https://sportsbook.fanduel.ca/addToBetslip?marketId=801.154054112&selectionId=1095272
2026-01-22 21:19:03,"Montana Grizzlies vs Weber State Wildcats, 2026-01-22, 09",Montana Grizzlies,Weber State Wildcats,fanduel,Spread,Weber State Wildcats,-2.5,,+200,https://sportsbook.fanduel.ca/addToBetslip?marketId=801.154054110&selectionId=2330534
2026-01-22 21:19:03,"Montana Grizzlies vs Weber State Wildcats, 2026-01-22, 09",Montana Grizzlies,Weber State Wildcats,fanduel,Spread,Montana Grizzlies,2.5,,-290,https://sportsbook.fanduel.ca/addToBetslip?marketId=801.154054110&selectionId=1095272
2026-01-22 21:19:03,"Montana Grizzlies vs Weber State Wildcats, 2026-01-22, 09",Montana Grizzlies,Weber State Wildcats,fanduel,Spread,Weber State Wildcats,3.5,,-112,https://sportsbook.fanduel.ca/addToBetslip?marketId=801.154005532&selectionId=2330534
2026-01-22 21:19:03,"Montana Grizzlies vs Weber State Wildcats, 2026-01-22, 09",Montana Grizzlies,Weber State Wildcats,fanduel,Spread,Montana Grizzlies,-3.5,,-118,https://sportsbook.fanduel.ca/addToBetslip?marketId=801.154005532&selectionId=1095272
2026-01-22 21:19:03,"Montana Grizzlies vs Weber State Wildcats, 2026-01-22, 09",Montana Grizzlies,Weber State Wildcats,fanduel,Spread,Weber State Wildcats,-5.5,,+350,https://sportsbook.fanduel.ca/addToBetslip?marketId=801.154054122&selectionId=2330534
2026-01-22 21:19:03,"Montana Grizzlies vs Weber State Wildcats, 2026-01-22, 09",Montana Grizzlies,Weber State Wildcats,betmgm,Spread,Weber State Wildcats,4.5,,-115,https://www.on.betmgm.ca/en/sports/events/18888261?options=18888261-1444512284--231928899&type=Single
2026-01-22 21:19:03,"Montana Grizzlies vs Weber State Wildcats, 2026-01-22, 09",Montana Grizzlies,Weber State Wildcats,betmgm,Spread,Montana Grizzlies,-4.5,,-105,https://www.on.betmgm.ca/en/sports/events/18888261?options=18888261-1444512284--231928898&type=Single
2026-01-22 21:19:03,"Montana State Bobcats vs Idaho State Bengals, 2026-01-22, 09",Montana State Bobcats,Idaho State Bengals,draftkings,Spread,Montana State Bobcats,-8.5,,-135,https://sportsbook.draftkings.com/event/idaho-state-%40-montana-state/33504072?outcomes=0HC83095099N850_1
2026-01-22 21:19:03,"Montana State Bobcats vs Idaho State Bengals, 2026-01-22, 09",Montana State Bobcats,Idaho State Bengals,draftkings,Spread,Idaho State Bengals,8.5,,+100,https://sportsbook.draftkings.com/event/idaho-state-%40-montana-state/33504072?outcomes=0HC83095099P850_3
2026-01-22 21:19:03,"Montana State Bobcats vs Idaho State Bengals, 2026-01-22, 09",Montana State Bobcats,Idaho State Bengals,betmgm,Spread,Idaho State Bengals,5.5,,-115,https://www.on.betmgm.ca/en/sports/events/18888244?options=18888244-1444387706--232251038&type=Single
2026-01-22 21:19:03,"Montana State Bobcats vs Idaho State Bengals, 2026-01-22, 09",Montana State Bobcats,Idaho State Bengals,betmgm,Spread,Montana State Bobcats,-5.5,,-105,https://www.on.betmgm.ca/en/sports/events/18888244?options=18888244-1444387706--232251036&type=Single
2026-01-22 21:19:03,"Montana State Bobcats vs Idaho State Bengals, 2026-01-22, 09",Montana State Bobcats,Idaho State Bengals,draftkings,Spread,Idaho State Bengals,1.5,,+215,https://sportsbook.draftkings.com/event/idaho-state-%40-montana-state/33504072?outcomes=0HC83095099P150_3
2026-01-22 21:19:03,"Montana State Bobcats vs Idaho State Bengals, 2026-01-22, 09",Montana State Bobcats,Idaho State Bengals,draftkings,Spread,Montana State Bobcats,-1.5,,-300,https://sportsbook.draftkings.com/event/idaho-state-%40-montana-state/33504072?outcomes=0HC83095099N150_1
2026-01-22 21:19:03,"Morehead State Eagles vs Western Illinois Leathernecks, 2026-01-22, 07",Morehead State Eagles,Western Illinois Leathernecks,betmgm,Spread,Western Illinois Leathernecks,8.5,,-110,https://www.on.betmgm.ca/en/sports/events/18888254?options=18888254-1444800811--231153024&type=Single
2026-01-22 21:19:03,"Morehead State Eagles vs Western Illinois Leathernecks, 2026-01-22, 07",Morehead State Eagles,Western Illinois Leathernecks,betmgm,Spread,Morehead State Eagles,-8.5,,-110,https://www.on.betmgm.ca/en/sports/events/18888254?options=18888254-1444800811--231153023&type=Single
2026-01-22 21:19:03,"New Haven Chargers vs Mercyhurst Lakers, 2026-01-23, 01",New Haven Chargers,Mercyhurst Lakers,betonline,Spread,New Haven Chargers,1.0,,-110,
2026-01-22 21:19:03,"New Haven Chargers vs Mercyhurst Lakers, 2026-01-23, 01",New Haven Chargers,Mercyhurst Lakers,betonline,Spread,Mercyhurst Lakers,-1.0,,-110,
2026-01-22 21:19:03,"New Mexico State Aggies vs Missouri State Bears, 2026-01-22, 09",New Mexico State Aggies,Missouri State Bears,draftkings,Spread,New Mexico State Aggies,-8.5,,+235,https://sportsbook.draftkings.com/event/missouri-state-%40-new-mexico-state/33504082?outcomes=0HC83094991N850_1
2026-01-22 21:19:03,"New Mexico State Aggies vs Missouri State Bears, 2026-01-22, 09",New Mexico State Aggies,Missouri State Bears,draftkings,Spread,Missouri State Bears,8.5,,-330,https://sportsbook.draftkings.com/event/missouri-state-%40-new-mexico-state/33504082?outcomes=0HC83094991P850_3
2026-01-22 21:19:03,"New Mexico State Aggies vs Missouri State Bears, 2026-01-22, 09",New Mexico State Aggies,Missouri State Bears,draftkings,Spread,Missouri State Bears,2.5,,-130,https://sportsbook.draftkings.com/event/missouri-state-%40-new-mexico-state/33504082?outcomes=0HC83094991P250_3
2026-01-22 21:19:03,"New Mexico State Aggies vs Missouri State Bears, 2026-01-22, 09",New Mexico State Aggies,Missouri State Bears,draftkings,Spread,Missouri State Bears,3.5,,-155,https://sportsbook.draftkings.com/event/missouri-state-%40-new-mexico-state/33504082?outcomes=0HC83094991P350_3
2026-01-22 21:19:03,"New Mexico State Aggies vs Missouri State Bears, 2026-01-22, 09",New Mexico State Aggies,Missouri State Bears,draftkings,Spread,New Mexico State Aggies,-2.5,,-105,https://sportsbook.draftkings.com/event/missouri-state-%40-new-mexico-state/33504082?outcomes=0HC83094991N250_1
2026-01-22 21:19:03,"New Mexico State Aggies vs Missouri State Bears, 2026-01-22, 09",New Mexico State Aggies,Missouri State Bears,draftkings,Spread,New Mexico State Aggies,-6.5,,+170,https://sportsbook.draftkings.com/event/missouri-state-%40-new-mexico-state/33504082?outcomes=0HC83094991N650_1
2026-01-22 21:19:03,"New Mexico State Aggies vs Missouri State Bears, 2026-01-22, 09",New Mexico State Aggies,Missouri State Bears,draftkings,Spread,Missouri State Bears,6.5,,-235,https://sportsbook.draftkings.com/event/missouri-state-%40-new-mexico-state/33504082?outcomes=0HC83094991P650_3
2026-01-22 21:19:03,"New Mexico State Aggies vs Missouri State Bears, 2026-01-22, 09",New Mexico State Aggies,Missouri State Bears,draftkings,Spread,New Mexico State Aggies,-5.5,,+150,https://sportsbook.draftkings.com/event/missouri-state-%40-new-mexico-state/33504082?outcomes=0HC83094991N550_1
2026-01-22 21:19:03,"New Mexico State Aggies vs Missouri State Bears, 2026-01-22, 09",New Mexico State Aggies,Missouri State Bears,draftkings,Spread,Missouri State Bears,5.5,,-205,https://sportsbook.draftkings.com/event/missouri-state-%40-new-mexico-state/33504082?outcomes=0HC83094991P550_3
2026-01-22 21:19:03,"New Mexico State Aggies vs Missouri State Bears, 2026-01-22, 09",New Mexico State Aggies,Missouri State Bears,draftkings,Spread,New Mexico State Aggies,-4.5,,+130,https://sportsbook.draftkings.com/event/missouri-state-%40-new-mexico-state/33504082?outcomes=0HC83094991N450_1
2026-01-22 21:19:03,"New Mexico State Aggies vs Missouri State Bears, 2026-01-22, 09",New Mexico State Aggies,Missouri State Bears,draftkings,Spread,Missouri State Bears,4.5,,-180,https://sportsbook.draftkings.com/event/missouri-state-%40-new-mexico-state/33504082?outcomes=0HC83094991P450_3
2026-01-22 21:19:03,"New Mexico State Aggies vs Missouri State Bears, 2026-01-22, 09",New Mexico State Aggies,Missouri State Bears,draftkings,Spread,New Mexico State Aggies,-3.5,,+115,https://sportsbook.draftkings.com/event/missouri-state-%40-new-mexico-state/33504082?outcomes=0HC83094991N350_1
2026-01-22 21:19:03,"New Mexico State Aggies vs Missouri State Bears, 2026-01-22, 09",New Mexico State Aggies,Missouri State Bears,fanduel,Spread,Missouri State Bears,4.5,,-190,https://sportsbook.fanduel.ca/addToBetslip?marketId=801.154055758&selectionId=1399579
2026-01-22 21:19:03,"New Mexico State Aggies vs Missouri State Bears, 2026-01-22, 09",New Mexico State Aggies,Missouri State Bears,fanduel,Spread,New Mexico State Aggies,-4.5,,+140,https://sportsbook.fanduel.ca/addToBetslip?marketId=801.154055758&selectionId=719427
2026-01-22 21:19:03,"New Mexico State Aggies vs Missouri State Bears, 2026-01-22, 09",New Mexico State Aggies,Missouri State Bears,fanduel,Spread,Missouri State Bears,10.5,,-650,https://sportsbook.fanduel.ca/addToBetslip?marketId=801.154055830&selectionId=1399579
2026-01-22 21:19:03,"New Mexico State Aggies vs Missouri State Bears, 2026-01-22, 09",New Mexico State Aggies,Missouri State Bears,fanduel,Spread,New Mexico State Aggies,-10.5,,+410,https://sportsbook.fanduel.ca/addToBetslip?marketId=801.154055830&selectionId=719427
2026-01-22 21:19:03,"New Mexico State Aggies vs Missouri State Bears, 2026-01-22, 09",New Mexico State Aggies,Missouri State Bears,fanduel,Spread,Missouri State Bears,-4.5,,+190,https://sportsbook.fanduel.ca/addToBetslip?marketId=801.154055745&selectionId=1399579
2026-01-22 21:19:03,"New Mexico State Aggies vs Missouri State Bears, 2026-01-22, 09",New Mexico State Aggies,Missouri State Bears,fanduel,Spread,New Mexico State Aggies,4.5,,-260,https://sportsbook.fanduel.ca/addToBetslip?marketId=801.154055745&selectionId=719427
2026-01-22 21:19:03,"New Mexico State Aggies vs Missouri State Bears, 2026-01-22, 09",New Mexico State Aggies,Missouri State Bears,fanduel,Spread,Missouri State Bears,-7.5,,+300,https://sportsbook.fanduel.ca/addToBetslip?marketId=801.154055768&selectionId=1399579
2026-01-22 21:19:03,"New Mexico State Aggies vs Missouri State Bears, 2026-01-22, 09",New Mexico State Aggies,Missouri State Bears,fanduel,Spread,New Mexico State Aggies,7.5,,-460,https://sportsbook.fanduel.ca/addToBetslip?marketId=801.154055768&selectionId=719427
2026-01-22 21:19:03,"New Mexico State Aggies vs Missouri State Bears, 2026-01-22, 09",New Mexico State Aggies,Missouri State Bears,fanduel,Spread,Missouri State Bears,1.5,,-104,https://sportsbook.fanduel.ca/addToBetslip?marketId=801.152941272&selectionId=1399579
2026-01-22 21:19:03,"New Mexico State Aggies vs Missouri State Bears, 2026-01-22, 09",New Mexico State Aggies,Missouri State Bears,fanduel,Spread,New Mexico State Aggies,-1.5,,-128,https://sportsbook.fanduel.ca/addToBetslip?marketId=801.152941272&selectionId=719427
2026-01-22 21:19:03,"New Mexico State Aggies vs Missouri State Bears, 2026-01-22, 09",New Mexico State Aggies,Missouri State Bears,fanduel,Spread,Missouri State Bears,7.5,,-350,https://sportsbook.fanduel.ca/addToBetslip?marketId=801.154055823&selectionId=1399579
2026-01-22 21:19:03,"New Mexico State Aggies vs Missouri State Bears, 2026-01-22, 09",New Mexico State Aggies,Missouri State Bears,fanduel,Spread,New Mexico State Aggies,-7.5,,+240,https://sportsbook.fanduel.ca/addToBetslip?marketId=801.154055823&selectionId=719427
2026-01-22 21:19:03,"New Mexico State Aggies vs Missouri State Bears, 2026-01-22, 09",New Mexico State Aggies,Missouri State Bears,fanduel,Spread,Missouri State Bears,-1.5,,+125,https://sportsbook.fanduel.ca/addToBetslip?marketId=801.154055802&selectionId=1399579
2026-01-22 21:19:03,"New Mexico State Aggies vs Missouri State Bears, 2026-01-22, 09",New Mexico State Aggies,Missouri State Bears,fanduel,Spread,New Mexico State Aggies,1.5,,-165,https://sportsbook.fanduel.ca/addToBetslip?marketId=801.154055802&selectionId=719427
2026-01-22 21:19:03,"New Mexico State Aggies vs Missouri State Bears, 2026-01-22, 09",New Mexico State Aggies,Missouri State Bears,pinnacle,Spread,New Mexico State Aggies,-1.0,,-138,
2026-01-22 21:19:03,"New Mexico State Aggies vs Missouri State Bears, 2026-01-22, 09",New Mexico State Aggies,Missouri State Bears,pinnacle,Spread,Missouri State Bears,1.0,,+112,
2026-01-22 21:19:03,"New Mexico State Aggies vs Missouri State Bears, 2026-01-22, 09",New Mexico State Aggies,Missouri State Bears,pinnacle,Spread,New Mexico State Aggies,-1.5,,-127,
2026-01-22 21:19:03,"New Mexico State Aggies vs Missouri State Bears, 2026-01-22, 09",New Mexico State Aggies,Missouri State Bears,pinnacle,Spread,Missouri State Bears,1.5,,+103,
2026-01-22 21:19:03,"New Mexico State Aggies vs Missouri State Bears, 2026-01-22, 09",New Mexico State Aggies,Missouri State Bears,pinnacle,Spread,New Mexico State Aggies,-2.0,,-114,
2026-01-22 21:19:03,"New Mexico State Aggies vs Missouri State Bears, 2026-01-22, 09",New Mexico State Aggies,Missouri State Bears,pinnacle,Spread,Missouri State Bears,2.0,,-106,
2026-01-22 21:19:03,"New Mexico State Aggies vs Missouri State Bears, 2026-01-22, 09",New Mexico State Aggies,Missouri State Bears,pinnacle,Spread,New Mexico State Aggies,-2.5,,-105,
2026-01-22 21:19:03,"New Mexico State Aggies vs Missouri State Bears, 2026-01-22, 09",New Mexico State Aggies,Missouri State Bears,pinnacle,Spread,Missouri State Bears,2.5,,-117,
2026-01-22 21:19:03,"New Mexico State Aggies vs Missouri State Bears, 2026-01-22, 09",New Mexico State Aggies,Missouri State Bears,pinnacle,Spread,New Mexico State Aggies,-3.0,,+104,
2026-01-22 21:19:03,"New Mexico State Aggies vs Missouri State Bears, 2026-01-22, 09",New Mexico State Aggies,Missouri State Bears,pinnacle,Spread,Missouri State Bears,3.0,,-129,
2026-01-22 21:19:03,"New Mexico State Aggies vs Missouri State Bears, 2026-01-22, 09",New Mexico State Aggies,Missouri State Bears,pinnacle,Spread,New Mexico State Aggies,-3.5,,+113,
2026-01-22 21:19:03,"New Mexico State Aggies vs Missouri State Bears, 2026-01-22, 09",New Mexico State Aggies,Missouri State Bears,pinnacle,Spread,Missouri State Bears,3.5,,-140,
2026-01-22 21:19:03,"New Mexico State Aggies vs Missouri State Bears, 2026-01-22, 09",New Mexico State Aggies,Missouri State Bears,pinnacle,Spread,Missouri State Bears,-1.0,,+131,
2026-01-22 21:19:03,"New Mexico State Aggies vs Missouri State Bears, 2026-01-22, 09",New Mexico State Aggies,Missouri State Bears,pinnacle,Spread,New Mexico State Aggies,1.0,,-163,
2026-01-22 21:19:03,"North Carolina Charlotte 49ers vs Tulane Green Wave, 2026-01-23, 07",North Carolina Charlotte 49ers,Tulane Green Wave,pinnacle,Spread,Tulane Green Wave,5.0,,-134,
2026-01-22 21:19:03,"North Carolina Charlotte 49ers vs Tulane Green Wave, 2026-01-23, 07",North Carolina Charlotte 49ers,Tulane Green Wave,pinnacle,Spread,North Carolina Charlotte 49ers,-5.5,,+114,
2026-01-22 21:19:03,"North Carolina Charlotte 49ers vs Tulane Green Wave, 2026-01-23, 07",North Carolina Charlotte 49ers,Tulane Green Wave,pinnacle,Spread,Tulane Green Wave,5.5,,-144,
2026-01-22 21:19:03,"North Carolina Charlotte 49ers vs Tulane Green Wave, 2026-01-23, 07",North Carolina Charlotte 49ers,Tulane Green Wave,pinnacle,Spread,North Carolina Charlotte 49ers,-6.0,,+122,
2026-01-22 21:19:03,"North Carolina Charlotte 49ers vs Tulane Green Wave, 2026-01-23, 07",North Carolina Charlotte 49ers,Tulane Green Wave,pinnacle,Spread,Tulane Green Wave,6.0,,-154,
2026-01-22 21:19:03,"North Carolina Charlotte 49ers vs Tulane Green Wave, 2026-01-23, 07",North Carolina Charlotte 49ers,Tulane Green Wave,pinnacle,Spread,North Carolina Charlotte 49ers,-5.0,,+106,
2026-01-22 21:19:03,"North Carolina Charlotte 49ers vs Tulane Green Wave, 2026-01-23, 07",North Carolina Charlotte 49ers,Tulane Green Wave,pinnacle,Spread,Tulane Green Wave,4.5,,-123,
2026-01-22 21:19:03,"North Carolina Charlotte 49ers vs Tulane Green Wave, 2026-01-23, 07",North Carolina Charlotte 49ers,Tulane Green Wave,pinnacle,Spread,North Carolina Charlotte 49ers,-4.5,,-102,
2026-01-22 21:19:03,"North Carolina Charlotte 49ers vs Tulane Green Wave, 2026-01-23, 07",North Carolina Charlotte 49ers,Tulane Green Wave,pinnacle,Spread,Tulane Green Wave,4.0,,-111,
2026-01-22 21:19:03,"North Carolina Charlotte 49ers vs Tulane Green Wave, 2026-01-23, 07",North Carolina Charlotte 49ers,Tulane Green Wave,pinnacle,Spread,North Carolina Charlotte 49ers,-2.0,,-154,
2026-01-22 21:19:03,"North Carolina Charlotte 49ers vs Tulane Green Wave, 2026-01-23, 07",North Carolina Charlotte 49ers,Tulane Green Wave,pinnacle,Spread,Tulane Green Wave,2.0,,+121,
2026-01-22 21:19:03,"North Carolina Charlotte 49ers vs Tulane Green Wave, 2026-01-23, 07",North Carolina Charlotte 49ers,Tulane Green Wave,pinnacle,Spread,North Carolina Charlotte 49ers,-2.5,,-141,
2026-01-22 21:19:03,"North Carolina Charlotte 49ers vs Tulane Green Wave, 2026-01-23, 07",North Carolina Charlotte 49ers,Tulane Green Wave,pinnacle,Spread,Tulane Green Wave,2.5,,+112,
2026-01-22 21:19:03,"North Carolina Charlotte 49ers vs Tulane Green Wave, 2026-01-23, 07",North Carolina Charlotte 49ers,Tulane Green Wave,pinnacle,Spread,North Carolina Charlotte 49ers,-3.0,,-131,
2026-01-22 21:19:03,"North Carolina Charlotte 49ers vs Tulane Green Wave, 2026-01-23, 07",North Carolina Charlotte 49ers,Tulane Green Wave,pinnacle,Spread,Tulane Green Wave,3.0,,+104,
2026-01-22 21:19:03,"North Carolina Charlotte 49ers vs Tulane Green Wave, 2026-01-23, 07",North Carolina Charlotte 49ers,Tulane Green Wave,pinnacle,Spread,North Carolina Charlotte 49ers,-3.5,,-121,
2026-01-22 21:19:03,"North Carolina Charlotte 49ers vs Tulane Green Wave, 2026-01-23, 07",North Carolina Charlotte 49ers,Tulane Green Wave,pinnacle,Spread,Tulane Green Wave,3.5,,-104,
2026-01-22 21:19:03,"North Carolina Charlotte 49ers vs Tulane Green Wave, 2026-01-23, 07",North Carolina Charlotte 49ers,Tulane Green Wave,pinnacle,Spread,North Carolina Charlotte 49ers,-4.0,,-109,
2026-01-22 21:19:03,"North Carolina Charlotte 49ers vs Tulane Green Wave, 2026-01-23, 07",North Carolina Charlotte 49ers,Tulane Green Wave,betonline,Spread,Tulane Green Wave,4.0,,-110,
2026-01-22 21:19:03,"North Carolina Charlotte 49ers vs Tulane Green Wave, 2026-01-23, 07",North Carolina Charlotte 49ers,Tulane Green Wave,betonline,Spread,North Carolina Charlotte 49ers,-4.0,,-110,
2026-01-22 21:19:03,"North Carolina Spartans vs Furman Paladins, 2026-01-23, 03",North Carolina Spartans,Furman Paladins,pinnacle,Spread,North Carolina Spartans,3.0,,+118,
2026-01-22 21:19:03,"North Carolina Spartans vs Furman Paladins, 2026-01-23, 03",North Carolina Spartans,Furman Paladins,pinnacle,Spread,North Carolina Spartans,7.0,,-156,
2026-01-22 21:19:03,"North Carolina Spartans vs Furman Paladins, 2026-01-23, 03",North Carolina Spartans,Furman Paladins,pinnacle,Spread,Furman Paladins,-3.0,,-150,
2026-01-22 21:19:03,"North Carolina Spartans vs Furman Paladins, 2026-01-23, 03",North Carolina Spartans,Furman Paladins,pinnacle,Spread,Furman Paladins,-7.0,,+123,
2026-01-22 21:19:03,"North Carolina Spartans vs Furman Paladins, 2026-01-23, 03",North Carolina Spartans,Furman Paladins,pinnacle,Spread,Furman Paladins,-6.5,,+115,
2026-01-22 21:19:03,"North Carolina Spartans vs Furman Paladins, 2026-01-23, 03",North Carolina Spartans,Furman Paladins,pinnacle,Spread,North Carolina Spartans,6.0,,-135,
2026-01-22 21:19:03,"North Carolina Spartans vs Furman Paladins, 2026-01-23, 03",North Carolina Spartans,Furman Paladins,pinnacle,Spread,North Carolina Spartans,5.5,,-125,
2026-01-22 21:19:03,"North Carolina Spartans vs Furman Paladins, 2026-01-23, 03",North Carolina Spartans,Furman Paladins,pinnacle,Spread,Furman Paladins,-5.5,,-101,
2026-01-22 21:19:03,"North Carolina Spartans vs Furman Paladins, 2026-01-23, 03",North Carolina Spartans,Furman Paladins,pinnacle,Spread,North Carolina Spartans,5.0,,-112,
2026-01-22 21:19:03,"North Carolina Spartans vs Furman Paladins, 2026-01-23, 03",North Carolina Spartans,Furman Paladins,pinnacle,Spread,Furman Paladins,-5.0,,-108,
2026-01-22 21:19:03,"North Carolina Spartans vs Furman Paladins, 2026-01-23, 03",North Carolina Spartans,Furman Paladins,pinnacle,Spread,North Carolina Spartans,4.5,,-105,
2026-01-22 21:19:03,"North Carolina Spartans vs Furman Paladins, 2026-01-23, 03",North Carolina Spartans,Furman Paladins,pinnacle,Spread,Furman Paladins,-4.5,,-120,
2026-01-22 21:19:03,"North Carolina Spartans vs Furman Paladins, 2026-01-23, 03",North Carolina Spartans,Furman Paladins,pinnacle,Spread,North Carolina Spartans,4.0,,+103,
2026-01-22 21:19:03,"North Carolina Spartans vs Furman Paladins, 2026-01-23, 03",North Carolina Spartans,Furman Paladins,pinnacle,Spread,Furman Paladins,-4.0,,-130,
2026-01-22 21:19:03,"North Carolina Spartans vs Furman Paladins, 2026-01-23, 03",North Carolina Spartans,Furman Paladins,pinnacle,Spread,North Carolina Spartans,3.5,,+111,
2026-01-22 21:19:03,"North Carolina Spartans vs Furman Paladins, 2026-01-23, 03",North Carolina Spartans,Furman Paladins,pinnacle,Spread,Furman Paladins,-3.5,,-140,
2026-01-22 21:19:03,"North Carolina Spartans vs Furman Paladins, 2026-01-23, 03",North Carolina Spartans,Furman Paladins,pinnacle,Spread,North Carolina Spartans,6.5,,-146,
2026-01-22 21:19:03,"North Carolina Spartans vs Furman Paladins, 2026-01-23, 03",North Carolina Spartans,Furman Paladins,betonline,Spread,North Carolina Spartans,5.5,,-110,
2026-01-22 21:19:03,"North Carolina Spartans vs Furman Paladins, 2026-01-23, 03",North Carolina Spartans,Furman Paladins,betonline,Spread,Furman Paladins,-5.5,,-110,
2026-01-22 21:19:03,"North Carolina Spartans vs Furman Paladins, 2026-01-23, 03",North Carolina Spartans,Furman Paladins,pinnacle,Spread,Furman Paladins,-6.0,,+107,
2026-01-22 21:19:03,"North Texas Mean Green vs East Carolina Pirates, 2026-01-23, 01",North Texas Mean Green,East Carolina Pirates,draftkings,Spread,East Carolina Pirates,10.5,,-112,https://sportsbook.draftkings.com/event/east-carolina-%40-north-texas/33510242?outcomes=0HC83102587P1050_3
2026-01-22 21:19:03,"North Texas Mean Green vs East Carolina Pirates, 2026-01-23, 01",North Texas Mean Green,East Carolina Pirates,draftkings,Spread,North Texas Mean Green,-10.5,,-108,https://sportsbook.draftkings.com/event/east-carolina-%40-north-texas/33510242?outcomes=0HC83102587N1050_1
2026-01-22 21:19:03,"North Texas Mean Green vs East Carolina Pirates, 2026-01-23, 01",North Texas Mean Green,East Carolina Pirates,pinnacle,Spread,North Texas Mean Green,-9.5,,-124,
2026-01-22 21:19:03,"North Texas Mean Green vs East Carolina Pirates, 2026-01-23, 01",North Texas Mean Green,East Carolina Pirates,pinnacle,Spread,East Carolina Pirates,9.5,,-101,
2026-01-22 21:19:03,"North Texas Mean Green vs East Carolina Pirates, 2026-01-23, 01",North Texas Mean Green,East Carolina Pirates,pinnacle,Spread,North Texas Mean Green,-10.0,,-111,
2026-01-22 21:19:03,"North Texas Mean Green vs East Carolina Pirates, 2026-01-23, 01",North Texas Mean Green,East Carolina Pirates,pinnacle,Spread,East Carolina Pirates,10.0,,-109,
2026-01-22 21:19:03,"North Texas Mean Green vs East Carolina Pirates, 2026-01-23, 01",North Texas Mean Green,East Carolina Pirates,pinnacle,Spread,North Texas Mean Green,-10.5,,-104,
2026-01-22 21:19:03,"North Texas Mean Green vs East Carolina Pirates, 2026-01-23, 01",North Texas Mean Green,East Carolina Pirates,pinnacle,Spread,East Carolina Pirates,10.5,,-120,
2026-01-22 21:19:03,"North Texas Mean Green vs East Carolina Pirates, 2026-01-23, 01",North Texas Mean Green,East Carolina Pirates,pinnacle,Spread,North Texas Mean Green,-11.0,,+104,
2026-01-22 21:19:03,"North Texas Mean Green vs East Carolina Pirates, 2026-01-23, 01",North Texas Mean Green,East Carolina Pirates,pinnacle,Spread,East Carolina Pirates,11.0,,-131,
2026-01-22 21:19:03,"North Texas Mean Green vs East Carolina Pirates, 2026-01-23, 01",North Texas Mean Green,East Carolina Pirates,pinnacle,Spread,North Texas Mean Green,-11.5,,+111,
2026-01-22 21:19:03,"North Texas Mean Green vs East Carolina Pirates, 2026-01-23, 01",North Texas Mean Green,East Carolina Pirates,pinnacle,Spread,East Carolina Pirates,11.5,,-141,
2026-01-22 21:19:03,"North Texas Mean Green vs East Carolina Pirates, 2026-01-23, 01",North Texas Mean Green,East Carolina Pirates,pinnacle,Spread,North Texas Mean Green,-12.0,,+119,
2026-01-22 21:19:03,"North Texas Mean Green vs East Carolina Pirates, 2026-01-23, 01",North Texas Mean Green,East Carolina Pirates,pinnacle,Spread,East Carolina Pirates,12.0,,-151,
2026-01-22 21:19:03,"North Texas Mean Green vs East Carolina Pirates, 2026-01-23, 01",North Texas Mean Green,East Carolina Pirates,pinnacle,Spread,East Carolina Pirates,9.0,,+107,
2026-01-22 21:19:03,"North Texas Mean Green vs East Carolina Pirates, 2026-01-23, 01",North Texas Mean Green,East Carolina Pirates,pinnacle,Spread,North Texas Mean Green,-9.0,,-134,
2026-01-22 21:19:03,"North Texas Mean Green vs East Carolina Pirates, 2026-01-23, 01",North Texas Mean Green,East Carolina Pirates,pinnacle,Spread,North Texas Mean Green,-8.5,,-145,
2026-01-22 21:19:03,"North Texas Mean Green vs East Carolina Pirates, 2026-01-23, 01",North Texas Mean Green,East Carolina Pirates,betonline,Spread,North Texas Mean Green,-10.0,,-115,
2026-01-22 21:19:03,"North Texas Mean Green vs East Carolina Pirates, 2026-01-23, 01",North Texas Mean Green,East Carolina Pirates,betonline,Spread,East Carolina Pirates,10.0,,-105,
2026-01-22 21:19:03,"North Texas Mean Green vs East Carolina Pirates, 2026-01-23, 01",North Texas Mean Green,East Carolina Pirates,pinnacle,Spread,North Texas Mean Green,-8.0,,-155,
2026-01-22 21:19:03,"North Texas Mean Green vs East Carolina Pirates, 2026-01-23, 01",North Texas Mean Green,East Carolina Pirates,pinnacle,Spread,East Carolina Pirates,8.0,,+122,
2026-01-22 21:19:03,"North Texas Mean Green vs East Carolina Pirates, 2026-01-23, 01",North Texas Mean Green,East Carolina Pirates,pinnacle,Spread,East Carolina Pirates,8.5,,+114,
2026-01-22 21:19:03,"Ohio Bobcats vs Akron Zips, 2026-01-23, 08",Ohio Bobcats,Akron Zips,draftkings,Spread,Akron Zips,-9.5,,-102,https://sportsbook.draftkings.com/event/akron-%40-ohio/33510247?outcomes=0HC83102593N950_3
2026-01-22 21:19:03,"Ohio Bobcats vs Akron Zips, 2026-01-23, 08",Ohio Bobcats,Akron Zips,draftkings,Spread,Ohio Bobcats,9.5,,-118,https://sportsbook.draftkings.com/event/akron-%40-ohio/33510247?outcomes=0HC83102593P950_1
2026-01-22 21:19:03,"Ohio Bobcats vs Akron Zips, 2026-01-23, 08",Ohio Bobcats,Akron Zips,pinnacle,Spread,Ohio Bobcats,11.0,,-156,
2026-01-22 21:19:03,"Ohio Bobcats vs Akron Zips, 2026-01-23, 08",Ohio Bobcats,Akron Zips,pinnacle,Spread,Akron Zips,-11.0,,+123,
2026-01-22 21:19:03,"Ohio Bobcats vs Akron Zips, 2026-01-23, 08",Ohio Bobcats,Akron Zips,pinnacle,Spread,Ohio Bobcats,10.5,,-146,
2026-01-22 21:19:03,"Ohio Bobcats vs Akron Zips, 2026-01-23, 08",Ohio Bobcats,Akron Zips,pinnacle,Spread,Akron Zips,-10.5,,+115,
2026-01-22 21:19:03,"Ohio Bobcats vs Akron Zips, 2026-01-23, 08",Ohio Bobcats,Akron Zips,pinnacle,Spread,Ohio Bobcats,10.0,,-135,
2026-01-22 21:19:03,"Ohio Bobcats vs Akron Zips, 2026-01-23, 08",Ohio Bobcats,Akron Zips,pinnacle,Spread,Akron Zips,-10.0,,+107,
2026-01-22 21:19:03,"Ohio Bobcats vs Akron Zips, 2026-01-23, 08",Ohio Bobcats,Akron Zips,betonline,Spread,Ohio Bobcats,9.5,,-110,
2026-01-22 21:19:03,"Ohio Bobcats vs Akron Zips, 2026-01-23, 08",Ohio Bobcats,Akron Zips,betonline,Spread,Akron Zips,-9.5,,-110,
2026-01-22 21:19:03,"Ohio Bobcats vs Akron Zips, 2026-01-23, 08",Ohio Bobcats,Akron Zips,pinnacle,Spread,Ohio Bobcats,9.5,,-125,
2026-01-22 21:19:03,"Ohio Bobcats vs Akron Zips, 2026-01-23, 08",Ohio Bobcats,Akron Zips,pinnacle,Spread,Ohio Bobcats,9.0,,-112,
2026-01-22 21:19:03,"Ohio Bobcats vs Akron Zips, 2026-01-23, 08",Ohio Bobcats,Akron Zips,pinnacle,Spread,Akron Zips,-9.5,,-101,
2026-01-22 21:19:03,"Ohio Bobcats vs Akron Zips, 2026-01-23, 08",Ohio Bobcats,Akron Zips,pinnacle,Spread,Akron Zips,-9.0,,-108,
2026-01-22 21:19:03,"Ohio Bobcats vs Akron Zips, 2026-01-23, 08",Ohio Bobcats,Akron Zips,pinnacle,Spread,Ohio Bobcats,8.5,,-105,
2026-01-22 21:19:03,"Ohio Bobcats vs Akron Zips, 2026-01-23, 08",Ohio Bobcats,Akron Zips,pinnacle,Spread,Akron Zips,-8.5,,-120,
2026-01-22 21:19:03,"Ohio Bobcats vs Akron Zips, 2026-01-23, 08",Ohio Bobcats,Akron Zips,pinnacle,Spread,Ohio Bobcats,8.0,,+103,
2026-01-22 21:19:03,"Ohio Bobcats vs Akron Zips, 2026-01-23, 08",Ohio Bobcats,Akron Zips,pinnacle,Spread,Akron Zips,-8.0,,-130,
2026-01-22 21:19:03,"Ohio Bobcats vs Akron Zips, 2026-01-23, 08",Ohio Bobcats,Akron Zips,pinnacle,Spread,Ohio Bobcats,7.5,,+111,
2026-01-22 21:19:03,"Ohio Bobcats vs Akron Zips, 2026-01-23, 08",Ohio Bobcats,Akron Zips,pinnacle,Spread,Akron Zips,-7.5,,-140,
2026-01-22 21:19:03,"Ohio Bobcats vs Akron Zips, 2026-01-23, 08",Ohio Bobcats,Akron Zips,pinnacle,Spread,Ohio Bobcats,7.0,,+118,
2026-01-22 21:19:03,"Ohio Bobcats vs Akron Zips, 2026-01-23, 08",Ohio Bobcats,Akron Zips,pinnacle,Spread,Akron Zips,-7.0,,-150,
2026-01-22 21:19:03,"Radford Highlanders vs High Point Panthers, 2026-01-23, 07",Radford Highlanders,High Point Panthers,betonline,Spread,High Point Panthers,-9.0,,-110,
2026-01-22 21:19:03,"Radford Highlanders vs High Point Panthers, 2026-01-23, 07",Radford Highlanders,High Point Panthers,betonline,Spread,Radford Highlanders,9.0,,-110,
2026-01-22 21:19:03,"Rutgers Scarlet Knights vs Indiana Hoosiers, 2026-01-23, 06",Rutgers Scarlet Knights,Indiana Hoosiers,draftkings,Spread,Indiana Hoosiers,-7.5,,-108,https://sportsbook.draftkings.com/event/indiana-%40-rutgers/33510244?outcomes=0HC83102589N750_3
2026-01-22 21:19:03,"Rutgers Scarlet Knights vs Indiana Hoosiers, 2026-01-23, 06",Rutgers Scarlet Knights,Indiana Hoosiers,draftkings,Spread,Rutgers Scarlet Knights,7.5,,-112,https://sportsbook.draftkings.com/event/indiana-%40-rutgers/33510244?outcomes=0HC83102589P750_1
2026-01-22 21:19:03,"Rutgers Scarlet Knights vs Indiana Hoosiers, 2026-01-23, 06",Rutgers Scarlet Knights,Indiana Hoosiers,pinnacle,Spread,Rutgers Scarlet Knights,9.5,,-163,
2026-01-22 21:19:03,"Rutgers Scarlet Knights vs Indiana Hoosiers, 2026-01-23, 06",Rutgers Scarlet Knights,Indiana Hoosiers,pinnacle,Spread,Indiana Hoosiers,-9.5,,+128,
2026-01-22 21:19:03,"Rutgers Scarlet Knights vs Indiana Hoosiers, 2026-01-23, 06",Rutgers Scarlet Knights,Indiana Hoosiers,pinnacle,Spread,Rutgers Scarlet Knights,9.0,,-151,
2026-01-22 21:19:03,"Rutgers Scarlet Knights vs Indiana Hoosiers, 2026-01-23, 06",Rutgers Scarlet Knights,Indiana Hoosiers,pinnacle,Spread,Indiana Hoosiers,-9.0,,+119,
2026-01-22 21:19:03,"Rutgers Scarlet Knights vs Indiana Hoosiers, 2026-01-23, 06",Rutgers Scarlet Knights,Indiana Hoosiers,pinnacle,Spread,Rutgers Scarlet Knights,8.5,,-140,
2026-01-22 21:19:03,"Rutgers Scarlet Knights vs Indiana Hoosiers, 2026-01-23, 06",Rutgers Scarlet Knights,Indiana Hoosiers,pinnacle,Spread,Indiana Hoosiers,-8.5,,+111,
2026-01-22 21:19:03,"Rutgers Scarlet Knights vs Indiana Hoosiers, 2026-01-23, 06",Rutgers Scarlet Knights,Indiana Hoosiers,pinnacle,Spread,Rutgers Scarlet Knights,8.0,,-129,
2026-01-22 21:19:03,"Rutgers Scarlet Knights vs Indiana Hoosiers, 2026-01-23, 06",Rutgers Scarlet Knights,Indiana Hoosiers,pinnacle,Spread,Indiana Hoosiers,-8.0,,+103,
2026-01-22 21:19:03,"Rutgers Scarlet Knights vs Indiana Hoosiers, 2026-01-23, 06",Rutgers Scarlet Knights,Indiana Hoosiers,pinnacle,Spread,Rutgers Scarlet Knights,7.5,,-117,
2026-01-22 21:19:03,"Rutgers Scarlet Knights vs Indiana Hoosiers, 2026-01-23, 06",Rutgers Scarlet Knights,Indiana Hoosiers,pinnacle,Spread,Indiana Hoosiers,-7.5,,-104,
2026-01-22 21:19:03,"Rutgers Scarlet Knights vs Indiana Hoosiers, 2026-01-23, 06",Rutgers Scarlet Knights,Indiana Hoosiers,pinnacle,Spread,Rutgers Scarlet Knights,7.0,,-109,
2026-01-22 21:19:03,"Rutgers Scarlet Knights vs Indiana Hoosiers, 2026-01-23, 06",Rutgers Scarlet Knights,Indiana Hoosiers,pinnacle,Spread,Indiana Hoosiers,-7.0,,-115,
2026-01-22 21:19:03,"Rutgers Scarlet Knights vs Indiana Hoosiers, 2026-01-23, 06",Rutgers Scarlet Knights,Indiana Hoosiers,pinnacle,Spread,Rutgers Scarlet Knights,6.5,,-101,
2026-01-22 21:19:03,"Rutgers Scarlet Knights vs Indiana Hoosiers, 2026-01-23, 06",Rutgers Scarlet Knights,Indiana Hoosiers,pinnacle,Spread,Indiana Hoosiers,-6.5,,-125,
2026-01-22 21:19:03,"Rutgers Scarlet Knights vs Indiana Hoosiers, 2026-01-23, 06",Rutgers Scarlet Knights,Indiana Hoosiers,pinnacle,Spread,Rutgers Scarlet Knights,6.0,,+107,
2026-01-22 21:19:03,"Rutgers Scarlet Knights vs Indiana Hoosiers, 2026-01-23, 06",Rutgers Scarlet Knights,Indiana Hoosiers,pinnacle,Spread,Indiana Hoosiers,-6.0,,-134,
2026-01-22 21:19:03,"Rutgers Scarlet Knights vs Indiana Hoosiers, 2026-01-23, 06",Rutgers Scarlet Knights,Indiana Hoosiers,pinnacle,Spread,Rutgers Scarlet Knights,5.5,,+114,
2026-01-22 21:19:03,"Rutgers Scarlet Knights vs Indiana Hoosiers, 2026-01-23, 06",Rutgers Scarlet Knights,Indiana Hoosiers,pinnacle,Spread,Indiana Hoosiers,-5.5,,-144,
2026-01-22 21:19:03,"Rutgers Scarlet Knights vs Indiana Hoosiers, 2026-01-23, 06",Rutgers Scarlet Knights,Indiana Hoosiers,betonline,Spread,Rutgers Scarlet Knights,7.0,,-110,
2026-01-22 21:19:03,"Rutgers Scarlet Knights vs Indiana Hoosiers, 2026-01-23, 06",Rutgers Scarlet Knights,Indiana Hoosiers,betonline,Spread,Indiana Hoosiers,-7.0,,-110,
2026-01-22 21:19:03,"Southeast Missouri State Redhawks vs Arkansas Little Rock Trojans, 2026-01-22, 08",Southeast Missouri State Redhawks,Arkansas Little Rock Trojans,draftkings,Spread,Southeast Missouri State Redhawks,-5.5,,-120,https://sportsbook.draftkings.com/event/little-rock-%40-se-missouri-state/33504075?outcomes=0HC83094636N550_1
2026-01-22 21:19:03,"Southeast Missouri State Redhawks vs Arkansas Little Rock Trojans, 2026-01-22, 08",Southeast Missouri State Redhawks,Arkansas Little Rock Trojans,draftkings,Spread,Arkansas Little Rock Trojans,5.5,,-110,https://sportsbook.draftkings.com/event/little-rock-%40-se-missouri-state/33504075?outcomes=0HC83094636P550_3
2026-01-22 21:19:03,"Southeast Missouri State Redhawks vs Arkansas Little Rock Trojans, 2026-01-22, 08",Southeast Missouri State Redhawks,Arkansas Little Rock Trojans,draftkings,Spread,Arkansas Little Rock Trojans,4.5,,+105,https://sportsbook.draftkings.com/event/little-rock-%40-se-missouri-state/33504075?outcomes=0HC83095054P450_3
2026-01-22 21:19:03,"Southern Illinois Cougars vs Tennessee Blue Raiders, 2026-01-22, 09",Southern Illinois Cougars,Tennessee Blue Raiders,draftkings,Spread,Tennessee Blue Raiders,-1.5,,+100,https://sportsbook.draftkings.com/event/tennessee-state-%40-siu-edwardsville/33504083?outcomes=0HC83094865N150_3
2026-01-22 21:19:03,"Southern Illinois Cougars vs Tennessee Blue Raiders, 2026-01-22, 09",Southern Illinois Cougars,Tennessee Blue Raiders,draftkings,Spread,Southern Illinois Cougars,1.5,,-135,https://sportsbook.draftkings.com/event/tennessee-state-%40-siu-edwardsville/33504083?outcomes=0HC83094865P150_1
2026-01-22 21:19:03,"Southern Illinois Cougars vs Tennessee Blue Raiders, 2026-01-22, 09",Southern Illinois Cougars,Tennessee Blue Raiders,draftkings,Spread,Southern Illinois Cougars,2.5,,-160,https://sportsbook.draftkings.com/event/tennessee-state-%40-siu-edwardsville/33504083?outcomes=0HC83094865P250_1
2026-01-22 21:19:03,"Southern Illinois Cougars vs Tennessee Blue Raiders, 2026-01-22, 09",Southern Illinois Cougars,Tennessee Blue Raiders,draftkings,Spread,Tennessee Blue Raiders,-2.5,,+120,https://sportsbook.draftkings.com/event/tennessee-state-%40-siu-edwardsville/33504083?outcomes=0HC83094865N250_3
2026-01-22 21:19:03,"Southern Illinois Cougars vs Tennessee Blue Raiders, 2026-01-22, 09",Southern Illinois Cougars,Tennessee Blue Raiders,draftkings,Spread,Southern Illinois Cougars,-2.5,,+120,https://sportsbook.draftkings.com/event/tennessee-state-%40-siu-edwardsville/33504083?outcomes=0HC83094865N250_1
2026-01-22 21:19:03,"Southern Illinois Cougars vs Tennessee Blue Raiders, 2026-01-22, 09",Southern Illinois Cougars,Tennessee Blue Raiders,draftkings,Spread,Tennessee Blue Raiders,2.5,,-160,https://sportsbook.draftkings.com/event/tennessee-state-%40-siu-edwardsville/33504083?outcomes=0HC83094865P250_3
2026-01-22 21:19:03,"Southern Illinois Cougars vs Tennessee Blue Raiders, 2026-01-22, 09",Southern Illinois Cougars,Tennessee Blue Raiders,draftkings,Spread,Tennessee Blue Raiders,-6.5,,+210,https://sportsbook.draftkings.com/event/tennessee-state-%40-siu-edwardsville/33504083?outcomes=0HC83094865N650_3
2026-01-22 21:19:03,"Southern Illinois Cougars vs Tennessee Blue Raiders, 2026-01-22, 09",Southern Illinois Cougars,Tennessee Blue Raiders,draftkings,Spread,Southern Illinois Cougars,6.5,,-290,https://sportsbook.draftkings.com/event/tennessee-state-%40-siu-edwardsville/33504083?outcomes=0HC83094865P650_1
2026-01-22 21:19:03,"Southern Illinois Cougars vs Tennessee Blue Raiders, 2026-01-22, 09",Southern Illinois Cougars,Tennessee Blue Raiders,draftkings,Spread,Tennessee Blue Raiders,-5.5,,+185,https://sportsbook.draftkings.com/event/tennessee-state-%40-siu-edwardsville/33504083?outcomes=0HC83094865N550_3
2026-01-22 21:19:03,"Southern Illinois Cougars vs Tennessee Blue Raiders, 2026-01-22, 09",Southern Illinois Cougars,Tennessee Blue Raiders,draftkings,Spread,Southern Illinois Cougars,5.5,,-255,https://sportsbook.draftkings.com/event/tennessee-state-%40-siu-edwardsville/33504083?outcomes=0HC83094865P550_1
2026-01-22 21:19:03,"Southern Indiana Screaming Eagles vs Eastern Illinois Panthers, 2026-01-22, 08",Southern Indiana Screaming Eagles,Eastern Illinois Panthers,betmgm,Spread,Eastern Illinois Panthers,2.5,,-110,https://www.on.betmgm.ca/en/sports/events/18888258?options=18888258-1444489630--231993200&type=Single
2026-01-22 21:19:03,"Southern Indiana Screaming Eagles vs Eastern Illinois Panthers, 2026-01-22, 08",Southern Indiana Screaming Eagles,Eastern Illinois Panthers,betmgm,Spread,Southern Indiana Screaming Eagles,-2.5,,-110,https://www.on.betmgm.ca/en/sports/events/18888258?options=18888258-1444489630--231993199&type=Single
2026-01-22 21:19:03,"Southern Indiana Screaming Eagles vs Eastern Illinois Panthers, 2026-01-22, 08",Southern Indiana Screaming Eagles,Eastern Illinois Panthers,draftkings,Spread,Southern Indiana Screaming Eagles,-7.5,,-105,https://sportsbook.draftkings.com/event/eastern-illinois-%40-southern-indiana/33504074?outcomes=0HC83094766N750_1
2026-01-22 21:19:03,"Southern Indiana Screaming Eagles vs Eastern Illinois Panthers, 2026-01-22, 08",Southern Indiana Screaming Eagles,Eastern Illinois Panthers,draftkings,Spread,Eastern Illinois Panthers,7.5,,-130,https://sportsbook.draftkings.com/event/eastern-illinois-%40-southern-indiana/33504074?outcomes=0HC83094766P750_3
2026-01-22 21:19:03,"St Francis Red Flash vs Chicago State Cougars, 2026-01-23, 07",St Francis Red Flash,Chicago State Cougars,betonline,Spread,Chicago State Cougars,2.5,,-110,
2026-01-22 21:19:03,"St Francis Red Flash vs Chicago State Cougars, 2026-01-23, 07",St Francis Red Flash,Chicago State Cougars,betonline,Spread,St Francis Red Flash,-2.5,,-110,
2026-01-22 21:19:03,"St Thomas Tommies vs South Dakota Jackrabbits, 2026-01-22, 09",St Thomas Tommies,South Dakota Jackrabbits,draftkings,Spread,St Thomas Tommies,-2.5,,+105,https://sportsbook.draftkings.com/event/south-dakota-state-%40-saint-thomas-mn/33504081?outcomes=0HC83094793N250_1
2026-01-22 21:19:03,"St Thomas Tommies vs South Dakota Jackrabbits, 2026-01-22, 09",St Thomas Tommies,South Dakota Jackrabbits,draftkings,Spread,South Dakota Jackrabbits,2.5,,-145,https://sportsbook.draftkings.com/event/south-dakota-state-%40-saint-thomas-mn/33504081?outcomes=0HC83094793P250_3
2026-01-22 21:19:03,"St Thomas Tommies vs South Dakota Jackrabbits, 2026-01-22, 09",St Thomas Tommies,South Dakota Jackrabbits,draftkings,Spread,South Dakota Jackrabbits,3.5,,-150,https://sportsbook.draftkings.com/event/south-dakota-state-%40-saint-thomas-mn/33504081?outcomes=0HC83094793P350_3
2026-01-22 21:19:03,"St Thomas Tommies vs South Dakota Jackrabbits, 2026-01-22, 09",St Thomas Tommies,South Dakota Jackrabbits,draftkings,Spread,St Thomas Tommies,-1.5,,-130,https://sportsbook.draftkings.com/event/south-dakota-state-%40-saint-thomas-mn/33504081?outcomes=0HC83094793N150_1
2026-01-22 21:19:03,"St Thomas Tommies vs South Dakota Jackrabbits, 2026-01-22, 09",St Thomas Tommies,South Dakota Jackrabbits,draftkings,Spread,St Thomas Tommies,-4.5,,+125,https://sportsbook.draftkings.com/event/south-dakota-state-%40-saint-thomas-mn/33504081?outcomes=0HC83094793N450_1
2026-01-22 21:19:03,"St Thomas Tommies vs South Dakota Jackrabbits, 2026-01-22, 09",St Thomas Tommies,South Dakota Jackrabbits,draftkings,Spread,St Thomas Tommies,-5.5,,+140,https://sportsbook.draftkings.com/event/south-dakota-state-%40-saint-thomas-mn/33504081?outcomes=0HC83094793N550_1
2026-01-22 21:19:03,"St Thomas Tommies vs South Dakota Jackrabbits, 2026-01-22, 09",St Thomas Tommies,South Dakota Jackrabbits,draftkings,Spread,St Thomas Tommies,-6.5,,+155,https://sportsbook.draftkings.com/event/south-dakota-state-%40-saint-thomas-mn/33504081?outcomes=0HC83094793N650_1
2026-01-22 21:19:03,"St Thomas Tommies vs South Dakota Jackrabbits, 2026-01-22, 09",St Thomas Tommies,South Dakota Jackrabbits,draftkings,Spread,South Dakota Jackrabbits,7.5,,-245,https://sportsbook.draftkings.com/event/south-dakota-state-%40-saint-thomas-mn/33504081?outcomes=0HC83094793P750_3
2026-01-22 21:19:03,"St Thomas Tommies vs South Dakota Jackrabbits, 2026-01-22, 09",St Thomas Tommies,South Dakota Jackrabbits,draftkings,Spread,St Thomas Tommies,-3.5,,+110,https://sportsbook.draftkings.com/event/south-dakota-state-%40-saint-thomas-mn/33504081?outcomes=0HC83094793N350_1
2026-01-22 21:19:03,"St Thomas Tommies vs South Dakota Jackrabbits, 2026-01-22, 09",St Thomas Tommies,South Dakota Jackrabbits,draftkings,Spread,South Dakota Jackrabbits,1.5,,-105,https://sportsbook.draftkings.com/event/south-dakota-state-%40-saint-thomas-mn/33504081?outcomes=0HC83094793P150_3
2026-01-22 21:19:03,"St Thomas Tommies vs South Dakota Jackrabbits, 2026-01-22, 09",St Thomas Tommies,South Dakota Jackrabbits,draftkings,Spread,South Dakota Jackrabbits,4.5,,-170,https://sportsbook.draftkings.com/event/south-dakota-state-%40-saint-thomas-mn/33504081?outcomes=0HC83094793P450_3
2026-01-22 21:19:03,"St Thomas Tommies vs South Dakota Jackrabbits, 2026-01-22, 09",St Thomas Tommies,South Dakota Jackrabbits,draftkings,Spread,St Thomas Tommies,-7.5,,+180,https://sportsbook.draftkings.com/event/south-dakota-state-%40-saint-thomas-mn/33504081?outcomes=0HC83094793N750_1
2026-01-22 21:19:03,"St Thomas Tommies vs South Dakota Jackrabbits, 2026-01-22, 09",St Thomas Tommies,South Dakota Jackrabbits,draftkings,Spread,South Dakota Jackrabbits,5.5,,-190,https://sportsbook.draftkings.com/event/south-dakota-state-%40-saint-thomas-mn/33504081?outcomes=0HC83094793P550_3
2026-01-22 21:19:03,"St Thomas Tommies vs South Dakota Jackrabbits, 2026-01-22, 09",St Thomas Tommies,South Dakota Jackrabbits,draftkings,Spread,South Dakota Jackrabbits,6.5,,-215,https://sportsbook.draftkings.com/event/south-dakota-state-%40-saint-thomas-mn/33504081?outcomes=0HC83094793P650_3
2026-01-22 21:19:03,"St Thomas Tommies vs South Dakota Jackrabbits, 2026-01-22, 09",St Thomas Tommies,South Dakota Jackrabbits,betmgm,Spread,South Dakota Jackrabbits,6.5,,-110,https://www.on.betmgm.ca/en/sports/events/18888241?options=18888241-1444903676--230882709&type=Single
2026-01-22 21:19:03,"St Thomas Tommies vs South Dakota Jackrabbits, 2026-01-22, 09",St Thomas Tommies,South Dakota Jackrabbits,betmgm,Spread,St Thomas Tommies,-6.5,,-110,https://www.on.betmgm.ca/en/sports/events/18888241?options=18888241-1444903676--230882708&type=Single
2026-01-22 21:19:03,"St. Bonaventure Bonnies vs Saint Louis Billikens, 2026-01-23, 05",St. Bonaventure Bonnies,Saint Louis Billikens,draftkings,Spread,Saint Louis Billikens,-8.5,,-110,https://sportsbook.draftkings.com/event/saint-louis-%40-saint-bonaventure/33510243?outcomes=0HC83102586N850_3
2026-01-22 21:19:03,"St. Bonaventure Bonnies vs Saint Louis Billikens, 2026-01-23, 05",St. Bonaventure Bonnies,Saint Louis Billikens,draftkings,Spread,St. Bonaventure Bonnies,8.5,,-110,https://sportsbook.draftkings.com/event/saint-louis-%40-saint-bonaventure/33510243?outcomes=0HC83102586P850_1
2026-01-22 21:19:03,"St. Bonaventure Bonnies vs Saint Louis Billikens, 2026-01-23, 05",St. Bonaventure Bonnies,Saint Louis Billikens,pinnacle,Spread,St. Bonaventure Bonnies,9.5,,-145,
2026-01-22 21:19:03,"St. Bonaventure Bonnies vs Saint Louis Billikens, 2026-01-23, 05",St. Bonaventure Bonnies,Saint Louis Billikens,pinnacle,Spread,Saint Louis Billikens,-9.5,,+114,
2026-01-22 21:19:03,"St. Bonaventure Bonnies vs Saint Louis Billikens, 2026-01-23, 05",St. Bonaventure Bonnies,Saint Louis Billikens,pinnacle,Spread,St. Bonaventure Bonnies,9.0,,-134,
2026-01-22 21:19:03,"St. Bonaventure Bonnies vs Saint Louis Billikens, 2026-01-23, 05",St. Bonaventure Bonnies,Saint Louis Billikens,pinnacle,Spread,Saint Louis Billikens,-9.0,,+107,
2026-01-22 21:19:03,"St. Bonaventure Bonnies vs Saint Louis Billikens, 2026-01-23, 05",St. Bonaventure Bonnies,Saint Louis Billikens,pinnacle,Spread,St. Bonaventure Bonnies,8.5,,-124,
2026-01-22 21:19:03,"St. Bonaventure Bonnies vs Saint Louis Billikens, 2026-01-23, 05",St. Bonaventure Bonnies,Saint Louis Billikens,pinnacle,Spread,Saint Louis Billikens,-8.5,,-101,
2026-01-22 21:19:03,"St. Bonaventure Bonnies vs Saint Louis Billikens, 2026-01-23, 05",St. Bonaventure Bonnies,Saint Louis Billikens,pinnacle,Spread,St. Bonaventure Bonnies,8.0,,-111,
2026-01-22 21:19:03,"St. Bonaventure Bonnies vs Saint Louis Billikens, 2026-01-23, 05",St. Bonaventure Bonnies,Saint Louis Billikens,pinnacle,Spread,Saint Louis Billikens,-8.0,,-109,
2026-01-22 21:19:03,"St. Bonaventure Bonnies vs Saint Louis Billikens, 2026-01-23, 05",St. Bonaventure Bonnies,Saint Louis Billikens,pinnacle,Spread,St. Bonaventure Bonnies,7.5,,-104,
2026-01-22 21:19:03,"St. Bonaventure Bonnies vs Saint Louis Billikens, 2026-01-23, 05",St. Bonaventure Bonnies,Saint Louis Billikens,pinnacle,Spread,Saint Louis Billikens,-7.5,,-121,
2026-01-22 21:19:03,"St. Bonaventure Bonnies vs Saint Louis Billikens, 2026-01-23, 05",St. Bonaventure Bonnies,Saint Louis Billikens,pinnacle,Spread,St. Bonaventure Bonnies,7.0,,+104,
2026-01-22 21:19:03,"St. Bonaventure Bonnies vs Saint Louis Billikens, 2026-01-23, 05",St. Bonaventure Bonnies,Saint Louis Billikens,pinnacle,Spread,Saint Louis Billikens,-7.0,,-131,
2026-01-22 21:19:03,"St. Bonaventure Bonnies vs Saint Louis Billikens, 2026-01-23, 05",St. Bonaventure Bonnies,Saint Louis Billikens,pinnacle,Spread,St. Bonaventure Bonnies,6.5,,+111,
2026-01-22 21:19:03,"St. Bonaventure Bonnies vs Saint Louis Billikens, 2026-01-23, 05",St. Bonaventure Bonnies,Saint Louis Billikens,pinnacle,Spread,Saint Louis Billikens,-10.0,,+122,
2026-01-22 21:19:03,"St. Bonaventure Bonnies vs Saint Louis Billikens, 2026-01-23, 05",St. Bonaventure Bonnies,Saint Louis Billikens,pinnacle,Spread,Saint Louis Billikens,-6.5,,-141,
2026-01-22 21:19:03,"St. Bonaventure Bonnies vs Saint Louis Billikens, 2026-01-23, 05",St. Bonaventure Bonnies,Saint Louis Billikens,pinnacle,Spread,Saint Louis Billikens,-6.0,,-151,
2026-01-22 21:19:03,"St. Bonaventure Bonnies vs Saint Louis Billikens, 2026-01-23, 05",St. Bonaventure Bonnies,Saint Louis Billikens,pinnacle,Spread,St. Bonaventure Bonnies,6.0,,+119,
2026-01-22 21:19:03,"St. Bonaventure Bonnies vs Saint Louis Billikens, 2026-01-23, 05",St. Bonaventure Bonnies,Saint Louis Billikens,pinnacle,Spread,St. Bonaventure Bonnies,10.0,,-155,
2026-01-22 21:19:03,"St. Bonaventure Bonnies vs Saint Louis Billikens, 2026-01-23, 05",St. Bonaventure Bonnies,Saint Louis Billikens,betonline,Spread,Saint Louis Billikens,-9.0,,-110,
2026-01-22 21:19:03,"St. Bonaventure Bonnies vs Saint Louis Billikens, 2026-01-23, 05",St. Bonaventure Bonnies,Saint Louis Billikens,betonline,Spread,St. Bonaventure Bonnies,9.0,,-110,
2026-01-22 21:19:03,"Stonehill Skyhawks vs Long Island Sharks, 2026-01-23, 07",Stonehill Skyhawks,Long Island Sharks,betonline,Spread,Long Island Sharks,-6.5,,-110,
2026-01-22 21:19:03,"Stonehill Skyhawks vs Long Island Sharks, 2026-01-23, 07",Stonehill Skyhawks,Long Island Sharks,betonline,Spread,Stonehill Skyhawks,6.5,,-110,
2026-01-22 21:19:03,"Tennessee Buccaneers vs Citadel Bulldogs, 2026-01-23, 07",Tennessee Buccaneers,Citadel Bulldogs,draftkings,Spread,Citadel Bulldogs,17.5,,-115,https://sportsbook.draftkings.com/event/the-citadel-%40-etsu/33510241?outcomes=0HC83102585P1750_3
2026-01-22 21:19:03,"Tennessee Buccaneers vs Citadel Bulldogs, 2026-01-23, 07",Tennessee Buccaneers,Citadel Bulldogs,draftkings,Spread,Tennessee Buccaneers,-17.5,,-105,https://sportsbook.draftkings.com/event/the-citadel-%40-etsu/33510241?outcomes=0HC83102585N1750_1
2026-01-22 21:19:03,"Tennessee Buccaneers vs Citadel Bulldogs, 2026-01-23, 07",Tennessee Buccaneers,Citadel Bulldogs,betonline,Spread,Tennessee Buccaneers,-17.0,,-110,
2026-01-22 21:19:03,"Tennessee Buccaneers vs Citadel Bulldogs, 2026-01-23, 07",Tennessee Buccaneers,Citadel Bulldogs,betonline,Spread,Citadel Bulldogs,17.0,,-110,
2026-01-22 21:19:03,"Tennessee Buccaneers vs Citadel Bulldogs, 2026-01-23, 07",Tennessee Buccaneers,Citadel Bulldogs,pinnacle,Spread,Tennessee Buccaneers,-17.0,,-110,
2026-01-22 21:19:03,"Tennessee Buccaneers vs Citadel Bulldogs, 2026-01-23, 07",Tennessee Buccaneers,Citadel Bulldogs,pinnacle,Spread,Citadel Bulldogs,17.0,,-110,
2026-01-22 21:19:03,"Tennessee Buccaneers vs Citadel Bulldogs, 2026-01-23, 07",Tennessee Buccaneers,Citadel Bulldogs,pinnacle,Spread,Citadel Bulldogs,15.0,,+121,
2026-01-22 21:19:03,"Tennessee Buccaneers vs Citadel Bulldogs, 2026-01-23, 07",Tennessee Buccaneers,Citadel Bulldogs,pinnacle,Spread,Tennessee Buccaneers,-15.5,,-143,
2026-01-22 21:19:03,"Tennessee Buccaneers vs Citadel Bulldogs, 2026-01-23, 07",Tennessee Buccaneers,Citadel Bulldogs,pinnacle,Spread,Citadel Bulldogs,15.5,,+113,
2026-01-22 21:19:03,"Tennessee Buccaneers vs Citadel Bulldogs, 2026-01-23, 07",Tennessee Buccaneers,Citadel Bulldogs,pinnacle,Spread,Tennessee Buccaneers,-16.0,,-133,
2026-01-22 21:19:03,"Tennessee Buccaneers vs Citadel Bulldogs, 2026-01-23, 07",Tennessee Buccaneers,Citadel Bulldogs,pinnacle,Spread,Citadel Bulldogs,16.0,,+105,
2026-01-22 21:19:03,"Tennessee Buccaneers vs Citadel Bulldogs, 2026-01-23, 07",Tennessee Buccaneers,Citadel Bulldogs,pinnacle,Spread,Tennessee Buccaneers,-16.5,,-122,
2026-01-22 21:19:03,"Tennessee Buccaneers vs Citadel Bulldogs, 2026-01-23, 07",Tennessee Buccaneers,Citadel Bulldogs,pinnacle,Spread,Citadel Bulldogs,16.5,,-103,
2026-01-22 21:19:03,"Tennessee Buccaneers vs Citadel Bulldogs, 2026-01-23, 07",Tennessee Buccaneers,Citadel Bulldogs,pinnacle,Spread,Tennessee Buccaneers,-17.5,,-103,
2026-01-22 21:19:03,"Tennessee Buccaneers vs Citadel Bulldogs, 2026-01-23, 07",Tennessee Buccaneers,Citadel Bulldogs,pinnacle,Spread,Citadel Bulldogs,17.5,,-122,
2026-01-22 21:19:03,"Tennessee Buccaneers vs Citadel Bulldogs, 2026-01-23, 07",Tennessee Buccaneers,Citadel Bulldogs,pinnacle,Spread,Tennessee Buccaneers,-18.0,,+105,
2026-01-22 21:19:03,"Tennessee Buccaneers vs Citadel Bulldogs, 2026-01-23, 07",Tennessee Buccaneers,Citadel Bulldogs,pinnacle,Spread,Citadel Bulldogs,18.0,,-132,
2026-01-22 21:19:03,"Tennessee Buccaneers vs Citadel Bulldogs, 2026-01-23, 07",Tennessee Buccaneers,Citadel Bulldogs,pinnacle,Spread,Tennessee Buccaneers,-18.5,,+113,
2026-01-22 21:19:03,"Tennessee Buccaneers vs Citadel Bulldogs, 2026-01-23, 07",Tennessee Buccaneers,Citadel Bulldogs,pinnacle,Spread,Citadel Bulldogs,18.5,,-142,
2026-01-22 21:19:03,"Tennessee Buccaneers vs Citadel Bulldogs, 2026-01-23, 07",Tennessee Buccaneers,Citadel Bulldogs,pinnacle,Spread,Tennessee Buccaneers,-15.0,,-153,
2026-01-22 21:19:03,"Tennessee Buccaneers vs Citadel Bulldogs, 2026-01-23, 07",Tennessee Buccaneers,Citadel Bulldogs,pinnacle,Spread,Tennessee Buccaneers,-19.0,,+120,
2026-01-22 21:19:03,"Tennessee Buccaneers vs Citadel Bulldogs, 2026-01-23, 07",Tennessee Buccaneers,Citadel Bulldogs,pinnacle,Spread,Citadel Bulldogs,19.0,,-153,
2026-01-22 21:19:03,"Texas El Paso Miners vs Florida International Panthers, 2026-01-22, 09",Texas El Paso Miners,Florida International Panthers,draftkings,Spread,Florida International Panthers,5.5,,-265,https://sportsbook.draftkings.com/event/fiu-%40-utep/33504080?outcomes=0HC83094901P550_3
2026-01-22 21:19:03,"Texas El Paso Miners vs Florida International Panthers, 2026-01-22, 09",Texas El Paso Miners,Florida International Panthers,draftkings,Spread,Texas El Paso Miners,3.5,,-185,https://sportsbook.draftkings.com/event/fiu-%40-utep/33504080?outcomes=0HC83094901P350_1
2026-01-22 21:19:03,"Texas El Paso Miners vs Florida International Panthers, 2026-01-22, 09",Texas El Paso Miners,Florida International Panthers,draftkings,Spread,Texas El Paso Miners,-4.5,,+170,https://sportsbook.draftkings.com/event/fiu-%40-utep/33504080?outcomes=0HC83094901N450_1
2026-01-22 21:19:03,"Texas El Paso Miners vs Florida International Panthers, 2026-01-22, 09",Texas El Paso Miners,Florida International Panthers,draftkings,Spread,Florida International Panthers,-3.5,,+135,https://sportsbook.draftkings.com/event/fiu-%40-utep/33504080?outcomes=0HC83094901N350_3
2026-01-22 21:19:03,"Texas El Paso Miners vs Florida International Panthers, 2026-01-22, 09",Texas El Paso Miners,Florida International Panthers,draftkings,Spread,Florida International Panthers,4.5,,-235,https://sportsbook.draftkings.com/event/fiu-%40-utep/33504080?outcomes=0HC83094901P450_3
2026-01-22 21:19:03,"Texas El Paso Miners vs Florida International Panthers, 2026-01-22, 09",Texas El Paso Miners,Florida International Panthers,draftkings,Spread,Florida International Panthers,-4.5,,+155,https://sportsbook.draftkings.com/event/fiu-%40-utep/33504080?outcomes=0HC83094901N450_3
2026-01-22 21:19:03,"Texas El Paso Miners vs Florida International Panthers, 2026-01-22, 09",Texas El Paso Miners,Florida International Panthers,draftkings,Spread,Texas El Paso Miners,4.5,,-210,https://sportsbook.draftkings.com/event/fiu-%40-utep/33504080?outcomes=0HC83094901P450_1
2026-01-22 21:19:03,"Texas El Paso Miners vs Florida International Panthers, 2026-01-22, 09",Texas El Paso Miners,Florida International Panthers,draftkings,Spread,Texas El Paso Miners,-2.5,,+125,https://sportsbook.draftkings.com/event/fiu-%40-utep/33504080?outcomes=0HC83094901N250_1
2026-01-22 21:19:03,"Texas El Paso Miners vs Florida International Panthers, 2026-01-22, 09",Texas El Paso Miners,Florida International Panthers,draftkings,Spread,Florida International Panthers,2.5,,-170,https://sportsbook.draftkings.com/event/fiu-%40-utep/33504080?outcomes=0HC83094901P250_3
2026-01-22 21:19:03,"Texas El Paso Miners vs Florida International Panthers, 2026-01-22, 09",Texas El Paso Miners,Florida International Panthers,draftkings,Spread,Texas El Paso Miners,-1.5,,+105,https://sportsbook.draftkings.com/event/fiu-%40-utep/33504080?outcomes=0HC83094901N150_1
2026-01-22 21:19:03,"Texas El Paso Miners vs Florida International Panthers, 2026-01-22, 09",Texas El Paso Miners,Florida International Panthers,draftkings,Spread,Florida International Panthers,1.5,,-145,https://sportsbook.draftkings.com/event/fiu-%40-utep/33504080?outcomes=0HC83094901P150_3
2026-01-22 21:19:03,"Texas El Paso Miners vs Florida International Panthers, 2026-01-22, 09",Texas El Paso Miners,Florida International Panthers,draftkings,Spread,Texas El Paso Miners,2.5,,-155,https://sportsbook.draftkings.com/event/fiu-%40-utep/33504080?outcomes=0HC83094901P250_1
2026-01-22 21:19:03,"Texas El Paso Miners vs Florida International Panthers, 2026-01-22, 09",Texas El Paso Miners,Florida International Panthers,draftkings,Spread,Texas El Paso Miners,-5.5,,+195,https://sportsbook.draftkings.com/event/fiu-%40-utep/33504080?outcomes=0HC83094901N550_1
2026-01-22 21:19:03,"Texas El Paso Miners vs Florida International Panthers, 2026-01-22, 09",Texas El Paso Miners,Florida International Panthers,draftkings,Spread,Florida International Panthers,6.5,,-310,https://sportsbook.draftkings.com/event/fiu-%40-utep/33504080?outcomes=0HC83094901P650_3
2026-01-22 21:19:03,"Texas El Paso Miners vs Florida International Panthers, 2026-01-22, 09",Texas El Paso Miners,Florida International Panthers,draftkings,Spread,Florida International Panthers,-2.5,,+115,https://sportsbook.draftkings.com/event/fiu-%40-utep/33504080?outcomes=0HC83094901N250_3
2026-01-22 21:19:03,"Texas El Paso Miners vs Florida International Panthers, 2026-01-22, 09",Texas El Paso Miners,Florida International Panthers,draftkings,Spread,Texas El Paso Miners,-6.5,,+220,https://sportsbook.draftkings.com/event/fiu-%40-utep/33504080?outcomes=0HC83094901N650_1
2026-01-22 21:19:03,"Texas El Paso Miners vs Florida International Panthers, 2026-01-22, 09",Texas El Paso Miners,Florida International Panthers,fanduel,Spread,Florida International Panthers,1.5,,-145,https://sportsbook.fanduel.ca/addToBetslip?marketId=801.154053154&selectionId=723297
2026-01-22 21:19:03,"Texas El Paso Miners vs Florida International Panthers, 2026-01-22, 09",Texas El Paso Miners,Florida International Panthers,fanduel,Spread,Texas El Paso Miners,-1.5,,+110,https://sportsbook.fanduel.ca/addToBetslip?marketId=801.154053154&selectionId=715479
2026-01-22 21:19:03,"Texas El Paso Miners vs Florida International Panthers, 2026-01-22, 09",Texas El Paso Miners,Florida International Panthers,fanduel,Spread,Florida International Panthers,4.5,,-280,https://sportsbook.fanduel.ca/addToBetslip?marketId=801.154053182&selectionId=723297
2026-01-22 21:19:03,"Texas El Paso Miners vs Florida International Panthers, 2026-01-22, 09",Texas El Paso Miners,Florida International Panthers,fanduel,Spread,Texas El Paso Miners,-4.5,,+200,https://sportsbook.fanduel.ca/addToBetslip?marketId=801.154053182&selectionId=715479
2026-01-22 21:19:03,"Texas El Paso Miners vs Florida International Panthers, 2026-01-22, 09",Texas El Paso Miners,Florida International Panthers,fanduel,Spread,Florida International Panthers,-10.5,,+480,https://sportsbook.fanduel.ca/addToBetslip?marketId=801.154053178&selectionId=723297
2026-01-22 21:19:03,"Texas El Paso Miners vs Florida International Panthers, 2026-01-22, 09",Texas El Paso Miners,Florida International Panthers,fanduel,Spread,Texas El Paso Miners,10.5,,-800,https://sportsbook.fanduel.ca/addToBetslip?marketId=801.154053178&selectionId=715479
2026-01-22 21:19:03,"Texas El Paso Miners vs Florida International Panthers, 2026-01-22, 09",Texas El Paso Miners,Florida International Panthers,fanduel,Spread,Florida International Panthers,-4.5,,+160,https://sportsbook.fanduel.ca/addToBetslip?marketId=801.154053120&selectionId=723297
2026-01-22 21:19:03,"Texas El Paso Miners vs Florida International Panthers, 2026-01-22, 09",Texas El Paso Miners,Florida International Panthers,fanduel,Spread,Texas El Paso Miners,4.5,,-220,https://sportsbook.fanduel.ca/addToBetslip?marketId=801.154053120&selectionId=715479
2026-01-22 21:19:03,"Texas El Paso Miners vs Florida International Panthers, 2026-01-22, 09",Texas El Paso Miners,Florida International Panthers,fanduel,Spread,Florida International Panthers,7.5,,-550,https://sportsbook.fanduel.ca/addToBetslip?marketId=801.154053153&selectionId=723297
2026-01-22 21:19:03,"Texas El Paso Miners vs Florida International Panthers, 2026-01-22, 09",Texas El Paso Miners,Florida International Panthers,fanduel,Spread,Texas El Paso Miners,-7.5,,+350,https://sportsbook.fanduel.ca/addToBetslip?marketId=801.154053153&selectionId=715479
2026-01-22 21:19:03,"Texas El Paso Miners vs Florida International Panthers, 2026-01-22, 09",Texas El Paso Miners,Florida International Panthers,fanduel,Spread,Florida International Panthers,-1.5,,-108,https://sportsbook.fanduel.ca/addToBetslip?marketId=801.153974323&selectionId=723297
2026-01-22 21:19:03,"Texas El Paso Miners vs Florida International Panthers, 2026-01-22, 09",Texas El Paso Miners,Florida International Panthers,fanduel,Spread,Texas El Paso Miners,1.5,,-122,https://sportsbook.fanduel.ca/addToBetslip?marketId=801.153974323&selectionId=715479
2026-01-22 21:19:03,"Texas El Paso Miners vs Florida International Panthers, 2026-01-22, 09",Texas El Paso Miners,Florida International Panthers,fanduel,Spread,Florida International Panthers,-7.5,,+280,https://sportsbook.fanduel.ca/addToBetslip?marketId=801.154053126&selectionId=723297
2026-01-22 21:19:03,"Texas El Paso Miners vs Florida International Panthers, 2026-01-22, 09",Texas El Paso Miners,Florida International Panthers,fanduel,Spread,Texas El Paso Miners,7.5,,-410,https://sportsbook.fanduel.ca/addToBetslip?marketId=801.154053126&selectionId=715479
