local_timestamp,game,home_team,away_team,sportsbook,outcome_name,outcome_target,outcome_line,outcome_over_under,odds,link
2026-01-24 18:52:05,"Notre Dame Fighting Irish vs Boston Eagles, 2026-01-24, 06",Notre Dame Fighting Irish,Boston Eagles,betmgm,Total,,128.5,O,-130,https://www.on.betmgm.ca/en/sports/events/18904819?options=18904819-1446440883--226977859&type=Single
2026-01-24 18:52:05,"Notre Dame Fighting Irish vs Boston Eagles, 2026-01-24, 06",Notre Dame Fighting Irish,Boston Eagles,betmgm,Total,,128.5,U,+100,https://www.on.betmgm.ca/en/sports/events/18904819?options=18904819-1446440883--226977858&type=Single
2026-01-24 18:52:04,"DePaul Blue Demons vs Seton Hall Pirates, 2026-01-24, 05",DePaul Blue Demons,Seton Hall Pirates,pinnacle,Total,,125.0,U,-135,
2026-01-24 18:52:04,"DePaul Blue Demons vs Seton Hall Pirates, 2026-01-24, 05",DePaul Blue Demons,Seton Hall Pirates,pinnacle,Total,,124.5,U,-117,
2026-01-24 18:52:04,"DePaul Blue Demons vs Seton Hall Pirates, 2026-01-24, 05",DePaul Blue Demons,Seton Hall Pirates,pinnacle,Total,,124.0,O,-123,
2026-01-24 18:52:04,"DePaul Blue Demons vs Seton Hall Pirates, 2026-01-24, 05",DePaul Blue Demons,Seton Hall Pirates,pinnacle,Total,,124.0,U,-104,
2026-01-24 18:52:03,"Arkansas Razorbacks vs Louisiana State Tigers, 2026-01-24, 05",Arkansas Razorbacks,Louisiana State Tigers,pinnacle,Total,,170.5,O,-109,
2026-01-24 18:52:03,"Arkansas Razorbacks vs Louisiana State Tigers, 2026-01-24, 05",Arkansas Razorbacks,Louisiana State Tigers,pinnacle,Total,,171.0,O,+104,
2026-01-24 18:52:03,"Arkansas Razorbacks vs Louisiana State Tigers, 2026-01-24, 05",Arkansas Razorbacks,Louisiana State Tigers,pinnacle,Total,,171.0,U,-140,
2026-01-24 18:52:03,"Arkansas Razorbacks vs Louisiana State Tigers, 2026-01-24, 05",Arkansas Razorbacks,Louisiana State Tigers,pinnacle,Total,,170.5,U,-122,
2026-01-24 18:52:03,"Arkansas Razorbacks vs Louisiana State Tigers, 2026-01-24, 05",Arkansas Razorbacks,Louisiana State Tigers,pinnacle,Total,,170.0,U,-109,
2026-01-24 18:52:03,"Arkansas Razorbacks vs Louisiana State Tigers, 2026-01-24, 05",Arkansas Razorbacks,Louisiana State Tigers,betmgm,Total,,168.5,U,-140,https://www.on.betmgm.ca/en/sports/events/18904820?options=18904820-1446419328--227026521&type=Single
2026-01-24 18:52:03,"Arkansas Razorbacks vs Louisiana State Tigers, 2026-01-24, 05",Arkansas Razorbacks,Louisiana State Tigers,betmgm,Total,,169.5,O,+130,https://www.on.betmgm.ca/en/sports/events/18904820?options=18904820-1446425081--227012280&type=Single
2026-01-24 18:52:03,"Arkansas Razorbacks vs Louisiana State Tigers, 2026-01-24, 05",Arkansas Razorbacks,Louisiana State Tigers,betmgm,Total,,169.5,U,-170,https://www.on.betmgm.ca/en/sports/events/18904820?options=18904820-1446425081--227012279&type=Single
2026-01-24 18:52:03,"Arkansas Razorbacks vs Louisiana State Tigers, 2026-01-24, 05",Arkansas Razorbacks,Louisiana State Tigers,betmgm,Total,,167.5,O,-115,https://www.on.betmgm.ca/en/sports/events/18904820?options=18904820-1446419317--227026547&type=Single
2026-01-24 18:52:03,"Arkansas Razorbacks vs Louisiana State Tigers, 2026-01-24, 05",Arkansas Razorbacks,Louisiana State Tigers,betmgm,Total,,167.5,U,-115,https://www.on.betmgm.ca/en/sports/events/18904820?options=18904820-1446419317--227026546&type=Single
2026-01-24 18:52:03,"Arkansas Razorbacks vs Louisiana State Tigers, 2026-01-24, 05",Arkansas Razorbacks,Louisiana State Tigers,betmgm,Total,,168.5,O,+105,https://www.on.betmgm.ca/en/sports/events/18904820?options=18904820-1446419328--227026522&type=Single
2026-01-24 18:52:03,"Arkansas Razorbacks vs Louisiana State Tigers, 2026-01-24, 05",Arkansas Razorbacks,Louisiana State Tigers,pinnacle,Total,,170.0,O,-123,
2026-01-24 18:52:03,"Notre Dame Fighting Irish vs Boston Eagles, 2026-01-24, 06",Notre Dame Fighting Irish,Boston Eagles,draftkings,Total,,130.5,U,-135,https://sportsbook.draftkings.com/event/boston-college-%40-notre-dame/33516694?outcomes=0OU83128526U13050_3
2026-01-24 18:52:03,"Notre Dame Fighting Irish vs Boston Eagles, 2026-01-24, 06",Notre Dame Fighting Irish,Boston Eagles,draftkings,Total,,131.5,U,-155,https://sportsbook.draftkings.com/event/boston-college-%40-notre-dame/33516694?outcomes=0OU83128526U13150_3
2026-01-24 18:52:03,"Notre Dame Fighting Irish vs Boston Eagles, 2026-01-24, 06",Notre Dame Fighting Irish,Boston Eagles,draftkings,Total,,132.5,U,-175,https://sportsbook.draftkings.com/event/boston-college-%40-notre-dame/33516694?outcomes=0OU83128526U13250_3
2026-01-24 18:52:03,"Notre Dame Fighting Irish vs Boston Eagles, 2026-01-24, 06",Notre Dame Fighting Irish,Boston Eagles,draftkings,Total,,133.5,U,-200,https://sportsbook.draftkings.com/event/boston-college-%40-notre-dame/33516694?outcomes=0OU83128526U13350_3
2026-01-24 18:52:03,"Notre Dame Fighting Irish vs Boston Eagles, 2026-01-24, 06",Notre Dame Fighting Irish,Boston Eagles,draftkings,Total,,134.5,U,-230,https://sportsbook.draftkings.com/event/boston-college-%40-notre-dame/33516694?outcomes=0OU83128526U13450_3
2026-01-24 18:52:03,"Notre Dame Fighting Irish vs Boston Eagles, 2026-01-24, 06",Notre Dame Fighting Irish,Boston Eagles,draftkings,Total,,135.5,U,-265,https://sportsbook.draftkings.com/event/boston-college-%40-notre-dame/33516694?outcomes=0OU83128526U13550_3
2026-01-24 18:52:03,"Notre Dame Fighting Irish vs Boston Eagles, 2026-01-24, 06",Notre Dame Fighting Irish,Boston Eagles,draftkings,Total,,129.5,U,-115,https://sportsbook.draftkings.com/event/boston-college-%40-notre-dame/33516694?outcomes=0OU83127885U12950_3
2026-01-24 18:52:03,"Notre Dame Fighting Irish vs Boston Eagles, 2026-01-24, 06",Notre Dame Fighting Irish,Boston Eagles,draftkings,Total,,129.5,O,-115,https://sportsbook.draftkings.com/event/boston-college-%40-notre-dame/33516694?outcomes=0OU83127885O12950_1
2026-01-24 18:52:03,"Notre Dame Fighting Irish vs Boston Eagles, 2026-01-24, 06",Notre Dame Fighting Irish,Boston Eagles,draftkings,Total,,127.5,U,+115,https://sportsbook.draftkings.com/event/boston-college-%40-notre-dame/33516694?outcomes=0OU83128526U12750_3
2026-01-24 18:52:03,"Notre Dame Fighting Irish vs Boston Eagles, 2026-01-24, 06",Notre Dame Fighting Irish,Boston Eagles,draftkings,Total,,128.5,U,+100,https://sportsbook.draftkings.com/event/boston-college-%40-notre-dame/33516694?outcomes=0OU83128526U12850_3
2026-01-24 18:52:03,"Notre Dame Fighting Irish vs Boston Eagles, 2026-01-24, 06",Notre Dame Fighting Irish,Boston Eagles,draftkings,Total,,123.5,O,-275,https://sportsbook.draftkings.com/event/boston-college-%40-notre-dame/33516694?outcomes=0OU83128526O12350_1
2026-01-24 18:52:03,"Notre Dame Fighting Irish vs Boston Eagles, 2026-01-24, 06",Notre Dame Fighting Irish,Boston Eagles,draftkings,Total,,125.5,U,+150,https://sportsbook.draftkings.com/event/boston-college-%40-notre-dame/33516694?outcomes=0OU83128526U12550_3
2026-01-24 18:52:03,"Notre Dame Fighting Irish vs Boston Eagles, 2026-01-24, 06",Notre Dame Fighting Irish,Boston Eagles,betmgm,Total,,131.5,O,+110,https://www.on.betmgm.ca/en/sports/events/18904819?options=18904819-1446440622--226978415&type=Single
2026-01-24 18:52:03,"Notre Dame Fighting Irish vs Boston Eagles, 2026-01-24, 06",Notre Dame Fighting Irish,Boston Eagles,betmgm,Total,,131.5,U,-145,https://www.on.betmgm.ca/en/sports/events/18904819?options=18904819-1446440622--226978414&type=Single
2026-01-24 18:52:03,"Notre Dame Fighting Irish vs Boston Eagles, 2026-01-24, 06",Notre Dame Fighting Irish,Boston Eagles,betmgm,Total,,129.5,O,-115,https://www.on.betmgm.ca/en/sports/events/18904819?options=18904819-1446440806--226978015&type=Single
2026-01-24 18:52:03,"Notre Dame Fighting Irish vs Boston Eagles, 2026-01-24, 06",Notre Dame Fighting Irish,Boston Eagles,betmgm,Total,,129.5,U,-115,https://www.on.betmgm.ca/en/sports/events/18904819?options=18904819-1446440806--226978014&type=Single
2026-01-24 18:52:03,"Notre Dame Fighting Irish vs Boston Eagles, 2026-01-24, 06",Notre Dame Fighting Irish,Boston Eagles,betmgm,Total,,130.5,O,-102,https://www.on.betmgm.ca/en/sports/events/18904819?options=18904819-1446440802--226978023&type=Single
2026-01-24 18:52:03,"Notre Dame Fighting Irish vs Boston Eagles, 2026-01-24, 06",Notre Dame Fighting Irish,Boston Eagles,betmgm,Total,,130.5,U,-130,https://www.on.betmgm.ca/en/sports/events/18904819?options=18904819-1446440802--226978022&type=Single
2026-01-24 18:52:03,"Notre Dame Fighting Irish vs Boston Eagles, 2026-01-24, 06",Notre Dame Fighting Irish,Boston Eagles,draftkings,Total,,126.5,U,+130,https://sportsbook.draftkings.com/event/boston-college-%40-notre-dame/33516694?outcomes=0OU83128526U12650_3
2026-01-24 18:52:03,"Notre Dame Fighting Irish vs Boston Eagles, 2026-01-24, 06",Notre Dame Fighting Irish,Boston Eagles,draftkings,Total,,125.5,O,-200,https://sportsbook.draftkings.com/event/boston-college-%40-notre-dame/33516694?outcomes=0OU83128526O12550_1
2026-01-24 18:52:03,"Notre Dame Fighting Irish vs Boston Eagles, 2026-01-24, 06",Notre Dame Fighting Irish,Boston Eagles,draftkings,Total,,126.5,O,-175,https://sportsbook.draftkings.com/event/boston-college-%40-notre-dame/33516694?outcomes=0OU83128526O12650_1
2026-01-24 18:52:03,"Notre Dame Fighting Irish vs Boston Eagles, 2026-01-24, 06",Notre Dame Fighting Irish,Boston Eagles,draftkings,Total,,124.5,O,-235,https://sportsbook.draftkings.com/event/boston-college-%40-notre-dame/33516694?outcomes=0OU83128526O12450_1
2026-01-24 18:52:03,"Notre Dame Fighting Irish vs Boston Eagles, 2026-01-24, 06",Notre Dame Fighting Irish,Boston Eagles,draftkings,Total,,128.5,O,-135,https://sportsbook.draftkings.com/event/boston-college-%40-notre-dame/33516694?outcomes=0OU83128526O12850_1
2026-01-24 18:52:03,"Notre Dame Fighting Irish vs Boston Eagles, 2026-01-24, 06",Notre Dame Fighting Irish,Boston Eagles,draftkings,Total,,130.5,O,+100,https://sportsbook.draftkings.com/event/boston-college-%40-notre-dame/33516694?outcomes=0OU83128526O13050_1
2026-01-24 18:52:03,"Notre Dame Fighting Irish vs Boston Eagles, 2026-01-24, 06",Notre Dame Fighting Irish,Boston Eagles,draftkings,Total,,131.5,O,+115,https://sportsbook.draftkings.com/event/boston-college-%40-notre-dame/33516694?outcomes=0OU83128526O13150_1
2026-01-24 18:52:03,"Notre Dame Fighting Irish vs Boston Eagles, 2026-01-24, 06",Notre Dame Fighting Irish,Boston Eagles,draftkings,Total,,132.5,O,+130,https://sportsbook.draftkings.com/event/boston-college-%40-notre-dame/33516694?outcomes=0OU83128526O13250_1
2026-01-24 18:52:03,"Notre Dame Fighting Irish vs Boston Eagles, 2026-01-24, 06",Notre Dame Fighting Irish,Boston Eagles,draftkings,Total,,133.5,O,+150,https://sportsbook.draftkings.com/event/boston-college-%40-notre-dame/33516694?outcomes=0OU83128526O13350_1
2026-01-24 18:52:03,"Notre Dame Fighting Irish vs Boston Eagles, 2026-01-24, 06",Notre Dame Fighting Irish,Boston Eagles,draftkings,Total,,134.5,O,+170,https://sportsbook.draftkings.com/event/boston-college-%40-notre-dame/33516694?outcomes=0OU83128526O13450_1
2026-01-24 18:52:03,"Notre Dame Fighting Irish vs Boston Eagles, 2026-01-24, 06",Notre Dame Fighting Irish,Boston Eagles,draftkings,Total,,135.5,O,+195,https://sportsbook.draftkings.com/event/boston-college-%40-notre-dame/33516694?outcomes=0OU83128526O13550_1
2026-01-24 18:52:03,"Notre Dame Fighting Irish vs Boston Eagles, 2026-01-24, 06",Notre Dame Fighting Irish,Boston Eagles,draftkings,Total,,123.5,U,+200,https://sportsbook.draftkings.com/event/boston-college-%40-notre-dame/33516694?outcomes=0OU83128526U12350_3
2026-01-24 18:52:03,"Notre Dame Fighting Irish vs Boston Eagles, 2026-01-24, 06",Notre Dame Fighting Irish,Boston Eagles,draftkings,Total,,124.5,U,+170,https://sportsbook.draftkings.com/event/boston-college-%40-notre-dame/33516694?outcomes=0OU83128526U12450_3
2026-01-24 18:52:03,"Notre Dame Fighting Irish vs Boston Eagles, 2026-01-24, 06",Notre Dame Fighting Irish,Boston Eagles,draftkings,Total,,127.5,O,-155,https://sportsbook.draftkings.com/event/boston-college-%40-notre-dame/33516694?outcomes=0OU83128526O12750_1
2026-01-24 18:52:01,"Baylor Bears vs Texas Horned Frogs, 2026-01-24, 06",Baylor Bears,Texas Horned Frogs,betmgm,Total,,150.5,U,-110,https://www.on.betmgm.ca/en/sports/events/18904826?options=18904826-1445768772--228694864&type=Single
2026-01-24 18:52:01,"Baylor Bears vs Texas Horned Frogs, 2026-01-24, 06",Baylor Bears,Texas Horned Frogs,betmgm,Total,,151.5,U,-125,https://www.on.betmgm.ca/en/sports/events/18904826?options=18904826-1446443045--226973374&type=Single
2026-01-24 18:52:01,"Baylor Bears vs Texas Horned Frogs, 2026-01-24, 06",Baylor Bears,Texas Horned Frogs,betmgm,Total,,150.5,O,-118,https://www.on.betmgm.ca/en/sports/events/18904826?options=18904826-1445768772--228694865&type=Single
2026-01-24 18:52:01,"Baylor Bears vs Texas Horned Frogs, 2026-01-24, 06",Baylor Bears,Texas Horned Frogs,betmgm,Total,,151.5,O,-105,https://www.on.betmgm.ca/en/sports/events/18904826?options=18904826-1446443045--226973375&type=Single
2026-01-24 18:52:01,"Baylor Bears vs Texas Horned Frogs, 2026-01-24, 06",Baylor Bears,Texas Horned Frogs,betmgm,Total,,149.5,U,+105,https://www.on.betmgm.ca/en/sports/events/18904826?options=18904826-1446442469--226974571&type=Single
2026-01-24 18:52:01,"Baylor Bears vs Texas Horned Frogs, 2026-01-24, 06",Baylor Bears,Texas Horned Frogs,betmgm,Total,,149.5,O,-140,https://www.on.betmgm.ca/en/sports/events/18904826?options=18904826-1446442469--226974572&type=Single
2026-01-24 18:52:01,"Notre Dame Fighting Irish vs Boston Eagles, 2026-01-24, 06",Notre Dame Fighting Irish,Boston Eagles,pinnacle,Total,,128.0,U,-105,
2026-01-24 18:52:01,"Notre Dame Fighting Irish vs Boston Eagles, 2026-01-24, 06",Notre Dame Fighting Irish,Boston Eagles,pinnacle,Total,,127.5,O,-137,
2026-01-24 18:52:01,"Notre Dame Fighting Irish vs Boston Eagles, 2026-01-24, 06",Notre Dame Fighting Irish,Boston Eagles,pinnacle,Total,,127.5,U,+101,
2026-01-24 18:52:01,"Notre Dame Fighting Irish vs Boston Eagles, 2026-01-24, 06",Notre Dame Fighting Irish,Boston Eagles,pinnacle,Total,,128.5,U,-113,
2026-01-24 18:52:01,"Notre Dame Fighting Irish vs Boston Eagles, 2026-01-24, 06",Notre Dame Fighting Irish,Boston Eagles,pinnacle,Total,,128.5,O,-119,
2026-01-24 18:52:01,"Notre Dame Fighting Irish vs Boston Eagles, 2026-01-24, 06",Notre Dame Fighting Irish,Boston Eagles,pinnacle,Total,,128.0,O,-128,
2026-01-24 18:52:01,"Notre Dame Fighting Irish vs Boston Eagles, 2026-01-24, 06",Notre Dame Fighting Irish,Boston Eagles,pinnacle,Total,,129.0,O,-109,
2026-01-24 18:52:01,"Notre Dame Fighting Irish vs Boston Eagles, 2026-01-24, 06",Notre Dame Fighting Irish,Boston Eagles,pinnacle,Total,,129.0,U,-121,
2026-01-24 18:52:01,"Notre Dame Fighting Irish vs Boston Eagles, 2026-01-24, 06",Notre Dame Fighting Irish,Boston Eagles,pinnacle,Total,,130.5,O,+112,
2026-01-24 18:52:01,"Notre Dame Fighting Irish vs Boston Eagles, 2026-01-24, 06",Notre Dame Fighting Irish,Boston Eagles,pinnacle,Total,,130.5,U,-151,
2026-01-24 18:52:01,"Notre Dame Fighting Irish vs Boston Eagles, 2026-01-24, 06",Notre Dame Fighting Irish,Boston Eagles,pinnacle,Total,,130.0,U,-142,
2026-01-24 18:52:01,"Notre Dame Fighting Irish vs Boston Eagles, 2026-01-24, 06",Notre Dame Fighting Irish,Boston Eagles,pinnacle,Total,,129.5,O,-102,
2026-01-24 18:52:01,"Notre Dame Fighting Irish vs Boston Eagles, 2026-01-24, 06",Notre Dame Fighting Irish,Boston Eagles,pinnacle,Total,,129.5,U,-132,
2026-01-24 18:52:01,"Notre Dame Fighting Irish vs Boston Eagles, 2026-01-24, 06",Notre Dame Fighting Irish,Boston Eagles,pinnacle,Total,,130.0,O,+105,
2026-01-24 18:51:58,"Baylor Bears vs Texas Horned Frogs, 2026-01-24, 06",Baylor Bears,Texas Horned Frogs,draftkings,Total,,147.5,U,+135,https://sportsbook.draftkings.com/event/tcu-%40-baylor/33516858?outcomes=0OU83128348U14750_3
2026-01-24 18:51:58,"Baylor Bears vs Texas Horned Frogs, 2026-01-24, 06",Baylor Bears,Texas Horned Frogs,draftkings,Total,,146.5,U,+155,https://sportsbook.draftkings.com/event/tcu-%40-baylor/33516858?outcomes=0OU83128348U14650_3
2026-01-24 18:51:58,"Baylor Bears vs Texas Horned Frogs, 2026-01-24, 06",Baylor Bears,Texas Horned Frogs,draftkings,Total,,145.5,U,+175,https://sportsbook.draftkings.com/event/tcu-%40-baylor/33516858?outcomes=0OU83128348U14550_3
2026-01-24 18:51:58,"Baylor Bears vs Texas Horned Frogs, 2026-01-24, 06",Baylor Bears,Texas Horned Frogs,betmgm,Total,,153.5,O,+120,https://www.on.betmgm.ca/en/sports/events/18904826?options=18904826-1446445448--226968000&type=Single
2026-01-24 18:51:58,"Baylor Bears vs Texas Horned Frogs, 2026-01-24, 06",Baylor Bears,Texas Horned Frogs,betmgm,Total,,153.5,U,-155,https://www.on.betmgm.ca/en/sports/events/18904826?options=18904826-1446445448--226967999&type=Single
2026-01-24 18:51:58,"Baylor Bears vs Texas Horned Frogs, 2026-01-24, 06",Baylor Bears,Texas Horned Frogs,draftkings,Total,,150.5,O,-120,https://sportsbook.draftkings.com/event/tcu-%40-baylor/33516858?outcomes=0OU83127939O15050_1
2026-01-24 18:51:58,"Baylor Bears vs Texas Horned Frogs, 2026-01-24, 06",Baylor Bears,Texas Horned Frogs,draftkings,Total,,150.5,U,-110,https://sportsbook.draftkings.com/event/tcu-%40-baylor/33516858?outcomes=0OU83127939U15050_3
2026-01-24 18:51:58,"Baylor Bears vs Texas Horned Frogs, 2026-01-24, 06",Baylor Bears,Texas Horned Frogs,betmgm,Total,,152.5,O,+105,https://www.on.betmgm.ca/en/sports/events/18904826?options=18904826-1446445300--226968335&type=Single
2026-01-24 18:51:58,"Baylor Bears vs Texas Horned Frogs, 2026-01-24, 06",Baylor Bears,Texas Horned Frogs,betmgm,Total,,154.5,U,-175,https://www.on.betmgm.ca/en/sports/events/18904826?options=18904826-1446448075--226961981&type=Single
2026-01-24 18:51:58,"Baylor Bears vs Texas Horned Frogs, 2026-01-24, 06",Baylor Bears,Texas Horned Frogs,betmgm,Total,,154.5,O,+135,https://www.on.betmgm.ca/en/sports/events/18904826?options=18904826-1446448075--226961982&type=Single
2026-01-24 18:51:58,"Baylor Bears vs Texas Horned Frogs, 2026-01-24, 06",Baylor Bears,Texas Horned Frogs,draftkings,Total,,148.5,U,+120,https://sportsbook.draftkings.com/event/tcu-%40-baylor/33516858?outcomes=0OU83128348U14850_3
2026-01-24 18:51:58,"Baylor Bears vs Texas Horned Frogs, 2026-01-24, 06",Baylor Bears,Texas Horned Frogs,betmgm,Total,,152.5,U,-140,https://www.on.betmgm.ca/en/sports/events/18904826?options=18904826-1446445300--226968334&type=Single
2026-01-24 18:51:58,"Baylor Bears vs Texas Horned Frogs, 2026-01-24, 06",Baylor Bears,Texas Horned Frogs,draftkings,Total,,152.5,U,-140,https://sportsbook.draftkings.com/event/tcu-%40-baylor/33516858?outcomes=0OU83128348U15250_3
2026-01-24 18:51:58,"Baylor Bears vs Texas Horned Frogs, 2026-01-24, 06",Baylor Bears,Texas Horned Frogs,draftkings,Total,,149.5,U,+105,https://sportsbook.draftkings.com/event/tcu-%40-baylor/33516858?outcomes=0OU83128348U14950_3
2026-01-24 18:51:58,"Baylor Bears vs Texas Horned Frogs, 2026-01-24, 06",Baylor Bears,Texas Horned Frogs,draftkings,Total,,151.5,U,-125,https://sportsbook.draftkings.com/event/tcu-%40-baylor/33516858?outcomes=0OU83128348U15150_3
2026-01-24 18:51:58,"Baylor Bears vs Texas Horned Frogs, 2026-01-24, 06",Baylor Bears,Texas Horned Frogs,draftkings,Total,,156.5,O,+170,https://sportsbook.draftkings.com/event/tcu-%40-baylor/33516858?outcomes=0OU83128348O15650_1
2026-01-24 18:51:58,"Baylor Bears vs Texas Horned Frogs, 2026-01-24, 06",Baylor Bears,Texas Horned Frogs,draftkings,Total,,155.5,O,+150,https://sportsbook.draftkings.com/event/tcu-%40-baylor/33516858?outcomes=0OU83128348O15550_1
2026-01-24 18:51:58,"Baylor Bears vs Texas Horned Frogs, 2026-01-24, 06",Baylor Bears,Texas Horned Frogs,draftkings,Total,,149.5,O,-140,https://sportsbook.draftkings.com/event/tcu-%40-baylor/33516858?outcomes=0OU83128348O14950_1
2026-01-24 18:51:58,"Baylor Bears vs Texas Horned Frogs, 2026-01-24, 06",Baylor Bears,Texas Horned Frogs,draftkings,Total,,151.5,O,-110,https://sportsbook.draftkings.com/event/tcu-%40-baylor/33516858?outcomes=0OU83128348O15150_1
2026-01-24 18:51:58,"Baylor Bears vs Texas Horned Frogs, 2026-01-24, 06",Baylor Bears,Texas Horned Frogs,draftkings,Total,,152.5,O,+105,https://sportsbook.draftkings.com/event/tcu-%40-baylor/33516858?outcomes=0OU83128348O15250_1
2026-01-24 18:51:58,"Baylor Bears vs Texas Horned Frogs, 2026-01-24, 06",Baylor Bears,Texas Horned Frogs,draftkings,Total,,148.5,O,-160,https://sportsbook.draftkings.com/event/tcu-%40-baylor/33516858?outcomes=0OU83128348O14850_1
2026-01-24 18:51:58,"Baylor Bears vs Texas Horned Frogs, 2026-01-24, 06",Baylor Bears,Texas Horned Frogs,draftkings,Total,,153.5,O,+120,https://sportsbook.draftkings.com/event/tcu-%40-baylor/33516858?outcomes=0OU83128348O15350_1
2026-01-24 18:51:58,"Baylor Bears vs Texas Horned Frogs, 2026-01-24, 06",Baylor Bears,Texas Horned Frogs,draftkings,Total,,146.5,O,-210,https://sportsbook.draftkings.com/event/tcu-%40-baylor/33516858?outcomes=0OU83128348O14650_1
2026-01-24 18:51:58,"Baylor Bears vs Texas Horned Frogs, 2026-01-24, 06",Baylor Bears,Texas Horned Frogs,draftkings,Total,,145.5,O,-240,https://sportsbook.draftkings.com/event/tcu-%40-baylor/33516858?outcomes=0OU83128348O14550_1
2026-01-24 18:51:58,"Baylor Bears vs Texas Horned Frogs, 2026-01-24, 06",Baylor Bears,Texas Horned Frogs,draftkings,Total,,147.5,O,-180,https://sportsbook.draftkings.com/event/tcu-%40-baylor/33516858?outcomes=0OU83128348O14750_1
2026-01-24 18:51:58,"Baylor Bears vs Texas Horned Frogs, 2026-01-24, 06",Baylor Bears,Texas Horned Frogs,draftkings,Total,,156.5,U,-235,https://sportsbook.draftkings.com/event/tcu-%40-baylor/33516858?outcomes=0OU83128348U15650_3
2026-01-24 18:51:58,"Baylor Bears vs Texas Horned Frogs, 2026-01-24, 06",Baylor Bears,Texas Horned Frogs,draftkings,Total,,155.5,U,-205,https://sportsbook.draftkings.com/event/tcu-%40-baylor/33516858?outcomes=0OU83128348U15550_3
2026-01-24 18:51:58,"Baylor Bears vs Texas Horned Frogs, 2026-01-24, 06",Baylor Bears,Texas Horned Frogs,draftkings,Total,,154.5,U,-180,https://sportsbook.draftkings.com/event/tcu-%40-baylor/33516858?outcomes=0OU83128348U15450_3
2026-01-24 18:51:58,"Baylor Bears vs Texas Horned Frogs, 2026-01-24, 06",Baylor Bears,Texas Horned Frogs,draftkings,Total,,153.5,U,-160,https://sportsbook.draftkings.com/event/tcu-%40-baylor/33516858?outcomes=0OU83128348U15350_3
2026-01-24 18:51:58,"Baylor Bears vs Texas Horned Frogs, 2026-01-24, 06",Baylor Bears,Texas Horned Frogs,draftkings,Total,,154.5,O,+135,https://sportsbook.draftkings.com/event/tcu-%40-baylor/33516858?outcomes=0OU83128348O15450_1
2026-01-24 18:51:58,"Prairie View A&M Panthers vs Alabama State Hornets, 2026-01-24, 05",Prairie View A&M Panthers,Alabama State Hornets,betmgm,Total,,180.5,O,+105,https://www.on.betmgm.ca/en/sports/events/18904895?options=18904895-1446435640--226989275&type=Single
2026-01-24 18:51:58,"Prairie View A&M Panthers vs Alabama State Hornets, 2026-01-24, 05",Prairie View A&M Panthers,Alabama State Hornets,betmgm,Total,,180.5,U,-140,https://www.on.betmgm.ca/en/sports/events/18904895?options=18904895-1446435640--226989274&type=Single
2026-01-24 18:51:58,"Prairie View A&M Panthers vs Alabama State Hornets, 2026-01-24, 05",Prairie View A&M Panthers,Alabama State Hornets,betmgm,Total,,179.5,O,-115,https://www.on.betmgm.ca/en/sports/events/18904895?options=18904895-1446435558--226989440&type=Single
2026-01-24 18:51:58,"Prairie View A&M Panthers vs Alabama State Hornets, 2026-01-24, 05",Prairie View A&M Panthers,Alabama State Hornets,betmgm,Total,,179.5,U,-115,https://www.on.betmgm.ca/en/sports/events/18904895?options=18904895-1446435558--226989439&type=Single
2026-01-24 18:51:58,"Prairie View A&M Panthers vs Alabama State Hornets, 2026-01-24, 05",Prairie View A&M Panthers,Alabama State Hornets,betmgm,Total,,178.5,U,+110,https://www.on.betmgm.ca/en/sports/events/18904895?options=18904895-1446435537--226989481&type=Single
2026-01-24 18:51:58,"Prairie View A&M Panthers vs Alabama State Hornets, 2026-01-24, 05",Prairie View A&M Panthers,Alabama State Hornets,betmgm,Total,,178.5,O,-145,https://www.on.betmgm.ca/en/sports/events/18904895?options=18904895-1446435537--226989482&type=Single
2026-01-24 18:51:55,"Notre Dame Fighting Irish vs Boston Eagles, 2026-01-24, 06",Notre Dame Fighting Irish,Boston Eagles,fanduel,Total,,121.5,U,+280,https://sportsbook.fanduel.ca/addToBetslip?marketId=801.154281425&selectionId=7017824
2026-01-24 18:51:55,"Notre Dame Fighting Irish vs Boston Eagles, 2026-01-24, 06",Notre Dame Fighting Irish,Boston Eagles,fanduel,Total,,121.5,O,-460,https://sportsbook.fanduel.ca/addToBetslip?marketId=801.154281425&selectionId=7017823
2026-01-24 18:51:55,"Notre Dame Fighting Irish vs Boston Eagles, 2026-01-24, 06",Notre Dame Fighting Irish,Boston Eagles,fanduel,Total,,133.5,O,+125,https://sportsbook.fanduel.ca/addToBetslip?marketId=801.154281416&selectionId=7017823
2026-01-24 18:51:55,"Notre Dame Fighting Irish vs Boston Eagles, 2026-01-24, 06",Notre Dame Fighting Irish,Boston Eagles,fanduel,Total,,133.5,U,-175,https://sportsbook.fanduel.ca/addToBetslip?marketId=801.154281416&selectionId=7017824
2026-01-24 18:51:54,"Baylor Bears vs Texas Horned Frogs, 2026-01-24, 06",Baylor Bears,Texas Horned Frogs,pinnacle,Total,,154.0,O,+107,
2026-01-24 18:51:54,"Baylor Bears vs Texas Horned Frogs, 2026-01-24, 06",Baylor Bears,Texas Horned Frogs,pinnacle,Total,,154.0,U,-144,
2026-01-24 18:51:54,"Baylor Bears vs Texas Horned Frogs, 2026-01-24, 06",Baylor Bears,Texas Horned Frogs,pinnacle,Total,,153.5,O,+100,
2026-01-24 18:51:54,"Baylor Bears vs Texas Horned Frogs, 2026-01-24, 06",Baylor Bears,Texas Horned Frogs,pinnacle,Total,,153.5,U,-135,
2026-01-24 18:51:54,"Baylor Bears vs Texas Horned Frogs, 2026-01-24, 06",Baylor Bears,Texas Horned Frogs,pinnacle,Total,,153.0,O,-106,
2026-01-24 18:51:54,"Baylor Bears vs Texas Horned Frogs, 2026-01-24, 06",Baylor Bears,Texas Horned Frogs,pinnacle,Total,,153.0,U,-126,
2026-01-24 18:51:54,"Baylor Bears vs Texas Horned Frogs, 2026-01-24, 06",Baylor Bears,Texas Horned Frogs,pinnacle,Total,,152.5,O,-113,
2026-01-24 18:51:54,"Baylor Bears vs Texas Horned Frogs, 2026-01-24, 06",Baylor Bears,Texas Horned Frogs,pinnacle,Total,,152.5,U,-117,
2026-01-24 18:51:54,"Baylor Bears vs Texas Horned Frogs, 2026-01-24, 06",Baylor Bears,Texas Horned Frogs,pinnacle,Total,,152.0,O,-122,
2026-01-24 18:51:54,"Baylor Bears vs Texas Horned Frogs, 2026-01-24, 06",Baylor Bears,Texas Horned Frogs,pinnacle,Total,,151.5,O,-129,
2026-01-24 18:51:54,"Baylor Bears vs Texas Horned Frogs, 2026-01-24, 06",Baylor Bears,Texas Horned Frogs,pinnacle,Total,,151.5,U,-104,
2026-01-24 18:51:54,"Baylor Bears vs Texas Horned Frogs, 2026-01-24, 06",Baylor Bears,Texas Horned Frogs,pinnacle,Total,,151.0,O,-139,
2026-01-24 18:51:54,"Baylor Bears vs Texas Horned Frogs, 2026-01-24, 06",Baylor Bears,Texas Horned Frogs,pinnacle,Total,,151.0,U,+103,
2026-01-24 18:51:54,"Baylor Bears vs Texas Horned Frogs, 2026-01-24, 06",Baylor Bears,Texas Horned Frogs,pinnacle,Total,,152.0,U,-111,
2026-01-24 18:51:54,"Brigham Young Cougars vs Utah Utes, 2026-01-24, 05",Brigham Young Cougars,Utah Utes,betmgm,Total,,174.5,U,-125,https://www.on.betmgm.ca/en/sports/events/18904824?options=18904824-1446448314--226961484&type=Single
2026-01-24 18:51:54,"Brigham Young Cougars vs Utah Utes, 2026-01-24, 05",Brigham Young Cougars,Utah Utes,betmgm,Total,,173.5,U,-110,https://www.on.betmgm.ca/en/sports/events/18904824?options=18904824-1446437447--226985136&type=Single
2026-01-24 18:51:54,"Brigham Young Cougars vs Utah Utes, 2026-01-24, 05",Brigham Young Cougars,Utah Utes,betmgm,Total,,173.5,O,-118,https://www.on.betmgm.ca/en/sports/events/18904824?options=18904824-1446437447--226985137&type=Single
2026-01-24 18:51:54,"Brigham Young Cougars vs Utah Utes, 2026-01-24, 05",Brigham Young Cougars,Utah Utes,betmgm,Total,,172.5,O,-145,https://www.on.betmgm.ca/en/sports/events/18904824?options=18904824-1446437441--226985149&type=Single
2026-01-24 18:51:54,"Brigham Young Cougars vs Utah Utes, 2026-01-24, 05",Brigham Young Cougars,Utah Utes,betmgm,Total,,172.5,U,+110,https://www.on.betmgm.ca/en/sports/events/18904824?options=18904824-1446437441--226985148&type=Single
2026-01-24 18:51:54,"Brigham Young Cougars vs Utah Utes, 2026-01-24, 05",Brigham Young Cougars,Utah Utes,betmgm,Total,,174.5,O,-105,https://www.on.betmgm.ca/en/sports/events/18904824?options=18904824-1446448314--226961485&type=Single
2026-01-24 18:51:54,"Notre Dame Fighting Irish vs Boston Eagles, 2026-01-24, 06",Notre Dame Fighting Irish,Boston Eagles,fanduel,Total,,136.5,O,+185,https://sportsbook.fanduel.ca/addToBetslip?marketId=801.154281387&selectionId=7017823
2026-01-24 18:51:54,"Notre Dame Fighting Irish vs Boston Eagles, 2026-01-24, 06",Notre Dame Fighting Irish,Boston Eagles,fanduel,Total,,127.5,O,-170,https://sportsbook.fanduel.ca/addToBetslip?marketId=801.154281395&selectionId=7017823
2026-01-24 18:51:54,"Notre Dame Fighting Irish vs Boston Eagles, 2026-01-24, 06",Notre Dame Fighting Irish,Boston Eagles,fanduel,Total,,124.5,O,-270,https://sportsbook.fanduel.ca/addToBetslip?marketId=801.154281410&selectionId=7017823
2026-01-24 18:51:54,"Notre Dame Fighting Irish vs Boston Eagles, 2026-01-24, 06",Notre Dame Fighting Irish,Boston Eagles,fanduel,Total,,124.5,U,+185,https://sportsbook.fanduel.ca/addToBetslip?marketId=801.154281410&selectionId=7017824
2026-01-24 18:51:54,"Notre Dame Fighting Irish vs Boston Eagles, 2026-01-24, 06",Notre Dame Fighting Irish,Boston Eagles,fanduel,Total,,127.5,U,+120,https://sportsbook.fanduel.ca/addToBetslip?marketId=801.154281395&selectionId=7017824
2026-01-24 18:51:54,"Notre Dame Fighting Irish vs Boston Eagles, 2026-01-24, 06",Notre Dame Fighting Irish,Boston Eagles,fanduel,Total,,130.5,O,-112,https://sportsbook.fanduel.ca/addToBetslip?marketId=801.152222870&selectionId=7017823
2026-01-24 18:51:54,"Notre Dame Fighting Irish vs Boston Eagles, 2026-01-24, 06",Notre Dame Fighting Irish,Boston Eagles,fanduel,Total,,130.5,U,-118,https://sportsbook.fanduel.ca/addToBetslip?marketId=801.152222870&selectionId=7017824
2026-01-24 18:51:54,"Notre Dame Fighting Irish vs Boston Eagles, 2026-01-24, 06",Notre Dame Fighting Irish,Boston Eagles,fanduel,Total,,139.5,O,+270,https://sportsbook.fanduel.ca/addToBetslip?marketId=801.154281439&selectionId=7017823
2026-01-24 18:51:54,"Notre Dame Fighting Irish vs Boston Eagles, 2026-01-24, 06",Notre Dame Fighting Irish,Boston Eagles,fanduel,Total,,139.5,U,-430,https://sportsbook.fanduel.ca/addToBetslip?marketId=801.154281439&selectionId=7017824
2026-01-24 18:51:54,"Notre Dame Fighting Irish vs Boston Eagles, 2026-01-24, 06",Notre Dame Fighting Irish,Boston Eagles,fanduel,Total,,136.5,U,-270,https://sportsbook.fanduel.ca/addToBetslip?marketId=801.154281387&selectionId=7017824
2026-01-24 18:51:54,"Prairie View A&M Panthers vs Alabama State Hornets, 2026-01-24, 05",Prairie View A&M Panthers,Alabama State Hornets,fanduel,Total,,173.5,U,+280,https://sportsbook.fanduel.ca/addToBetslip?marketId=801.154281158&selectionId=7017824
2026-01-24 18:51:54,"Prairie View A&M Panthers vs Alabama State Hornets, 2026-01-24, 05",Prairie View A&M Panthers,Alabama State Hornets,fanduel,Total,,170.5,O,-1000,https://sportsbook.fanduel.ca/addToBetslip?marketId=801.154281129&selectionId=7017823
2026-01-24 18:51:54,"Prairie View A&M Panthers vs Alabama State Hornets, 2026-01-24, 05",Prairie View A&M Panthers,Alabama State Hornets,fanduel,Total,,170.5,U,+480,https://sportsbook.fanduel.ca/addToBetslip?marketId=801.154281129&selectionId=7017824
2026-01-24 18:51:54,"Prairie View A&M Panthers vs Alabama State Hornets, 2026-01-24, 05",Prairie View A&M Panthers,Alabama State Hornets,fanduel,Total,,185.5,O,+270,https://sportsbook.fanduel.ca/addToBetslip?marketId=801.154281154&selectionId=7017823
2026-01-24 18:51:54,"Prairie View A&M Panthers vs Alabama State Hornets, 2026-01-24, 05",Prairie View A&M Panthers,Alabama State Hornets,fanduel,Total,,185.5,U,-410,https://sportsbook.fanduel.ca/addToBetslip?marketId=801.154281154&selectionId=7017824
2026-01-24 18:51:54,"Prairie View A&M Panthers vs Alabama State Hornets, 2026-01-24, 05",Prairie View A&M Panthers,Alabama State Hornets,fanduel,Total,,179.5,O,-114,https://sportsbook.fanduel.ca/addToBetslip?marketId=801.154230643&selectionId=7017823
2026-01-24 18:51:54,"Prairie View A&M Panthers vs Alabama State Hornets, 2026-01-24, 05",Prairie View A&M Panthers,Alabama State Hornets,fanduel,Total,,173.5,O,-430,https://sportsbook.fanduel.ca/addToBetslip?marketId=801.154281158&selectionId=7017823
2026-01-24 18:51:54,"Prairie View A&M Panthers vs Alabama State Hornets, 2026-01-24, 05",Prairie View A&M Panthers,Alabama State Hornets,fanduel,Total,,176.5,U,+150,https://sportsbook.fanduel.ca/addToBetslip?marketId=801.154281172&selectionId=7017824
2026-01-24 18:51:54,"Prairie View A&M Panthers vs Alabama State Hornets, 2026-01-24, 05",Prairie View A&M Panthers,Alabama State Hornets,fanduel,Total,,176.5,O,-220,https://sportsbook.fanduel.ca/addToBetslip?marketId=801.154281172&selectionId=7017823
2026-01-24 18:51:54,"Prairie View A&M Panthers vs Alabama State Hornets, 2026-01-24, 05",Prairie View A&M Panthers,Alabama State Hornets,fanduel,Total,,179.5,U,-114,https://sportsbook.fanduel.ca/addToBetslip?marketId=801.154230643&selectionId=7017824
2026-01-24 18:51:54,"Prairie View A&M Panthers vs Alabama State Hornets, 2026-01-24, 05",Prairie View A&M Panthers,Alabama State Hornets,fanduel,Total,,182.5,O,+150,https://sportsbook.fanduel.ca/addToBetslip?marketId=801.154281145&selectionId=7017823
2026-01-24 18:51:53,"Notre Dame Fighting Irish vs Boston Eagles, 2026-01-24, 06",Notre Dame Fighting Irish,Boston Eagles,betmgm,Total,,127.5,U,+130,https://www.on.betmgm.ca/en/sports/events/18904819?options=18904819-1446440951--226977699&type=Single
2026-01-24 18:51:53,"Notre Dame Fighting Irish vs Boston Eagles, 2026-01-24, 06",Notre Dame Fighting Irish,Boston Eagles,betmgm,Total,,127.5,O,-170,https://www.on.betmgm.ca/en/sports/events/18904819?options=18904819-1446440951--226977700&type=Single
2026-01-24 18:51:51,"Brigham Young Cougars vs Utah Utes, 2026-01-24, 05",Brigham Young Cougars,Utah Utes,pinnacle,Total,,174.0,O,-116,
2026-01-24 18:51:51,"Brigham Young Cougars vs Utah Utes, 2026-01-24, 05",Brigham Young Cougars,Utah Utes,pinnacle,Total,,173.0,U,+104,
2026-01-24 18:51:51,"Brigham Young Cougars vs Utah Utes, 2026-01-24, 05",Brigham Young Cougars,Utah Utes,pinnacle,Total,,173.0,O,-133,
2026-01-24 18:51:51,"Brigham Young Cougars vs Utah Utes, 2026-01-24, 05",Brigham Young Cougars,Utah Utes,pinnacle,Total,,173.5,U,-103,
2026-01-24 18:51:51,"Brigham Young Cougars vs Utah Utes, 2026-01-24, 05",Brigham Young Cougars,Utah Utes,pinnacle,Total,,173.5,O,-124,
2026-01-24 18:51:51,"Brigham Young Cougars vs Utah Utes, 2026-01-24, 05",Brigham Young Cougars,Utah Utes,pinnacle,Total,,174.0,U,-110,
2026-01-24 18:51:51,"Brigham Young Cougars vs Utah Utes, 2026-01-24, 05",Brigham Young Cougars,Utah Utes,pinnacle,Total,,174.5,U,-117,
2026-01-24 18:51:51,"Brigham Young Cougars vs Utah Utes, 2026-01-24, 05",Brigham Young Cougars,Utah Utes,pinnacle,Total,,176.0,O,+115,
2026-01-24 18:51:51,"Brigham Young Cougars vs Utah Utes, 2026-01-24, 05",Brigham Young Cougars,Utah Utes,pinnacle,Total,,175.0,U,-127,
2026-01-24 18:51:51,"Brigham Young Cougars vs Utah Utes, 2026-01-24, 05",Brigham Young Cougars,Utah Utes,pinnacle,Total,,175.0,O,-101,
2026-01-24 18:51:51,"Brigham Young Cougars vs Utah Utes, 2026-01-24, 05",Brigham Young Cougars,Utah Utes,pinnacle,Total,,175.5,U,-136,
2026-01-24 18:51:51,"Brigham Young Cougars vs Utah Utes, 2026-01-24, 05",Brigham Young Cougars,Utah Utes,pinnacle,Total,,175.5,O,+106,
2026-01-24 18:51:51,"Brigham Young Cougars vs Utah Utes, 2026-01-24, 05",Brigham Young Cougars,Utah Utes,pinnacle,Total,,176.0,U,-147,
2026-01-24 18:51:51,"Brigham Young Cougars vs Utah Utes, 2026-01-24, 05",Brigham Young Cougars,Utah Utes,pinnacle,Total,,174.5,O,-108,
2026-01-24 18:51:50,"Prairie View A&M Panthers vs Alabama State Hornets, 2026-01-24, 05",Prairie View A&M Panthers,Alabama State Hornets,fanduel,Total,,188.5,U,-950,https://sportsbook.fanduel.ca/addToBetslip?marketId=801.154281166&selectionId=7017824
2026-01-24 18:51:50,"Prairie View A&M Panthers vs Alabama State Hornets, 2026-01-24, 05",Prairie View A&M Panthers,Alabama State Hornets,fanduel,Total,,188.5,O,+460,https://sportsbook.fanduel.ca/addToBetslip?marketId=801.154281166&selectionId=7017823
2026-01-24 18:51:50,"Prairie View A&M Panthers vs Alabama State Hornets, 2026-01-24, 05",Prairie View A&M Panthers,Alabama State Hornets,fanduel,Total,,182.5,U,-220,https://sportsbook.fanduel.ca/addToBetslip?marketId=801.154281145&selectionId=7017824
2026-01-24 18:51:50,"Prairie View A&M Panthers vs Alabama State Hornets, 2026-01-24, 05",Prairie View A&M Panthers,Alabama State Hornets,draftkings,Total,,175.5,U,+150,https://sportsbook.draftkings.com/event/alabama-state-%40-prairie-view/33516899?outcomes=0OU83128546U17550_3
2026-01-24 18:51:50,"Prairie View A&M Panthers vs Alabama State Hornets, 2026-01-24, 05",Prairie View A&M Panthers,Alabama State Hornets,draftkings,Total,,176.5,U,+125,https://sportsbook.draftkings.com/event/alabama-state-%40-prairie-view/33516899?outcomes=0OU83128546U17650_3
2026-01-24 18:51:50,"Prairie View A&M Panthers vs Alabama State Hornets, 2026-01-24, 05",Prairie View A&M Panthers,Alabama State Hornets,draftkings,Total,,179.5,U,-135,https://sportsbook.draftkings.com/event/alabama-state-%40-prairie-view/33516899?outcomes=0OU83128546U17950_3
2026-01-24 18:51:50,"Prairie View A&M Panthers vs Alabama State Hornets, 2026-01-24, 05",Prairie View A&M Panthers,Alabama State Hornets,draftkings,Total,,177.5,U,+105,https://sportsbook.draftkings.com/event/alabama-state-%40-prairie-view/33516899?outcomes=0OU83128546U17750_3
2026-01-24 18:51:50,"Prairie View A&M Panthers vs Alabama State Hornets, 2026-01-24, 05",Prairie View A&M Panthers,Alabama State Hornets,draftkings,Total,,173.5,O,-310,https://sportsbook.draftkings.com/event/alabama-state-%40-prairie-view/33516899?outcomes=0OU83128546O17350_1
2026-01-24 18:51:50,"Prairie View A&M Panthers vs Alabama State Hornets, 2026-01-24, 05",Prairie View A&M Panthers,Alabama State Hornets,draftkings,Total,,180.5,O,+115,https://sportsbook.draftkings.com/event/alabama-state-%40-prairie-view/33516899?outcomes=0OU83128546O18050_1
2026-01-24 18:51:50,"Prairie View A&M Panthers vs Alabama State Hornets, 2026-01-24, 05",Prairie View A&M Panthers,Alabama State Hornets,draftkings,Total,,172.5,O,-380,https://sportsbook.draftkings.com/event/alabama-state-%40-prairie-view/33516899?outcomes=0OU83128546O17250_1
2026-01-24 18:51:50,"Prairie View A&M Panthers vs Alabama State Hornets, 2026-01-24, 05",Prairie View A&M Panthers,Alabama State Hornets,draftkings,Total,,177.5,O,-140,https://sportsbook.draftkings.com/event/alabama-state-%40-prairie-view/33516899?outcomes=0OU83128546O17750_1
2026-01-24 18:51:50,"Prairie View A&M Panthers vs Alabama State Hornets, 2026-01-24, 05",Prairie View A&M Panthers,Alabama State Hornets,draftkings,Total,,176.5,O,-170,https://sportsbook.draftkings.com/event/alabama-state-%40-prairie-view/33516899?outcomes=0OU83128546O17650_1
2026-01-24 18:51:50,"Prairie View A&M Panthers vs Alabama State Hornets, 2026-01-24, 05",Prairie View A&M Panthers,Alabama State Hornets,draftkings,Total,,175.5,O,-205,https://sportsbook.draftkings.com/event/alabama-state-%40-prairie-view/33516899?outcomes=0OU83128546O17550_1
2026-01-24 18:51:50,"Prairie View A&M Panthers vs Alabama State Hornets, 2026-01-24, 05",Prairie View A&M Panthers,Alabama State Hornets,draftkings,Total,,172.5,U,+270,https://sportsbook.draftkings.com/event/alabama-state-%40-prairie-view/33516899?outcomes=0OU83128546U17250_3
2026-01-24 18:51:50,"Prairie View A&M Panthers vs Alabama State Hornets, 2026-01-24, 05",Prairie View A&M Panthers,Alabama State Hornets,draftkings,Total,,173.5,U,+220,https://sportsbook.draftkings.com/event/alabama-state-%40-prairie-view/33516899?outcomes=0OU83128546U17350_3
2026-01-24 18:51:50,"Prairie View A&M Panthers vs Alabama State Hornets, 2026-01-24, 05",Prairie View A&M Panthers,Alabama State Hornets,draftkings,Total,,180.5,U,-160,https://sportsbook.draftkings.com/event/alabama-state-%40-prairie-view/33516899?outcomes=0OU83128546U18050_3
2026-01-24 18:51:50,"Prairie View A&M Panthers vs Alabama State Hornets, 2026-01-24, 05",Prairie View A&M Panthers,Alabama State Hornets,draftkings,Total,,179.5,O,+100,https://sportsbook.draftkings.com/event/alabama-state-%40-prairie-view/33516899?outcomes=0OU83128546O17950_1
2026-01-24 18:51:49,"Arkansas Razorbacks vs Louisiana State Tigers, 2026-01-24, 05",Arkansas Razorbacks,Louisiana State Tigers,betmgm,Total,,170.5,U,-175,https://www.on.betmgm.ca/en/sports/events/18904820?options=18904820-1446449386--226958875&type=Single
2026-01-24 18:51:49,"Arkansas Razorbacks vs Louisiana State Tigers, 2026-01-24, 05",Arkansas Razorbacks,Louisiana State Tigers,betmgm,Total,,170.5,O,+135,https://www.on.betmgm.ca/en/sports/events/18904820?options=18904820-1446449386--226958876&type=Single
2026-01-24 18:51:46,"Notre Dame Fighting Irish vs Boston Eagles, 2026-01-24, 06",Notre Dame Fighting Irish,Boston Eagles,fanduel,Total,,131.5,O,+125,https://sportsbook.fanduel.ca/addToBetslip?marketId=801.154281416&selectionId=7017823
2026-01-24 18:51:46,"Notre Dame Fighting Irish vs Boston Eagles, 2026-01-24, 06",Notre Dame Fighting Irish,Boston Eagles,fanduel,Total,,119.5,U,+290,https://sportsbook.fanduel.ca/addToBetslip?marketId=801.154281425&selectionId=7017824
2026-01-24 18:51:46,"Notre Dame Fighting Irish vs Boston Eagles, 2026-01-24, 06",Notre Dame Fighting Irish,Boston Eagles,fanduel,Total,,119.5,O,-480,https://sportsbook.fanduel.ca/addToBetslip?marketId=801.154281425&selectionId=7017823
2026-01-24 18:51:46,"Notre Dame Fighting Irish vs Boston Eagles, 2026-01-24, 06",Notre Dame Fighting Irish,Boston Eagles,fanduel,Total,,131.5,U,-175,https://sportsbook.fanduel.ca/addToBetslip?marketId=801.154281416&selectionId=7017824
2026-01-24 18:51:46,"Notre Dame Fighting Irish vs Boston Eagles, 2026-01-24, 06",Notre Dame Fighting Irish,Boston Eagles,fanduel,Total,,137.5,O,+270,https://sportsbook.fanduel.ca/addToBetslip?marketId=801.154281439&selectionId=7017823
2026-01-24 18:51:46,"Notre Dame Fighting Irish vs Boston Eagles, 2026-01-24, 06",Notre Dame Fighting Irish,Boston Eagles,fanduel,Total,,128.5,U,-114,https://sportsbook.fanduel.ca/addToBetslip?marketId=801.152222870&selectionId=7017824
2026-01-24 18:51:46,"Notre Dame Fighting Irish vs Boston Eagles, 2026-01-24, 06",Notre Dame Fighting Irish,Boston Eagles,fanduel,Total,,128.5,O,-114,https://sportsbook.fanduel.ca/addToBetslip?marketId=801.152222870&selectionId=7017823
2026-01-24 18:51:46,"Notre Dame Fighting Irish vs Boston Eagles, 2026-01-24, 06",Notre Dame Fighting Irish,Boston Eagles,fanduel,Total,,125.5,U,+125,https://sportsbook.fanduel.ca/addToBetslip?marketId=801.154281395&selectionId=7017824
2026-01-24 18:51:46,"Notre Dame Fighting Irish vs Boston Eagles, 2026-01-24, 06",Notre Dame Fighting Irish,Boston Eagles,fanduel,Total,,125.5,O,-175,https://sportsbook.fanduel.ca/addToBetslip?marketId=801.154281395&selectionId=7017823
2026-01-24 18:51:46,"Notre Dame Fighting Irish vs Boston Eagles, 2026-01-24, 06",Notre Dame Fighting Irish,Boston Eagles,fanduel,Total,,122.5,U,+190,https://sportsbook.fanduel.ca/addToBetslip?marketId=801.154281410&selectionId=7017824
2026-01-24 18:51:46,"Notre Dame Fighting Irish vs Boston Eagles, 2026-01-24, 06",Notre Dame Fighting Irish,Boston Eagles,fanduel,Total,,122.5,O,-280,https://sportsbook.fanduel.ca/addToBetslip?marketId=801.154281410&selectionId=7017823
2026-01-24 18:51:46,"Notre Dame Fighting Irish vs Boston Eagles, 2026-01-24, 06",Notre Dame Fighting Irish,Boston Eagles,fanduel,Total,,134.5,O,+180,https://sportsbook.fanduel.ca/addToBetslip?marketId=801.154281387&selectionId=7017823
2026-01-24 18:51:46,"Notre Dame Fighting Irish vs Boston Eagles, 2026-01-24, 06",Notre Dame Fighting Irish,Boston Eagles,fanduel,Total,,137.5,U,-430,https://sportsbook.fanduel.ca/addToBetslip?marketId=801.154281439&selectionId=7017824
2026-01-24 18:51:44,"Baylor Bears vs Texas Horned Frogs, 2026-01-24, 06",Baylor Bears,Texas Horned Frogs,pinnacle,Total,,154.5,U,-139,
2026-01-24 18:51:44,"Baylor Bears vs Texas Horned Frogs, 2026-01-24, 06",Baylor Bears,Texas Horned Frogs,pinnacle,Total,,154.5,O,+103,
2026-01-24 18:51:44,"Notre Dame Fighting Irish vs Boston Eagles, 2026-01-24, 06",Notre Dame Fighting Irish,Boston Eagles,pinnacle,Total,,126.5,U,+101,
2026-01-24 18:51:44,"Notre Dame Fighting Irish vs Boston Eagles, 2026-01-24, 06",Notre Dame Fighting Irish,Boston Eagles,pinnacle,Total,,126.5,O,-136,
2026-01-24 18:51:44,"Notre Dame Fighting Irish vs Boston Eagles, 2026-01-24, 06",Notre Dame Fighting Irish,Boston Eagles,pinnacle,Total,,127.0,O,-127,
2026-01-24 18:51:44,"Notre Dame Fighting Irish vs Boston Eagles, 2026-01-24, 06",Notre Dame Fighting Irish,Boston Eagles,pinnacle,Total,,127.0,U,-106,
2026-01-24 18:51:43,"Arkansas Razorbacks vs Louisiana State Tigers, 2026-01-24, 05",Arkansas Razorbacks,Louisiana State Tigers,pinnacle,Total,,168.0,O,-129,
2026-01-24 18:51:43,"Arkansas Razorbacks vs Louisiana State Tigers, 2026-01-24, 05",Arkansas Razorbacks,Louisiana State Tigers,pinnacle,Total,,168.0,U,-104,
2026-01-24 18:51:43,"Arkansas Razorbacks vs Louisiana State Tigers, 2026-01-24, 05",Arkansas Razorbacks,Louisiana State Tigers,pinnacle,Total,,168.5,U,-116,
2026-01-24 18:51:43,"Arkansas Razorbacks vs Louisiana State Tigers, 2026-01-24, 05",Arkansas Razorbacks,Louisiana State Tigers,pinnacle,Total,,169.0,U,-132,
2026-01-24 18:51:43,"Arkansas Razorbacks vs Louisiana State Tigers, 2026-01-24, 05",Arkansas Razorbacks,Louisiana State Tigers,pinnacle,Total,,169.0,O,-102,
2026-01-24 18:51:43,"Arkansas Razorbacks vs Louisiana State Tigers, 2026-01-24, 05",Arkansas Razorbacks,Louisiana State Tigers,pinnacle,Total,,168.5,O,-114,
2026-01-24 18:51:42,"Arkansas Razorbacks vs Louisiana State Tigers, 2026-01-24, 05",Arkansas Razorbacks,Louisiana State Tigers,fanduel,Total,,167.5,U,+100,https://sportsbook.fanduel.ca/addToBetslip?marketId=801.152220846&selectionId=7017824
2026-01-24 18:51:42,"Arkansas Razorbacks vs Louisiana State Tigers, 2026-01-24, 05",Arkansas Razorbacks,Louisiana State Tigers,fanduel,Total,,167.5,O,-132,https://sportsbook.fanduel.ca/addToBetslip?marketId=801.152220846&selectionId=7017823
2026-01-24 18:51:42,"Arkansas Razorbacks vs Louisiana State Tigers, 2026-01-24, 05",Arkansas Razorbacks,Louisiana State Tigers,fanduel,Total,,170.5,U,-220,https://sportsbook.fanduel.ca/addToBetslip?marketId=801.154280480&selectionId=7017824
2026-01-24 18:51:42,"Arkansas Razorbacks vs Louisiana State Tigers, 2026-01-24, 05",Arkansas Razorbacks,Louisiana State Tigers,fanduel,Total,,170.5,O,+150,https://sportsbook.fanduel.ca/addToBetslip?marketId=801.154280480&selectionId=7017823
2026-01-24 18:51:42,"Arkansas Razorbacks vs Louisiana State Tigers, 2026-01-24, 05",Arkansas Razorbacks,Louisiana State Tigers,fanduel,Total,,173.5,U,-550,https://sportsbook.fanduel.ca/addToBetslip?marketId=801.154280479&selectionId=7017824
2026-01-24 18:51:42,"Arkansas Razorbacks vs Louisiana State Tigers, 2026-01-24, 05",Arkansas Razorbacks,Louisiana State Tigers,fanduel,Total,,176.5,O,+500,https://sportsbook.fanduel.ca/addToBetslip?marketId=801.154280491&selectionId=7017823
2026-01-24 18:51:42,"Arkansas Razorbacks vs Louisiana State Tigers, 2026-01-24, 05",Arkansas Razorbacks,Louisiana State Tigers,fanduel,Total,,164.5,U,+210,https://sportsbook.fanduel.ca/addToBetslip?marketId=801.154280460&selectionId=7017824
2026-01-24 18:51:42,"Arkansas Razorbacks vs Louisiana State Tigers, 2026-01-24, 05",Arkansas Razorbacks,Louisiana State Tigers,fanduel,Total,,164.5,O,-320,https://sportsbook.fanduel.ca/addToBetslip?marketId=801.154280460&selectionId=7017823
2026-01-24 18:51:42,"Arkansas Razorbacks vs Louisiana State Tigers, 2026-01-24, 05",Arkansas Razorbacks,Louisiana State Tigers,fanduel,Total,,176.5,U,-1150,https://sportsbook.fanduel.ca/addToBetslip?marketId=801.154280491&selectionId=7017824
2026-01-24 18:51:41,"Arkansas Razorbacks vs Louisiana State Tigers, 2026-01-24, 05",Arkansas Razorbacks,Louisiana State Tigers,fanduel,Total,,161.5,U,+480,https://sportsbook.fanduel.ca/addToBetslip?marketId=801.154280489&selectionId=7017824
2026-01-24 18:51:41,"Arkansas Razorbacks vs Louisiana State Tigers, 2026-01-24, 05",Arkansas Razorbacks,Louisiana State Tigers,fanduel,Total,,161.5,O,-1000,https://sportsbook.fanduel.ca/addToBetslip?marketId=801.154280489&selectionId=7017823
2026-01-24 18:51:41,"Arkansas Razorbacks vs Louisiana State Tigers, 2026-01-24, 05",Arkansas Razorbacks,Louisiana State Tigers,fanduel,Total,,173.5,O,+340,https://sportsbook.fanduel.ca/addToBetslip?marketId=801.154280479&selectionId=7017823
2026-01-24 18:51:37,"Brigham Young Cougars vs Utah Utes, 2026-01-24, 05",Brigham Young Cougars,Utah Utes,fanduel,Total,,173.5,U,-122,https://sportsbook.fanduel.ca/addToBetslip?marketId=801.154215385&selectionId=7017824
2026-01-24 18:51:37,"Brigham Young Cougars vs Utah Utes, 2026-01-24, 05",Brigham Young Cougars,Utah Utes,fanduel,Total,,173.5,O,-110,https://sportsbook.fanduel.ca/addToBetslip?marketId=801.154215385&selectionId=7017823
2026-01-24 18:51:37,"Brigham Young Cougars vs Utah Utes, 2026-01-24, 05",Brigham Young Cougars,Utah Utes,fanduel,Total,,167.5,O,-330,https://sportsbook.fanduel.ca/addToBetslip?marketId=801.154280933&selectionId=7017823
2026-01-24 18:51:37,"Brigham Young Cougars vs Utah Utes, 2026-01-24, 05",Brigham Young Cougars,Utah Utes,fanduel,Total,,164.5,U,+370,https://sportsbook.fanduel.ca/addToBetslip?marketId=801.154280910&selectionId=7017824
2026-01-24 18:51:37,"Brigham Young Cougars vs Utah Utes, 2026-01-24, 05",Brigham Young Cougars,Utah Utes,fanduel,Total,,176.5,O,+140,https://sportsbook.fanduel.ca/addToBetslip?marketId=801.154280966&selectionId=7017823
2026-01-24 18:51:37,"Brigham Young Cougars vs Utah Utes, 2026-01-24, 05",Brigham Young Cougars,Utah Utes,fanduel,Total,,176.5,U,-195,https://sportsbook.fanduel.ca/addToBetslip?marketId=801.154280966&selectionId=7017824
2026-01-24 18:51:37,"Brigham Young Cougars vs Utah Utes, 2026-01-24, 05",Brigham Young Cougars,Utah Utes,fanduel,Total,,164.5,O,-650,https://sportsbook.fanduel.ca/addToBetslip?marketId=801.154280910&selectionId=7017823
2026-01-24 18:51:37,"Brigham Young Cougars vs Utah Utes, 2026-01-24, 05",Brigham Young Cougars,Utah Utes,fanduel,Total,,182.5,O,+360,https://sportsbook.fanduel.ca/addToBetslip?marketId=801.154280934&selectionId=7017823
2026-01-24 18:51:37,"Brigham Young Cougars vs Utah Utes, 2026-01-24, 05",Brigham Young Cougars,Utah Utes,fanduel,Total,,182.5,U,-600,https://sportsbook.fanduel.ca/addToBetslip?marketId=801.154280934&selectionId=7017824
2026-01-24 18:51:37,"Brigham Young Cougars vs Utah Utes, 2026-01-24, 05",Brigham Young Cougars,Utah Utes,fanduel,Total,,170.5,O,-180,https://sportsbook.fanduel.ca/addToBetslip?marketId=801.154280965&selectionId=7017823
2026-01-24 18:51:37,"Brigham Young Cougars vs Utah Utes, 2026-01-24, 05",Brigham Young Cougars,Utah Utes,fanduel,Total,,170.5,U,+130,https://sportsbook.fanduel.ca/addToBetslip?marketId=801.154280965&selectionId=7017824
2026-01-24 18:51:37,"Brigham Young Cougars vs Utah Utes, 2026-01-24, 05",Brigham Young Cougars,Utah Utes,fanduel,Total,,179.5,O,+220,https://sportsbook.fanduel.ca/addToBetslip?marketId=801.154280971&selectionId=7017823
2026-01-24 18:51:37,"Brigham Young Cougars vs Utah Utes, 2026-01-24, 05",Brigham Young Cougars,Utah Utes,fanduel,Total,,179.5,U,-340,https://sportsbook.fanduel.ca/addToBetslip?marketId=801.154280971&selectionId=7017824
2026-01-24 18:51:37,"Brigham Young Cougars vs Utah Utes, 2026-01-24, 05",Brigham Young Cougars,Utah Utes,fanduel,Total,,167.5,U,+220,https://sportsbook.fanduel.ca/addToBetslip?marketId=801.154280933&selectionId=7017824
2026-01-24 18:51:37,"Montana State Bobcats vs Weber State Wildcats, 2026-01-24, 08",Montana State Bobcats,Weber State Wildcats,pinnacle,Total,,147.0,O,-101,
2026-01-24 18:51:37,"Montana State Bobcats vs Weber State Wildcats, 2026-01-24, 08",Montana State Bobcats,Weber State Wildcats,pinnacle,Total,,148.5,O,+115,
2026-01-24 18:51:37,"Montana State Bobcats vs Weber State Wildcats, 2026-01-24, 08",Montana State Bobcats,Weber State Wildcats,pinnacle,Total,,148.5,U,-146,
2026-01-24 18:51:37,"Montana State Bobcats vs Weber State Wildcats, 2026-01-24, 08",Montana State Bobcats,Weber State Wildcats,pinnacle,Total,,148.0,O,+110,
2026-01-24 18:51:37,"Montana State Bobcats vs Weber State Wildcats, 2026-01-24, 08",Montana State Bobcats,Weber State Wildcats,pinnacle,Total,,148.0,U,-139,
2026-01-24 18:51:37,"Montana State Bobcats vs Weber State Wildcats, 2026-01-24, 08",Montana State Bobcats,Weber State Wildcats,pinnacle,Total,,147.5,O,+104,
2026-01-24 18:51:37,"Montana State Bobcats vs Weber State Wildcats, 2026-01-24, 08",Montana State Bobcats,Weber State Wildcats,pinnacle,Total,,147.5,U,-131,
2026-01-24 18:51:37,"Montana State Bobcats vs Weber State Wildcats, 2026-01-24, 08",Montana State Bobcats,Weber State Wildcats,pinnacle,Total,,147.0,U,-125,
2026-01-24 18:51:37,"Montana State Bobcats vs Weber State Wildcats, 2026-01-24, 08",Montana State Bobcats,Weber State Wildcats,pinnacle,Total,,146.5,U,-116,
2026-01-24 18:51:37,"Montana State Bobcats vs Weber State Wildcats, 2026-01-24, 08",Montana State Bobcats,Weber State Wildcats,pinnacle,Total,,146.0,O,-112,
2026-01-24 18:51:37,"Montana State Bobcats vs Weber State Wildcats, 2026-01-24, 08",Montana State Bobcats,Weber State Wildcats,pinnacle,Total,,146.5,O,-104,
2026-01-24 18:51:37,"Montana State Bobcats vs Weber State Wildcats, 2026-01-24, 08",Montana State Bobcats,Weber State Wildcats,pinnacle,Total,,145.5,O,-118,
2026-01-24 18:51:37,"Montana State Bobcats vs Weber State Wildcats, 2026-01-24, 08",Montana State Bobcats,Weber State Wildcats,pinnacle,Total,,146.0,U,-112,
2026-01-24 18:51:37,"Montana State Bobcats vs Weber State Wildcats, 2026-01-24, 08",Montana State Bobcats,Weber State Wildcats,pinnacle,Total,,144.5,U,+103,
2026-01-24 18:51:37,"Montana State Bobcats vs Weber State Wildcats, 2026-01-24, 08",Montana State Bobcats,Weber State Wildcats,pinnacle,Total,,145.0,U,-102,
2026-01-24 18:51:37,"Montana State Bobcats vs Weber State Wildcats, 2026-01-24, 08",Montana State Bobcats,Weber State Wildcats,pinnacle,Total,,145.0,O,-124,
2026-01-24 18:51:37,"Montana State Bobcats vs Weber State Wildcats, 2026-01-24, 08",Montana State Bobcats,Weber State Wildcats,pinnacle,Total,,145.5,U,-107,
2026-01-24 18:51:37,"Montana State Bobcats vs Weber State Wildcats, 2026-01-24, 08",Montana State Bobcats,Weber State Wildcats,pinnacle,Total,,144.5,O,-129,
2026-01-24 18:51:37,"Prairie View A&M Panthers vs Alabama State Hornets, 2026-01-24, 05",Prairie View A&M Panthers,Alabama State Hornets,draftkings,Total,,178.5,U,-140,https://sportsbook.draftkings.com/event/alabama-state-%40-prairie-view/33516899?outcomes=0OU83128546U17850_3
2026-01-24 18:51:37,"Prairie View A&M Panthers vs Alabama State Hornets, 2026-01-24, 05",Prairie View A&M Panthers,Alabama State Hornets,draftkings,Total,,171.5,U,+245,https://sportsbook.draftkings.com/event/alabama-state-%40-prairie-view/33516899?outcomes=0OU83128546U17150_3
2026-01-24 18:51:37,"Prairie View A&M Panthers vs Alabama State Hornets, 2026-01-24, 05",Prairie View A&M Panthers,Alabama State Hornets,draftkings,Total,,171.5,O,-340,https://sportsbook.draftkings.com/event/alabama-state-%40-prairie-view/33516899?outcomes=0OU83128546O17150_1
2026-01-24 18:51:37,"Prairie View A&M Panthers vs Alabama State Hornets, 2026-01-24, 05",Prairie View A&M Panthers,Alabama State Hornets,draftkings,Total,,178.5,O,+105,https://sportsbook.draftkings.com/event/alabama-state-%40-prairie-view/33516899?outcomes=0OU83128546O17850_1
2026-01-24 18:51:36,"Alabama Crimson Tide vs Tennessee Volunteers, 2026-01-24, 08",Alabama Crimson Tide,Tennessee Volunteers,pinnacle,Total,,169.0,O,+115,
2026-01-24 18:51:36,"Alabama Crimson Tide vs Tennessee Volunteers, 2026-01-24, 08",Alabama Crimson Tide,Tennessee Volunteers,pinnacle,Total,,169.0,U,-145,
2026-01-24 18:51:36,"Alabama Crimson Tide vs Tennessee Volunteers, 2026-01-24, 08",Alabama Crimson Tide,Tennessee Volunteers,pinnacle,Total,,168.5,O,+109,
2026-01-24 18:51:36,"Alabama Crimson Tide vs Tennessee Volunteers, 2026-01-24, 08",Alabama Crimson Tide,Tennessee Volunteers,pinnacle,Total,,168.5,U,-137,
2026-01-24 18:51:36,"Alabama Crimson Tide vs Tennessee Volunteers, 2026-01-24, 08",Alabama Crimson Tide,Tennessee Volunteers,pinnacle,Total,,168.0,O,+104,
2026-01-24 18:51:36,"Alabama Crimson Tide vs Tennessee Volunteers, 2026-01-24, 08",Alabama Crimson Tide,Tennessee Volunteers,pinnacle,Total,,168.0,U,-130,
2026-01-24 18:51:36,"Alabama Crimson Tide vs Tennessee Volunteers, 2026-01-24, 08",Alabama Crimson Tide,Tennessee Volunteers,pinnacle,Total,,167.5,O,-100,
2026-01-24 18:51:36,"Alabama Crimson Tide vs Tennessee Volunteers, 2026-01-24, 08",Alabama Crimson Tide,Tennessee Volunteers,pinnacle,Total,,167.5,U,-121,
2026-01-24 18:51:36,"Alabama Crimson Tide vs Tennessee Volunteers, 2026-01-24, 08",Alabama Crimson Tide,Tennessee Volunteers,pinnacle,Total,,167.0,O,-109,
2026-01-24 18:51:36,"Alabama Crimson Tide vs Tennessee Volunteers, 2026-01-24, 08",Alabama Crimson Tide,Tennessee Volunteers,pinnacle,Total,,167.0,U,-116,
2026-01-24 18:51:36,"Alabama Crimson Tide vs Tennessee Volunteers, 2026-01-24, 08",Alabama Crimson Tide,Tennessee Volunteers,pinnacle,Total,,166.5,O,-116,
2026-01-24 18:51:36,"Alabama Crimson Tide vs Tennessee Volunteers, 2026-01-24, 08",Alabama Crimson Tide,Tennessee Volunteers,pinnacle,Total,,166.5,U,-109,
2026-01-24 18:51:36,"Alabama Crimson Tide vs Tennessee Volunteers, 2026-01-24, 08",Alabama Crimson Tide,Tennessee Volunteers,pinnacle,Total,,166.0,O,-123,
2026-01-24 18:51:36,"Alabama Crimson Tide vs Tennessee Volunteers, 2026-01-24, 08",Alabama Crimson Tide,Tennessee Volunteers,pinnacle,Total,,166.0,U,-102,
2026-01-24 18:51:36,"Alabama Crimson Tide vs Tennessee Volunteers, 2026-01-24, 08",Alabama Crimson Tide,Tennessee Volunteers,pinnacle,Total,,165.5,O,-129,
2026-01-24 18:51:36,"Alabama Crimson Tide vs Tennessee Volunteers, 2026-01-24, 08",Alabama Crimson Tide,Tennessee Volunteers,pinnacle,Total,,165.5,U,+103,
2026-01-24 18:51:36,"Alabama Crimson Tide vs Tennessee Volunteers, 2026-01-24, 08",Alabama Crimson Tide,Tennessee Volunteers,pinnacle,Total,,169.5,U,-152,
2026-01-24 18:51:36,"Alabama Crimson Tide vs Tennessee Volunteers, 2026-01-24, 08",Alabama Crimson Tide,Tennessee Volunteers,betonline,Total,,167.5,U,-112,
2026-01-24 18:51:36,"Alabama Crimson Tide vs Tennessee Volunteers, 2026-01-24, 08",Alabama Crimson Tide,Tennessee Volunteers,betonline,Total,,167.5,O,-108,
2026-01-24 18:51:36,"Alabama Crimson Tide vs Tennessee Volunteers, 2026-01-24, 08",Alabama Crimson Tide,Tennessee Volunteers,betmgm,Total,,166.5,O,-120,https://www.on.betmgm.ca/en/sports/events/18902901?options=18902901-1445728828--228788476&type=Single
2026-01-24 18:51:36,"Alabama Crimson Tide vs Tennessee Volunteers, 2026-01-24, 08",Alabama Crimson Tide,Tennessee Volunteers,betmgm,Total,,166.5,U,+100,https://www.on.betmgm.ca/en/sports/events/18902901?options=18902901-1445728828--228788475&type=Single
2026-01-24 18:51:36,"Alabama Crimson Tide vs Tennessee Volunteers, 2026-01-24, 08",Alabama Crimson Tide,Tennessee Volunteers,betmgm,Total,,167.5,O,-110,https://www.on.betmgm.ca/en/sports/events/18902901?options=18902901-1445775702--228676048&type=Single
2026-01-24 18:51:36,"Alabama Crimson Tide vs Tennessee Volunteers, 2026-01-24, 08",Alabama Crimson Tide,Tennessee Volunteers,betmgm,Total,,167.5,U,-110,https://www.on.betmgm.ca/en/sports/events/18902901?options=18902901-1445775702--228676047&type=Single
2026-01-24 18:51:36,"Alabama Crimson Tide vs Tennessee Volunteers, 2026-01-24, 08",Alabama Crimson Tide,Tennessee Volunteers,betmgm,Total,,168.5,O,+100,https://www.on.betmgm.ca/en/sports/events/18902901?options=18902901-1445775740--228675945&type=Single
2026-01-24 18:51:36,"Alabama Crimson Tide vs Tennessee Volunteers, 2026-01-24, 08",Alabama Crimson Tide,Tennessee Volunteers,betmgm,Total,,168.5,U,-120,https://www.on.betmgm.ca/en/sports/events/18902901?options=18902901-1445775740--228675944&type=Single
2026-01-24 18:51:36,"Alabama Crimson Tide vs Tennessee Volunteers, 2026-01-24, 08",Alabama Crimson Tide,Tennessee Volunteers,betmgm,Total,,170.5,O,+120,https://www.on.betmgm.ca/en/sports/events/18902901?options=18902901-1446330300--227233213&type=Single
2026-01-24 18:51:36,"Alabama Crimson Tide vs Tennessee Volunteers, 2026-01-24, 08",Alabama Crimson Tide,Tennessee Volunteers,betmgm,Total,,170.5,U,-145,https://www.on.betmgm.ca/en/sports/events/18902901?options=18902901-1446330300--227233212&type=Single
2026-01-24 18:51:36,"Alabama Crimson Tide vs Tennessee Volunteers, 2026-01-24, 08",Alabama Crimson Tide,Tennessee Volunteers,betmgm,Total,,165.5,O,-135,https://www.on.betmgm.ca/en/sports/events/18902901?options=18902901-1446330304--227233201&type=Single
2026-01-24 18:51:36,"Alabama Crimson Tide vs Tennessee Volunteers, 2026-01-24, 08",Alabama Crimson Tide,Tennessee Volunteers,betmgm,Total,,165.5,U,+110,https://www.on.betmgm.ca/en/sports/events/18902901?options=18902901-1446330304--227233200&type=Single
2026-01-24 18:51:36,"Alabama Crimson Tide vs Tennessee Volunteers, 2026-01-24, 08",Alabama Crimson Tide,Tennessee Volunteers,betmgm,Total,,169.5,O,+110,https://www.on.betmgm.ca/en/sports/events/18902901?options=18902901-1446330306--227233195&type=Single
2026-01-24 18:51:36,"Alabama Crimson Tide vs Tennessee Volunteers, 2026-01-24, 08",Alabama Crimson Tide,Tennessee Volunteers,betmgm,Total,,169.5,U,-135,https://www.on.betmgm.ca/en/sports/events/18902901?options=18902901-1446330306--227233194&type=Single
2026-01-24 18:51:36,"Alabama Crimson Tide vs Tennessee Volunteers, 2026-01-24, 08",Alabama Crimson Tide,Tennessee Volunteers,betmgm,Total,,164.5,O,-150,https://www.on.betmgm.ca/en/sports/events/18902901?options=18902901-1446330307--227233191&type=Single
2026-01-24 18:51:36,"Alabama Crimson Tide vs Tennessee Volunteers, 2026-01-24, 08",Alabama Crimson Tide,Tennessee Volunteers,betmgm,Total,,164.5,U,+125,https://www.on.betmgm.ca/en/sports/events/18902901?options=18902901-1446330307--227233190&type=Single
2026-01-24 18:51:36,"Alabama Crimson Tide vs Tennessee Volunteers, 2026-01-24, 08",Alabama Crimson Tide,Tennessee Volunteers,pinnacle,Total,,169.5,O,+120,
2026-01-24 18:51:36,"Arizona State Sun Devils vs Cincinnati Bearcats, 2026-01-24, 10",Arizona State Sun Devils,Cincinnati Bearcats,pinnacle,Total,,150.5,O,+107,
2026-01-24 18:51:36,"Arizona State Sun Devils vs Cincinnati Bearcats, 2026-01-24, 10",Arizona State Sun Devils,Cincinnati Bearcats,pinnacle,Total,,150.5,U,-134,
2026-01-24 18:51:36,"Arizona State Sun Devils vs Cincinnati Bearcats, 2026-01-24, 10",Arizona State Sun Devils,Cincinnati Bearcats,pinnacle,Total,,150.0,O,+102,
2026-01-24 18:51:36,"Arizona State Sun Devils vs Cincinnati Bearcats, 2026-01-24, 10",Arizona State Sun Devils,Cincinnati Bearcats,pinnacle,Total,,150.0,U,-128,
2026-01-24 18:51:36,"Arizona State Sun Devils vs Cincinnati Bearcats, 2026-01-24, 10",Arizona State Sun Devils,Cincinnati Bearcats,pinnacle,Total,,149.5,O,-104,
2026-01-24 18:51:36,"Arizona State Sun Devils vs Cincinnati Bearcats, 2026-01-24, 10",Arizona State Sun Devils,Cincinnati Bearcats,pinnacle,Total,,149.5,U,-121,
2026-01-24 18:51:36,"Arizona State Sun Devils vs Cincinnati Bearcats, 2026-01-24, 10",Arizona State Sun Devils,Cincinnati Bearcats,pinnacle,Total,,149.0,O,-110,
2026-01-24 18:51:36,"Arizona State Sun Devils vs Cincinnati Bearcats, 2026-01-24, 10",Arizona State Sun Devils,Cincinnati Bearcats,pinnacle,Total,,149.0,U,-114,
2026-01-24 18:51:36,"Arizona State Sun Devils vs Cincinnati Bearcats, 2026-01-24, 10",Arizona State Sun Devils,Cincinnati Bearcats,pinnacle,Total,,148.5,O,-114,
2026-01-24 18:51:36,"Arizona State Sun Devils vs Cincinnati Bearcats, 2026-01-24, 10",Arizona State Sun Devils,Cincinnati Bearcats,pinnacle,Total,,148.5,U,-106,
2026-01-24 18:51:36,"Arizona State Sun Devils vs Cincinnati Bearcats, 2026-01-24, 10",Arizona State Sun Devils,Cincinnati Bearcats,pinnacle,Total,,148.0,O,-123,
2026-01-24 18:51:36,"Arizona State Sun Devils vs Cincinnati Bearcats, 2026-01-24, 10",Arizona State Sun Devils,Cincinnati Bearcats,pinnacle,Total,,148.0,U,-102,
2026-01-24 18:51:36,"Arizona State Sun Devils vs Cincinnati Bearcats, 2026-01-24, 10",Arizona State Sun Devils,Cincinnati Bearcats,pinnacle,Total,,147.5,O,-130,
2026-01-24 18:51:36,"Arizona State Sun Devils vs Cincinnati Bearcats, 2026-01-24, 10",Arizona State Sun Devils,Cincinnati Bearcats,pinnacle,Total,,147.5,U,+103,
2026-01-24 18:51:36,"Arizona State Sun Devils vs Cincinnati Bearcats, 2026-01-24, 10",Arizona State Sun Devils,Cincinnati Bearcats,pinnacle,Total,,147.0,O,-138,
2026-01-24 18:51:36,"Arizona State Sun Devils vs Cincinnati Bearcats, 2026-01-24, 10",Arizona State Sun Devils,Cincinnati Bearcats,pinnacle,Total,,147.0,U,+109,
2026-01-24 18:51:36,"Arizona State Sun Devils vs Cincinnati Bearcats, 2026-01-24, 10",Arizona State Sun Devils,Cincinnati Bearcats,pinnacle,Total,,146.5,O,-144,
2026-01-24 18:51:36,"Arizona State Sun Devils vs Cincinnati Bearcats, 2026-01-24, 10",Arizona State Sun Devils,Cincinnati Bearcats,pinnacle,Total,,146.5,U,+114,
2026-01-24 18:51:36,"Arizona State Sun Devils vs Cincinnati Bearcats, 2026-01-24, 10",Arizona State Sun Devils,Cincinnati Bearcats,betonline,Total,,149.0,U,-110,
2026-01-24 18:51:36,"Arizona State Sun Devils vs Cincinnati Bearcats, 2026-01-24, 10",Arizona State Sun Devils,Cincinnati Bearcats,betonline,Total,,149.0,O,-110,
2026-01-24 18:51:36,"Arizona State Sun Devils vs Cincinnati Bearcats, 2026-01-24, 10",Arizona State Sun Devils,Cincinnati Bearcats,betmgm,Total,,149.5,O,-110,https://www.on.betmgm.ca/en/sports/events/18902906?options=18902906-1445728974--228788134&type=Single
2026-01-24 18:51:36,"Arizona State Sun Devils vs Cincinnati Bearcats, 2026-01-24, 10",Arizona State Sun Devils,Cincinnati Bearcats,betmgm,Total,,149.5,U,-110,https://www.on.betmgm.ca/en/sports/events/18902906?options=18902906-1445728974--228788133&type=Single
2026-01-24 18:51:36,"Arizona State Sun Devils vs Cincinnati Bearcats, 2026-01-24, 10",Arizona State Sun Devils,Cincinnati Bearcats,betmgm,Total,,148.5,O,-118,https://www.on.betmgm.ca/en/sports/events/18902906?options=18902906-1445775868--228675647&type=Single
2026-01-24 18:51:36,"Arizona State Sun Devils vs Cincinnati Bearcats, 2026-01-24, 10",Arizona State Sun Devils,Cincinnati Bearcats,betmgm,Total,,148.5,U,-102,https://www.on.betmgm.ca/en/sports/events/18902906?options=18902906-1445775868--228675646&type=Single
2026-01-24 18:51:36,"Arizona State Sun Devils vs Cincinnati Bearcats, 2026-01-24, 10",Arizona State Sun Devils,Cincinnati Bearcats,betmgm,Total,,147.5,U,+105,https://www.on.betmgm.ca/en/sports/events/18902906?options=18902906-1445777546--228671515&type=Single
2026-01-24 18:51:36,"Arizona State Sun Devils vs Cincinnati Bearcats, 2026-01-24, 10",Arizona State Sun Devils,Cincinnati Bearcats,betmgm,Total,,147.5,O,-130,https://www.on.betmgm.ca/en/sports/events/18902906?options=18902906-1445777546--228671516&type=Single
2026-01-24 18:51:36,"Arizona State Sun Devils vs Cincinnati Bearcats, 2026-01-24, 10",Arizona State Sun Devils,Cincinnati Bearcats,betmgm,Total,,152.5,O,+125,https://www.on.betmgm.ca/en/sports/events/18902906?options=18902906-1446356352--227172680&type=Single
2026-01-24 18:51:36,"Arizona State Sun Devils vs Cincinnati Bearcats, 2026-01-24, 10",Arizona State Sun Devils,Cincinnati Bearcats,betmgm,Total,,152.5,U,-155,https://www.on.betmgm.ca/en/sports/events/18902906?options=18902906-1446356352--227172679&type=Single
2026-01-24 18:51:36,"Arizona State Sun Devils vs Cincinnati Bearcats, 2026-01-24, 10",Arizona State Sun Devils,Cincinnati Bearcats,betmgm,Total,,146.5,O,-145,https://www.on.betmgm.ca/en/sports/events/18902906?options=18902906-1446356353--227172678&type=Single
2026-01-24 18:51:36,"Arizona State Sun Devils vs Cincinnati Bearcats, 2026-01-24, 10",Arizona State Sun Devils,Cincinnati Bearcats,betmgm,Total,,146.5,U,+120,https://www.on.betmgm.ca/en/sports/events/18902906?options=18902906-1446356353--227172677&type=Single
2026-01-24 18:51:36,"Arizona State Sun Devils vs Cincinnati Bearcats, 2026-01-24, 10",Arizona State Sun Devils,Cincinnati Bearcats,betmgm,Total,,151.5,O,+115,https://www.on.betmgm.ca/en/sports/events/18902906?options=18902906-1446356366--227172656&type=Single
2026-01-24 18:51:36,"Arizona State Sun Devils vs Cincinnati Bearcats, 2026-01-24, 10",Arizona State Sun Devils,Cincinnati Bearcats,betmgm,Total,,151.5,U,-140,https://www.on.betmgm.ca/en/sports/events/18902906?options=18902906-1446356366--227172655&type=Single
2026-01-24 18:51:36,"Arizona State Sun Devils vs Cincinnati Bearcats, 2026-01-24, 10",Arizona State Sun Devils,Cincinnati Bearcats,betmgm,Total,,150.5,O,+105,https://www.on.betmgm.ca/en/sports/events/18902906?options=18902906-1446356375--227172636&type=Single
2026-01-24 18:51:36,"Arizona State Sun Devils vs Cincinnati Bearcats, 2026-01-24, 10",Arizona State Sun Devils,Cincinnati Bearcats,betmgm,Total,,150.5,U,-125,https://www.on.betmgm.ca/en/sports/events/18902906?options=18902906-1446356375--227172635&type=Single
2026-01-24 18:51:36,"Arizona State Sun Devils vs Cincinnati Bearcats, 2026-01-24, 10",Arizona State Sun Devils,Cincinnati Bearcats,draftkings,Total,,148.5,O,-115,https://sportsbook.draftkings.com/event/cincinnati-%40-arizona-state/33516434?outcomes=0OU83117134O14850_1
2026-01-24 18:51:36,"Arizona State Sun Devils vs Cincinnati Bearcats, 2026-01-24, 10",Arizona State Sun Devils,Cincinnati Bearcats,draftkings,Total,,148.5,U,-105,https://sportsbook.draftkings.com/event/cincinnati-%40-arizona-state/33516434?outcomes=0OU83117134U14850_3
2026-01-24 18:51:36,"Arizona State Sun Devils vs Cincinnati Bearcats, 2026-01-24, 10",Arizona State Sun Devils,Cincinnati Bearcats,draftkings,Total,,137.5,O,-375,https://sportsbook.draftkings.com/event/cincinnati-%40-arizona-state/33516434?outcomes=0OU83125299O13750_1
2026-01-24 18:51:36,"Arizona State Sun Devils vs Cincinnati Bearcats, 2026-01-24, 10",Arizona State Sun Devils,Cincinnati Bearcats,draftkings,Total,,137.5,U,+270,https://sportsbook.draftkings.com/event/cincinnati-%40-arizona-state/33516434?outcomes=0OU83125299U13750_3
2026-01-24 18:51:36,"Arizona State Sun Devils vs Cincinnati Bearcats, 2026-01-24, 10",Arizona State Sun Devils,Cincinnati Bearcats,draftkings,Total,,138.5,O,-345,https://sportsbook.draftkings.com/event/cincinnati-%40-arizona-state/33516434?outcomes=0OU83125299O13850_1
2026-01-24 18:51:36,"Arizona State Sun Devils vs Cincinnati Bearcats, 2026-01-24, 10",Arizona State Sun Devils,Cincinnati Bearcats,draftkings,Total,,138.5,U,+250,https://sportsbook.draftkings.com/event/cincinnati-%40-arizona-state/33516434?outcomes=0OU83125299U13850_3
2026-01-24 18:51:36,"Arizona State Sun Devils vs Cincinnati Bearcats, 2026-01-24, 10",Arizona State Sun Devils,Cincinnati Bearcats,draftkings,Total,,139.5,O,-298,https://sportsbook.draftkings.com/event/cincinnati-%40-arizona-state/33516434?outcomes=0OU83125299O13950_1
2026-01-24 18:51:36,"Arizona State Sun Devils vs Cincinnati Bearcats, 2026-01-24, 10",Arizona State Sun Devils,Cincinnati Bearcats,draftkings,Total,,139.5,U,+220,https://sportsbook.draftkings.com/event/cincinnati-%40-arizona-state/33516434?outcomes=0OU83125299U13950_3
2026-01-24 18:51:36,"Arizona State Sun Devils vs Cincinnati Bearcats, 2026-01-24, 10",Arizona State Sun Devils,Cincinnati Bearcats,draftkings,Total,,140.5,O,-270,https://sportsbook.draftkings.com/event/cincinnati-%40-arizona-state/33516434?outcomes=0OU83125299O14050_1
2026-01-24 18:51:36,"Arizona State Sun Devils vs Cincinnati Bearcats, 2026-01-24, 10",Arizona State Sun Devils,Cincinnati Bearcats,draftkings,Total,,140.5,U,+200,https://sportsbook.draftkings.com/event/cincinnati-%40-arizona-state/33516434?outcomes=0OU83125299U14050_3
2026-01-24 18:51:36,"Arizona State Sun Devils vs Cincinnati Bearcats, 2026-01-24, 10",Arizona State Sun Devils,Cincinnati Bearcats,draftkings,Total,,141.5,O,-238,https://sportsbook.draftkings.com/event/cincinnati-%40-arizona-state/33516434?outcomes=0OU83125299O14150_1
2026-01-24 18:51:36,"Arizona State Sun Devils vs Cincinnati Bearcats, 2026-01-24, 10",Arizona State Sun Devils,Cincinnati Bearcats,draftkings,Total,,141.5,U,+180,https://sportsbook.draftkings.com/event/cincinnati-%40-arizona-state/33516434?outcomes=0OU83125299U14150_3
2026-01-24 18:51:36,"Arizona State Sun Devils vs Cincinnati Bearcats, 2026-01-24, 10",Arizona State Sun Devils,Cincinnati Bearcats,draftkings,Total,,142.5,O,-215,https://sportsbook.draftkings.com/event/cincinnati-%40-arizona-state/33516434?outcomes=0OU83125299O14250_1
2026-01-24 18:51:36,"Arizona State Sun Devils vs Cincinnati Bearcats, 2026-01-24, 10",Arizona State Sun Devils,Cincinnati Bearcats,draftkings,Total,,142.5,U,+165,https://sportsbook.draftkings.com/event/cincinnati-%40-arizona-state/33516434?outcomes=0OU83125299U14250_3
2026-01-24 18:51:36,"Arizona State Sun Devils vs Cincinnati Bearcats, 2026-01-24, 10",Arizona State Sun Devils,Cincinnati Bearcats,draftkings,Total,,143.5,O,-195,https://sportsbook.draftkings.com/event/cincinnati-%40-arizona-state/33516434?outcomes=0OU83125299O14350_1
2026-01-24 18:51:36,"Arizona State Sun Devils vs Cincinnati Bearcats, 2026-01-24, 10",Arizona State Sun Devils,Cincinnati Bearcats,draftkings,Total,,143.5,U,+150,https://sportsbook.draftkings.com/event/cincinnati-%40-arizona-state/33516434?outcomes=0OU83125299U14350_3
2026-01-24 18:51:36,"Arizona State Sun Devils vs Cincinnati Bearcats, 2026-01-24, 10",Arizona State Sun Devils,Cincinnati Bearcats,draftkings,Total,,144.5,O,-175,https://sportsbook.draftkings.com/event/cincinnati-%40-arizona-state/33516434?outcomes=0OU83125299O14450_1
2026-01-24 18:51:36,"Arizona State Sun Devils vs Cincinnati Bearcats, 2026-01-24, 10",Arizona State Sun Devils,Cincinnati Bearcats,draftkings,Total,,145.5,O,-160,https://sportsbook.draftkings.com/event/cincinnati-%40-arizona-state/33516434?outcomes=0OU83125299O14550_1
2026-01-24 18:51:36,"Arizona State Sun Devils vs Cincinnati Bearcats, 2026-01-24, 10",Arizona State Sun Devils,Cincinnati Bearcats,draftkings,Total,,161.5,U,-425,https://sportsbook.draftkings.com/event/cincinnati-%40-arizona-state/33516434?outcomes=0OU83125299U16150_3
2026-01-24 18:51:36,"Arizona State Sun Devils vs Cincinnati Bearcats, 2026-01-24, 10",Arizona State Sun Devils,Cincinnati Bearcats,draftkings,Total,,144.5,U,+135,https://sportsbook.draftkings.com/event/cincinnati-%40-arizona-state/33516434?outcomes=0OU83125299U14450_3
2026-01-24 18:51:36,"Arizona State Sun Devils vs Cincinnati Bearcats, 2026-01-24, 10",Arizona State Sun Devils,Cincinnati Bearcats,draftkings,Total,,161.5,O,+300,https://sportsbook.draftkings.com/event/cincinnati-%40-arizona-state/33516434?outcomes=0OU83125299O16150_1
2026-01-24 18:51:36,"Arizona State Sun Devils vs Cincinnati Bearcats, 2026-01-24, 10",Arizona State Sun Devils,Cincinnati Bearcats,draftkings,Total,,160.5,O,+270,https://sportsbook.draftkings.com/event/cincinnati-%40-arizona-state/33516434?outcomes=0OU83125299O16050_1
2026-01-24 18:51:36,"Arizona State Sun Devils vs Cincinnati Bearcats, 2026-01-24, 10",Arizona State Sun Devils,Cincinnati Bearcats,draftkings,Total,,145.5,U,+124,https://sportsbook.draftkings.com/event/cincinnati-%40-arizona-state/33516434?outcomes=0OU83125299U14550_3
2026-01-24 18:51:36,"Arizona State Sun Devils vs Cincinnati Bearcats, 2026-01-24, 10",Arizona State Sun Devils,Cincinnati Bearcats,draftkings,Total,,146.5,O,-140,https://sportsbook.draftkings.com/event/cincinnati-%40-arizona-state/33516434?outcomes=0OU83125299O14650_1
2026-01-24 18:51:36,"Arizona State Sun Devils vs Cincinnati Bearcats, 2026-01-24, 10",Arizona State Sun Devils,Cincinnati Bearcats,draftkings,Total,,146.5,U,+110,https://sportsbook.draftkings.com/event/cincinnati-%40-arizona-state/33516434?outcomes=0OU83125299U14650_3
2026-01-24 18:51:36,"Arizona State Sun Devils vs Cincinnati Bearcats, 2026-01-24, 10",Arizona State Sun Devils,Cincinnati Bearcats,draftkings,Total,,147.5,O,-130,https://sportsbook.draftkings.com/event/cincinnati-%40-arizona-state/33516434?outcomes=0OU83125299O14750_1
2026-01-24 18:51:36,"Arizona State Sun Devils vs Cincinnati Bearcats, 2026-01-24, 10",Arizona State Sun Devils,Cincinnati Bearcats,draftkings,Total,,147.5,U,+100,https://sportsbook.draftkings.com/event/cincinnati-%40-arizona-state/33516434?outcomes=0OU83125299U14750_3
2026-01-24 18:51:36,"Arizona State Sun Devils vs Cincinnati Bearcats, 2026-01-24, 10",Arizona State Sun Devils,Cincinnati Bearcats,draftkings,Total,,149.5,O,-105,https://sportsbook.draftkings.com/event/cincinnati-%40-arizona-state/33516434?outcomes=0OU83125299O14950_1
2026-01-24 18:51:36,"Arizona State Sun Devils vs Cincinnati Bearcats, 2026-01-24, 10",Arizona State Sun Devils,Cincinnati Bearcats,draftkings,Total,,149.5,U,-125,https://sportsbook.draftkings.com/event/cincinnati-%40-arizona-state/33516434?outcomes=0OU83125299U14950_3
2026-01-24 18:51:36,"Arizona State Sun Devils vs Cincinnati Bearcats, 2026-01-24, 10",Arizona State Sun Devils,Cincinnati Bearcats,draftkings,Total,,150.5,O,+105,https://sportsbook.draftkings.com/event/cincinnati-%40-arizona-state/33516434?outcomes=0OU83125299O15050_1
2026-01-24 18:51:36,"Arizona State Sun Devils vs Cincinnati Bearcats, 2026-01-24, 10",Arizona State Sun Devils,Cincinnati Bearcats,draftkings,Total,,150.5,U,-135,https://sportsbook.draftkings.com/event/cincinnati-%40-arizona-state/33516434?outcomes=0OU83125299U15050_3
2026-01-24 18:51:36,"Arizona State Sun Devils vs Cincinnati Bearcats, 2026-01-24, 10",Arizona State Sun Devils,Cincinnati Bearcats,draftkings,Total,,151.5,O,+120,https://sportsbook.draftkings.com/event/cincinnati-%40-arizona-state/33516434?outcomes=0OU83125299O15150_1
2026-01-24 18:51:36,"Arizona State Sun Devils vs Cincinnati Bearcats, 2026-01-24, 10",Arizona State Sun Devils,Cincinnati Bearcats,draftkings,Total,,151.5,U,-154,https://sportsbook.draftkings.com/event/cincinnati-%40-arizona-state/33516434?outcomes=0OU83125299U15150_3
2026-01-24 18:51:36,"Arizona State Sun Devils vs Cincinnati Bearcats, 2026-01-24, 10",Arizona State Sun Devils,Cincinnati Bearcats,draftkings,Total,,152.5,O,+130,https://sportsbook.draftkings.com/event/cincinnati-%40-arizona-state/33516434?outcomes=0OU83125299O15250_1
2026-01-24 18:51:36,"Arizona State Sun Devils vs Cincinnati Bearcats, 2026-01-24, 10",Arizona State Sun Devils,Cincinnati Bearcats,draftkings,Total,,152.5,U,-166,https://sportsbook.draftkings.com/event/cincinnati-%40-arizona-state/33516434?outcomes=0OU83125299U15250_3
2026-01-24 18:51:36,"Arizona State Sun Devils vs Cincinnati Bearcats, 2026-01-24, 10",Arizona State Sun Devils,Cincinnati Bearcats,draftkings,Total,,153.5,O,+140,https://sportsbook.draftkings.com/event/cincinnati-%40-arizona-state/33516434?outcomes=0OU83125299O15350_1
2026-01-24 18:51:36,"Arizona State Sun Devils vs Cincinnati Bearcats, 2026-01-24, 10",Arizona State Sun Devils,Cincinnati Bearcats,draftkings,Total,,153.5,U,-180,https://sportsbook.draftkings.com/event/cincinnati-%40-arizona-state/33516434?outcomes=0OU83125299U15350_3
2026-01-24 18:51:36,"Arizona State Sun Devils vs Cincinnati Bearcats, 2026-01-24, 10",Arizona State Sun Devils,Cincinnati Bearcats,draftkings,Total,,154.5,O,+154,https://sportsbook.draftkings.com/event/cincinnati-%40-arizona-state/33516434?outcomes=0OU83125299O15450_1
2026-01-24 18:51:36,"Arizona State Sun Devils vs Cincinnati Bearcats, 2026-01-24, 10",Arizona State Sun Devils,Cincinnati Bearcats,draftkings,Total,,154.5,U,-200,https://sportsbook.draftkings.com/event/cincinnati-%40-arizona-state/33516434?outcomes=0OU83125299U15450_3
2026-01-24 18:51:36,"Arizona State Sun Devils vs Cincinnati Bearcats, 2026-01-24, 10",Arizona State Sun Devils,Cincinnati Bearcats,draftkings,Total,,155.5,O,+170,https://sportsbook.draftkings.com/event/cincinnati-%40-arizona-state/33516434?outcomes=0OU83125299O15550_1
2026-01-24 18:51:36,"Arizona State Sun Devils vs Cincinnati Bearcats, 2026-01-24, 10",Arizona State Sun Devils,Cincinnati Bearcats,draftkings,Total,,155.5,U,-220,https://sportsbook.draftkings.com/event/cincinnati-%40-arizona-state/33516434?outcomes=0OU83125299U15550_3
2026-01-24 18:51:36,"Arizona State Sun Devils vs Cincinnati Bearcats, 2026-01-24, 10",Arizona State Sun Devils,Cincinnati Bearcats,draftkings,Total,,156.5,O,+185,https://sportsbook.draftkings.com/event/cincinnati-%40-arizona-state/33516434?outcomes=0OU83125299O15650_1
2026-01-24 18:51:36,"Arizona State Sun Devils vs Cincinnati Bearcats, 2026-01-24, 10",Arizona State Sun Devils,Cincinnati Bearcats,draftkings,Total,,156.5,U,-245,https://sportsbook.draftkings.com/event/cincinnati-%40-arizona-state/33516434?outcomes=0OU83125299U15650_3
2026-01-24 18:51:36,"Arizona State Sun Devils vs Cincinnati Bearcats, 2026-01-24, 10",Arizona State Sun Devils,Cincinnati Bearcats,draftkings,Total,,157.5,O,+210,https://sportsbook.draftkings.com/event/cincinnati-%40-arizona-state/33516434?outcomes=0OU83125299O15750_1
2026-01-24 18:51:36,"Arizona State Sun Devils vs Cincinnati Bearcats, 2026-01-24, 10",Arizona State Sun Devils,Cincinnati Bearcats,draftkings,Total,,157.5,U,-280,https://sportsbook.draftkings.com/event/cincinnati-%40-arizona-state/33516434?outcomes=0OU83125299U15750_3
2026-01-24 18:51:36,"Arizona State Sun Devils vs Cincinnati Bearcats, 2026-01-24, 10",Arizona State Sun Devils,Cincinnati Bearcats,draftkings,Total,,158.5,O,+230,https://sportsbook.draftkings.com/event/cincinnati-%40-arizona-state/33516434?outcomes=0OU83125299O15850_1
2026-01-24 18:51:36,"Arizona State Sun Devils vs Cincinnati Bearcats, 2026-01-24, 10",Arizona State Sun Devils,Cincinnati Bearcats,draftkings,Total,,158.5,U,-315,https://sportsbook.draftkings.com/event/cincinnati-%40-arizona-state/33516434?outcomes=0OU83125299U15850_3
2026-01-24 18:51:36,"Arizona State Sun Devils vs Cincinnati Bearcats, 2026-01-24, 10",Arizona State Sun Devils,Cincinnati Bearcats,draftkings,Total,,159.5,O,+250,https://sportsbook.draftkings.com/event/cincinnati-%40-arizona-state/33516434?outcomes=0OU83125299O15950_1
2026-01-24 18:51:36,"Arizona State Sun Devils vs Cincinnati Bearcats, 2026-01-24, 10",Arizona State Sun Devils,Cincinnati Bearcats,draftkings,Total,,159.5,U,-345,https://sportsbook.draftkings.com/event/cincinnati-%40-arizona-state/33516434?outcomes=0OU83125299U15950_3
2026-01-24 18:51:36,"Arizona State Sun Devils vs Cincinnati Bearcats, 2026-01-24, 10",Arizona State Sun Devils,Cincinnati Bearcats,draftkings,Total,,160.5,U,-375,https://sportsbook.draftkings.com/event/cincinnati-%40-arizona-state/33516434?outcomes=0OU83125299U16050_3
2026-01-24 18:51:36,"Arkansas Razorbacks vs Louisiana State Tigers, 2026-01-24, 05",Arkansas Razorbacks,Louisiana State Tigers,betmgm,Total,,162.5,O,+105,https://www.on.betmgm.ca/en/sports/events/18904820?options=18904820-1446406741--227061351&type=Single
2026-01-24 18:51:36,"Arkansas Razorbacks vs Louisiana State Tigers, 2026-01-24, 05",Arkansas Razorbacks,Louisiana State Tigers,betmgm,Total,,162.5,U,-140,https://www.on.betmgm.ca/en/sports/events/18904820?options=18904820-1446406741--227061350&type=Single
2026-01-24 18:51:36,"Arkansas Razorbacks vs Louisiana State Tigers, 2026-01-24, 05",Arkansas Razorbacks,Louisiana State Tigers,betmgm,Total,,161.5,O,-115,https://www.on.betmgm.ca/en/sports/events/18904820?options=18904820-1446419700--227025730&type=Single
2026-01-24 18:51:36,"Arkansas Razorbacks vs Louisiana State Tigers, 2026-01-24, 05",Arkansas Razorbacks,Louisiana State Tigers,betmgm,Total,,161.5,U,-115,https://www.on.betmgm.ca/en/sports/events/18904820?options=18904820-1446419700--227025729&type=Single
2026-01-24 18:51:36,"Arkansas Razorbacks vs Louisiana State Tigers, 2026-01-24, 05",Arkansas Razorbacks,Louisiana State Tigers,betmgm,Total,,160.5,O,-140,https://www.on.betmgm.ca/en/sports/events/18904820?options=18904820-1446419707--227025716&type=Single
2026-01-24 18:51:36,"Arkansas Razorbacks vs Louisiana State Tigers, 2026-01-24, 05",Arkansas Razorbacks,Louisiana State Tigers,betmgm,Total,,160.5,U,+105,https://www.on.betmgm.ca/en/sports/events/18904820?options=18904820-1446419707--227025715&type=Single
2026-01-24 18:51:36,"Bradley Braves vs Illinois Chicago Flames, 2026-01-24, 08",Bradley Braves,Illinois Chicago Flames,betonline,Total,,144.5,U,-110,
2026-01-24 18:51:36,"Bradley Braves vs Illinois Chicago Flames, 2026-01-24, 08",Bradley Braves,Illinois Chicago Flames,betonline,Total,,144.5,O,-110,
2026-01-24 18:51:36,"Bradley Braves vs Illinois Chicago Flames, 2026-01-24, 08",Bradley Braves,Illinois Chicago Flames,betmgm,Total,,144.5,O,-110,https://www.on.betmgm.ca/en/sports/events/18902897?options=18902897-1445738615--228765279&type=Single
2026-01-24 18:51:36,"Bradley Braves vs Illinois Chicago Flames, 2026-01-24, 08",Bradley Braves,Illinois Chicago Flames,betmgm,Total,,144.5,U,-110,https://www.on.betmgm.ca/en/sports/events/18902897?options=18902897-1445738615--228765278&type=Single
2026-01-24 18:51:36,"Bradley Braves vs Illinois Chicago Flames, 2026-01-24, 08",Bradley Braves,Illinois Chicago Flames,pinnacle,Total,,146.0,O,+111,
2026-01-24 18:51:36,"Bradley Braves vs Illinois Chicago Flames, 2026-01-24, 08",Bradley Braves,Illinois Chicago Flames,pinnacle,Total,,146.0,U,-140,
2026-01-24 18:51:36,"Bradley Braves vs Illinois Chicago Flames, 2026-01-24, 08",Bradley Braves,Illinois Chicago Flames,pinnacle,Total,,145.5,O,+105,
2026-01-24 18:51:36,"Bradley Braves vs Illinois Chicago Flames, 2026-01-24, 08",Bradley Braves,Illinois Chicago Flames,pinnacle,Total,,145.5,U,-132,
2026-01-24 18:51:36,"Bradley Braves vs Illinois Chicago Flames, 2026-01-24, 08",Bradley Braves,Illinois Chicago Flames,pinnacle,Total,,145.0,O,+100,
2026-01-24 18:51:36,"Bradley Braves vs Illinois Chicago Flames, 2026-01-24, 08",Bradley Braves,Illinois Chicago Flames,pinnacle,Total,,145.0,U,-126,
2026-01-24 18:51:36,"Bradley Braves vs Illinois Chicago Flames, 2026-01-24, 08",Bradley Braves,Illinois Chicago Flames,pinnacle,Total,,144.5,O,-106,
2026-01-24 18:51:36,"Bradley Braves vs Illinois Chicago Flames, 2026-01-24, 08",Bradley Braves,Illinois Chicago Flames,pinnacle,Total,,144.5,U,-119,
2026-01-24 18:51:36,"Bradley Braves vs Illinois Chicago Flames, 2026-01-24, 08",Bradley Braves,Illinois Chicago Flames,pinnacle,Total,,144.0,O,-110,
2026-01-24 18:51:36,"Bradley Braves vs Illinois Chicago Flames, 2026-01-24, 08",Bradley Braves,Illinois Chicago Flames,pinnacle,Total,,144.0,U,-110,
2026-01-24 18:51:36,"Bradley Braves vs Illinois Chicago Flames, 2026-01-24, 08",Bradley Braves,Illinois Chicago Flames,pinnacle,Total,,143.5,U,-106,
2026-01-24 18:51:36,"Bradley Braves vs Illinois Chicago Flames, 2026-01-24, 08",Bradley Braves,Illinois Chicago Flames,pinnacle,Total,,143.5,O,-119,
2026-01-24 18:51:36,"Bradley Braves vs Illinois Chicago Flames, 2026-01-24, 08",Bradley Braves,Illinois Chicago Flames,pinnacle,Total,,143.0,O,-126,
2026-01-24 18:51:36,"Bradley Braves vs Illinois Chicago Flames, 2026-01-24, 08",Bradley Braves,Illinois Chicago Flames,pinnacle,Total,,143.0,U,+100,
2026-01-24 18:51:36,"Bradley Braves vs Illinois Chicago Flames, 2026-01-24, 08",Bradley Braves,Illinois Chicago Flames,pinnacle,Total,,142.5,O,-132,
2026-01-24 18:51:36,"Bradley Braves vs Illinois Chicago Flames, 2026-01-24, 08",Bradley Braves,Illinois Chicago Flames,pinnacle,Total,,142.0,O,-140,
2026-01-24 18:51:36,"Bradley Braves vs Illinois Chicago Flames, 2026-01-24, 08",Bradley Braves,Illinois Chicago Flames,pinnacle,Total,,142.0,U,+111,
2026-01-24 18:51:36,"Bradley Braves vs Illinois Chicago Flames, 2026-01-24, 08",Bradley Braves,Illinois Chicago Flames,pinnacle,Total,,142.5,U,+105,
2026-01-24 18:51:36,"Brigham Young Cougars vs Utah Utes, 2026-01-24, 05",Brigham Young Cougars,Utah Utes,betmgm,Total,,171.5,U,+115,https://www.on.betmgm.ca/en/sports/events/18904824?options=18904824-1446437434--226985162&type=Single
2026-01-24 18:51:36,"Brigham Young Cougars vs Utah Utes, 2026-01-24, 05",Brigham Young Cougars,Utah Utes,betmgm,Total,,171.5,O,-150,https://www.on.betmgm.ca/en/sports/events/18904824?options=18904824-1446437434--226985163&type=Single
2026-01-24 18:51:36,"California Baptist Lancers vs Utah Valley Wolverines, 2026-01-24, 08",California Baptist Lancers,Utah Valley Wolverines,betonline,Total,,147.5,U,-110,
2026-01-24 18:51:36,"California Baptist Lancers vs Utah Valley Wolverines, 2026-01-24, 08",California Baptist Lancers,Utah Valley Wolverines,betonline,Total,,147.5,O,-110,
2026-01-24 18:51:36,"California Baptist Lancers vs Utah Valley Wolverines, 2026-01-24, 08",California Baptist Lancers,Utah Valley Wolverines,betmgm,Total,,147.5,O,-110,https://www.on.betmgm.ca/en/sports/events/18902891?options=18902891-1445736345--228770648&type=Single
2026-01-24 18:51:36,"California Baptist Lancers vs Utah Valley Wolverines, 2026-01-24, 08",California Baptist Lancers,Utah Valley Wolverines,betmgm,Total,,147.5,U,-110,https://www.on.betmgm.ca/en/sports/events/18902891?options=18902891-1445736345--228770647&type=Single
2026-01-24 18:51:36,"California Baptist Lancers vs Utah Valley Wolverines, 2026-01-24, 08",California Baptist Lancers,Utah Valley Wolverines,pinnacle,Total,,150.5,O,+109,
2026-01-24 18:51:36,"California Baptist Lancers vs Utah Valley Wolverines, 2026-01-24, 08",California Baptist Lancers,Utah Valley Wolverines,pinnacle,Total,,150.5,U,-137,
2026-01-24 18:51:36,"California Baptist Lancers vs Utah Valley Wolverines, 2026-01-24, 08",California Baptist Lancers,Utah Valley Wolverines,pinnacle,Total,,150.0,O,+104,
2026-01-24 18:51:36,"California Baptist Lancers vs Utah Valley Wolverines, 2026-01-24, 08",California Baptist Lancers,Utah Valley Wolverines,pinnacle,Total,,150.0,U,-131,
2026-01-24 18:51:36,"California Baptist Lancers vs Utah Valley Wolverines, 2026-01-24, 08",California Baptist Lancers,Utah Valley Wolverines,pinnacle,Total,,149.5,U,-125,
2026-01-24 18:51:36,"California Baptist Lancers vs Utah Valley Wolverines, 2026-01-24, 08",California Baptist Lancers,Utah Valley Wolverines,pinnacle,Total,,149.0,O,-106,
2026-01-24 18:51:36,"California Baptist Lancers vs Utah Valley Wolverines, 2026-01-24, 08",California Baptist Lancers,Utah Valley Wolverines,pinnacle,Total,,149.0,U,-118,
2026-01-24 18:51:36,"California Baptist Lancers vs Utah Valley Wolverines, 2026-01-24, 08",California Baptist Lancers,Utah Valley Wolverines,pinnacle,Total,,148.5,O,-110,
2026-01-24 18:51:36,"California Baptist Lancers vs Utah Valley Wolverines, 2026-01-24, 08",California Baptist Lancers,Utah Valley Wolverines,pinnacle,Total,,148.5,U,-110,
2026-01-24 18:51:36,"California Baptist Lancers vs Utah Valley Wolverines, 2026-01-24, 08",California Baptist Lancers,Utah Valley Wolverines,pinnacle,Total,,148.0,O,-119,
2026-01-24 18:51:36,"California Baptist Lancers vs Utah Valley Wolverines, 2026-01-24, 08",California Baptist Lancers,Utah Valley Wolverines,pinnacle,Total,,148.0,U,-106,
2026-01-24 18:51:36,"California Baptist Lancers vs Utah Valley Wolverines, 2026-01-24, 08",California Baptist Lancers,Utah Valley Wolverines,pinnacle,Total,,147.5,O,-126,
2026-01-24 18:51:36,"California Baptist Lancers vs Utah Valley Wolverines, 2026-01-24, 08",California Baptist Lancers,Utah Valley Wolverines,pinnacle,Total,,147.5,U,+100,
2026-01-24 18:51:36,"California Baptist Lancers vs Utah Valley Wolverines, 2026-01-24, 08",California Baptist Lancers,Utah Valley Wolverines,pinnacle,Total,,147.0,O,-134,
2026-01-24 18:51:36,"California Baptist Lancers vs Utah Valley Wolverines, 2026-01-24, 08",California Baptist Lancers,Utah Valley Wolverines,pinnacle,Total,,147.0,U,+107,
2026-01-24 18:51:36,"California Baptist Lancers vs Utah Valley Wolverines, 2026-01-24, 08",California Baptist Lancers,Utah Valley Wolverines,pinnacle,Total,,146.5,O,-142,
2026-01-24 18:51:36,"California Baptist Lancers vs Utah Valley Wolverines, 2026-01-24, 08",California Baptist Lancers,Utah Valley Wolverines,pinnacle,Total,,146.5,U,+112,
2026-01-24 18:51:36,"California Baptist Lancers vs Utah Valley Wolverines, 2026-01-24, 08",California Baptist Lancers,Utah Valley Wolverines,pinnacle,Total,,149.5,O,-101,
2026-01-24 18:51:36,"California Polytechnic Mustangs vs Cal State Fullerton Titans, 2026-01-24, 07",California Polytechnic Mustangs,Cal State Fullerton Titans,betmgm,Total,,173.5,O,-110,https://www.on.betmgm.ca/en/sports/events/18902884?options=18902884-1446440586--226978487&type=Single
2026-01-24 18:51:36,"California Polytechnic Mustangs vs Cal State Fullerton Titans, 2026-01-24, 07",California Polytechnic Mustangs,Cal State Fullerton Titans,betmgm,Total,,173.5,U,-110,https://www.on.betmgm.ca/en/sports/events/18902884?options=18902884-1446440586--226978486&type=Single
2026-01-24 18:51:36,"California Polytechnic Mustangs vs Cal State Fullerton Titans, 2026-01-24, 07",California Polytechnic Mustangs,Cal State Fullerton Titans,betonline,Total,,172.5,O,-117,
2026-01-24 18:51:36,"California Polytechnic Mustangs vs Cal State Fullerton Titans, 2026-01-24, 07",California Polytechnic Mustangs,Cal State Fullerton Titans,betonline,Total,,172.5,U,-103,
2026-01-24 18:51:36,"California Polytechnic Mustangs vs Cal State Fullerton Titans, 2026-01-24, 07",California Polytechnic Mustangs,Cal State Fullerton Titans,pinnacle,Total,,175.0,O,+104,
2026-01-24 18:51:36,"California Polytechnic Mustangs vs Cal State Fullerton Titans, 2026-01-24, 07",California Polytechnic Mustangs,Cal State Fullerton Titans,pinnacle,Total,,175.0,U,-131,
2026-01-24 18:51:36,"California Polytechnic Mustangs vs Cal State Fullerton Titans, 2026-01-24, 07",California Polytechnic Mustangs,Cal State Fullerton Titans,pinnacle,Total,,174.5,O,-101,
2026-01-24 18:51:36,"California Polytechnic Mustangs vs Cal State Fullerton Titans, 2026-01-24, 07",California Polytechnic Mustangs,Cal State Fullerton Titans,pinnacle,Total,,174.5,U,-124,
2026-01-24 18:51:36,"California Polytechnic Mustangs vs Cal State Fullerton Titans, 2026-01-24, 07",California Polytechnic Mustangs,Cal State Fullerton Titans,pinnacle,Total,,174.0,U,-118,
2026-01-24 18:51:36,"California Polytechnic Mustangs vs Cal State Fullerton Titans, 2026-01-24, 07",California Polytechnic Mustangs,Cal State Fullerton Titans,pinnacle,Total,,174.0,O,-106,
2026-01-24 18:51:36,"California Polytechnic Mustangs vs Cal State Fullerton Titans, 2026-01-24, 07",California Polytechnic Mustangs,Cal State Fullerton Titans,pinnacle,Total,,173.5,O,-112,
2026-01-24 18:51:36,"California Polytechnic Mustangs vs Cal State Fullerton Titans, 2026-01-24, 07",California Polytechnic Mustangs,Cal State Fullerton Titans,pinnacle,Total,,173.5,U,-112,
2026-01-24 18:51:36,"California Polytechnic Mustangs vs Cal State Fullerton Titans, 2026-01-24, 07",California Polytechnic Mustangs,Cal State Fullerton Titans,pinnacle,Total,,173.0,O,-117,
2026-01-24 18:51:36,"California Polytechnic Mustangs vs Cal State Fullerton Titans, 2026-01-24, 07",California Polytechnic Mustangs,Cal State Fullerton Titans,pinnacle,Total,,173.0,U,-103,
2026-01-24 18:51:36,"California Polytechnic Mustangs vs Cal State Fullerton Titans, 2026-01-24, 07",California Polytechnic Mustangs,Cal State Fullerton Titans,pinnacle,Total,,172.5,O,-126,
2026-01-24 18:51:36,"California Polytechnic Mustangs vs Cal State Fullerton Titans, 2026-01-24, 07",California Polytechnic Mustangs,Cal State Fullerton Titans,pinnacle,Total,,172.5,U,+100,
2026-01-24 18:51:36,"California Polytechnic Mustangs vs Cal State Fullerton Titans, 2026-01-24, 07",California Polytechnic Mustangs,Cal State Fullerton Titans,pinnacle,Total,,172.0,O,-134,
2026-01-24 18:51:36,"California Polytechnic Mustangs vs Cal State Fullerton Titans, 2026-01-24, 07",California Polytechnic Mustangs,Cal State Fullerton Titans,pinnacle,Total,,172.0,U,+106,
2026-01-24 18:51:36,"California Polytechnic Mustangs vs Cal State Fullerton Titans, 2026-01-24, 07",California Polytechnic Mustangs,Cal State Fullerton Titans,pinnacle,Total,,171.5,O,-141,
2026-01-24 18:51:36,"California Polytechnic Mustangs vs Cal State Fullerton Titans, 2026-01-24, 07",California Polytechnic Mustangs,Cal State Fullerton Titans,pinnacle,Total,,171.5,U,+112,
2026-01-24 18:51:36,"California Polytechnic Mustangs vs Cal State Fullerton Titans, 2026-01-24, 07",California Polytechnic Mustangs,Cal State Fullerton Titans,pinnacle,Total,,171.0,O,-149,
2026-01-24 18:51:36,"California Polytechnic Mustangs vs Cal State Fullerton Titans, 2026-01-24, 07",California Polytechnic Mustangs,Cal State Fullerton Titans,pinnacle,Total,,171.0,U,+118,
2026-01-24 18:51:36,"DePaul Blue Demons vs Seton Hall Pirates, 2026-01-24, 05",DePaul Blue Demons,Seton Hall Pirates,pinnacle,Total,,125.0,O,+106,
2026-01-24 18:51:36,"DePaul Blue Demons vs Seton Hall Pirates, 2026-01-24, 05",DePaul Blue Demons,Seton Hall Pirates,pinnacle,Total,,124.5,O,-107,
2026-01-24 18:51:36,"Evansville Purple Aces vs Southern Illinois Salukis, 2026-01-25, 04",Evansville Purple Aces,Southern Illinois Salukis,pinnacle,Total,,144.5,O,+108,
2026-01-24 18:51:36,"Evansville Purple Aces vs Southern Illinois Salukis, 2026-01-25, 04",Evansville Purple Aces,Southern Illinois Salukis,pinnacle,Total,,144.5,U,-142,
2026-01-24 18:51:36,"Evansville Purple Aces vs Southern Illinois Salukis, 2026-01-25, 04",Evansville Purple Aces,Southern Illinois Salukis,pinnacle,Total,,144.0,O,+104,
2026-01-24 18:51:36,"Evansville Purple Aces vs Southern Illinois Salukis, 2026-01-25, 04",Evansville Purple Aces,Southern Illinois Salukis,pinnacle,Total,,144.0,U,-135,
2026-01-24 18:51:36,"Evansville Purple Aces vs Southern Illinois Salukis, 2026-01-25, 04",Evansville Purple Aces,Southern Illinois Salukis,pinnacle,Total,,143.5,O,-102,
2026-01-24 18:51:36,"Evansville Purple Aces vs Southern Illinois Salukis, 2026-01-25, 04",Evansville Purple Aces,Southern Illinois Salukis,pinnacle,Total,,143.5,U,-128,
2026-01-24 18:51:36,"Evansville Purple Aces vs Southern Illinois Salukis, 2026-01-25, 04",Evansville Purple Aces,Southern Illinois Salukis,pinnacle,Total,,143.0,O,-108,
2026-01-24 18:51:36,"Evansville Purple Aces vs Southern Illinois Salukis, 2026-01-25, 04",Evansville Purple Aces,Southern Illinois Salukis,pinnacle,Total,,141.5,O,-128,
2026-01-24 18:51:36,"Evansville Purple Aces vs Southern Illinois Salukis, 2026-01-25, 04",Evansville Purple Aces,Southern Illinois Salukis,pinnacle,Total,,142.5,O,-112,
2026-01-24 18:51:36,"Evansville Purple Aces vs Southern Illinois Salukis, 2026-01-25, 04",Evansville Purple Aces,Southern Illinois Salukis,pinnacle,Total,,142.5,U,-112,
2026-01-24 18:51:36,"Evansville Purple Aces vs Southern Illinois Salukis, 2026-01-25, 04",Evansville Purple Aces,Southern Illinois Salukis,pinnacle,Total,,142.0,O,-121,
2026-01-24 18:51:36,"Evansville Purple Aces vs Southern Illinois Salukis, 2026-01-25, 04",Evansville Purple Aces,Southern Illinois Salukis,pinnacle,Total,,142.0,U,-108,
2026-01-24 18:51:36,"Evansville Purple Aces vs Southern Illinois Salukis, 2026-01-25, 04",Evansville Purple Aces,Southern Illinois Salukis,pinnacle,Total,,141.5,U,-102,
2026-01-24 18:51:36,"Evansville Purple Aces vs Southern Illinois Salukis, 2026-01-25, 04",Evansville Purple Aces,Southern Illinois Salukis,pinnacle,Total,,141.0,O,-135,
2026-01-24 18:51:36,"Evansville Purple Aces vs Southern Illinois Salukis, 2026-01-25, 04",Evansville Purple Aces,Southern Illinois Salukis,pinnacle,Total,,141.0,U,+104,
2026-01-24 18:51:36,"Evansville Purple Aces vs Southern Illinois Salukis, 2026-01-25, 04",Evansville Purple Aces,Southern Illinois Salukis,pinnacle,Total,,140.5,O,-142,
2026-01-24 18:51:36,"Evansville Purple Aces vs Southern Illinois Salukis, 2026-01-25, 04",Evansville Purple Aces,Southern Illinois Salukis,pinnacle,Total,,140.5,U,+108,
2026-01-24 18:51:36,"Evansville Purple Aces vs Southern Illinois Salukis, 2026-01-25, 04",Evansville Purple Aces,Southern Illinois Salukis,pinnacle,Total,,143.0,U,-121,
2026-01-24 18:51:36,"Evansville Purple Aces vs Southern Illinois Salukis, 2026-01-25, 04",Evansville Purple Aces,Southern Illinois Salukis,betonline,Total,,143.0,U,-105,
2026-01-24 18:51:36,"Evansville Purple Aces vs Southern Illinois Salukis, 2026-01-25, 04",Evansville Purple Aces,Southern Illinois Salukis,betonline,Total,,143.0,O,-115,
2026-01-24 18:51:36,"Evansville Purple Aces vs Southern Illinois Salukis, 2026-01-25, 04",Evansville Purple Aces,Southern Illinois Salukis,draftkings,Total,,142.5,O,-112,https://sportsbook.draftkings.com/event/southern-illinois-%40-evansville/33523411?outcomes=0OU83134328O14250_1
2026-01-24 18:51:36,"Evansville Purple Aces vs Southern Illinois Salukis, 2026-01-25, 04",Evansville Purple Aces,Southern Illinois Salukis,draftkings,Total,,142.5,U,-108,https://sportsbook.draftkings.com/event/southern-illinois-%40-evansville/33523411?outcomes=0OU83134328U14250_3
2026-01-24 18:51:36,"Fairfield Stags vs Canisius Golden Griffins, 2026-01-24, 07",Fairfield Stags,Canisius Golden Griffins,betmgm,Total,,141.5,O,-115,https://www.on.betmgm.ca/en/sports/events/18902885?options=18902885-1445733628--228777308&type=Single
2026-01-24 18:51:36,"Fairfield Stags vs Canisius Golden Griffins, 2026-01-24, 07",Fairfield Stags,Canisius Golden Griffins,betmgm,Total,,141.5,U,-105,https://www.on.betmgm.ca/en/sports/events/18902885?options=18902885-1445733628--228777307&type=Single
2026-01-24 18:51:36,"Fairfield Stags vs Canisius Golden Griffins, 2026-01-24, 07",Fairfield Stags,Canisius Golden Griffins,betonline,Total,,142.0,U,-110,
2026-01-24 18:51:36,"Fairfield Stags vs Canisius Golden Griffins, 2026-01-24, 07",Fairfield Stags,Canisius Golden Griffins,betonline,Total,,142.0,O,-110,
2026-01-24 18:51:36,"Fairfield Stags vs Canisius Golden Griffins, 2026-01-24, 07",Fairfield Stags,Canisius Golden Griffins,pinnacle,Total,,140.0,U,+111,
2026-01-24 18:51:36,"Fairfield Stags vs Canisius Golden Griffins, 2026-01-24, 07",Fairfield Stags,Canisius Golden Griffins,pinnacle,Total,,140.5,U,+106,
2026-01-24 18:51:36,"Fairfield Stags vs Canisius Golden Griffins, 2026-01-24, 07",Fairfield Stags,Canisius Golden Griffins,pinnacle,Total,,144.0,O,+110,
2026-01-24 18:51:36,"Fairfield Stags vs Canisius Golden Griffins, 2026-01-24, 07",Fairfield Stags,Canisius Golden Griffins,pinnacle,Total,,144.0,U,-139,
2026-01-24 18:51:36,"Fairfield Stags vs Canisius Golden Griffins, 2026-01-24, 07",Fairfield Stags,Canisius Golden Griffins,pinnacle,Total,,143.5,O,+105,
2026-01-24 18:51:36,"Fairfield Stags vs Canisius Golden Griffins, 2026-01-24, 07",Fairfield Stags,Canisius Golden Griffins,pinnacle,Total,,143.5,U,-132,
2026-01-24 18:51:36,"Fairfield Stags vs Canisius Golden Griffins, 2026-01-24, 07",Fairfield Stags,Canisius Golden Griffins,pinnacle,Total,,143.0,O,-100,
2026-01-24 18:51:36,"Fairfield Stags vs Canisius Golden Griffins, 2026-01-24, 07",Fairfield Stags,Canisius Golden Griffins,pinnacle,Total,,143.0,U,-125,
2026-01-24 18:51:36,"Fairfield Stags vs Canisius Golden Griffins, 2026-01-24, 07",Fairfield Stags,Canisius Golden Griffins,pinnacle,Total,,142.5,O,-106,
2026-01-24 18:51:36,"Fairfield Stags vs Canisius Golden Griffins, 2026-01-24, 07",Fairfield Stags,Canisius Golden Griffins,pinnacle,Total,,142.5,U,-118,
2026-01-24 18:51:36,"Fairfield Stags vs Canisius Golden Griffins, 2026-01-24, 07",Fairfield Stags,Canisius Golden Griffins,pinnacle,Total,,142.0,O,-110,
2026-01-24 18:51:36,"Fairfield Stags vs Canisius Golden Griffins, 2026-01-24, 07",Fairfield Stags,Canisius Golden Griffins,pinnacle,Total,,142.0,U,-110,
2026-01-24 18:51:36,"Fairfield Stags vs Canisius Golden Griffins, 2026-01-24, 07",Fairfield Stags,Canisius Golden Griffins,pinnacle,Total,,141.5,O,-119,
2026-01-24 18:51:36,"Fairfield Stags vs Canisius Golden Griffins, 2026-01-24, 07",Fairfield Stags,Canisius Golden Griffins,pinnacle,Total,,141.5,U,-106,
2026-01-24 18:51:36,"Fairfield Stags vs Canisius Golden Griffins, 2026-01-24, 07",Fairfield Stags,Canisius Golden Griffins,pinnacle,Total,,141.0,O,-126,
2026-01-24 18:51:36,"Fairfield Stags vs Canisius Golden Griffins, 2026-01-24, 07",Fairfield Stags,Canisius Golden Griffins,pinnacle,Total,,141.0,U,+100,
2026-01-24 18:51:36,"Fairfield Stags vs Canisius Golden Griffins, 2026-01-24, 07",Fairfield Stags,Canisius Golden Griffins,pinnacle,Total,,140.5,O,-133,
2026-01-24 18:51:36,"Fairfield Stags vs Canisius Golden Griffins, 2026-01-24, 07",Fairfield Stags,Canisius Golden Griffins,pinnacle,Total,,140.0,O,-140,
2026-01-24 18:51:36,"Florida A&M Rattlers vs Alcorn State Braves, 2026-01-24, 06",Florida A&M Rattlers,Alcorn State Braves,betmgm,Total,,136.5,O,+100,https://www.on.betmgm.ca/en/sports/events/18904863?options=18904863-1446445956--226966907&type=Single
2026-01-24 18:51:36,"Florida A&M Rattlers vs Alcorn State Braves, 2026-01-24, 06",Florida A&M Rattlers,Alcorn State Braves,betmgm,Total,,136.5,U,-130,https://www.on.betmgm.ca/en/sports/events/18904863?options=18904863-1446445956--226966906&type=Single
2026-01-24 18:51:36,"Florida A&M Rattlers vs Alcorn State Braves, 2026-01-24, 06",Florida A&M Rattlers,Alcorn State Braves,betmgm,Total,,135.5,O,-115,https://www.on.betmgm.ca/en/sports/events/18904863?options=18904863-1446448195--226961730&type=Single
2026-01-24 18:51:36,"Florida A&M Rattlers vs Alcorn State Braves, 2026-01-24, 06",Florida A&M Rattlers,Alcorn State Braves,betmgm,Total,,135.5,U,-115,https://www.on.betmgm.ca/en/sports/events/18904863?options=18904863-1446448195--226961729&type=Single
2026-01-24 18:51:36,"Florida A&M Rattlers vs Alcorn State Braves, 2026-01-24, 06",Florida A&M Rattlers,Alcorn State Braves,betmgm,Total,,134.5,O,-125,https://www.on.betmgm.ca/en/sports/events/18904863?options=18904863-1446448224--226961672&type=Single
2026-01-24 18:51:36,"Florida A&M Rattlers vs Alcorn State Braves, 2026-01-24, 06",Florida A&M Rattlers,Alcorn State Braves,betmgm,Total,,134.5,U,-102,https://www.on.betmgm.ca/en/sports/events/18904863?options=18904863-1446448224--226961671&type=Single
2026-01-24 18:51:36,"Fresno State Bulldogs vs Grand Canyon Antelopes, 2026-01-24, 07",Fresno State Bulldogs,Grand Canyon Antelopes,betonline,Total,,145.5,O,-110,
2026-01-24 18:51:36,"Fresno State Bulldogs vs Grand Canyon Antelopes, 2026-01-24, 07",Fresno State Bulldogs,Grand Canyon Antelopes,betonline,Total,,145.5,U,-110,
2026-01-24 18:51:36,"Fresno State Bulldogs vs Grand Canyon Antelopes, 2026-01-24, 07",Fresno State Bulldogs,Grand Canyon Antelopes,betmgm,Total,,145.5,O,-110,https://www.on.betmgm.ca/en/sports/events/18902889?options=18902889-1446442850--226973771&type=Single
2026-01-24 18:51:36,"Fresno State Bulldogs vs Grand Canyon Antelopes, 2026-01-24, 07",Fresno State Bulldogs,Grand Canyon Antelopes,betmgm,Total,,145.5,U,-110,https://www.on.betmgm.ca/en/sports/events/18902889?options=18902889-1446442850--226973770&type=Single
2026-01-24 18:51:36,"Fresno State Bulldogs vs Grand Canyon Antelopes, 2026-01-24, 07",Fresno State Bulldogs,Grand Canyon Antelopes,pinnacle,Total,,146.5,O,+111,
2026-01-24 18:51:36,"Fresno State Bulldogs vs Grand Canyon Antelopes, 2026-01-24, 07",Fresno State Bulldogs,Grand Canyon Antelopes,pinnacle,Total,,146.5,U,-140,
2026-01-24 18:51:36,"Fresno State Bulldogs vs Grand Canyon Antelopes, 2026-01-24, 07",Fresno State Bulldogs,Grand Canyon Antelopes,pinnacle,Total,,146.0,O,+106,
2026-01-24 18:51:36,"Fresno State Bulldogs vs Grand Canyon Antelopes, 2026-01-24, 07",Fresno State Bulldogs,Grand Canyon Antelopes,pinnacle,Total,,146.0,U,-134,
2026-01-24 18:51:36,"Fresno State Bulldogs vs Grand Canyon Antelopes, 2026-01-24, 07",Fresno State Bulldogs,Grand Canyon Antelopes,pinnacle,Total,,145.5,O,+101,
2026-01-24 18:51:36,"Fresno State Bulldogs vs Grand Canyon Antelopes, 2026-01-24, 07",Fresno State Bulldogs,Grand Canyon Antelopes,pinnacle,Total,,145.5,U,-126,
2026-01-24 18:51:36,"Fresno State Bulldogs vs Grand Canyon Antelopes, 2026-01-24, 07",Fresno State Bulldogs,Grand Canyon Antelopes,pinnacle,Total,,145.0,O,-104,
2026-01-24 18:51:36,"Fresno State Bulldogs vs Grand Canyon Antelopes, 2026-01-24, 07",Fresno State Bulldogs,Grand Canyon Antelopes,pinnacle,Total,,145.0,U,-120,
2026-01-24 18:51:36,"Fresno State Bulldogs vs Grand Canyon Antelopes, 2026-01-24, 07",Fresno State Bulldogs,Grand Canyon Antelopes,pinnacle,Total,,144.5,O,-108,
2026-01-24 18:51:36,"Fresno State Bulldogs vs Grand Canyon Antelopes, 2026-01-24, 07",Fresno State Bulldogs,Grand Canyon Antelopes,pinnacle,Total,,144.5,U,-112,
2026-01-24 18:51:36,"Fresno State Bulldogs vs Grand Canyon Antelopes, 2026-01-24, 07",Fresno State Bulldogs,Grand Canyon Antelopes,pinnacle,Total,,144.0,U,-108,
2026-01-24 18:51:36,"Fresno State Bulldogs vs Grand Canyon Antelopes, 2026-01-24, 07",Fresno State Bulldogs,Grand Canyon Antelopes,pinnacle,Total,,144.0,O,-116,
2026-01-24 18:51:36,"Fresno State Bulldogs vs Grand Canyon Antelopes, 2026-01-24, 07",Fresno State Bulldogs,Grand Canyon Antelopes,pinnacle,Total,,142.5,U,+107,
2026-01-24 18:51:36,"Fresno State Bulldogs vs Grand Canyon Antelopes, 2026-01-24, 07",Fresno State Bulldogs,Grand Canyon Antelopes,pinnacle,Total,,143.0,U,+102,
2026-01-24 18:51:36,"Fresno State Bulldogs vs Grand Canyon Antelopes, 2026-01-24, 07",Fresno State Bulldogs,Grand Canyon Antelopes,pinnacle,Total,,143.0,O,-129,
2026-01-24 18:51:36,"Fresno State Bulldogs vs Grand Canyon Antelopes, 2026-01-24, 07",Fresno State Bulldogs,Grand Canyon Antelopes,pinnacle,Total,,143.5,U,-103,
2026-01-24 18:51:36,"Fresno State Bulldogs vs Grand Canyon Antelopes, 2026-01-24, 07",Fresno State Bulldogs,Grand Canyon Antelopes,pinnacle,Total,,143.5,O,-122,
2026-01-24 18:51:36,"Fresno State Bulldogs vs Grand Canyon Antelopes, 2026-01-24, 07",Fresno State Bulldogs,Grand Canyon Antelopes,pinnacle,Total,,142.5,O,-135,
2026-01-24 18:51:36,"Gonzaga Bulldogs vs San Francisco Dons, 2026-01-24, 08",Gonzaga Bulldogs,San Francisco Dons,pinnacle,Total,,152.0,O,+114,
2026-01-24 18:51:36,"Gonzaga Bulldogs vs San Francisco Dons, 2026-01-24, 08",Gonzaga Bulldogs,San Francisco Dons,pinnacle,Total,,152.0,U,-144,
2026-01-24 18:51:36,"Gonzaga Bulldogs vs San Francisco Dons, 2026-01-24, 08",Gonzaga Bulldogs,San Francisco Dons,pinnacle,Total,,151.5,O,+106,
2026-01-24 18:51:36,"Gonzaga Bulldogs vs San Francisco Dons, 2026-01-24, 08",Gonzaga Bulldogs,San Francisco Dons,pinnacle,Total,,151.5,U,-133,
2026-01-24 18:51:36,"Gonzaga Bulldogs vs San Francisco Dons, 2026-01-24, 08",Gonzaga Bulldogs,San Francisco Dons,pinnacle,Total,,151.0,O,+100,
2026-01-24 18:51:36,"Gonzaga Bulldogs vs San Francisco Dons, 2026-01-24, 08",Gonzaga Bulldogs,San Francisco Dons,pinnacle,Total,,151.0,U,-126,
2026-01-24 18:51:36,"Gonzaga Bulldogs vs San Francisco Dons, 2026-01-24, 08",Gonzaga Bulldogs,San Francisco Dons,pinnacle,Total,,150.5,O,-106,
2026-01-24 18:51:36,"Gonzaga Bulldogs vs San Francisco Dons, 2026-01-24, 08",Gonzaga Bulldogs,San Francisco Dons,pinnacle,Total,,150.5,U,-118,
2026-01-24 18:51:36,"Gonzaga Bulldogs vs San Francisco Dons, 2026-01-24, 08",Gonzaga Bulldogs,San Francisco Dons,pinnacle,Total,,150.0,O,-110,
2026-01-24 18:51:36,"Gonzaga Bulldogs vs San Francisco Dons, 2026-01-24, 08",Gonzaga Bulldogs,San Francisco Dons,pinnacle,Total,,150.0,U,-110,
2026-01-24 18:51:36,"Gonzaga Bulldogs vs San Francisco Dons, 2026-01-24, 08",Gonzaga Bulldogs,San Francisco Dons,pinnacle,Total,,149.5,O,-118,
2026-01-24 18:51:36,"Gonzaga Bulldogs vs San Francisco Dons, 2026-01-24, 08",Gonzaga Bulldogs,San Francisco Dons,pinnacle,Total,,149.5,U,-106,
2026-01-24 18:51:36,"Gonzaga Bulldogs vs San Francisco Dons, 2026-01-24, 08",Gonzaga Bulldogs,San Francisco Dons,pinnacle,Total,,149.0,O,-124,
2026-01-24 18:51:36,"Gonzaga Bulldogs vs San Francisco Dons, 2026-01-24, 08",Gonzaga Bulldogs,San Francisco Dons,pinnacle,Total,,149.0,U,-101,
2026-01-24 18:51:36,"Gonzaga Bulldogs vs San Francisco Dons, 2026-01-24, 08",Gonzaga Bulldogs,San Francisco Dons,pinnacle,Total,,148.5,O,-130,
2026-01-24 18:51:36,"Gonzaga Bulldogs vs San Francisco Dons, 2026-01-24, 08",Gonzaga Bulldogs,San Francisco Dons,pinnacle,Total,,148.5,U,+104,
2026-01-24 18:51:36,"Gonzaga Bulldogs vs San Francisco Dons, 2026-01-24, 08",Gonzaga Bulldogs,San Francisco Dons,pinnacle,Total,,148.0,O,-137,
2026-01-24 18:51:36,"Gonzaga Bulldogs vs San Francisco Dons, 2026-01-24, 08",Gonzaga Bulldogs,San Francisco Dons,pinnacle,Total,,148.0,U,+109,
2026-01-24 18:51:36,"Gonzaga Bulldogs vs San Francisco Dons, 2026-01-24, 08",Gonzaga Bulldogs,San Francisco Dons,betmgm,Total,,148.5,U,+105,https://www.on.betmgm.ca/en/sports/events/18902893?options=18902893-1446355194--227175394&type=Single
2026-01-24 18:51:36,"Gonzaga Bulldogs vs San Francisco Dons, 2026-01-24, 08",Gonzaga Bulldogs,San Francisco Dons,betmgm,Total,,147.5,O,-145,https://www.on.betmgm.ca/en/sports/events/18902893?options=18902893-1446444960--226969157&type=Single
2026-01-24 18:51:36,"Gonzaga Bulldogs vs San Francisco Dons, 2026-01-24, 08",Gonzaga Bulldogs,San Francisco Dons,betmgm,Total,,147.5,U,+118,https://www.on.betmgm.ca/en/sports/events/18902893?options=18902893-1446444960--226969156&type=Single
2026-01-24 18:51:36,"Gonzaga Bulldogs vs San Francisco Dons, 2026-01-24, 08",Gonzaga Bulldogs,San Francisco Dons,betmgm,Total,,146.5,O,-160,https://www.on.betmgm.ca/en/sports/events/18902893?options=18902893-1446447974--226962188&type=Single
2026-01-24 18:51:36,"Gonzaga Bulldogs vs San Francisco Dons, 2026-01-24, 08",Gonzaga Bulldogs,San Francisco Dons,betmgm,Total,,146.5,U,+135,https://www.on.betmgm.ca/en/sports/events/18902893?options=18902893-1446447974--226962187&type=Single
2026-01-24 18:51:36,"Gonzaga Bulldogs vs San Francisco Dons, 2026-01-24, 08",Gonzaga Bulldogs,San Francisco Dons,betmgm,Total,,148.5,O,-130,https://www.on.betmgm.ca/en/sports/events/18902893?options=18902893-1446355194--227175395&type=Single
2026-01-24 18:51:36,"Gonzaga Bulldogs vs San Francisco Dons, 2026-01-24, 08",Gonzaga Bulldogs,San Francisco Dons,betmgm,Total,,149.5,U,-110,https://www.on.betmgm.ca/en/sports/events/18902893?options=18902893-1446355171--227175446&type=Single
2026-01-24 18:51:36,"Gonzaga Bulldogs vs San Francisco Dons, 2026-01-24, 08",Gonzaga Bulldogs,San Francisco Dons,betmgm,Total,,151.5,U,-135,https://www.on.betmgm.ca/en/sports/events/18902893?options=18902893-1446111539--227796024&type=Single
2026-01-24 18:51:36,"Gonzaga Bulldogs vs San Francisco Dons, 2026-01-24, 08",Gonzaga Bulldogs,San Francisco Dons,betmgm,Total,,150.5,O,-102,https://www.on.betmgm.ca/en/sports/events/18902893?options=18902893-1445728464--228789333&type=Single
2026-01-24 18:51:36,"Gonzaga Bulldogs vs San Francisco Dons, 2026-01-24, 08",Gonzaga Bulldogs,San Francisco Dons,betmgm,Total,,150.5,U,-118,https://www.on.betmgm.ca/en/sports/events/18902893?options=18902893-1445728464--228789332&type=Single
2026-01-24 18:51:36,"Gonzaga Bulldogs vs San Francisco Dons, 2026-01-24, 08",Gonzaga Bulldogs,San Francisco Dons,betmgm,Total,,152.5,O,+120,https://www.on.betmgm.ca/en/sports/events/18902893?options=18902893-1445753938--228730153&type=Single
2026-01-24 18:51:36,"Gonzaga Bulldogs vs San Francisco Dons, 2026-01-24, 08",Gonzaga Bulldogs,San Francisco Dons,betmgm,Total,,152.5,U,-145,https://www.on.betmgm.ca/en/sports/events/18902893?options=18902893-1445753938--228730152&type=Single
2026-01-24 18:51:36,"Gonzaga Bulldogs vs San Francisco Dons, 2026-01-24, 08",Gonzaga Bulldogs,San Francisco Dons,betmgm,Total,,151.5,O,+110,https://www.on.betmgm.ca/en/sports/events/18902893?options=18902893-1446111539--227796025&type=Single
2026-01-24 18:51:36,"Gonzaga Bulldogs vs San Francisco Dons, 2026-01-24, 08",Gonzaga Bulldogs,San Francisco Dons,betmgm,Total,,149.5,O,-110,https://www.on.betmgm.ca/en/sports/events/18902893?options=18902893-1446355171--227175447&type=Single
2026-01-24 18:51:36,"Gonzaga Bulldogs vs San Francisco Dons, 2026-01-24, 08",Gonzaga Bulldogs,San Francisco Dons,betonline,Total,,150.0,O,-105,
2026-01-24 18:51:36,"Gonzaga Bulldogs vs San Francisco Dons, 2026-01-24, 08",Gonzaga Bulldogs,San Francisco Dons,betonline,Total,,150.0,U,-115,
2026-01-24 18:51:36,"Hawaii Rainbow Warriors vs California State Matadors, 2026-01-24, 11",Hawaii Rainbow Warriors,California State Matadors,pinnacle,Total,,159.5,U,-123,
2026-01-24 18:51:36,"Hawaii Rainbow Warriors vs California State Matadors, 2026-01-24, 11",Hawaii Rainbow Warriors,California State Matadors,pinnacle,Total,,159.0,O,-107,
2026-01-24 18:51:36,"Hawaii Rainbow Warriors vs California State Matadors, 2026-01-24, 11",Hawaii Rainbow Warriors,California State Matadors,pinnacle,Total,,159.0,U,-117,
2026-01-24 18:51:36,"Hawaii Rainbow Warriors vs California State Matadors, 2026-01-24, 11",Hawaii Rainbow Warriors,California State Matadors,pinnacle,Total,,158.5,O,-111,
2026-01-24 18:51:36,"Hawaii Rainbow Warriors vs California State Matadors, 2026-01-24, 11",Hawaii Rainbow Warriors,California State Matadors,pinnacle,Total,,158.5,U,-109,
2026-01-24 18:51:36,"Hawaii Rainbow Warriors vs California State Matadors, 2026-01-24, 11",Hawaii Rainbow Warriors,California State Matadors,pinnacle,Total,,158.0,O,-120,
2026-01-24 18:51:36,"Hawaii Rainbow Warriors vs California State Matadors, 2026-01-24, 11",Hawaii Rainbow Warriors,California State Matadors,pinnacle,Total,,158.0,U,-105,
2026-01-24 18:51:36,"Hawaii Rainbow Warriors vs California State Matadors, 2026-01-24, 11",Hawaii Rainbow Warriors,California State Matadors,pinnacle,Total,,157.5,O,-127,
2026-01-24 18:51:36,"Hawaii Rainbow Warriors vs California State Matadors, 2026-01-24, 11",Hawaii Rainbow Warriors,California State Matadors,pinnacle,Total,,157.5,U,+101,
2026-01-24 18:51:36,"Hawaii Rainbow Warriors vs California State Matadors, 2026-01-24, 11",Hawaii Rainbow Warriors,California State Matadors,pinnacle,Total,,157.0,O,-135,
2026-01-24 18:51:36,"Hawaii Rainbow Warriors vs California State Matadors, 2026-01-24, 11",Hawaii Rainbow Warriors,California State Matadors,pinnacle,Total,,157.0,U,+108,
2026-01-24 18:51:36,"Hawaii Rainbow Warriors vs California State Matadors, 2026-01-24, 11",Hawaii Rainbow Warriors,California State Matadors,pinnacle,Total,,156.5,O,-143,
2026-01-24 18:51:36,"Hawaii Rainbow Warriors vs California State Matadors, 2026-01-24, 11",Hawaii Rainbow Warriors,California State Matadors,pinnacle,Total,,156.5,U,+113,
2026-01-24 18:51:36,"Hawaii Rainbow Warriors vs California State Matadors, 2026-01-24, 11",Hawaii Rainbow Warriors,California State Matadors,pinnacle,Total,,159.5,O,-102,
2026-01-24 18:51:36,"Hawaii Rainbow Warriors vs California State Matadors, 2026-01-24, 11",Hawaii Rainbow Warriors,California State Matadors,pinnacle,Total,,160.0,U,-130,
2026-01-24 18:51:36,"Hawaii Rainbow Warriors vs California State Matadors, 2026-01-24, 11",Hawaii Rainbow Warriors,California State Matadors,pinnacle,Total,,160.5,U,-136,
2026-01-24 18:51:36,"Hawaii Rainbow Warriors vs California State Matadors, 2026-01-24, 11",Hawaii Rainbow Warriors,California State Matadors,pinnacle,Total,,160.5,O,+108,
2026-01-24 18:51:36,"Hawaii Rainbow Warriors vs California State Matadors, 2026-01-24, 11",Hawaii Rainbow Warriors,California State Matadors,pinnacle,Total,,160.0,O,+103,
2026-01-24 18:51:36,"Hawaii Rainbow Warriors vs California State Matadors, 2026-01-24, 11",Hawaii Rainbow Warriors,California State Matadors,betonline,Total,,157.5,U,-110,
2026-01-24 18:51:36,"Hawaii Rainbow Warriors vs California State Matadors, 2026-01-24, 11",Hawaii Rainbow Warriors,California State Matadors,betonline,Total,,157.5,O,-110,
2026-01-24 18:51:36,"Hawaii Rainbow Warriors vs California State Matadors, 2026-01-25, 12",Hawaii Rainbow Warriors,California State Matadors,betmgm,Total,,157.5,O,-110,https://www.on.betmgm.ca/en/sports/events/18904670?options=18904670-1445783648--228657109&type=Single
2026-01-24 18:51:36,"Hawaii Rainbow Warriors vs California State Matadors, 2026-01-25, 12",Hawaii Rainbow Warriors,California State Matadors,betmgm,Total,,157.5,U,-110,https://www.on.betmgm.ca/en/sports/events/18904670?options=18904670-1445783648--228657108&type=Single
2026-01-24 18:51:36,"Hawaii Rainbow Warriors vs California State Matadors, 2026-01-25, 12",Hawaii Rainbow Warriors,California State Matadors,draftkings,Total,,150.5,O,-238,https://sportsbook.draftkings.com/event/csun-%40-hawaii/33516286?outcomes=0OU83125326O15050_1
2026-01-24 18:51:36,"Hawaii Rainbow Warriors vs California State Matadors, 2026-01-25, 12",Hawaii Rainbow Warriors,California State Matadors,draftkings,Total,,150.5,U,+180,https://sportsbook.draftkings.com/event/csun-%40-hawaii/33516286?outcomes=0OU83125326U15050_3
2026-01-24 18:51:36,"Hawaii Rainbow Warriors vs California State Matadors, 2026-01-25, 12",Hawaii Rainbow Warriors,California State Matadors,draftkings,Total,,151.5,O,-210,https://sportsbook.draftkings.com/event/csun-%40-hawaii/33516286?outcomes=0OU83125326O15150_1
2026-01-24 18:51:36,"Hawaii Rainbow Warriors vs California State Matadors, 2026-01-25, 12",Hawaii Rainbow Warriors,California State Matadors,draftkings,Total,,151.5,U,+160,https://sportsbook.draftkings.com/event/csun-%40-hawaii/33516286?outcomes=0OU83125326U15150_3
2026-01-24 18:51:36,"Hawaii Rainbow Warriors vs California State Matadors, 2026-01-25, 12",Hawaii Rainbow Warriors,California State Matadors,draftkings,Total,,152.5,O,-195,https://sportsbook.draftkings.com/event/csun-%40-hawaii/33516286?outcomes=0OU83125326O15250_1
2026-01-24 18:51:36,"Hawaii Rainbow Warriors vs California State Matadors, 2026-01-25, 12",Hawaii Rainbow Warriors,California State Matadors,draftkings,Total,,152.5,U,+150,https://sportsbook.draftkings.com/event/csun-%40-hawaii/33516286?outcomes=0OU83125326U15250_3
2026-01-24 18:51:36,"Hawaii Rainbow Warriors vs California State Matadors, 2026-01-25, 12",Hawaii Rainbow Warriors,California State Matadors,draftkings,Total,,153.5,O,-175,https://sportsbook.draftkings.com/event/csun-%40-hawaii/33516286?outcomes=0OU83125326O15350_1
2026-01-24 18:51:36,"Hawaii Rainbow Warriors vs California State Matadors, 2026-01-25, 12",Hawaii Rainbow Warriors,California State Matadors,draftkings,Total,,153.5,U,+135,https://sportsbook.draftkings.com/event/csun-%40-hawaii/33516286?outcomes=0OU83125326U15350_3
2026-01-24 18:51:36,"Hawaii Rainbow Warriors vs California State Matadors, 2026-01-25, 12",Hawaii Rainbow Warriors,California State Matadors,draftkings,Total,,154.5,O,-160,https://sportsbook.draftkings.com/event/csun-%40-hawaii/33516286?outcomes=0OU83125326O15450_1
2026-01-24 18:51:36,"Hawaii Rainbow Warriors vs California State Matadors, 2026-01-25, 12",Hawaii Rainbow Warriors,California State Matadors,draftkings,Total,,154.5,U,+124,https://sportsbook.draftkings.com/event/csun-%40-hawaii/33516286?outcomes=0OU83125326U15450_3
2026-01-24 18:51:36,"Hawaii Rainbow Warriors vs California State Matadors, 2026-01-25, 12",Hawaii Rainbow Warriors,California State Matadors,draftkings,Total,,155.5,O,-140,https://sportsbook.draftkings.com/event/csun-%40-hawaii/33516286?outcomes=0OU83125326O15550_1
2026-01-24 18:51:36,"Hawaii Rainbow Warriors vs California State Matadors, 2026-01-25, 12",Hawaii Rainbow Warriors,California State Matadors,draftkings,Total,,155.5,U,+110,https://sportsbook.draftkings.com/event/csun-%40-hawaii/33516286?outcomes=0OU83125326U15550_3
2026-01-24 18:51:36,"Hawaii Rainbow Warriors vs California State Matadors, 2026-01-25, 12",Hawaii Rainbow Warriors,California State Matadors,draftkings,Total,,149.5,U,+195,https://sportsbook.draftkings.com/event/csun-%40-hawaii/33516286?outcomes=0OU83125326U14950_3
2026-01-24 18:51:36,"Hawaii Rainbow Warriors vs California State Matadors, 2026-01-25, 12",Hawaii Rainbow Warriors,California State Matadors,draftkings,Total,,156.5,O,-130,https://sportsbook.draftkings.com/event/csun-%40-hawaii/33516286?outcomes=0OU83125326O15650_1
2026-01-24 18:51:36,"Hawaii Rainbow Warriors vs California State Matadors, 2026-01-25, 12",Hawaii Rainbow Warriors,California State Matadors,draftkings,Total,,158.5,O,-105,https://sportsbook.draftkings.com/event/csun-%40-hawaii/33516286?outcomes=0OU83125326O15850_1
2026-01-24 18:51:36,"Hawaii Rainbow Warriors vs California State Matadors, 2026-01-25, 12",Hawaii Rainbow Warriors,California State Matadors,draftkings,Total,,158.5,U,-125,https://sportsbook.draftkings.com/event/csun-%40-hawaii/33516286?outcomes=0OU83125326U15850_3
2026-01-24 18:51:36,"Hawaii Rainbow Warriors vs California State Matadors, 2026-01-25, 12",Hawaii Rainbow Warriors,California State Matadors,draftkings,Total,,159.5,O,+105,https://sportsbook.draftkings.com/event/csun-%40-hawaii/33516286?outcomes=0OU83125326O15950_1
2026-01-24 18:51:36,"Hawaii Rainbow Warriors vs California State Matadors, 2026-01-25, 12",Hawaii Rainbow Warriors,California State Matadors,draftkings,Total,,159.5,U,-135,https://sportsbook.draftkings.com/event/csun-%40-hawaii/33516286?outcomes=0OU83125326U15950_3
2026-01-24 18:51:36,"Hawaii Rainbow Warriors vs California State Matadors, 2026-01-25, 12",Hawaii Rainbow Warriors,California State Matadors,draftkings,Total,,160.5,O,+114,https://sportsbook.draftkings.com/event/csun-%40-hawaii/33516286?outcomes=0OU83125326O16050_1
2026-01-24 18:51:36,"Hawaii Rainbow Warriors vs California State Matadors, 2026-01-25, 12",Hawaii Rainbow Warriors,California State Matadors,draftkings,Total,,160.5,U,-145,https://sportsbook.draftkings.com/event/csun-%40-hawaii/33516286?outcomes=0OU83125326U16050_3
2026-01-24 18:51:36,"Hawaii Rainbow Warriors vs California State Matadors, 2026-01-25, 12",Hawaii Rainbow Warriors,California State Matadors,draftkings,Total,,161.5,O,+130,https://sportsbook.draftkings.com/event/csun-%40-hawaii/33516286?outcomes=0OU83125326O16150_1
2026-01-24 18:51:36,"Hawaii Rainbow Warriors vs California State Matadors, 2026-01-25, 12",Hawaii Rainbow Warriors,California State Matadors,draftkings,Total,,161.5,U,-166,https://sportsbook.draftkings.com/event/csun-%40-hawaii/33516286?outcomes=0OU83125326U16150_3
2026-01-24 18:51:36,"Hawaii Rainbow Warriors vs California State Matadors, 2026-01-25, 12",Hawaii Rainbow Warriors,California State Matadors,draftkings,Total,,162.5,O,+140,https://sportsbook.draftkings.com/event/csun-%40-hawaii/33516286?outcomes=0OU83125326O16250_1
2026-01-24 18:51:36,"Hawaii Rainbow Warriors vs California State Matadors, 2026-01-25, 12",Hawaii Rainbow Warriors,California State Matadors,draftkings,Total,,162.5,U,-180,https://sportsbook.draftkings.com/event/csun-%40-hawaii/33516286?outcomes=0OU83125326U16250_3
2026-01-24 18:51:36,"Hawaii Rainbow Warriors vs California State Matadors, 2026-01-25, 12",Hawaii Rainbow Warriors,California State Matadors,draftkings,Total,,163.5,O,+154,https://sportsbook.draftkings.com/event/csun-%40-hawaii/33516286?outcomes=0OU83125326O16350_1
2026-01-24 18:51:36,"Hawaii Rainbow Warriors vs California State Matadors, 2026-01-25, 12",Hawaii Rainbow Warriors,California State Matadors,draftkings,Total,,163.5,U,-200,https://sportsbook.draftkings.com/event/csun-%40-hawaii/33516286?outcomes=0OU83125326U16350_3
2026-01-24 18:51:36,"Hawaii Rainbow Warriors vs California State Matadors, 2026-01-25, 12",Hawaii Rainbow Warriors,California State Matadors,draftkings,Total,,156.5,U,+100,https://sportsbook.draftkings.com/event/csun-%40-hawaii/33516286?outcomes=0OU83125326U15650_3
2026-01-24 18:51:36,"Hawaii Rainbow Warriors vs California State Matadors, 2026-01-25, 12",Hawaii Rainbow Warriors,California State Matadors,draftkings,Total,,149.5,O,-260,https://sportsbook.draftkings.com/event/csun-%40-hawaii/33516286?outcomes=0OU83125326O14950_1
2026-01-24 18:51:36,"Hawaii Rainbow Warriors vs California State Matadors, 2026-01-25, 12",Hawaii Rainbow Warriors,California State Matadors,draftkings,Total,,148.5,U,+220,https://sportsbook.draftkings.com/event/csun-%40-hawaii/33516286?outcomes=0OU83125326U14850_3
2026-01-24 18:51:36,"Hawaii Rainbow Warriors vs California State Matadors, 2026-01-25, 12",Hawaii Rainbow Warriors,California State Matadors,draftkings,Total,,148.5,O,-298,https://sportsbook.draftkings.com/event/csun-%40-hawaii/33516286?outcomes=0OU83125326O14850_1
2026-01-24 18:51:36,"Hawaii Rainbow Warriors vs California State Matadors, 2026-01-25, 12",Hawaii Rainbow Warriors,California State Matadors,draftkings,Total,,157.5,O,-115,https://sportsbook.draftkings.com/event/csun-%40-hawaii/33516286?outcomes=0OU83116683O15750_1
2026-01-24 18:51:36,"Hawaii Rainbow Warriors vs California State Matadors, 2026-01-25, 12",Hawaii Rainbow Warriors,California State Matadors,draftkings,Total,,157.5,U,-105,https://sportsbook.draftkings.com/event/csun-%40-hawaii/33516286?outcomes=0OU83116683U15750_3
2026-01-24 18:51:36,"Hawaii Rainbow Warriors vs California State Matadors, 2026-01-25, 12",Hawaii Rainbow Warriors,California State Matadors,draftkings,Total,,145.5,O,-410,https://sportsbook.draftkings.com/event/csun-%40-hawaii/33516286?outcomes=0OU83125326O14550_1
2026-01-24 18:51:36,"Hawaii Rainbow Warriors vs California State Matadors, 2026-01-25, 12",Hawaii Rainbow Warriors,California State Matadors,draftkings,Total,,145.5,U,+290,https://sportsbook.draftkings.com/event/csun-%40-hawaii/33516286?outcomes=0OU83125326U14550_3
2026-01-24 18:51:36,"Hawaii Rainbow Warriors vs California State Matadors, 2026-01-25, 12",Hawaii Rainbow Warriors,California State Matadors,draftkings,Total,,146.5,O,-360,https://sportsbook.draftkings.com/event/csun-%40-hawaii/33516286?outcomes=0OU83125326O14650_1
2026-01-24 18:51:36,"Hawaii Rainbow Warriors vs California State Matadors, 2026-01-25, 12",Hawaii Rainbow Warriors,California State Matadors,draftkings,Total,,146.5,U,+260,https://sportsbook.draftkings.com/event/csun-%40-hawaii/33516286?outcomes=0OU83125326U14650_3
2026-01-24 18:51:36,"Hawaii Rainbow Warriors vs California State Matadors, 2026-01-25, 12",Hawaii Rainbow Warriors,California State Matadors,draftkings,Total,,147.5,O,-330,https://sportsbook.draftkings.com/event/csun-%40-hawaii/33516286?outcomes=0OU83125326O14750_1
2026-01-24 18:51:36,"Hawaii Rainbow Warriors vs California State Matadors, 2026-01-25, 12",Hawaii Rainbow Warriors,California State Matadors,draftkings,Total,,147.5,U,+240,https://sportsbook.draftkings.com/event/csun-%40-hawaii/33516286?outcomes=0OU83125326U14750_3
2026-01-24 18:51:36,"Hawaii Rainbow Warriors vs California State Matadors, 2026-01-25, 12",Hawaii Rainbow Warriors,California State Matadors,draftkings,Total,,164.5,O,+170,https://sportsbook.draftkings.com/event/csun-%40-hawaii/33516286?outcomes=0OU83125326O16450_1
2026-01-24 18:51:36,"Hawaii Rainbow Warriors vs California State Matadors, 2026-01-25, 12",Hawaii Rainbow Warriors,California State Matadors,draftkings,Total,,164.5,U,-220,https://sportsbook.draftkings.com/event/csun-%40-hawaii/33516286?outcomes=0OU83125326U16450_3
2026-01-24 18:51:36,"Hawaii Rainbow Warriors vs California State Matadors, 2026-01-25, 12",Hawaii Rainbow Warriors,California State Matadors,draftkings,Total,,165.5,O,+185,https://sportsbook.draftkings.com/event/csun-%40-hawaii/33516286?outcomes=0OU83125326O16550_1
2026-01-24 18:51:36,"Hawaii Rainbow Warriors vs California State Matadors, 2026-01-25, 12",Hawaii Rainbow Warriors,California State Matadors,draftkings,Total,,165.5,U,-245,https://sportsbook.draftkings.com/event/csun-%40-hawaii/33516286?outcomes=0OU83125326U16550_3
2026-01-24 18:51:36,"Hawaii Rainbow Warriors vs California State Matadors, 2026-01-25, 12",Hawaii Rainbow Warriors,California State Matadors,draftkings,Total,,166.5,O,+200,https://sportsbook.draftkings.com/event/csun-%40-hawaii/33516286?outcomes=0OU83125326O16650_1
2026-01-24 18:51:36,"Hawaii Rainbow Warriors vs California State Matadors, 2026-01-25, 12",Hawaii Rainbow Warriors,California State Matadors,draftkings,Total,,166.5,U,-270,https://sportsbook.draftkings.com/event/csun-%40-hawaii/33516286?outcomes=0OU83125326U16650_3
2026-01-24 18:51:36,"Hawaii Rainbow Warriors vs California State Matadors, 2026-01-25, 12",Hawaii Rainbow Warriors,California State Matadors,draftkings,Total,,167.5,O,+220,https://sportsbook.draftkings.com/event/csun-%40-hawaii/33516286?outcomes=0OU83125326O16750_1
2026-01-24 18:51:36,"Hawaii Rainbow Warriors vs California State Matadors, 2026-01-25, 12",Hawaii Rainbow Warriors,California State Matadors,draftkings,Total,,167.5,U,-298,https://sportsbook.draftkings.com/event/csun-%40-hawaii/33516286?outcomes=0OU83125326U16750_3
2026-01-24 18:51:36,"Hawaii Rainbow Warriors vs California State Matadors, 2026-01-25, 12",Hawaii Rainbow Warriors,California State Matadors,draftkings,Total,,168.5,O,+240,https://sportsbook.draftkings.com/event/csun-%40-hawaii/33516286?outcomes=0OU83125326O16850_1
2026-01-24 18:51:36,"Hawaii Rainbow Warriors vs California State Matadors, 2026-01-25, 12",Hawaii Rainbow Warriors,California State Matadors,draftkings,Total,,168.5,U,-330,https://sportsbook.draftkings.com/event/csun-%40-hawaii/33516286?outcomes=0OU83125326U16850_3
2026-01-24 18:51:36,"Hawaii Rainbow Warriors vs California State Matadors, 2026-01-25, 12",Hawaii Rainbow Warriors,California State Matadors,draftkings,Total,,169.5,O,+270,https://sportsbook.draftkings.com/event/csun-%40-hawaii/33516286?outcomes=0OU83125326O16950_1
2026-01-24 18:51:36,"Hawaii Rainbow Warriors vs California State Matadors, 2026-01-25, 12",Hawaii Rainbow Warriors,California State Matadors,draftkings,Total,,169.5,U,-375,https://sportsbook.draftkings.com/event/csun-%40-hawaii/33516286?outcomes=0OU83125326U16950_3
2026-01-24 18:51:36,"Indiana Purdue Jaguars vs Purdue Fort Wayne Mastodons, 2026-01-25, 02",Indiana Purdue Jaguars,Purdue Fort Wayne Mastodons,betonline,Total,,164.5,U,-110,
2026-01-24 18:51:36,"Indiana Purdue Jaguars vs Purdue Fort Wayne Mastodons, 2026-01-25, 02",Indiana Purdue Jaguars,Purdue Fort Wayne Mastodons,betonline,Total,,164.5,O,-110,
2026-01-24 18:51:36,"Indiana Purdue Jaguars vs Purdue Fort Wayne Mastodons, 2026-01-25, 02",Indiana Purdue Jaguars,Purdue Fort Wayne Mastodons,draftkings,Total,,164.5,O,-110,https://sportsbook.draftkings.com/event/purdue-fort-wayne-%40-iu-indianapolis/33523408?outcomes=0OU83134325O16450_1
2026-01-24 18:51:36,"Indiana Purdue Jaguars vs Purdue Fort Wayne Mastodons, 2026-01-25, 02",Indiana Purdue Jaguars,Purdue Fort Wayne Mastodons,draftkings,Total,,164.5,U,-110,https://sportsbook.draftkings.com/event/purdue-fort-wayne-%40-iu-indianapolis/33523408?outcomes=0OU83134325U16450_3
2026-01-24 18:51:36,"Iona Gaels vs Manhattan Jaspers, 2026-01-24, 07",Iona Gaels,Manhattan Jaspers,betonline,Total,,154.0,U,-110,
2026-01-24 18:51:36,"Iona Gaels vs Manhattan Jaspers, 2026-01-24, 07",Iona Gaels,Manhattan Jaspers,betonline,Total,,154.0,O,-110,
2026-01-24 18:51:36,"Iona Gaels vs Manhattan Jaspers, 2026-01-24, 07",Iona Gaels,Manhattan Jaspers,betmgm,Total,,153.5,O,-115,https://www.on.betmgm.ca/en/sports/events/18902881?options=18902881-1446127807--227756393&type=Single
2026-01-24 18:51:36,"Iona Gaels vs Manhattan Jaspers, 2026-01-24, 07",Iona Gaels,Manhattan Jaspers,betmgm,Total,,153.5,U,-105,https://www.on.betmgm.ca/en/sports/events/18902881?options=18902881-1446127807--227756392&type=Single
2026-01-24 18:51:36,"Iona Gaels vs Manhattan Jaspers, 2026-01-24, 07",Iona Gaels,Manhattan Jaspers,pinnacle,Total,,153.0,U,-107,
2026-01-24 18:51:36,"Iona Gaels vs Manhattan Jaspers, 2026-01-24, 07",Iona Gaels,Manhattan Jaspers,pinnacle,Total,,152.5,O,-125,
2026-01-24 18:51:36,"Iona Gaels vs Manhattan Jaspers, 2026-01-24, 07",Iona Gaels,Manhattan Jaspers,pinnacle,Total,,152.5,U,-101,
2026-01-24 18:51:36,"Iona Gaels vs Manhattan Jaspers, 2026-01-24, 07",Iona Gaels,Manhattan Jaspers,pinnacle,Total,,152.0,O,-131,
2026-01-24 18:51:36,"Iona Gaels vs Manhattan Jaspers, 2026-01-24, 07",Iona Gaels,Manhattan Jaspers,pinnacle,Total,,152.0,U,+104,
2026-01-24 18:51:36,"Iona Gaels vs Manhattan Jaspers, 2026-01-24, 07",Iona Gaels,Manhattan Jaspers,pinnacle,Total,,151.5,O,-137,
2026-01-24 18:51:36,"Iona Gaels vs Manhattan Jaspers, 2026-01-24, 07",Iona Gaels,Manhattan Jaspers,pinnacle,Total,,151.5,U,+109,
2026-01-24 18:51:36,"Iona Gaels vs Manhattan Jaspers, 2026-01-24, 07",Iona Gaels,Manhattan Jaspers,pinnacle,Total,,153.0,O,-118,
2026-01-24 18:51:36,"Iona Gaels vs Manhattan Jaspers, 2026-01-24, 07",Iona Gaels,Manhattan Jaspers,pinnacle,Total,,153.5,U,-111,
2026-01-24 18:51:36,"Iona Gaels vs Manhattan Jaspers, 2026-01-24, 07",Iona Gaels,Manhattan Jaspers,pinnacle,Total,,154.0,U,-119,
2026-01-24 18:51:36,"Iona Gaels vs Manhattan Jaspers, 2026-01-24, 07",Iona Gaels,Manhattan Jaspers,pinnacle,Total,,155.5,O,+110,
2026-01-24 18:51:36,"Iona Gaels vs Manhattan Jaspers, 2026-01-24, 07",Iona Gaels,Manhattan Jaspers,pinnacle,Total,,155.5,U,-139,
2026-01-24 18:51:36,"Iona Gaels vs Manhattan Jaspers, 2026-01-24, 07",Iona Gaels,Manhattan Jaspers,pinnacle,Total,,155.0,O,+105,
2026-01-24 18:51:36,"Iona Gaels vs Manhattan Jaspers, 2026-01-24, 07",Iona Gaels,Manhattan Jaspers,pinnacle,Total,,155.0,U,-132,
2026-01-24 18:51:36,"Iona Gaels vs Manhattan Jaspers, 2026-01-24, 07",Iona Gaels,Manhattan Jaspers,pinnacle,Total,,154.5,O,-100,
2026-01-24 18:51:36,"Iona Gaels vs Manhattan Jaspers, 2026-01-24, 07",Iona Gaels,Manhattan Jaspers,pinnacle,Total,,154.5,U,-126,
2026-01-24 18:51:36,"Iona Gaels vs Manhattan Jaspers, 2026-01-24, 07",Iona Gaels,Manhattan Jaspers,pinnacle,Total,,154.0,O,-105,
2026-01-24 18:51:36,"Iona Gaels vs Manhattan Jaspers, 2026-01-24, 07",Iona Gaels,Manhattan Jaspers,pinnacle,Total,,153.5,O,-109,
2026-01-24 18:51:36,"Kansas State Wildcats vs Kansas Jayhawks, 2026-01-24, 08",Kansas State Wildcats,Kansas Jayhawks,betmgm,Total,,157.5,O,-115,https://www.on.betmgm.ca/en/sports/events/18902890?options=18902890-1446270864--227369717&type=Single
2026-01-24 18:51:36,"Kansas State Wildcats vs Kansas Jayhawks, 2026-01-24, 08",Kansas State Wildcats,Kansas Jayhawks,betmgm,Total,,157.5,U,-105,https://www.on.betmgm.ca/en/sports/events/18902890?options=18902890-1446270864--227369716&type=Single
2026-01-24 18:51:36,"Kansas State Wildcats vs Kansas Jayhawks, 2026-01-24, 08",Kansas State Wildcats,Kansas Jayhawks,betmgm,Total,,159.5,O,+105,https://www.on.betmgm.ca/en/sports/events/18902890?options=18902890-1446355004--227175787&type=Single
2026-01-24 18:51:36,"Kansas State Wildcats vs Kansas Jayhawks, 2026-01-24, 08",Kansas State Wildcats,Kansas Jayhawks,betmgm,Total,,159.5,U,-130,https://www.on.betmgm.ca/en/sports/events/18902890?options=18902890-1446355004--227175783&type=Single
2026-01-24 18:51:36,"Kansas State Wildcats vs Kansas Jayhawks, 2026-01-24, 08",Kansas State Wildcats,Kansas Jayhawks,betmgm,Total,,155.5,O,-145,https://www.on.betmgm.ca/en/sports/events/18902890?options=18902890-1446355022--227175752&type=Single
2026-01-24 18:51:36,"Kansas State Wildcats vs Kansas Jayhawks, 2026-01-24, 08",Kansas State Wildcats,Kansas Jayhawks,betmgm,Total,,155.5,U,+118,https://www.on.betmgm.ca/en/sports/events/18902890?options=18902890-1446355022--227175751&type=Single
2026-01-24 18:51:36,"Kansas State Wildcats vs Kansas Jayhawks, 2026-01-24, 08",Kansas State Wildcats,Kansas Jayhawks,betmgm,Total,,156.5,O,-130,https://www.on.betmgm.ca/en/sports/events/18902890?options=18902890-1446355026--227175744&type=Single
2026-01-24 18:51:36,"Kansas State Wildcats vs Kansas Jayhawks, 2026-01-24, 08",Kansas State Wildcats,Kansas Jayhawks,betmgm,Total,,156.5,U,+105,https://www.on.betmgm.ca/en/sports/events/18902890?options=18902890-1446355026--227175743&type=Single
2026-01-24 18:51:36,"Kansas State Wildcats vs Kansas Jayhawks, 2026-01-24, 08",Kansas State Wildcats,Kansas Jayhawks,betmgm,Total,,158.5,U,-115,https://www.on.betmgm.ca/en/sports/events/18902890?options=18902890-1446146439--227711690&type=Single
2026-01-24 18:51:36,"Kansas State Wildcats vs Kansas Jayhawks, 2026-01-24, 08",Kansas State Wildcats,Kansas Jayhawks,betonline,Total,,158.0,O,-112,
2026-01-24 18:51:36,"Kansas State Wildcats vs Kansas Jayhawks, 2026-01-24, 08",Kansas State Wildcats,Kansas Jayhawks,betonline,Total,,158.0,U,-108,
2026-01-24 18:51:36,"Kansas State Wildcats vs Kansas Jayhawks, 2026-01-24, 08",Kansas State Wildcats,Kansas Jayhawks,betmgm,Total,,158.5,O,-105,https://www.on.betmgm.ca/en/sports/events/18902890?options=18902890-1446146439--227711691&type=Single
2026-01-24 18:51:36,"Kansas State Wildcats vs Kansas Jayhawks, 2026-01-24, 08",Kansas State Wildcats,Kansas Jayhawks,betmgm,Total,,161.5,O,+125,https://www.on.betmgm.ca/en/sports/events/18902890?options=18902890-1445782066--228661080&type=Single
2026-01-24 18:51:36,"Kansas State Wildcats vs Kansas Jayhawks, 2026-01-24, 08",Kansas State Wildcats,Kansas Jayhawks,betmgm,Total,,161.5,U,-155,https://www.on.betmgm.ca/en/sports/events/18902890?options=18902890-1445782066--228661079&type=Single
2026-01-24 18:51:36,"Kansas State Wildcats vs Kansas Jayhawks, 2026-01-24, 08",Kansas State Wildcats,Kansas Jayhawks,betmgm,Total,,160.5,O,+115,https://www.on.betmgm.ca/en/sports/events/18902890?options=18902890-1445728138--228790001&type=Single
2026-01-24 18:51:36,"Kansas State Wildcats vs Kansas Jayhawks, 2026-01-24, 08",Kansas State Wildcats,Kansas Jayhawks,betmgm,Total,,160.5,U,-140,https://www.on.betmgm.ca/en/sports/events/18902890?options=18902890-1445728138--228790000&type=Single
2026-01-24 18:51:36,"Kansas State Wildcats vs Kansas Jayhawks, 2026-01-24, 08",Kansas State Wildcats,Kansas Jayhawks,pinnacle,Total,,159.5,O,-103,
2026-01-24 18:51:36,"Kansas State Wildcats vs Kansas Jayhawks, 2026-01-24, 08",Kansas State Wildcats,Kansas Jayhawks,pinnacle,Total,,159.5,U,-118,
2026-01-24 18:51:36,"Kansas State Wildcats vs Kansas Jayhawks, 2026-01-24, 08",Kansas State Wildcats,Kansas Jayhawks,pinnacle,Total,,159.0,O,-111,
2026-01-24 18:51:36,"Kansas State Wildcats vs Kansas Jayhawks, 2026-01-24, 08",Kansas State Wildcats,Kansas Jayhawks,pinnacle,Total,,159.0,U,-113,
2026-01-24 18:51:36,"Kansas State Wildcats vs Kansas Jayhawks, 2026-01-24, 08",Kansas State Wildcats,Kansas Jayhawks,pinnacle,Total,,158.5,O,-117,
2026-01-24 18:51:36,"Kansas State Wildcats vs Kansas Jayhawks, 2026-01-24, 08",Kansas State Wildcats,Kansas Jayhawks,pinnacle,Total,,158.5,U,-107,
2026-01-24 18:51:36,"Kansas State Wildcats vs Kansas Jayhawks, 2026-01-24, 08",Kansas State Wildcats,Kansas Jayhawks,pinnacle,Total,,158.0,O,-124,
2026-01-24 18:51:36,"Kansas State Wildcats vs Kansas Jayhawks, 2026-01-24, 08",Kansas State Wildcats,Kansas Jayhawks,pinnacle,Total,,158.0,U,-101,
2026-01-24 18:51:36,"Kansas State Wildcats vs Kansas Jayhawks, 2026-01-24, 08",Kansas State Wildcats,Kansas Jayhawks,pinnacle,Total,,157.5,U,+104,
2026-01-24 18:51:36,"Kansas State Wildcats vs Kansas Jayhawks, 2026-01-24, 08",Kansas State Wildcats,Kansas Jayhawks,pinnacle,Total,,160.0,U,-128,
2026-01-24 18:51:36,"Kansas State Wildcats vs Kansas Jayhawks, 2026-01-24, 08",Kansas State Wildcats,Kansas Jayhawks,pinnacle,Total,,160.0,O,+102,
2026-01-24 18:51:36,"Kansas State Wildcats vs Kansas Jayhawks, 2026-01-24, 08",Kansas State Wildcats,Kansas Jayhawks,pinnacle,Total,,157.5,O,-130,
2026-01-24 18:51:36,"Kansas State Wildcats vs Kansas Jayhawks, 2026-01-24, 08",Kansas State Wildcats,Kansas Jayhawks,pinnacle,Total,,160.5,U,-135,
2026-01-24 18:51:36,"Kansas State Wildcats vs Kansas Jayhawks, 2026-01-24, 08",Kansas State Wildcats,Kansas Jayhawks,pinnacle,Total,,160.5,O,+107,
2026-01-24 18:51:36,"Kansas State Wildcats vs Kansas Jayhawks, 2026-01-24, 08",Kansas State Wildcats,Kansas Jayhawks,pinnacle,Total,,161.0,U,-144,
2026-01-24 18:51:36,"Kansas State Wildcats vs Kansas Jayhawks, 2026-01-24, 08",Kansas State Wildcats,Kansas Jayhawks,pinnacle,Total,,161.5,U,-151,
2026-01-24 18:51:36,"Kansas State Wildcats vs Kansas Jayhawks, 2026-01-24, 08",Kansas State Wildcats,Kansas Jayhawks,pinnacle,Total,,161.5,O,+119,
2026-01-24 18:51:36,"Kansas State Wildcats vs Kansas Jayhawks, 2026-01-24, 08",Kansas State Wildcats,Kansas Jayhawks,pinnacle,Total,,161.0,O,+114,
2026-01-24 18:51:36,"Lehigh Mountain Hawks vs Louisiana Rajun' Cajuns, 2026-01-24, 07",Lehigh Mountain Hawks,Louisiana Rajun' Cajuns,betonline,Total,,144.5,O,-110,
2026-01-24 18:51:36,"Lehigh Mountain Hawks vs Louisiana Rajun' Cajuns, 2026-01-24, 07",Lehigh Mountain Hawks,Louisiana Rajun' Cajuns,betonline,Total,,144.5,U,-110,
2026-01-24 18:51:36,"Lehigh Mountain Hawks vs Louisiana Rajun' Cajuns, 2026-01-24, 07",Lehigh Mountain Hawks,Louisiana Rajun' Cajuns,betmgm,Total,,144.5,U,-110,https://www.on.betmgm.ca/en/sports/events/18902887?options=18902887-1446281718--227345444&type=Single
2026-01-24 18:51:36,"Lehigh Mountain Hawks vs Louisiana Rajun' Cajuns, 2026-01-24, 07",Lehigh Mountain Hawks,Louisiana Rajun' Cajuns,betmgm,Total,,144.5,O,-110,https://www.on.betmgm.ca/en/sports/events/18902887?options=18902887-1446281718--227345445&type=Single
2026-01-24 18:51:36,"Lehigh Mountain Hawks vs Louisiana Rajun' Cajuns, 2026-01-24, 07",Lehigh Mountain Hawks,Louisiana Rajun' Cajuns,pinnacle,Total,,145.0,O,+102,
2026-01-24 18:51:36,"Lehigh Mountain Hawks vs Louisiana Rajun' Cajuns, 2026-01-24, 07",Lehigh Mountain Hawks,Louisiana Rajun' Cajuns,pinnacle,Total,,144.5,O,-103,
2026-01-24 18:51:36,"Lehigh Mountain Hawks vs Louisiana Rajun' Cajuns, 2026-01-24, 07",Lehigh Mountain Hawks,Louisiana Rajun' Cajuns,pinnacle,Total,,144.5,U,-126,
2026-01-24 18:51:36,"Lehigh Mountain Hawks vs Louisiana Rajun' Cajuns, 2026-01-24, 07",Lehigh Mountain Hawks,Louisiana Rajun' Cajuns,pinnacle,Total,,144.0,O,-109,
2026-01-24 18:51:36,"Lehigh Mountain Hawks vs Louisiana Rajun' Cajuns, 2026-01-24, 07",Lehigh Mountain Hawks,Louisiana Rajun' Cajuns,pinnacle,Total,,144.0,U,-119,
2026-01-24 18:51:36,"Lehigh Mountain Hawks vs Louisiana Rajun' Cajuns, 2026-01-24, 07",Lehigh Mountain Hawks,Louisiana Rajun' Cajuns,pinnacle,Total,,143.5,O,-115,
2026-01-24 18:51:36,"Lehigh Mountain Hawks vs Louisiana Rajun' Cajuns, 2026-01-24, 07",Lehigh Mountain Hawks,Louisiana Rajun' Cajuns,pinnacle,Total,,143.5,U,-113,
2026-01-24 18:51:36,"Lehigh Mountain Hawks vs Louisiana Rajun' Cajuns, 2026-01-24, 07",Lehigh Mountain Hawks,Louisiana Rajun' Cajuns,pinnacle,Total,,143.0,O,-120,
2026-01-24 18:51:36,"Lehigh Mountain Hawks vs Louisiana Rajun' Cajuns, 2026-01-24, 07",Lehigh Mountain Hawks,Louisiana Rajun' Cajuns,pinnacle,Total,,143.0,U,-104,
2026-01-24 18:51:36,"Lehigh Mountain Hawks vs Louisiana Rajun' Cajuns, 2026-01-24, 07",Lehigh Mountain Hawks,Louisiana Rajun' Cajuns,pinnacle,Total,,142.5,O,-130,
2026-01-24 18:51:36,"Lehigh Mountain Hawks vs Louisiana Rajun' Cajuns, 2026-01-24, 07",Lehigh Mountain Hawks,Louisiana Rajun' Cajuns,pinnacle,Total,,142.5,U,-100,
2026-01-24 18:51:36,"Lehigh Mountain Hawks vs Louisiana Rajun' Cajuns, 2026-01-24, 07",Lehigh Mountain Hawks,Louisiana Rajun' Cajuns,pinnacle,Total,,145.0,U,-133,
2026-01-24 18:51:36,"Lehigh Mountain Hawks vs Louisiana Rajun' Cajuns, 2026-01-24, 07",Lehigh Mountain Hawks,Louisiana Rajun' Cajuns,pinnacle,Total,,142.0,U,+105,
2026-01-24 18:51:36,"Lehigh Mountain Hawks vs Louisiana Rajun' Cajuns, 2026-01-24, 07",Lehigh Mountain Hawks,Louisiana Rajun' Cajuns,pinnacle,Total,,142.0,O,-137,
2026-01-24 18:51:36,"Lehigh Mountain Hawks vs Louisiana Rajun' Cajuns, 2026-01-24, 07",Lehigh Mountain Hawks,Louisiana Rajun' Cajuns,pinnacle,Total,,141.5,O,-144,
2026-01-24 18:51:36,"Lehigh Mountain Hawks vs Louisiana Rajun' Cajuns, 2026-01-24, 07",Lehigh Mountain Hawks,Louisiana Rajun' Cajuns,pinnacle,Total,,141.5,U,+110,
2026-01-24 18:51:36,"Lehigh Mountain Hawks vs Louisiana Rajun' Cajuns, 2026-01-24, 07",Lehigh Mountain Hawks,Louisiana Rajun' Cajuns,pinnacle,Total,,141.0,O,-152,
2026-01-24 18:51:36,"Lehigh Mountain Hawks vs Louisiana Rajun' Cajuns, 2026-01-24, 07",Lehigh Mountain Hawks,Louisiana Rajun' Cajuns,pinnacle,Total,,141.0,U,+116,
2026-01-24 18:51:36,"Long Beach State 49ers vs California Gauchos, 2026-01-24, 07",Long Beach State 49ers,California Gauchos,betmgm,Total,,143.5,O,-115,https://www.on.betmgm.ca/en/sports/events/18902886?options=18902886-1445793670--228630690&type=Single
2026-01-24 18:51:36,"Long Beach State 49ers vs California Gauchos, 2026-01-24, 07",Long Beach State 49ers,California Gauchos,betmgm,Total,,143.5,U,-105,https://www.on.betmgm.ca/en/sports/events/18902886?options=18902886-1445793670--228630689&type=Single
2026-01-24 18:51:36,"Long Beach State 49ers vs California Gauchos, 2026-01-24, 07",Long Beach State 49ers,California Gauchos,betonline,Total,,143.5,U,-107,
2026-01-24 18:51:36,"Long Beach State 49ers vs California Gauchos, 2026-01-24, 07",Long Beach State 49ers,California Gauchos,betonline,Total,,143.5,O,-113,
2026-01-24 18:51:36,"Long Beach State 49ers vs California Gauchos, 2026-01-24, 07",Long Beach State 49ers,California Gauchos,pinnacle,Total,,146.0,U,-135,
2026-01-24 18:51:36,"Long Beach State 49ers vs California Gauchos, 2026-01-24, 07",Long Beach State 49ers,California Gauchos,pinnacle,Total,,145.5,O,+101,
2026-01-24 18:51:36,"Long Beach State 49ers vs California Gauchos, 2026-01-24, 07",Long Beach State 49ers,California Gauchos,pinnacle,Total,,145.5,U,-127,
2026-01-24 18:51:36,"Long Beach State 49ers vs California Gauchos, 2026-01-24, 07",Long Beach State 49ers,California Gauchos,pinnacle,Total,,145.0,O,-105,
2026-01-24 18:51:36,"Long Beach State 49ers vs California Gauchos, 2026-01-24, 07",Long Beach State 49ers,California Gauchos,pinnacle,Total,,145.0,U,-120,
2026-01-24 18:51:36,"Long Beach State 49ers vs California Gauchos, 2026-01-24, 07",Long Beach State 49ers,California Gauchos,pinnacle,Total,,144.5,O,-111,
2026-01-24 18:51:36,"Long Beach State 49ers vs California Gauchos, 2026-01-24, 07",Long Beach State 49ers,California Gauchos,pinnacle,Total,,144.5,U,-113,
2026-01-24 18:51:36,"Long Beach State 49ers vs California Gauchos, 2026-01-24, 07",Long Beach State 49ers,California Gauchos,pinnacle,Total,,144.0,O,-115,
2026-01-24 18:51:36,"Long Beach State 49ers vs California Gauchos, 2026-01-24, 07",Long Beach State 49ers,California Gauchos,pinnacle,Total,,144.0,U,-105,
2026-01-24 18:51:36,"Long Beach State 49ers vs California Gauchos, 2026-01-24, 07",Long Beach State 49ers,California Gauchos,pinnacle,Total,,143.5,O,-124,
2026-01-24 18:51:36,"Long Beach State 49ers vs California Gauchos, 2026-01-24, 07",Long Beach State 49ers,California Gauchos,pinnacle,Total,,143.5,U,-102,
2026-01-24 18:51:36,"Long Beach State 49ers vs California Gauchos, 2026-01-24, 07",Long Beach State 49ers,California Gauchos,pinnacle,Total,,143.0,O,-131,
2026-01-24 18:51:36,"Long Beach State 49ers vs California Gauchos, 2026-01-24, 07",Long Beach State 49ers,California Gauchos,pinnacle,Total,,143.0,U,+104,
2026-01-24 18:51:36,"Long Beach State 49ers vs California Gauchos, 2026-01-24, 07",Long Beach State 49ers,California Gauchos,pinnacle,Total,,142.5,O,-138,
2026-01-24 18:51:36,"Long Beach State 49ers vs California Gauchos, 2026-01-24, 07",Long Beach State 49ers,California Gauchos,pinnacle,Total,,142.5,U,+109,
2026-01-24 18:51:36,"Long Beach State 49ers vs California Gauchos, 2026-01-24, 07",Long Beach State 49ers,California Gauchos,pinnacle,Total,,142.0,O,-144,
2026-01-24 18:51:36,"Long Beach State 49ers vs California Gauchos, 2026-01-24, 07",Long Beach State 49ers,California Gauchos,pinnacle,Total,,142.0,U,+114,
2026-01-24 18:51:36,"Long Beach State 49ers vs California Gauchos, 2026-01-24, 07",Long Beach State 49ers,California Gauchos,pinnacle,Total,,146.0,O,+108,
2026-01-24 18:51:36,"Long Island Sharks vs Wagner Seahawks, 2026-01-25, 01",Long Island Sharks,Wagner Seahawks,betonline,Total,,144.0,O,-110,
2026-01-24 18:51:36,"Long Island Sharks vs Wagner Seahawks, 2026-01-25, 01",Long Island Sharks,Wagner Seahawks,betonline,Total,,144.0,U,-110,
2026-01-24 18:51:36,"Mercyhurst Lakers vs Chicago State Cougars, 2026-01-25, 02",Mercyhurst Lakers,Chicago State Cougars,betonline,Total,,130.5,O,-105,
2026-01-24 18:51:36,"Mercyhurst Lakers vs Chicago State Cougars, 2026-01-25, 02",Mercyhurst Lakers,Chicago State Cougars,betonline,Total,,130.5,U,-115,
2026-01-24 18:51:36,"Mercyhurst Lakers vs Chicago State Cougars, 2026-01-25, 02",Mercyhurst Lakers,Chicago State Cougars,draftkings,Total,,130.5,O,-105,https://sportsbook.draftkings.com/event/chicago-state-%40-mercyhurst/33523770?outcomes=0OU83135487O13050_1
2026-01-24 18:51:36,"Mercyhurst Lakers vs Chicago State Cougars, 2026-01-25, 02",Mercyhurst Lakers,Chicago State Cougars,draftkings,Total,,130.5,U,-115,https://sportsbook.draftkings.com/event/chicago-state-%40-mercyhurst/33523770?outcomes=0OU83135487U13050_3
2026-01-24 18:51:36,"Michigan Broncos vs Michigan Chippewas, 2026-01-24, 06",Michigan Broncos,Michigan Chippewas,betmgm,Total,,143.5,O,-118,https://www.on.betmgm.ca/en/sports/events/18904827?options=18904827-1446438518--226982916&type=Single
2026-01-24 18:51:36,"Michigan Broncos vs Michigan Chippewas, 2026-01-24, 06",Michigan Broncos,Michigan Chippewas,betmgm,Total,,143.5,U,-110,https://www.on.betmgm.ca/en/sports/events/18904827?options=18904827-1446438518--226982915&type=Single
2026-01-24 18:51:36,"Michigan Broncos vs Michigan Chippewas, 2026-01-24, 06",Michigan Broncos,Michigan Chippewas,betmgm,Total,,144.5,O,-105,https://www.on.betmgm.ca/en/sports/events/18904827?options=18904827-1446438318--226983327&type=Single
2026-01-24 18:51:36,"Michigan Broncos vs Michigan Chippewas, 2026-01-24, 06",Michigan Broncos,Michigan Chippewas,betmgm,Total,,144.5,U,-125,https://www.on.betmgm.ca/en/sports/events/18904827?options=18904827-1446438318--226983326&type=Single
2026-01-24 18:51:36,"Michigan Broncos vs Michigan Chippewas, 2026-01-24, 06",Michigan Broncos,Michigan Chippewas,betmgm,Total,,142.5,O,-140,https://www.on.betmgm.ca/en/sports/events/18904827?options=18904827-1446438597--226982757&type=Single
2026-01-24 18:51:36,"Michigan Broncos vs Michigan Chippewas, 2026-01-24, 06",Michigan Broncos,Michigan Chippewas,betmgm,Total,,142.5,U,+105,https://www.on.betmgm.ca/en/sports/events/18904827?options=18904827-1446438597--226982756&type=Single
2026-01-24 18:51:36,"Missouri Kansas City Roos vs Nebraska Omaha Mavericks, 2026-01-24, 08",Missouri Kansas City Roos,Nebraska Omaha Mavericks,betonline,Total,,148.5,U,-110,
2026-01-24 18:51:36,"Missouri Kansas City Roos vs Nebraska Omaha Mavericks, 2026-01-24, 08",Missouri Kansas City Roos,Nebraska Omaha Mavericks,betonline,Total,,148.5,O,-110,
2026-01-24 18:51:36,"Missouri Kansas City Roos vs Nebraska Omaha Mavericks, 2026-01-24, 08",Missouri Kansas City Roos,Nebraska Omaha Mavericks,betmgm,Total,,148.5,O,-105,https://www.on.betmgm.ca/en/sports/events/18902896?options=18902896-1446328118--227238530&type=Single
2026-01-24 18:51:36,"Missouri Kansas City Roos vs Nebraska Omaha Mavericks, 2026-01-24, 08",Missouri Kansas City Roos,Nebraska Omaha Mavericks,betmgm,Total,,148.5,U,-115,https://www.on.betmgm.ca/en/sports/events/18902896?options=18902896-1446328118--227238529&type=Single
2026-01-24 18:51:36,"Missouri Kansas City Roos vs Nebraska Omaha Mavericks, 2026-01-24, 08",Missouri Kansas City Roos,Nebraska Omaha Mavericks,pinnacle,Total,,150.5,O,+113,
2026-01-24 18:51:36,"Missouri Kansas City Roos vs Nebraska Omaha Mavericks, 2026-01-24, 08",Missouri Kansas City Roos,Nebraska Omaha Mavericks,pinnacle,Total,,150.5,U,-143,
2026-01-24 18:51:36,"Missouri Kansas City Roos vs Nebraska Omaha Mavericks, 2026-01-24, 08",Missouri Kansas City Roos,Nebraska Omaha Mavericks,pinnacle,Total,,150.0,O,+108,
2026-01-24 18:51:36,"Missouri Kansas City Roos vs Nebraska Omaha Mavericks, 2026-01-24, 08",Missouri Kansas City Roos,Nebraska Omaha Mavericks,pinnacle,Total,,150.0,U,-136,
2026-01-24 18:51:36,"Missouri Kansas City Roos vs Nebraska Omaha Mavericks, 2026-01-24, 08",Missouri Kansas City Roos,Nebraska Omaha Mavericks,pinnacle,Total,,149.5,O,+102,
2026-01-24 18:51:36,"Missouri Kansas City Roos vs Nebraska Omaha Mavericks, 2026-01-24, 08",Missouri Kansas City Roos,Nebraska Omaha Mavericks,pinnacle,Total,,149.5,U,-129,
2026-01-24 18:51:36,"Missouri Kansas City Roos vs Nebraska Omaha Mavericks, 2026-01-24, 08",Missouri Kansas City Roos,Nebraska Omaha Mavericks,pinnacle,Total,,149.0,O,-104,
2026-01-24 18:51:36,"Missouri Kansas City Roos vs Nebraska Omaha Mavericks, 2026-01-24, 08",Missouri Kansas City Roos,Nebraska Omaha Mavericks,pinnacle,Total,,149.0,U,-121,
2026-01-24 18:51:36,"Missouri Kansas City Roos vs Nebraska Omaha Mavericks, 2026-01-24, 08",Missouri Kansas City Roos,Nebraska Omaha Mavericks,pinnacle,Total,,148.5,O,-108,
2026-01-24 18:51:36,"Missouri Kansas City Roos vs Nebraska Omaha Mavericks, 2026-01-24, 08",Missouri Kansas City Roos,Nebraska Omaha Mavericks,pinnacle,Total,,148.5,U,-112,
2026-01-24 18:51:36,"Missouri Kansas City Roos vs Nebraska Omaha Mavericks, 2026-01-24, 08",Missouri Kansas City Roos,Nebraska Omaha Mavericks,pinnacle,Total,,148.0,O,-116,
2026-01-24 18:51:36,"Missouri Kansas City Roos vs Nebraska Omaha Mavericks, 2026-01-24, 08",Missouri Kansas City Roos,Nebraska Omaha Mavericks,pinnacle,Total,,148.0,U,-108,
2026-01-24 18:51:36,"Missouri Kansas City Roos vs Nebraska Omaha Mavericks, 2026-01-24, 08",Missouri Kansas City Roos,Nebraska Omaha Mavericks,pinnacle,Total,,147.5,O,-123,
2026-01-24 18:51:36,"Missouri Kansas City Roos vs Nebraska Omaha Mavericks, 2026-01-24, 08",Missouri Kansas City Roos,Nebraska Omaha Mavericks,pinnacle,Total,,147.5,U,-102,
2026-01-24 18:51:36,"Missouri Kansas City Roos vs Nebraska Omaha Mavericks, 2026-01-24, 08",Missouri Kansas City Roos,Nebraska Omaha Mavericks,pinnacle,Total,,147.0,O,-130,
2026-01-24 18:51:36,"Missouri Kansas City Roos vs Nebraska Omaha Mavericks, 2026-01-24, 08",Missouri Kansas City Roos,Nebraska Omaha Mavericks,pinnacle,Total,,147.0,U,+103,
2026-01-24 18:51:36,"Missouri Kansas City Roos vs Nebraska Omaha Mavericks, 2026-01-24, 08",Missouri Kansas City Roos,Nebraska Omaha Mavericks,pinnacle,Total,,146.5,O,-136,
2026-01-24 18:51:36,"Missouri Kansas City Roos vs Nebraska Omaha Mavericks, 2026-01-24, 08",Missouri Kansas City Roos,Nebraska Omaha Mavericks,pinnacle,Total,,146.5,U,+108,
2026-01-24 18:51:36,"Montana Grizzlies vs Idaho State Bengals, 2026-01-24, 06",Montana Grizzlies,Idaho State Bengals,betmgm,Total,,137.5,O,+100,https://www.on.betmgm.ca/en/sports/events/18904818?options=18904818-1446446443--226965900&type=Single
2026-01-24 18:51:36,"Montana Grizzlies vs Idaho State Bengals, 2026-01-24, 06",Montana Grizzlies,Idaho State Bengals,betmgm,Total,,137.5,U,-130,https://www.on.betmgm.ca/en/sports/events/18904818?options=18904818-1446446443--226965899&type=Single
2026-01-24 18:51:36,"Montana Grizzlies vs Idaho State Bengals, 2026-01-24, 06",Montana Grizzlies,Idaho State Bengals,betmgm,Total,,136.5,O,-115,https://www.on.betmgm.ca/en/sports/events/18904818?options=18904818-1446446717--226965140&type=Single
2026-01-24 18:51:36,"Montana Grizzlies vs Idaho State Bengals, 2026-01-24, 06",Montana Grizzlies,Idaho State Bengals,betmgm,Total,,136.5,U,-115,https://www.on.betmgm.ca/en/sports/events/18904818?options=18904818-1446446717--226965139&type=Single
2026-01-24 18:51:36,"Montana Grizzlies vs Idaho State Bengals, 2026-01-24, 06",Montana Grizzlies,Idaho State Bengals,betmgm,Total,,135.5,O,-130,https://www.on.betmgm.ca/en/sports/events/18904818?options=18904818-1446447502--226963284&type=Single
2026-01-24 18:51:36,"Montana Grizzlies vs Idaho State Bengals, 2026-01-24, 06",Montana Grizzlies,Idaho State Bengals,betmgm,Total,,135.5,U,-102,https://www.on.betmgm.ca/en/sports/events/18904818?options=18904818-1446447502--226963283&type=Single
2026-01-24 18:51:36,"Montana Grizzlies vs Idaho State Bengals, 2026-01-24, 06",Montana Grizzlies,Idaho State Bengals,betmgm,Total,,142.5,O,-102,https://www.on.betmgm.ca/en/sports/events/18904818?options=18904818-1446442950--226973570&type=Single
2026-01-24 18:51:36,"Montana Grizzlies vs Idaho State Bengals, 2026-01-24, 06",Montana Grizzlies,Idaho State Bengals,betmgm,Total,,142.5,U,-125,https://www.on.betmgm.ca/en/sports/events/18904818?options=18904818-1446442950--226973569&type=Single
2026-01-24 18:51:36,"Montana Grizzlies vs Idaho State Bengals, 2026-01-24, 06",Montana Grizzlies,Idaho State Bengals,betmgm,Total,,141.5,O,-115,https://www.on.betmgm.ca/en/sports/events/18904818?options=18904818-1446445100--226968750&type=Single
2026-01-24 18:51:36,"Montana Grizzlies vs Idaho State Bengals, 2026-01-24, 06",Montana Grizzlies,Idaho State Bengals,betmgm,Total,,141.5,U,-115,https://www.on.betmgm.ca/en/sports/events/18904818?options=18904818-1446445100--226968749&type=Single
2026-01-24 18:51:36,"Montana Grizzlies vs Idaho State Bengals, 2026-01-24, 06",Montana Grizzlies,Idaho State Bengals,betmgm,Total,,140.5,O,-140,https://www.on.betmgm.ca/en/sports/events/18904818?options=18904818-1446445307--226968321&type=Single
2026-01-24 18:51:36,"Montana Grizzlies vs Idaho State Bengals, 2026-01-24, 06",Montana Grizzlies,Idaho State Bengals,betmgm,Total,,140.5,U,+105,https://www.on.betmgm.ca/en/sports/events/18904818?options=18904818-1446445307--226968320&type=Single
2026-01-24 18:51:36,"Montana State Bobcats vs Weber State Wildcats, 2026-01-24, 08",Montana State Bobcats,Weber State Wildcats,betmgm,Total,,145.5,O,-110,https://www.on.betmgm.ca/en/sports/events/18902895?options=18902895-1446126250--227760410&type=Single
2026-01-24 18:51:36,"Montana State Bobcats vs Weber State Wildcats, 2026-01-24, 08",Montana State Bobcats,Weber State Wildcats,betmgm,Total,,145.5,U,-110,https://www.on.betmgm.ca/en/sports/events/18902895?options=18902895-1446126250--227760409&type=Single
2026-01-24 18:51:36,"Montana State Bobcats vs Weber State Wildcats, 2026-01-24, 08",Montana State Bobcats,Weber State Wildcats,betonline,Total,,146.0,O,-110,
2026-01-24 18:51:36,"Montana State Bobcats vs Weber State Wildcats, 2026-01-24, 08",Montana State Bobcats,Weber State Wildcats,betonline,Total,,146.0,U,-110,
2026-01-24 18:51:36,"New Mexico Lobos vs Nevada Wolf Pack, 2026-01-24, 08",New Mexico Lobos,Nevada Wolf Pack,betmgm,Total,,149.5,O,-110,https://www.on.betmgm.ca/en/sports/events/18902898?options=18902898-1445764867--228704324&type=Single
2026-01-24 18:51:36,"New Mexico Lobos vs Nevada Wolf Pack, 2026-01-24, 08",New Mexico Lobos,Nevada Wolf Pack,betmgm,Total,,149.5,U,-110,https://www.on.betmgm.ca/en/sports/events/18902898?options=18902898-1445764867--228704323&type=Single
2026-01-24 18:51:36,"New Mexico Lobos vs Nevada Wolf Pack, 2026-01-24, 08",New Mexico Lobos,Nevada Wolf Pack,betonline,Total,,149.5,O,-110,
2026-01-24 18:51:36,"New Mexico Lobos vs Nevada Wolf Pack, 2026-01-24, 08",New Mexico Lobos,Nevada Wolf Pack,betonline,Total,,149.5,U,-110,
2026-01-24 18:51:36,"New Mexico Lobos vs Nevada Wolf Pack, 2026-01-24, 08",New Mexico Lobos,Nevada Wolf Pack,pinnacle,Total,,151.5,O,+108,
2026-01-24 18:51:36,"New Mexico Lobos vs Nevada Wolf Pack, 2026-01-24, 08",New Mexico Lobos,Nevada Wolf Pack,pinnacle,Total,,151.5,U,-136,
2026-01-24 18:51:36,"New Mexico Lobos vs Nevada Wolf Pack, 2026-01-24, 08",New Mexico Lobos,Nevada Wolf Pack,pinnacle,Total,,151.0,O,+103,
2026-01-24 18:51:36,"New Mexico Lobos vs Nevada Wolf Pack, 2026-01-24, 08",New Mexico Lobos,Nevada Wolf Pack,pinnacle,Total,,151.0,U,-130,
2026-01-24 18:51:36,"New Mexico Lobos vs Nevada Wolf Pack, 2026-01-24, 08",New Mexico Lobos,Nevada Wolf Pack,pinnacle,Total,,150.5,O,-103,
2026-01-24 18:51:36,"New Mexico Lobos vs Nevada Wolf Pack, 2026-01-24, 08",New Mexico Lobos,Nevada Wolf Pack,pinnacle,Total,,150.5,U,-122,
2026-01-24 18:51:36,"New Mexico Lobos vs Nevada Wolf Pack, 2026-01-24, 08",New Mexico Lobos,Nevada Wolf Pack,pinnacle,Total,,150.0,O,-108,
2026-01-24 18:51:36,"New Mexico Lobos vs Nevada Wolf Pack, 2026-01-24, 08",New Mexico Lobos,Nevada Wolf Pack,pinnacle,Total,,150.0,U,-116,
2026-01-24 18:51:36,"New Mexico Lobos vs Nevada Wolf Pack, 2026-01-24, 08",New Mexico Lobos,Nevada Wolf Pack,pinnacle,Total,,149.5,O,-112,
2026-01-24 18:51:36,"New Mexico Lobos vs Nevada Wolf Pack, 2026-01-24, 08",New Mexico Lobos,Nevada Wolf Pack,pinnacle,Total,,149.5,U,-108,
2026-01-24 18:51:36,"New Mexico Lobos vs Nevada Wolf Pack, 2026-01-24, 08",New Mexico Lobos,Nevada Wolf Pack,pinnacle,Total,,149.0,O,-121,
2026-01-24 18:51:36,"New Mexico Lobos vs Nevada Wolf Pack, 2026-01-24, 08",New Mexico Lobos,Nevada Wolf Pack,pinnacle,Total,,149.0,U,-104,
2026-01-24 18:51:36,"New Mexico Lobos vs Nevada Wolf Pack, 2026-01-24, 08",New Mexico Lobos,Nevada Wolf Pack,pinnacle,Total,,148.5,O,-127,
2026-01-24 18:51:36,"New Mexico Lobos vs Nevada Wolf Pack, 2026-01-24, 08",New Mexico Lobos,Nevada Wolf Pack,pinnacle,Total,,148.5,U,+101,
2026-01-24 18:51:36,"New Mexico Lobos vs Nevada Wolf Pack, 2026-01-24, 08",New Mexico Lobos,Nevada Wolf Pack,pinnacle,Total,,148.0,O,-133,
2026-01-24 18:51:36,"New Mexico Lobos vs Nevada Wolf Pack, 2026-01-24, 08",New Mexico Lobos,Nevada Wolf Pack,pinnacle,Total,,148.0,U,+106,
2026-01-24 18:51:36,"New Mexico Lobos vs Nevada Wolf Pack, 2026-01-24, 08",New Mexico Lobos,Nevada Wolf Pack,pinnacle,Total,,147.5,O,-139,
2026-01-24 18:51:36,"New Mexico Lobos vs Nevada Wolf Pack, 2026-01-24, 08",New Mexico Lobos,Nevada Wolf Pack,pinnacle,Total,,147.5,U,+111,
2026-01-24 18:51:36,"Northern Arizona Lumberjacks vs Northern Colorado Bears, 2026-01-24, 08",Northern Arizona Lumberjacks,Northern Colorado Bears,betonline,Total,,149.0,O,-110,
2026-01-24 18:51:36,"Northern Arizona Lumberjacks vs Northern Colorado Bears, 2026-01-24, 08",Northern Arizona Lumberjacks,Northern Colorado Bears,betonline,Total,,149.0,U,-110,
2026-01-24 18:51:36,"Northern Arizona Lumberjacks vs Northern Colorado Bears, 2026-01-24, 08",Northern Arizona Lumberjacks,Northern Colorado Bears,betmgm,Total,,149.5,O,-110,https://www.on.betmgm.ca/en/sports/events/18902900?options=18902900-1446115488--227786805&type=Single
2026-01-24 18:51:36,"Northern Arizona Lumberjacks vs Northern Colorado Bears, 2026-01-24, 08",Northern Arizona Lumberjacks,Northern Colorado Bears,betmgm,Total,,149.5,U,-110,https://www.on.betmgm.ca/en/sports/events/18902900?options=18902900-1446115488--227786804&type=Single
2026-01-24 18:51:36,"Northern Arizona Lumberjacks vs Northern Colorado Bears, 2026-01-24, 08",Northern Arizona Lumberjacks,Northern Colorado Bears,pinnacle,Total,,147.0,O,-155,
2026-01-24 18:51:36,"Northern Arizona Lumberjacks vs Northern Colorado Bears, 2026-01-24, 08",Northern Arizona Lumberjacks,Northern Colorado Bears,pinnacle,Total,,147.0,U,+122,
2026-01-24 18:51:36,"Northern Arizona Lumberjacks vs Northern Colorado Bears, 2026-01-24, 08",Northern Arizona Lumberjacks,Northern Colorado Bears,pinnacle,Total,,151.0,O,+101,
2026-01-24 18:51:36,"Northern Arizona Lumberjacks vs Northern Colorado Bears, 2026-01-24, 08",Northern Arizona Lumberjacks,Northern Colorado Bears,pinnacle,Total,,151.0,U,-127,
2026-01-24 18:51:36,"Northern Arizona Lumberjacks vs Northern Colorado Bears, 2026-01-24, 08",Northern Arizona Lumberjacks,Northern Colorado Bears,pinnacle,Total,,150.5,O,-104,
2026-01-24 18:51:36,"Northern Arizona Lumberjacks vs Northern Colorado Bears, 2026-01-24, 08",Northern Arizona Lumberjacks,Northern Colorado Bears,pinnacle,Total,,150.5,U,-121,
2026-01-24 18:51:36,"Northern Arizona Lumberjacks vs Northern Colorado Bears, 2026-01-24, 08",Northern Arizona Lumberjacks,Northern Colorado Bears,pinnacle,Total,,150.0,O,-109,
2026-01-24 18:51:36,"Northern Arizona Lumberjacks vs Northern Colorado Bears, 2026-01-24, 08",Northern Arizona Lumberjacks,Northern Colorado Bears,pinnacle,Total,,150.0,U,-115,
2026-01-24 18:51:36,"Northern Arizona Lumberjacks vs Northern Colorado Bears, 2026-01-24, 08",Northern Arizona Lumberjacks,Northern Colorado Bears,pinnacle,Total,,149.5,O,-115,
2026-01-24 18:51:36,"Northern Arizona Lumberjacks vs Northern Colorado Bears, 2026-01-24, 08",Northern Arizona Lumberjacks,Northern Colorado Bears,pinnacle,Total,,149.5,U,-109,
2026-01-24 18:51:36,"Northern Arizona Lumberjacks vs Northern Colorado Bears, 2026-01-24, 08",Northern Arizona Lumberjacks,Northern Colorado Bears,pinnacle,Total,,149.0,O,-121,
2026-01-24 18:51:36,"Northern Arizona Lumberjacks vs Northern Colorado Bears, 2026-01-24, 08",Northern Arizona Lumberjacks,Northern Colorado Bears,pinnacle,Total,,149.0,U,-100,
2026-01-24 18:51:36,"Northern Arizona Lumberjacks vs Northern Colorado Bears, 2026-01-24, 08",Northern Arizona Lumberjacks,Northern Colorado Bears,pinnacle,Total,,148.5,O,-130,
2026-01-24 18:51:36,"Northern Arizona Lumberjacks vs Northern Colorado Bears, 2026-01-24, 08",Northern Arizona Lumberjacks,Northern Colorado Bears,pinnacle,Total,,148.5,U,+103,
2026-01-24 18:51:36,"Northern Arizona Lumberjacks vs Northern Colorado Bears, 2026-01-24, 08",Northern Arizona Lumberjacks,Northern Colorado Bears,pinnacle,Total,,148.0,O,-139,
2026-01-24 18:51:36,"Northern Arizona Lumberjacks vs Northern Colorado Bears, 2026-01-24, 08",Northern Arizona Lumberjacks,Northern Colorado Bears,pinnacle,Total,,148.0,U,+110,
2026-01-24 18:51:36,"Northern Arizona Lumberjacks vs Northern Colorado Bears, 2026-01-24, 08",Northern Arizona Lumberjacks,Northern Colorado Bears,pinnacle,Total,,147.5,O,-146,
2026-01-24 18:51:36,"Northern Arizona Lumberjacks vs Northern Colorado Bears, 2026-01-24, 08",Northern Arizona Lumberjacks,Northern Colorado Bears,pinnacle,Total,,147.5,U,+115,
2026-01-24 18:51:36,"Pacific Tigers vs Seattle Red Hawks, 2026-01-24, 07",Pacific Tigers,Seattle Red Hawks,betonline,Total,,137.5,O,-105,
2026-01-24 18:51:36,"Pacific Tigers vs Seattle Red Hawks, 2026-01-24, 07",Pacific Tigers,Seattle Red Hawks,betonline,Total,,137.5,U,-115,
2026-01-24 18:51:36,"Pacific Tigers vs Seattle Red Hawks, 2026-01-24, 07",Pacific Tigers,Seattle Red Hawks,betmgm,Total,,137.5,O,-110,https://www.on.betmgm.ca/en/sports/events/18902882?options=18902882-1445776610--228673793&type=Single
2026-01-24 18:51:36,"Pacific Tigers vs Seattle Red Hawks, 2026-01-24, 07",Pacific Tigers,Seattle Red Hawks,betmgm,Total,,137.5,U,-110,https://www.on.betmgm.ca/en/sports/events/18902882?options=18902882-1445776610--228673792&type=Single
2026-01-24 18:51:36,"Pacific Tigers vs Seattle Red Hawks, 2026-01-24, 07",Pacific Tigers,Seattle Red Hawks,pinnacle,Total,,139.5,O,+111,
2026-01-24 18:51:36,"Pacific Tigers vs Seattle Red Hawks, 2026-01-24, 07",Pacific Tigers,Seattle Red Hawks,pinnacle,Total,,139.5,U,-140,
2026-01-24 18:51:36,"Pacific Tigers vs Seattle Red Hawks, 2026-01-24, 07",Pacific Tigers,Seattle Red Hawks,pinnacle,Total,,139.0,O,+106,
2026-01-24 18:51:36,"Pacific Tigers vs Seattle Red Hawks, 2026-01-24, 07",Pacific Tigers,Seattle Red Hawks,pinnacle,Total,,139.0,U,-133,
2026-01-24 18:51:36,"Pacific Tigers vs Seattle Red Hawks, 2026-01-24, 07",Pacific Tigers,Seattle Red Hawks,pinnacle,Total,,138.5,O,+100,
2026-01-24 18:51:36,"Pacific Tigers vs Seattle Red Hawks, 2026-01-24, 07",Pacific Tigers,Seattle Red Hawks,pinnacle,Total,,138.5,U,-126,
2026-01-24 18:51:36,"Pacific Tigers vs Seattle Red Hawks, 2026-01-24, 07",Pacific Tigers,Seattle Red Hawks,pinnacle,Total,,138.0,O,-105,
2026-01-24 18:51:36,"Pacific Tigers vs Seattle Red Hawks, 2026-01-24, 07",Pacific Tigers,Seattle Red Hawks,pinnacle,Total,,138.0,U,-119,
2026-01-24 18:51:36,"Pacific Tigers vs Seattle Red Hawks, 2026-01-24, 07",Pacific Tigers,Seattle Red Hawks,pinnacle,Total,,137.5,O,-110,
2026-01-24 18:51:36,"Pacific Tigers vs Seattle Red Hawks, 2026-01-24, 07",Pacific Tigers,Seattle Red Hawks,pinnacle,Total,,137.5,U,-110,
2026-01-24 18:51:36,"Pacific Tigers vs Seattle Red Hawks, 2026-01-24, 07",Pacific Tigers,Seattle Red Hawks,pinnacle,Total,,137.0,O,-118,
2026-01-24 18:51:36,"Pacific Tigers vs Seattle Red Hawks, 2026-01-24, 07",Pacific Tigers,Seattle Red Hawks,pinnacle,Total,,137.0,U,-106,
2026-01-24 18:51:36,"Pacific Tigers vs Seattle Red Hawks, 2026-01-24, 07",Pacific Tigers,Seattle Red Hawks,pinnacle,Total,,136.5,O,-125,
2026-01-24 18:51:36,"Pacific Tigers vs Seattle Red Hawks, 2026-01-24, 07",Pacific Tigers,Seattle Red Hawks,pinnacle,Total,,136.5,U,-100,
2026-01-24 18:51:36,"Pacific Tigers vs Seattle Red Hawks, 2026-01-24, 07",Pacific Tigers,Seattle Red Hawks,pinnacle,Total,,136.0,O,-132,
2026-01-24 18:51:36,"Pacific Tigers vs Seattle Red Hawks, 2026-01-24, 07",Pacific Tigers,Seattle Red Hawks,pinnacle,Total,,136.0,U,+105,
2026-01-24 18:51:36,"Pacific Tigers vs Seattle Red Hawks, 2026-01-24, 07",Pacific Tigers,Seattle Red Hawks,pinnacle,Total,,135.5,O,-139,
2026-01-24 18:51:36,"Pacific Tigers vs Seattle Red Hawks, 2026-01-24, 07",Pacific Tigers,Seattle Red Hawks,pinnacle,Total,,135.5,U,+110,
2026-01-24 18:51:36,"Portland Pilots vs Saint Mary's California Gaels, 2026-01-24, 08",Portland Pilots,Saint Mary's California Gaels,betonline,Total,,145.5,O,-110,
2026-01-24 18:51:36,"Portland Pilots vs Saint Mary's California Gaels, 2026-01-24, 08",Portland Pilots,Saint Mary's California Gaels,betonline,Total,,145.5,U,-110,
2026-01-24 18:51:36,"Portland Pilots vs Saint Mary's California Gaels, 2026-01-24, 08",Portland Pilots,Saint Mary's California Gaels,betmgm,Total,,145.5,O,-105,https://www.on.betmgm.ca/en/sports/events/18902899?options=18902899-1445730466--228784753&type=Single
2026-01-24 18:51:36,"Portland Pilots vs Saint Mary's California Gaels, 2026-01-24, 08",Portland Pilots,Saint Mary's California Gaels,betmgm,Total,,145.5,U,-115,https://www.on.betmgm.ca/en/sports/events/18902899?options=18902899-1445730466--228784751&type=Single
2026-01-24 18:51:36,"Portland Pilots vs Saint Mary's California Gaels, 2026-01-24, 08",Portland Pilots,Saint Mary's California Gaels,pinnacle,Total,,145.0,O,-104,
2026-01-24 18:51:36,"Portland Pilots vs Saint Mary's California Gaels, 2026-01-24, 08",Portland Pilots,Saint Mary's California Gaels,pinnacle,Total,,145.0,U,-117,
2026-01-24 18:51:36,"Portland Pilots vs Saint Mary's California Gaels, 2026-01-24, 08",Portland Pilots,Saint Mary's California Gaels,pinnacle,Total,,144.5,O,-112,
2026-01-24 18:51:36,"Portland Pilots vs Saint Mary's California Gaels, 2026-01-24, 08",Portland Pilots,Saint Mary's California Gaels,pinnacle,Total,,144.5,U,-112,
2026-01-24 18:51:36,"Portland Pilots vs Saint Mary's California Gaels, 2026-01-24, 08",Portland Pilots,Saint Mary's California Gaels,pinnacle,Total,,144.0,O,-119,
2026-01-24 18:51:36,"Portland Pilots vs Saint Mary's California Gaels, 2026-01-24, 08",Portland Pilots,Saint Mary's California Gaels,pinnacle,Total,,144.0,U,-106,
2026-01-24 18:51:36,"Portland Pilots vs Saint Mary's California Gaels, 2026-01-24, 08",Portland Pilots,Saint Mary's California Gaels,pinnacle,Total,,143.5,O,-125,
2026-01-24 18:51:36,"Portland Pilots vs Saint Mary's California Gaels, 2026-01-24, 08",Portland Pilots,Saint Mary's California Gaels,pinnacle,Total,,143.5,U,-100,
2026-01-24 18:51:36,"Portland Pilots vs Saint Mary's California Gaels, 2026-01-24, 08",Portland Pilots,Saint Mary's California Gaels,pinnacle,Total,,143.0,O,-132,
2026-01-24 18:51:36,"Portland Pilots vs Saint Mary's California Gaels, 2026-01-24, 08",Portland Pilots,Saint Mary's California Gaels,pinnacle,Total,,143.0,U,+105,
2026-01-24 18:51:36,"Portland Pilots vs Saint Mary's California Gaels, 2026-01-24, 08",Portland Pilots,Saint Mary's California Gaels,pinnacle,Total,,145.5,U,-126,
2026-01-24 18:51:36,"Portland Pilots vs Saint Mary's California Gaels, 2026-01-24, 08",Portland Pilots,Saint Mary's California Gaels,pinnacle,Total,,145.5,O,+100,
2026-01-24 18:51:36,"Portland Pilots vs Saint Mary's California Gaels, 2026-01-24, 08",Portland Pilots,Saint Mary's California Gaels,pinnacle,Total,,146.0,O,+106,
2026-01-24 18:51:36,"Portland Pilots vs Saint Mary's California Gaels, 2026-01-24, 08",Portland Pilots,Saint Mary's California Gaels,pinnacle,Total,,147.0,O,+117,
2026-01-24 18:51:36,"Portland Pilots vs Saint Mary's California Gaels, 2026-01-24, 08",Portland Pilots,Saint Mary's California Gaels,pinnacle,Total,,147.0,U,-148,
2026-01-24 18:51:36,"Portland Pilots vs Saint Mary's California Gaels, 2026-01-24, 08",Portland Pilots,Saint Mary's California Gaels,pinnacle,Total,,146.5,O,+111,
2026-01-24 18:51:36,"Portland Pilots vs Saint Mary's California Gaels, 2026-01-24, 08",Portland Pilots,Saint Mary's California Gaels,pinnacle,Total,,146.5,U,-140,
2026-01-24 18:51:36,"Portland Pilots vs Saint Mary's California Gaels, 2026-01-24, 08",Portland Pilots,Saint Mary's California Gaels,pinnacle,Total,,146.0,U,-133,
2026-01-24 18:51:36,"Prairie View A&M Panthers vs Alabama State Hornets, 2026-01-24, 05",Prairie View A&M Panthers,Alabama State Hornets,betmgm,Total,,181.5,U,-145,https://www.on.betmgm.ca/en/sports/events/18904895?options=18904895-1446435732--226989087&type=Single
2026-01-24 18:51:36,"Prairie View A&M Panthers vs Alabama State Hornets, 2026-01-24, 05",Prairie View A&M Panthers,Alabama State Hornets,betmgm,Total,,181.5,O,+110,https://www.on.betmgm.ca/en/sports/events/18904895?options=18904895-1446435732--226989088&type=Single
2026-01-24 18:51:36,"San Diego Toreros vs Santa Clara Broncos, 2026-01-24, 09",San Diego Toreros,Santa Clara Broncos,pinnacle,Total,,162.0,O,+106,
2026-01-24 18:51:36,"San Diego Toreros vs Santa Clara Broncos, 2026-01-24, 09",San Diego Toreros,Santa Clara Broncos,pinnacle,Total,,163.0,O,+119,
2026-01-24 18:51:36,"San Diego Toreros vs Santa Clara Broncos, 2026-01-24, 09",San Diego Toreros,Santa Clara Broncos,pinnacle,Total,,163.0,U,-150,
2026-01-24 18:51:36,"San Diego Toreros vs Santa Clara Broncos, 2026-01-24, 09",San Diego Toreros,Santa Clara Broncos,pinnacle,Total,,162.5,O,+112,
2026-01-24 18:51:36,"San Diego Toreros vs Santa Clara Broncos, 2026-01-24, 09",San Diego Toreros,Santa Clara Broncos,pinnacle,Total,,162.5,U,-141,
2026-01-24 18:51:36,"San Diego Toreros vs Santa Clara Broncos, 2026-01-24, 09",San Diego Toreros,Santa Clara Broncos,pinnacle,Total,,162.0,U,-134,
2026-01-24 18:51:36,"San Diego Toreros vs Santa Clara Broncos, 2026-01-24, 09",San Diego Toreros,Santa Clara Broncos,pinnacle,Total,,161.5,O,+100,
2026-01-24 18:51:36,"San Diego Toreros vs Santa Clara Broncos, 2026-01-24, 09",San Diego Toreros,Santa Clara Broncos,pinnacle,Total,,161.5,U,-126,
2026-01-24 18:51:36,"San Diego Toreros vs Santa Clara Broncos, 2026-01-24, 09",San Diego Toreros,Santa Clara Broncos,pinnacle,Total,,161.0,O,-103,
2026-01-24 18:51:36,"San Diego Toreros vs Santa Clara Broncos, 2026-01-24, 09",San Diego Toreros,Santa Clara Broncos,pinnacle,Total,,161.0,U,-117,
2026-01-24 18:51:36,"San Diego Toreros vs Santa Clara Broncos, 2026-01-24, 09",San Diego Toreros,Santa Clara Broncos,pinnacle,Total,,160.5,O,-111,
2026-01-24 18:51:36,"San Diego Toreros vs Santa Clara Broncos, 2026-01-24, 09",San Diego Toreros,Santa Clara Broncos,pinnacle,Total,,160.5,U,-113,
2026-01-24 18:51:36,"San Diego Toreros vs Santa Clara Broncos, 2026-01-24, 09",San Diego Toreros,Santa Clara Broncos,pinnacle,Total,,160.0,O,-117,
2026-01-24 18:51:36,"San Diego Toreros vs Santa Clara Broncos, 2026-01-24, 09",San Diego Toreros,Santa Clara Broncos,pinnacle,Total,,160.0,U,-107,
2026-01-24 18:51:36,"San Diego Toreros vs Santa Clara Broncos, 2026-01-24, 09",San Diego Toreros,Santa Clara Broncos,pinnacle,Total,,159.5,O,-123,
2026-01-24 18:51:36,"San Diego Toreros vs Santa Clara Broncos, 2026-01-24, 09",San Diego Toreros,Santa Clara Broncos,pinnacle,Total,,159.5,U,-102,
2026-01-24 18:51:36,"San Diego Toreros vs Santa Clara Broncos, 2026-01-24, 09",San Diego Toreros,Santa Clara Broncos,pinnacle,Total,,159.0,O,-129,
2026-01-24 18:51:36,"San Diego Toreros vs Santa Clara Broncos, 2026-01-24, 09",San Diego Toreros,Santa Clara Broncos,pinnacle,Total,,159.0,U,+102,
2026-01-24 18:51:36,"San Diego Toreros vs Santa Clara Broncos, 2026-01-24, 09",San Diego Toreros,Santa Clara Broncos,betonline,Total,,161.0,O,-110,
2026-01-24 18:51:36,"San Diego Toreros vs Santa Clara Broncos, 2026-01-24, 09",San Diego Toreros,Santa Clara Broncos,betonline,Total,,161.0,U,-110,
2026-01-24 18:51:36,"San Diego Toreros vs Santa Clara Broncos, 2026-01-24, 09",San Diego Toreros,Santa Clara Broncos,betmgm,Total,,161.5,U,-110,https://www.on.betmgm.ca/en/sports/events/18902904?options=18902904-1446147294--227709631&type=Single
2026-01-24 18:51:36,"San Diego Toreros vs Santa Clara Broncos, 2026-01-24, 09",San Diego Toreros,Santa Clara Broncos,betmgm,Total,,161.5,O,-110,https://www.on.betmgm.ca/en/sports/events/18902904?options=18902904-1446147294--227709632&type=Single
2026-01-24 18:51:36,"San Diego Toreros vs Santa Clara Broncos, 2026-01-24, 09",San Diego Toreros,Santa Clara Broncos,draftkings,Total,,165.5,U,-188,https://sportsbook.draftkings.com/event/santa-clara-%40-san-diego/33516684?outcomes=0OU83125308U16550_3
2026-01-24 18:51:36,"San Diego Toreros vs Santa Clara Broncos, 2026-01-24, 09",San Diego Toreros,Santa Clara Broncos,draftkings,Total,,167.5,O,+180,https://sportsbook.draftkings.com/event/santa-clara-%40-san-diego/33516684?outcomes=0OU83125308O16750_1
2026-01-24 18:51:36,"San Diego Toreros vs Santa Clara Broncos, 2026-01-24, 09",San Diego Toreros,Santa Clara Broncos,draftkings,Total,,167.5,U,-238,https://sportsbook.draftkings.com/event/santa-clara-%40-san-diego/33516684?outcomes=0OU83125308U16750_3
2026-01-24 18:51:36,"San Diego Toreros vs Santa Clara Broncos, 2026-01-24, 09",San Diego Toreros,Santa Clara Broncos,draftkings,Total,,168.5,O,+195,https://sportsbook.draftkings.com/event/santa-clara-%40-san-diego/33516684?outcomes=0OU83125308O16850_1
2026-01-24 18:51:36,"San Diego Toreros vs Santa Clara Broncos, 2026-01-24, 09",San Diego Toreros,Santa Clara Broncos,draftkings,Total,,168.5,U,-260,https://sportsbook.draftkings.com/event/santa-clara-%40-san-diego/33516684?outcomes=0OU83125308U16850_3
2026-01-24 18:51:36,"San Diego Toreros vs Santa Clara Broncos, 2026-01-24, 09",San Diego Toreros,Santa Clara Broncos,draftkings,Total,,169.5,O,+220,https://sportsbook.draftkings.com/event/santa-clara-%40-san-diego/33516684?outcomes=0OU83125308O16950_1
2026-01-24 18:51:36,"San Diego Toreros vs Santa Clara Broncos, 2026-01-24, 09",San Diego Toreros,Santa Clara Broncos,draftkings,Total,,169.5,U,-298,https://sportsbook.draftkings.com/event/santa-clara-%40-san-diego/33516684?outcomes=0OU83125308U16950_3
2026-01-24 18:51:36,"San Diego Toreros vs Santa Clara Broncos, 2026-01-24, 09",San Diego Toreros,Santa Clara Broncos,draftkings,Total,,170.5,O,+240,https://sportsbook.draftkings.com/event/santa-clara-%40-san-diego/33516684?outcomes=0OU83125308O17050_1
2026-01-24 18:51:36,"San Diego Toreros vs Santa Clara Broncos, 2026-01-24, 09",San Diego Toreros,Santa Clara Broncos,draftkings,Total,,170.5,U,-330,https://sportsbook.draftkings.com/event/santa-clara-%40-san-diego/33516684?outcomes=0OU83125308U17050_3
2026-01-24 18:51:36,"San Diego Toreros vs Santa Clara Broncos, 2026-01-24, 09",San Diego Toreros,Santa Clara Broncos,draftkings,Total,,171.5,O,+270,https://sportsbook.draftkings.com/event/santa-clara-%40-san-diego/33516684?outcomes=0OU83125308O17150_1
2026-01-24 18:51:36,"San Diego Toreros vs Santa Clara Broncos, 2026-01-24, 09",San Diego Toreros,Santa Clara Broncos,draftkings,Total,,171.5,U,-375,https://sportsbook.draftkings.com/event/santa-clara-%40-san-diego/33516684?outcomes=0OU83125308U17150_3
2026-01-24 18:51:36,"San Diego Toreros vs Santa Clara Broncos, 2026-01-24, 09",San Diego Toreros,Santa Clara Broncos,draftkings,Total,,172.5,O,+290,https://sportsbook.draftkings.com/event/santa-clara-%40-san-diego/33516684?outcomes=0OU83125308O17250_1
2026-01-24 18:51:36,"San Diego Toreros vs Santa Clara Broncos, 2026-01-24, 09",San Diego Toreros,Santa Clara Broncos,draftkings,Total,,172.5,U,-410,https://sportsbook.draftkings.com/event/santa-clara-%40-san-diego/33516684?outcomes=0OU83125308U17250_3
2026-01-24 18:51:36,"San Diego Toreros vs Santa Clara Broncos, 2026-01-24, 09",San Diego Toreros,Santa Clara Broncos,draftkings,Total,,166.5,U,-210,https://sportsbook.draftkings.com/event/santa-clara-%40-san-diego/33516684?outcomes=0OU83125308U16650_3
2026-01-24 18:51:36,"San Diego Toreros vs Santa Clara Broncos, 2026-01-24, 09",San Diego Toreros,Santa Clara Broncos,draftkings,Total,,166.5,O,+160,https://sportsbook.draftkings.com/event/santa-clara-%40-san-diego/33516684?outcomes=0OU83125308O16650_1
2026-01-24 18:51:36,"San Diego Toreros vs Santa Clara Broncos, 2026-01-24, 09",San Diego Toreros,Santa Clara Broncos,draftkings,Total,,164.5,U,-166,https://sportsbook.draftkings.com/event/santa-clara-%40-san-diego/33516684?outcomes=0OU83125308U16450_3
2026-01-24 18:51:36,"San Diego Toreros vs Santa Clara Broncos, 2026-01-24, 09",San Diego Toreros,Santa Clara Broncos,draftkings,Total,,149.5,O,-360,https://sportsbook.draftkings.com/event/santa-clara-%40-san-diego/33516684?outcomes=0OU83125308O14950_1
2026-01-24 18:51:36,"San Diego Toreros vs Santa Clara Broncos, 2026-01-24, 09",San Diego Toreros,Santa Clara Broncos,draftkings,Total,,149.5,U,+260,https://sportsbook.draftkings.com/event/santa-clara-%40-san-diego/33516684?outcomes=0OU83125308U14950_3
2026-01-24 18:51:36,"San Diego Toreros vs Santa Clara Broncos, 2026-01-24, 09",San Diego Toreros,Santa Clara Broncos,draftkings,Total,,150.5,O,-330,https://sportsbook.draftkings.com/event/santa-clara-%40-san-diego/33516684?outcomes=0OU83125308O15050_1
2026-01-24 18:51:36,"San Diego Toreros vs Santa Clara Broncos, 2026-01-24, 09",San Diego Toreros,Santa Clara Broncos,draftkings,Total,,150.5,U,+240,https://sportsbook.draftkings.com/event/santa-clara-%40-san-diego/33516684?outcomes=0OU83125308U15050_3
2026-01-24 18:51:36,"San Diego Toreros vs Santa Clara Broncos, 2026-01-24, 09",San Diego Toreros,Santa Clara Broncos,draftkings,Total,,151.5,O,-280,https://sportsbook.draftkings.com/event/santa-clara-%40-san-diego/33516684?outcomes=0OU83125308O15150_1
2026-01-24 18:51:36,"San Diego Toreros vs Santa Clara Broncos, 2026-01-24, 09",San Diego Toreros,Santa Clara Broncos,draftkings,Total,,151.5,U,+210,https://sportsbook.draftkings.com/event/santa-clara-%40-san-diego/33516684?outcomes=0OU83125308U15150_3
2026-01-24 18:51:36,"San Diego Toreros vs Santa Clara Broncos, 2026-01-24, 09",San Diego Toreros,Santa Clara Broncos,draftkings,Total,,152.5,O,-250,https://sportsbook.draftkings.com/event/santa-clara-%40-san-diego/33516684?outcomes=0OU83125308O15250_1
2026-01-24 18:51:36,"San Diego Toreros vs Santa Clara Broncos, 2026-01-24, 09",San Diego Toreros,Santa Clara Broncos,draftkings,Total,,152.5,U,+190,https://sportsbook.draftkings.com/event/santa-clara-%40-san-diego/33516684?outcomes=0OU83125308U15250_3
2026-01-24 18:51:36,"San Diego Toreros vs Santa Clara Broncos, 2026-01-24, 09",San Diego Toreros,Santa Clara Broncos,draftkings,Total,,153.5,O,-230,https://sportsbook.draftkings.com/event/santa-clara-%40-san-diego/33516684?outcomes=0OU83125308O15350_1
2026-01-24 18:51:36,"San Diego Toreros vs Santa Clara Broncos, 2026-01-24, 09",San Diego Toreros,Santa Clara Broncos,draftkings,Total,,153.5,U,+175,https://sportsbook.draftkings.com/event/santa-clara-%40-san-diego/33516684?outcomes=0OU83125308U15350_3
2026-01-24 18:51:36,"San Diego Toreros vs Santa Clara Broncos, 2026-01-24, 09",San Diego Toreros,Santa Clara Broncos,draftkings,Total,,154.5,O,-210,https://sportsbook.draftkings.com/event/santa-clara-%40-san-diego/33516684?outcomes=0OU83125308O15450_1
2026-01-24 18:51:36,"San Diego Toreros vs Santa Clara Broncos, 2026-01-24, 09",San Diego Toreros,Santa Clara Broncos,draftkings,Total,,154.5,U,+160,https://sportsbook.draftkings.com/event/santa-clara-%40-san-diego/33516684?outcomes=0OU83125308U15450_3
2026-01-24 18:51:36,"San Diego Toreros vs Santa Clara Broncos, 2026-01-24, 09",San Diego Toreros,Santa Clara Broncos,draftkings,Total,,155.5,O,-188,https://sportsbook.draftkings.com/event/santa-clara-%40-san-diego/33516684?outcomes=0OU83125308O15550_1
2026-01-24 18:51:36,"San Diego Toreros vs Santa Clara Broncos, 2026-01-24, 09",San Diego Toreros,Santa Clara Broncos,draftkings,Total,,155.5,U,+145,https://sportsbook.draftkings.com/event/santa-clara-%40-san-diego/33516684?outcomes=0OU83125308U15550_3
2026-01-24 18:51:36,"San Diego Toreros vs Santa Clara Broncos, 2026-01-24, 09",San Diego Toreros,Santa Clara Broncos,draftkings,Total,,156.5,O,-166,https://sportsbook.draftkings.com/event/santa-clara-%40-san-diego/33516684?outcomes=0OU83125308O15650_1
2026-01-24 18:51:36,"San Diego Toreros vs Santa Clara Broncos, 2026-01-24, 09",San Diego Toreros,Santa Clara Broncos,draftkings,Total,,156.5,U,+130,https://sportsbook.draftkings.com/event/santa-clara-%40-san-diego/33516684?outcomes=0OU83125308U15650_3
2026-01-24 18:51:36,"San Diego Toreros vs Santa Clara Broncos, 2026-01-24, 09",San Diego Toreros,Santa Clara Broncos,draftkings,Total,,157.5,O,-154,https://sportsbook.draftkings.com/event/santa-clara-%40-san-diego/33516684?outcomes=0OU83125308O15750_1
2026-01-24 18:51:36,"San Diego Toreros vs Santa Clara Broncos, 2026-01-24, 09",San Diego Toreros,Santa Clara Broncos,draftkings,Total,,157.5,U,+120,https://sportsbook.draftkings.com/event/santa-clara-%40-san-diego/33516684?outcomes=0OU83125308U15750_3
2026-01-24 18:51:36,"San Diego Toreros vs Santa Clara Broncos, 2026-01-24, 09",San Diego Toreros,Santa Clara Broncos,draftkings,Total,,158.5,O,-135,https://sportsbook.draftkings.com/event/santa-clara-%40-san-diego/33516684?outcomes=0OU83125308O15850_1
2026-01-24 18:51:36,"San Diego Toreros vs Santa Clara Broncos, 2026-01-24, 09",San Diego Toreros,Santa Clara Broncos,draftkings,Total,,158.5,U,+105,https://sportsbook.draftkings.com/event/santa-clara-%40-san-diego/33516684?outcomes=0OU83125308U15850_3
2026-01-24 18:51:36,"San Diego Toreros vs Santa Clara Broncos, 2026-01-24, 09",San Diego Toreros,Santa Clara Broncos,draftkings,Total,,159.5,U,-105,https://sportsbook.draftkings.com/event/santa-clara-%40-san-diego/33516684?outcomes=0OU83125308U15950_3
2026-01-24 18:51:36,"San Diego Toreros vs Santa Clara Broncos, 2026-01-24, 09",San Diego Toreros,Santa Clara Broncos,draftkings,Total,,162.5,O,+110,https://sportsbook.draftkings.com/event/santa-clara-%40-san-diego/33516684?outcomes=0OU83125308O16250_1
2026-01-24 18:51:36,"San Diego Toreros vs Santa Clara Broncos, 2026-01-24, 09",San Diego Toreros,Santa Clara Broncos,draftkings,Total,,162.5,U,-140,https://sportsbook.draftkings.com/event/santa-clara-%40-san-diego/33516684?outcomes=0OU83125308U16250_3
2026-01-24 18:51:36,"San Diego Toreros vs Santa Clara Broncos, 2026-01-24, 09",San Diego Toreros,Santa Clara Broncos,draftkings,Total,,163.5,O,+120,https://sportsbook.draftkings.com/event/santa-clara-%40-san-diego/33516684?outcomes=0OU83125308O16350_1
2026-01-24 18:51:36,"San Diego Toreros vs Santa Clara Broncos, 2026-01-24, 09",San Diego Toreros,Santa Clara Broncos,draftkings,Total,,163.5,U,-154,https://sportsbook.draftkings.com/event/santa-clara-%40-san-diego/33516684?outcomes=0OU83125308U16350_3
2026-01-24 18:51:36,"San Diego Toreros vs Santa Clara Broncos, 2026-01-24, 09",San Diego Toreros,Santa Clara Broncos,draftkings,Total,,164.5,O,+130,https://sportsbook.draftkings.com/event/santa-clara-%40-san-diego/33516684?outcomes=0OU83125308O16450_1
2026-01-24 18:51:36,"San Diego Toreros vs Santa Clara Broncos, 2026-01-24, 09",San Diego Toreros,Santa Clara Broncos,draftkings,Total,,165.5,O,+145,https://sportsbook.draftkings.com/event/santa-clara-%40-san-diego/33516684?outcomes=0OU83125308O16550_1
2026-01-24 18:51:36,"San Diego Toreros vs Santa Clara Broncos, 2026-01-24, 09",San Diego Toreros,Santa Clara Broncos,draftkings,Total,,159.5,O,-125,https://sportsbook.draftkings.com/event/santa-clara-%40-san-diego/33516684?outcomes=0OU83125308O15950_1
2026-01-24 18:51:36,"South Florida Bulls vs Florida Atlantic Owls, 2026-01-25, 01",South Florida Bulls,Florida Atlantic Owls,pinnacle,Total,,164.5,U,+108,
2026-01-24 18:51:36,"South Florida Bulls vs Florida Atlantic Owls, 2026-01-25, 01",South Florida Bulls,Florida Atlantic Owls,pinnacle,Total,,164.5,O,-142,
2026-01-24 18:51:36,"South Florida Bulls vs Florida Atlantic Owls, 2026-01-25, 01",South Florida Bulls,Florida Atlantic Owls,pinnacle,Total,,165.0,O,-135,
2026-01-24 18:51:36,"South Florida Bulls vs Florida Atlantic Owls, 2026-01-25, 01",South Florida Bulls,Florida Atlantic Owls,pinnacle,Total,,165.0,U,+104,
2026-01-24 18:51:36,"South Florida Bulls vs Florida Atlantic Owls, 2026-01-25, 01",South Florida Bulls,Florida Atlantic Owls,pinnacle,Total,,168.5,O,+108,
2026-01-24 18:51:36,"South Florida Bulls vs Florida Atlantic Owls, 2026-01-25, 01",South Florida Bulls,Florida Atlantic Owls,pinnacle,Total,,168.5,U,-142,
2026-01-24 18:51:36,"South Florida Bulls vs Florida Atlantic Owls, 2026-01-25, 01",South Florida Bulls,Florida Atlantic Owls,pinnacle,Total,,168.0,O,+104,
2026-01-24 18:51:36,"South Florida Bulls vs Florida Atlantic Owls, 2026-01-25, 01",South Florida Bulls,Florida Atlantic Owls,pinnacle,Total,,168.0,U,-135,
2026-01-24 18:51:36,"South Florida Bulls vs Florida Atlantic Owls, 2026-01-25, 01",South Florida Bulls,Florida Atlantic Owls,pinnacle,Total,,167.5,O,-102,
2026-01-24 18:51:36,"South Florida Bulls vs Florida Atlantic Owls, 2026-01-25, 01",South Florida Bulls,Florida Atlantic Owls,pinnacle,Total,,167.5,U,-128,
2026-01-24 18:51:36,"South Florida Bulls vs Florida Atlantic Owls, 2026-01-25, 01",South Florida Bulls,Florida Atlantic Owls,pinnacle,Total,,167.0,O,-108,
2026-01-24 18:51:36,"South Florida Bulls vs Florida Atlantic Owls, 2026-01-25, 01",South Florida Bulls,Florida Atlantic Owls,pinnacle,Total,,167.0,U,-121,
2026-01-24 18:51:36,"South Florida Bulls vs Florida Atlantic Owls, 2026-01-25, 01",South Florida Bulls,Florida Atlantic Owls,pinnacle,Total,,166.5,O,-112,
2026-01-24 18:51:36,"South Florida Bulls vs Florida Atlantic Owls, 2026-01-25, 01",South Florida Bulls,Florida Atlantic Owls,pinnacle,Total,,166.5,U,-112,
2026-01-24 18:51:36,"South Florida Bulls vs Florida Atlantic Owls, 2026-01-25, 01",South Florida Bulls,Florida Atlantic Owls,pinnacle,Total,,166.0,O,-121,
2026-01-24 18:51:36,"South Florida Bulls vs Florida Atlantic Owls, 2026-01-25, 01",South Florida Bulls,Florida Atlantic Owls,pinnacle,Total,,166.0,U,-108,
2026-01-24 18:51:36,"South Florida Bulls vs Florida Atlantic Owls, 2026-01-25, 01",South Florida Bulls,Florida Atlantic Owls,pinnacle,Total,,165.5,O,-128,
2026-01-24 18:51:36,"South Florida Bulls vs Florida Atlantic Owls, 2026-01-25, 01",South Florida Bulls,Florida Atlantic Owls,pinnacle,Total,,165.5,U,-102,
2026-01-24 18:51:36,"South Florida Bulls vs Florida Atlantic Owls, 2026-01-25, 01",South Florida Bulls,Florida Atlantic Owls,betonline,Total,,165.5,O,-110,
2026-01-24 18:51:36,"South Florida Bulls vs Florida Atlantic Owls, 2026-01-25, 01",South Florida Bulls,Florida Atlantic Owls,betonline,Total,,165.5,U,-110,
2026-01-24 18:51:36,"South Florida Bulls vs Florida Atlantic Owls, 2026-01-25, 01",South Florida Bulls,Florida Atlantic Owls,draftkings,Total,,166.5,O,-112,https://sportsbook.draftkings.com/event/florida-atlantic-%40-south-florida/33523407?outcomes=0OU83134324O16650_1
2026-01-24 18:51:36,"South Florida Bulls vs Florida Atlantic Owls, 2026-01-25, 01",South Florida Bulls,Florida Atlantic Owls,draftkings,Total,,166.5,U,-108,https://sportsbook.draftkings.com/event/florida-atlantic-%40-south-florida/33523407?outcomes=0OU83134324U16650_3
2026-01-24 18:51:36,"Southern Methodist Mustangs vs Arkansas Golden Lions, 2026-01-24, 05",Southern Methodist Mustangs,Arkansas Golden Lions,betmgm,Total,,145.5,O,-102,https://www.on.betmgm.ca/en/sports/events/18904864?options=18904864-1446447554--226963176&type=Single
2026-01-24 18:51:36,"Southern Methodist Mustangs vs Arkansas Golden Lions, 2026-01-24, 05",Southern Methodist Mustangs,Arkansas Golden Lions,betmgm,Total,,145.5,U,-125,https://www.on.betmgm.ca/en/sports/events/18904864?options=18904864-1446447554--226963175&type=Single
2026-01-24 18:51:36,"Southern Methodist Mustangs vs Arkansas Golden Lions, 2026-01-24, 05",Southern Methodist Mustangs,Arkansas Golden Lions,betmgm,Total,,144.5,O,-115,https://www.on.betmgm.ca/en/sports/events/18904864?options=18904864-1446447576--226963131&type=Single
2026-01-24 18:51:36,"Southern Methodist Mustangs vs Arkansas Golden Lions, 2026-01-24, 05",Southern Methodist Mustangs,Arkansas Golden Lions,betmgm,Total,,144.5,U,-115,https://www.on.betmgm.ca/en/sports/events/18904864?options=18904864-1446447576--226963130&type=Single
2026-01-24 18:51:36,"Southern Methodist Mustangs vs Arkansas Golden Lions, 2026-01-24, 05",Southern Methodist Mustangs,Arkansas Golden Lions,betmgm,Total,,143.5,O,-130,https://www.on.betmgm.ca/en/sports/events/18904864?options=18904864-1446447676--226962859&type=Single
2026-01-24 18:51:36,"Southern Methodist Mustangs vs Arkansas Golden Lions, 2026-01-24, 05",Southern Methodist Mustangs,Arkansas Golden Lions,betmgm,Total,,143.5,U,+100,https://www.on.betmgm.ca/en/sports/events/18904864?options=18904864-1446447676--226962858&type=Single
2026-01-24 18:51:36,"Stanford Cardinal vs California Golden Bears, 2026-01-24, 08",Stanford Cardinal,California Golden Bears,betonline,Total,,146.5,U,-105,
2026-01-24 18:51:36,"Stanford Cardinal vs California Golden Bears, 2026-01-24, 08",Stanford Cardinal,California Golden Bears,betonline,Total,,146.5,O,-115,
2026-01-24 18:51:36,"Stanford Cardinal vs California Golden Bears, 2026-01-24, 08",Stanford Cardinal,California Golden Bears,betmgm,Total,,148.5,U,-125,https://www.on.betmgm.ca/en/sports/events/18902894?options=18902894-1446356471--227172441&type=Single
2026-01-24 18:51:36,"Stanford Cardinal vs California Golden Bears, 2026-01-24, 08",Stanford Cardinal,California Golden Bears,betmgm,Total,,149.5,O,+115,https://www.on.betmgm.ca/en/sports/events/18902894?options=18902894-1446445635--226967557&type=Single
2026-01-24 18:51:36,"Stanford Cardinal vs California Golden Bears, 2026-01-24, 08",Stanford Cardinal,California Golden Bears,betmgm,Total,,149.5,U,-140,https://www.on.betmgm.ca/en/sports/events/18902894?options=18902894-1446445635--226967556&type=Single
2026-01-24 18:51:36,"Stanford Cardinal vs California Golden Bears, 2026-01-24, 08",Stanford Cardinal,California Golden Bears,betmgm,Total,,150.5,O,+125,https://www.on.betmgm.ca/en/sports/events/18902894?options=18902894-1446448101--226961928&type=Single
2026-01-24 18:51:36,"Stanford Cardinal vs California Golden Bears, 2026-01-24, 08",Stanford Cardinal,California Golden Bears,betmgm,Total,,150.5,U,-155,https://www.on.betmgm.ca/en/sports/events/18902894?options=18902894-1446448101--226961927&type=Single
2026-01-24 18:51:36,"Stanford Cardinal vs California Golden Bears, 2026-01-24, 08",Stanford Cardinal,California Golden Bears,betmgm,Total,,148.5,O,+105,https://www.on.betmgm.ca/en/sports/events/18902894?options=18902894-1446356471--227172442&type=Single
2026-01-24 18:51:36,"Stanford Cardinal vs California Golden Bears, 2026-01-24, 08",Stanford Cardinal,California Golden Bears,betmgm,Total,,147.5,U,-110,https://www.on.betmgm.ca/en/sports/events/18902894?options=18902894-1446356469--227172445&type=Single
2026-01-24 18:51:36,"Stanford Cardinal vs California Golden Bears, 2026-01-24, 08",Stanford Cardinal,California Golden Bears,betmgm,Total,,146.5,U,-102,https://www.on.betmgm.ca/en/sports/events/18902894?options=18902894-1446137619--227732939&type=Single
2026-01-24 18:51:36,"Stanford Cardinal vs California Golden Bears, 2026-01-24, 08",Stanford Cardinal,California Golden Bears,betmgm,Total,,144.5,O,-145,https://www.on.betmgm.ca/en/sports/events/18902894?options=18902894-1445728589--228789005&type=Single
2026-01-24 18:51:36,"Stanford Cardinal vs California Golden Bears, 2026-01-24, 08",Stanford Cardinal,California Golden Bears,betmgm,Total,,144.5,U,+120,https://www.on.betmgm.ca/en/sports/events/18902894?options=18902894-1445728589--228789004&type=Single
2026-01-24 18:51:36,"Stanford Cardinal vs California Golden Bears, 2026-01-24, 08",Stanford Cardinal,California Golden Bears,betmgm,Total,,145.5,O,-135,https://www.on.betmgm.ca/en/sports/events/18902894?options=18902894-1446126243--227760424&type=Single
2026-01-24 18:51:36,"Stanford Cardinal vs California Golden Bears, 2026-01-24, 08",Stanford Cardinal,California Golden Bears,betmgm,Total,,145.5,U,+110,https://www.on.betmgm.ca/en/sports/events/18902894?options=18902894-1446126243--227760423&type=Single
2026-01-24 18:51:36,"Stanford Cardinal vs California Golden Bears, 2026-01-24, 08",Stanford Cardinal,California Golden Bears,betmgm,Total,,146.5,O,-118,https://www.on.betmgm.ca/en/sports/events/18902894?options=18902894-1446137619--227732940&type=Single
2026-01-24 18:51:36,"Stanford Cardinal vs California Golden Bears, 2026-01-24, 08",Stanford Cardinal,California Golden Bears,betmgm,Total,,147.5,O,-110,https://www.on.betmgm.ca/en/sports/events/18902894?options=18902894-1446356469--227172446&type=Single
2026-01-24 18:51:36,"Stanford Cardinal vs California Golden Bears, 2026-01-24, 08",Stanford Cardinal,California Golden Bears,pinnacle,Total,,147.0,O,-101,
2026-01-24 18:51:36,"Stanford Cardinal vs California Golden Bears, 2026-01-24, 08",Stanford Cardinal,California Golden Bears,pinnacle,Total,,147.0,U,-125,
2026-01-24 18:51:36,"Stanford Cardinal vs California Golden Bears, 2026-01-24, 08",Stanford Cardinal,California Golden Bears,pinnacle,Total,,146.5,O,-106,
2026-01-24 18:51:36,"Stanford Cardinal vs California Golden Bears, 2026-01-24, 08",Stanford Cardinal,California Golden Bears,pinnacle,Total,,146.5,U,-118,
2026-01-24 18:51:36,"Stanford Cardinal vs California Golden Bears, 2026-01-24, 08",Stanford Cardinal,California Golden Bears,pinnacle,Total,,146.0,O,-111,
2026-01-24 18:51:36,"Stanford Cardinal vs California Golden Bears, 2026-01-24, 08",Stanford Cardinal,California Golden Bears,pinnacle,Total,,146.0,U,-109,
2026-01-24 18:51:36,"Stanford Cardinal vs California Golden Bears, 2026-01-24, 08",Stanford Cardinal,California Golden Bears,pinnacle,Total,,145.5,O,-119,
2026-01-24 18:51:36,"Stanford Cardinal vs California Golden Bears, 2026-01-24, 08",Stanford Cardinal,California Golden Bears,pinnacle,Total,,145.5,U,-105,
2026-01-24 18:51:36,"Stanford Cardinal vs California Golden Bears, 2026-01-24, 08",Stanford Cardinal,California Golden Bears,pinnacle,Total,,145.0,O,-129,
2026-01-24 18:51:36,"Stanford Cardinal vs California Golden Bears, 2026-01-24, 08",Stanford Cardinal,California Golden Bears,pinnacle,Total,,145.0,U,+103,
2026-01-24 18:51:36,"Stanford Cardinal vs California Golden Bears, 2026-01-24, 08",Stanford Cardinal,California Golden Bears,pinnacle,Total,,144.5,O,-138,
2026-01-24 18:51:36,"Stanford Cardinal vs California Golden Bears, 2026-01-24, 08",Stanford Cardinal,California Golden Bears,pinnacle,Total,,144.5,U,+110,
2026-01-24 18:51:36,"Stanford Cardinal vs California Golden Bears, 2026-01-24, 08",Stanford Cardinal,California Golden Bears,pinnacle,Total,,144.0,O,-148,
2026-01-24 18:51:36,"Stanford Cardinal vs California Golden Bears, 2026-01-24, 08",Stanford Cardinal,California Golden Bears,pinnacle,Total,,144.0,U,+117,
2026-01-24 18:51:36,"Stanford Cardinal vs California Golden Bears, 2026-01-24, 08",Stanford Cardinal,California Golden Bears,pinnacle,Total,,147.5,U,-131,
2026-01-24 18:51:36,"Stanford Cardinal vs California Golden Bears, 2026-01-24, 08",Stanford Cardinal,California Golden Bears,pinnacle,Total,,147.5,O,+104,
2026-01-24 18:51:36,"Stanford Cardinal vs California Golden Bears, 2026-01-24, 08",Stanford Cardinal,California Golden Bears,pinnacle,Total,,148.0,O,+109,
2026-01-24 18:51:36,"Stanford Cardinal vs California Golden Bears, 2026-01-24, 08",Stanford Cardinal,California Golden Bears,pinnacle,Total,,148.0,U,-138,
2026-01-24 18:51:36,"Stonehill Skyhawks vs Connecticut Blue Devils, 2026-01-25, 01",Stonehill Skyhawks,Connecticut Blue Devils,betonline,Total,,136.5,U,-115,
2026-01-24 18:51:36,"Stonehill Skyhawks vs Connecticut Blue Devils, 2026-01-25, 01",Stonehill Skyhawks,Connecticut Blue Devils,betonline,Total,,136.5,O,-105,
2026-01-24 18:51:36,"UC San Diego Tritons vs California Anteaters, 2026-01-24, 10",UC San Diego Tritons,California Anteaters,pinnacle,Total,,147.5,O,+115,
2026-01-24 18:51:36,"UC San Diego Tritons vs California Anteaters, 2026-01-24, 10",UC San Diego Tritons,California Anteaters,pinnacle,Total,,147.5,U,-145,
2026-01-24 18:51:36,"UC San Diego Tritons vs California Anteaters, 2026-01-24, 10",UC San Diego Tritons,California Anteaters,pinnacle,Total,,147.0,O,+110,
2026-01-24 18:51:36,"UC San Diego Tritons vs California Anteaters, 2026-01-24, 10",UC San Diego Tritons,California Anteaters,pinnacle,Total,,147.0,U,-139,
2026-01-24 18:51:36,"UC San Diego Tritons vs California Anteaters, 2026-01-24, 10",UC San Diego Tritons,California Anteaters,pinnacle,Total,,146.5,O,+105,
2026-01-24 18:51:36,"UC San Diego Tritons vs California Anteaters, 2026-01-24, 10",UC San Diego Tritons,California Anteaters,pinnacle,Total,,146.5,U,-132,
2026-01-24 18:51:36,"UC San Diego Tritons vs California Anteaters, 2026-01-24, 10",UC San Diego Tritons,California Anteaters,pinnacle,Total,,146.0,O,-101,
2026-01-24 18:51:36,"UC San Diego Tritons vs California Anteaters, 2026-01-24, 10",UC San Diego Tritons,California Anteaters,pinnacle,Total,,146.0,U,-124,
2026-01-24 18:51:36,"UC San Diego Tritons vs California Anteaters, 2026-01-24, 10",UC San Diego Tritons,California Anteaters,pinnacle,Total,,145.5,U,-114,
2026-01-24 18:51:36,"UC San Diego Tritons vs California Anteaters, 2026-01-24, 10",UC San Diego Tritons,California Anteaters,pinnacle,Total,,145.5,O,-106,
2026-01-24 18:51:36,"UC San Diego Tritons vs California Anteaters, 2026-01-24, 10",UC San Diego Tritons,California Anteaters,pinnacle,Total,,145.0,O,-117,
2026-01-24 18:51:36,"UC San Diego Tritons vs California Anteaters, 2026-01-24, 10",UC San Diego Tritons,California Anteaters,pinnacle,Total,,145.0,U,-107,
2026-01-24 18:51:36,"UC San Diego Tritons vs California Anteaters, 2026-01-24, 10",UC San Diego Tritons,California Anteaters,pinnacle,Total,,144.5,O,-126,
2026-01-24 18:51:36,"UC San Diego Tritons vs California Anteaters, 2026-01-24, 10",UC San Diego Tritons,California Anteaters,pinnacle,Total,,144.5,U,+101,
2026-01-24 18:51:36,"UC San Diego Tritons vs California Anteaters, 2026-01-24, 10",UC San Diego Tritons,California Anteaters,pinnacle,Total,,144.0,O,-135,
2026-01-24 18:51:36,"UC San Diego Tritons vs California Anteaters, 2026-01-24, 10",UC San Diego Tritons,California Anteaters,pinnacle,Total,,144.0,U,+107,
2026-01-24 18:51:36,"UC San Diego Tritons vs California Anteaters, 2026-01-24, 10",UC San Diego Tritons,California Anteaters,pinnacle,Total,,143.5,O,-143,
2026-01-24 18:51:36,"UC San Diego Tritons vs California Anteaters, 2026-01-24, 10",UC San Diego Tritons,California Anteaters,pinnacle,Total,,143.5,U,+113,
2026-01-24 18:51:36,"UC San Diego Tritons vs California Anteaters, 2026-01-24, 10",UC San Diego Tritons,California Anteaters,betonline,Total,,145.0,U,-112,
2026-01-24 18:51:36,"UC San Diego Tritons vs California Anteaters, 2026-01-24, 10",UC San Diego Tritons,California Anteaters,betonline,Total,,145.0,O,-108,
2026-01-24 18:51:36,"UC San Diego Tritons vs California Anteaters, 2026-01-24, 10",UC San Diego Tritons,California Anteaters,betmgm,Total,,145.5,O,-110,https://www.on.betmgm.ca/en/sports/events/18902905?options=18902905-1446146522--227711491&type=Single
2026-01-24 18:51:36,"UC San Diego Tritons vs California Anteaters, 2026-01-24, 10",UC San Diego Tritons,California Anteaters,betmgm,Total,,145.5,U,-110,https://www.on.betmgm.ca/en/sports/events/18902905?options=18902905-1446146522--227711490&type=Single
2026-01-24 18:51:36,"UC San Diego Tritons vs California Anteaters, 2026-01-24, 10",UC San Diego Tritons,California Anteaters,draftkings,Total,,147.5,U,-154,https://sportsbook.draftkings.com/event/uc-irvine-%40-uc-san-diego/33516432?outcomes=0OU83125328U14750_3
2026-01-24 18:51:36,"UC San Diego Tritons vs California Anteaters, 2026-01-24, 10",UC San Diego Tritons,California Anteaters,draftkings,Total,,148.5,O,+130,https://sportsbook.draftkings.com/event/uc-irvine-%40-uc-san-diego/33516432?outcomes=0OU83125328O14850_1
2026-01-24 18:51:36,"UC San Diego Tritons vs California Anteaters, 2026-01-24, 10",UC San Diego Tritons,California Anteaters,draftkings,Total,,148.5,U,-166,https://sportsbook.draftkings.com/event/uc-irvine-%40-uc-san-diego/33516432?outcomes=0OU83125328U14850_3
2026-01-24 18:51:36,"UC San Diego Tritons vs California Anteaters, 2026-01-24, 10",UC San Diego Tritons,California Anteaters,draftkings,Total,,149.5,O,+145,https://sportsbook.draftkings.com/event/uc-irvine-%40-uc-san-diego/33516432?outcomes=0OU83125328O14950_1
2026-01-24 18:51:36,"UC San Diego Tritons vs California Anteaters, 2026-01-24, 10",UC San Diego Tritons,California Anteaters,draftkings,Total,,149.5,U,-188,https://sportsbook.draftkings.com/event/uc-irvine-%40-uc-san-diego/33516432?outcomes=0OU83125328U14950_3
2026-01-24 18:51:36,"UC San Diego Tritons vs California Anteaters, 2026-01-24, 10",UC San Diego Tritons,California Anteaters,draftkings,Total,,150.5,O,+160,https://sportsbook.draftkings.com/event/uc-irvine-%40-uc-san-diego/33516432?outcomes=0OU83125328O15050_1
2026-01-24 18:51:36,"UC San Diego Tritons vs California Anteaters, 2026-01-24, 10",UC San Diego Tritons,California Anteaters,draftkings,Total,,150.5,U,-210,https://sportsbook.draftkings.com/event/uc-irvine-%40-uc-san-diego/33516432?outcomes=0OU83125328U15050_3
2026-01-24 18:51:36,"UC San Diego Tritons vs California Anteaters, 2026-01-24, 10",UC San Diego Tritons,California Anteaters,draftkings,Total,,151.5,O,+175,https://sportsbook.draftkings.com/event/uc-irvine-%40-uc-san-diego/33516432?outcomes=0OU83125328O15150_1
2026-01-24 18:51:36,"UC San Diego Tritons vs California Anteaters, 2026-01-24, 10",UC San Diego Tritons,California Anteaters,draftkings,Total,,151.5,U,-230,https://sportsbook.draftkings.com/event/uc-irvine-%40-uc-san-diego/33516432?outcomes=0OU83125328U15150_3
2026-01-24 18:51:36,"UC San Diego Tritons vs California Anteaters, 2026-01-24, 10",UC San Diego Tritons,California Anteaters,draftkings,Total,,152.5,O,+190,https://sportsbook.draftkings.com/event/uc-irvine-%40-uc-san-diego/33516432?outcomes=0OU83125328O15250_1
2026-01-24 18:51:36,"UC San Diego Tritons vs California Anteaters, 2026-01-24, 10",UC San Diego Tritons,California Anteaters,draftkings,Total,,152.5,U,-250,https://sportsbook.draftkings.com/event/uc-irvine-%40-uc-san-diego/33516432?outcomes=0OU83125328U15250_3
2026-01-24 18:51:36,"UC San Diego Tritons vs California Anteaters, 2026-01-24, 10",UC San Diego Tritons,California Anteaters,draftkings,Total,,153.5,O,+210,https://sportsbook.draftkings.com/event/uc-irvine-%40-uc-san-diego/33516432?outcomes=0OU83125328O15350_1
2026-01-24 18:51:36,"UC San Diego Tritons vs California Anteaters, 2026-01-24, 10",UC San Diego Tritons,California Anteaters,draftkings,Total,,153.5,U,-280,https://sportsbook.draftkings.com/event/uc-irvine-%40-uc-san-diego/33516432?outcomes=0OU83125328U15350_3
2026-01-24 18:51:36,"UC San Diego Tritons vs California Anteaters, 2026-01-24, 10",UC San Diego Tritons,California Anteaters,draftkings,Total,,154.5,O,+230,https://sportsbook.draftkings.com/event/uc-irvine-%40-uc-san-diego/33516432?outcomes=0OU83125328O15450_1
2026-01-24 18:51:36,"UC San Diego Tritons vs California Anteaters, 2026-01-24, 10",UC San Diego Tritons,California Anteaters,draftkings,Total,,154.5,U,-315,https://sportsbook.draftkings.com/event/uc-irvine-%40-uc-san-diego/33516432?outcomes=0OU83125328U15450_3
2026-01-24 18:51:36,"UC San Diego Tritons vs California Anteaters, 2026-01-24, 10",UC San Diego Tritons,California Anteaters,draftkings,Total,,155.5,O,+260,https://sportsbook.draftkings.com/event/uc-irvine-%40-uc-san-diego/33516432?outcomes=0OU83125328O15550_1
2026-01-24 18:51:36,"UC San Diego Tritons vs California Anteaters, 2026-01-24, 10",UC San Diego Tritons,California Anteaters,draftkings,Total,,155.5,U,-360,https://sportsbook.draftkings.com/event/uc-irvine-%40-uc-san-diego/33516432?outcomes=0OU83125328U15550_3
2026-01-24 18:51:36,"UC San Diego Tritons vs California Anteaters, 2026-01-24, 10",UC San Diego Tritons,California Anteaters,draftkings,Total,,156.5,O,+280,https://sportsbook.draftkings.com/event/uc-irvine-%40-uc-san-diego/33516432?outcomes=0OU83125328O15650_1
2026-01-24 18:51:36,"UC San Diego Tritons vs California Anteaters, 2026-01-24, 10",UC San Diego Tritons,California Anteaters,draftkings,Total,,156.5,U,-395,https://sportsbook.draftkings.com/event/uc-irvine-%40-uc-san-diego/33516432?outcomes=0OU83125328U15650_3
2026-01-24 18:51:36,"UC San Diego Tritons vs California Anteaters, 2026-01-24, 10",UC San Diego Tritons,California Anteaters,draftkings,Total,,147.5,O,+120,https://sportsbook.draftkings.com/event/uc-irvine-%40-uc-san-diego/33516432?outcomes=0OU83125328O14750_1
2026-01-24 18:51:36,"UC San Diego Tritons vs California Anteaters, 2026-01-24, 10",UC San Diego Tritons,California Anteaters,draftkings,Total,,146.5,U,-135,https://sportsbook.draftkings.com/event/uc-irvine-%40-uc-san-diego/33516432?outcomes=0OU83125328U14650_3
2026-01-24 18:51:36,"UC San Diego Tritons vs California Anteaters, 2026-01-24, 10",UC San Diego Tritons,California Anteaters,draftkings,Total,,146.5,O,+105,https://sportsbook.draftkings.com/event/uc-irvine-%40-uc-san-diego/33516432?outcomes=0OU83125328O14650_1
2026-01-24 18:51:36,"UC San Diego Tritons vs California Anteaters, 2026-01-24, 10",UC San Diego Tritons,California Anteaters,draftkings,Total,,145.5,U,-125,https://sportsbook.draftkings.com/event/uc-irvine-%40-uc-san-diego/33516432?outcomes=0OU83125328U14550_3
2026-01-24 18:51:36,"UC San Diego Tritons vs California Anteaters, 2026-01-24, 10",UC San Diego Tritons,California Anteaters,draftkings,Total,,144.5,O,-115,https://sportsbook.draftkings.com/event/uc-irvine-%40-uc-san-diego/33516432?outcomes=0OU83117112O14450_1
2026-01-24 18:51:36,"UC San Diego Tritons vs California Anteaters, 2026-01-24, 10",UC San Diego Tritons,California Anteaters,draftkings,Total,,144.5,U,-105,https://sportsbook.draftkings.com/event/uc-irvine-%40-uc-san-diego/33516432?outcomes=0OU83117112U14450_3
2026-01-24 18:51:36,"UC San Diego Tritons vs California Anteaters, 2026-01-24, 10",UC San Diego Tritons,California Anteaters,draftkings,Total,,132.5,O,-445,https://sportsbook.draftkings.com/event/uc-irvine-%40-uc-san-diego/33516432?outcomes=0OU83125328O13250_1
2026-01-24 18:51:36,"UC San Diego Tritons vs California Anteaters, 2026-01-24, 10",UC San Diego Tritons,California Anteaters,draftkings,Total,,132.5,U,+310,https://sportsbook.draftkings.com/event/uc-irvine-%40-uc-san-diego/33516432?outcomes=0OU83125328U13250_3
2026-01-24 18:51:36,"UC San Diego Tritons vs California Anteaters, 2026-01-24, 10",UC San Diego Tritons,California Anteaters,draftkings,Total,,133.5,O,-375,https://sportsbook.draftkings.com/event/uc-irvine-%40-uc-san-diego/33516432?outcomes=0OU83125328O13350_1
2026-01-24 18:51:36,"UC San Diego Tritons vs California Anteaters, 2026-01-24, 10",UC San Diego Tritons,California Anteaters,draftkings,Total,,133.5,U,+270,https://sportsbook.draftkings.com/event/uc-irvine-%40-uc-san-diego/33516432?outcomes=0OU83125328U13350_3
2026-01-24 18:51:36,"UC San Diego Tritons vs California Anteaters, 2026-01-24, 10",UC San Diego Tritons,California Anteaters,draftkings,Total,,134.5,O,-345,https://sportsbook.draftkings.com/event/uc-irvine-%40-uc-san-diego/33516432?outcomes=0OU83125328O13450_1
2026-01-24 18:51:36,"UC San Diego Tritons vs California Anteaters, 2026-01-24, 10",UC San Diego Tritons,California Anteaters,draftkings,Total,,134.5,U,+250,https://sportsbook.draftkings.com/event/uc-irvine-%40-uc-san-diego/33516432?outcomes=0OU83125328U13450_3
2026-01-24 18:51:36,"UC San Diego Tritons vs California Anteaters, 2026-01-24, 10",UC San Diego Tritons,California Anteaters,draftkings,Total,,135.5,O,-298,https://sportsbook.draftkings.com/event/uc-irvine-%40-uc-san-diego/33516432?outcomes=0OU83125328O13550_1
2026-01-24 18:51:36,"UC San Diego Tritons vs California Anteaters, 2026-01-24, 10",UC San Diego Tritons,California Anteaters,draftkings,Total,,135.5,U,+220,https://sportsbook.draftkings.com/event/uc-irvine-%40-uc-san-diego/33516432?outcomes=0OU83125328U13550_3
2026-01-24 18:51:36,"UC San Diego Tritons vs California Anteaters, 2026-01-24, 10",UC San Diego Tritons,California Anteaters,draftkings,Total,,136.5,O,-270,https://sportsbook.draftkings.com/event/uc-irvine-%40-uc-san-diego/33516432?outcomes=0OU83125328O13650_1
2026-01-24 18:51:36,"UC San Diego Tritons vs California Anteaters, 2026-01-24, 10",UC San Diego Tritons,California Anteaters,draftkings,Total,,136.5,U,+200,https://sportsbook.draftkings.com/event/uc-irvine-%40-uc-san-diego/33516432?outcomes=0OU83125328U13650_3
2026-01-24 18:51:36,"UC San Diego Tritons vs California Anteaters, 2026-01-24, 10",UC San Diego Tritons,California Anteaters,draftkings,Total,,137.5,O,-245,https://sportsbook.draftkings.com/event/uc-irvine-%40-uc-san-diego/33516432?outcomes=0OU83125328O13750_1
2026-01-24 18:51:36,"UC San Diego Tritons vs California Anteaters, 2026-01-24, 10",UC San Diego Tritons,California Anteaters,draftkings,Total,,137.5,U,+185,https://sportsbook.draftkings.com/event/uc-irvine-%40-uc-san-diego/33516432?outcomes=0OU83125328U13750_3
2026-01-24 18:51:36,"UC San Diego Tritons vs California Anteaters, 2026-01-24, 10",UC San Diego Tritons,California Anteaters,draftkings,Total,,138.5,O,-215,https://sportsbook.draftkings.com/event/uc-irvine-%40-uc-san-diego/33516432?outcomes=0OU83125328O13850_1
2026-01-24 18:51:36,"UC San Diego Tritons vs California Anteaters, 2026-01-24, 10",UC San Diego Tritons,California Anteaters,draftkings,Total,,138.5,U,+165,https://sportsbook.draftkings.com/event/uc-irvine-%40-uc-san-diego/33516432?outcomes=0OU83125328U13850_3
2026-01-24 18:51:36,"UC San Diego Tritons vs California Anteaters, 2026-01-24, 10",UC San Diego Tritons,California Anteaters,draftkings,Total,,139.5,O,-195,https://sportsbook.draftkings.com/event/uc-irvine-%40-uc-san-diego/33516432?outcomes=0OU83125328O13950_1
2026-01-24 18:51:36,"UC San Diego Tritons vs California Anteaters, 2026-01-24, 10",UC San Diego Tritons,California Anteaters,draftkings,Total,,139.5,U,+150,https://sportsbook.draftkings.com/event/uc-irvine-%40-uc-san-diego/33516432?outcomes=0OU83125328U13950_3
2026-01-24 18:51:36,"UC San Diego Tritons vs California Anteaters, 2026-01-24, 10",UC San Diego Tritons,California Anteaters,draftkings,Total,,140.5,O,-175,https://sportsbook.draftkings.com/event/uc-irvine-%40-uc-san-diego/33516432?outcomes=0OU83125328O14050_1
2026-01-24 18:51:36,"UC San Diego Tritons vs California Anteaters, 2026-01-24, 10",UC San Diego Tritons,California Anteaters,draftkings,Total,,140.5,U,+135,https://sportsbook.draftkings.com/event/uc-irvine-%40-uc-san-diego/33516432?outcomes=0OU83125328U14050_3
2026-01-24 18:51:36,"UC San Diego Tritons vs California Anteaters, 2026-01-24, 10",UC San Diego Tritons,California Anteaters,draftkings,Total,,141.5,O,-160,https://sportsbook.draftkings.com/event/uc-irvine-%40-uc-san-diego/33516432?outcomes=0OU83125328O14150_1
2026-01-24 18:51:36,"UC San Diego Tritons vs California Anteaters, 2026-01-24, 10",UC San Diego Tritons,California Anteaters,draftkings,Total,,141.5,U,+124,https://sportsbook.draftkings.com/event/uc-irvine-%40-uc-san-diego/33516432?outcomes=0OU83125328U14150_3
2026-01-24 18:51:36,"UC San Diego Tritons vs California Anteaters, 2026-01-24, 10",UC San Diego Tritons,California Anteaters,draftkings,Total,,142.5,O,-140,https://sportsbook.draftkings.com/event/uc-irvine-%40-uc-san-diego/33516432?outcomes=0OU83125328O14250_1
2026-01-24 18:51:36,"UC San Diego Tritons vs California Anteaters, 2026-01-24, 10",UC San Diego Tritons,California Anteaters,draftkings,Total,,142.5,U,+110,https://sportsbook.draftkings.com/event/uc-irvine-%40-uc-san-diego/33516432?outcomes=0OU83125328U14250_3
2026-01-24 18:51:36,"UC San Diego Tritons vs California Anteaters, 2026-01-24, 10",UC San Diego Tritons,California Anteaters,draftkings,Total,,143.5,O,-130,https://sportsbook.draftkings.com/event/uc-irvine-%40-uc-san-diego/33516432?outcomes=0OU83125328O14350_1
2026-01-24 18:51:36,"UC San Diego Tritons vs California Anteaters, 2026-01-24, 10",UC San Diego Tritons,California Anteaters,draftkings,Total,,143.5,U,+100,https://sportsbook.draftkings.com/event/uc-irvine-%40-uc-san-diego/33516432?outcomes=0OU83125328U14350_3
2026-01-24 18:51:36,"UC San Diego Tritons vs California Anteaters, 2026-01-24, 10",UC San Diego Tritons,California Anteaters,draftkings,Total,,145.5,O,-105,https://sportsbook.draftkings.com/event/uc-irvine-%40-uc-san-diego/33516432?outcomes=0OU83125328O14550_1
2026-01-24 18:51:36,"UCLA Bruins vs Northwestern Wildcats, 2026-01-24, 06",UCLA Bruins,Northwestern Wildcats,betmgm,Total,,148.5,O,-105,https://www.on.betmgm.ca/en/sports/events/18904825?options=18904825-1446439225--226981461&type=Single
2026-01-24 18:51:36,"UCLA Bruins vs Northwestern Wildcats, 2026-01-24, 06",UCLA Bruins,Northwestern Wildcats,betmgm,Total,,148.5,U,-125,https://www.on.betmgm.ca/en/sports/events/18904825?options=18904825-1446439225--226981460&type=Single
2026-01-24 18:51:36,"UCLA Bruins vs Northwestern Wildcats, 2026-01-24, 06",UCLA Bruins,Northwestern Wildcats,betmgm,Total,,147.5,O,-118,https://www.on.betmgm.ca/en/sports/events/18904825?options=18904825-1446439252--226981406&type=Single
2026-01-24 18:51:36,"UCLA Bruins vs Northwestern Wildcats, 2026-01-24, 06",UCLA Bruins,Northwestern Wildcats,betmgm,Total,,147.5,U,-110,https://www.on.betmgm.ca/en/sports/events/18904825?options=18904825-1446439252--226981405&type=Single
2026-01-24 18:51:36,"UCLA Bruins vs Northwestern Wildcats, 2026-01-24, 06",UCLA Bruins,Northwestern Wildcats,betmgm,Total,,146.5,O,-140,https://www.on.betmgm.ca/en/sports/events/18904825?options=18904825-1446439256--226981398&type=Single
2026-01-24 18:51:36,"UCLA Bruins vs Northwestern Wildcats, 2026-01-24, 06",UCLA Bruins,Northwestern Wildcats,betmgm,Total,,146.5,U,+105,https://www.on.betmgm.ca/en/sports/events/18904825?options=18904825-1446439256--226981397&type=Single
2026-01-24 18:51:36,"Utah Tech Trailblazers vs Southern Utah Thunderbirds, 2026-01-24, 09",Utah Tech Trailblazers,Southern Utah Thunderbirds,pinnacle,Total,,148.0,O,-142,
2026-01-24 18:51:36,"Utah Tech Trailblazers vs Southern Utah Thunderbirds, 2026-01-24, 09",Utah Tech Trailblazers,Southern Utah Thunderbirds,pinnacle,Total,,148.0,U,+113,
2026-01-24 18:51:36,"Utah Tech Trailblazers vs Southern Utah Thunderbirds, 2026-01-24, 09",Utah Tech Trailblazers,Southern Utah Thunderbirds,pinnacle,Total,,147.5,O,-149,
2026-01-24 18:51:36,"Utah Tech Trailblazers vs Southern Utah Thunderbirds, 2026-01-24, 09",Utah Tech Trailblazers,Southern Utah Thunderbirds,pinnacle,Total,,147.5,U,+118,
2026-01-24 18:51:36,"Utah Tech Trailblazers vs Southern Utah Thunderbirds, 2026-01-24, 09",Utah Tech Trailblazers,Southern Utah Thunderbirds,pinnacle,Total,,148.5,U,+107,
2026-01-24 18:51:36,"Utah Tech Trailblazers vs Southern Utah Thunderbirds, 2026-01-24, 09",Utah Tech Trailblazers,Southern Utah Thunderbirds,pinnacle,Total,,148.5,O,-135,
2026-01-24 18:51:36,"Utah Tech Trailblazers vs Southern Utah Thunderbirds, 2026-01-24, 09",Utah Tech Trailblazers,Southern Utah Thunderbirds,pinnacle,Total,,149.0,O,-127,
2026-01-24 18:51:36,"Utah Tech Trailblazers vs Southern Utah Thunderbirds, 2026-01-24, 09",Utah Tech Trailblazers,Southern Utah Thunderbirds,pinnacle,Total,,151.5,O,+104,
2026-01-24 18:51:36,"Utah Tech Trailblazers vs Southern Utah Thunderbirds, 2026-01-24, 09",Utah Tech Trailblazers,Southern Utah Thunderbirds,pinnacle,Total,,151.5,U,-131,
2026-01-24 18:51:36,"Utah Tech Trailblazers vs Southern Utah Thunderbirds, 2026-01-24, 09",Utah Tech Trailblazers,Southern Utah Thunderbirds,pinnacle,Total,,151.0,O,-101,
2026-01-24 18:51:36,"Utah Tech Trailblazers vs Southern Utah Thunderbirds, 2026-01-24, 09",Utah Tech Trailblazers,Southern Utah Thunderbirds,pinnacle,Total,,151.0,U,-124,
2026-01-24 18:51:36,"Utah Tech Trailblazers vs Southern Utah Thunderbirds, 2026-01-24, 09",Utah Tech Trailblazers,Southern Utah Thunderbirds,pinnacle,Total,,150.5,O,-107,
2026-01-24 18:51:36,"Utah Tech Trailblazers vs Southern Utah Thunderbirds, 2026-01-24, 09",Utah Tech Trailblazers,Southern Utah Thunderbirds,pinnacle,Total,,150.5,U,-118,
2026-01-24 18:51:36,"Utah Tech Trailblazers vs Southern Utah Thunderbirds, 2026-01-24, 09",Utah Tech Trailblazers,Southern Utah Thunderbirds,pinnacle,Total,,150.0,O,-113,
2026-01-24 18:51:36,"Utah Tech Trailblazers vs Southern Utah Thunderbirds, 2026-01-24, 09",Utah Tech Trailblazers,Southern Utah Thunderbirds,pinnacle,Total,,150.0,U,-111,
2026-01-24 18:51:36,"Utah Tech Trailblazers vs Southern Utah Thunderbirds, 2026-01-24, 09",Utah Tech Trailblazers,Southern Utah Thunderbirds,pinnacle,Total,,149.5,O,-118,
2026-01-24 18:51:36,"Utah Tech Trailblazers vs Southern Utah Thunderbirds, 2026-01-24, 09",Utah Tech Trailblazers,Southern Utah Thunderbirds,pinnacle,Total,,149.5,U,-103,
2026-01-24 18:51:36,"Utah Tech Trailblazers vs Southern Utah Thunderbirds, 2026-01-24, 09",Utah Tech Trailblazers,Southern Utah Thunderbirds,pinnacle,Total,,149.0,U,+101,
2026-01-24 18:51:36,"Utah Tech Trailblazers vs Southern Utah Thunderbirds, 2026-01-24, 09",Utah Tech Trailblazers,Southern Utah Thunderbirds,betonline,Total,,149.5,O,-110,
2026-01-24 18:51:36,"Utah Tech Trailblazers vs Southern Utah Thunderbirds, 2026-01-24, 09",Utah Tech Trailblazers,Southern Utah Thunderbirds,betonline,Total,,149.5,U,-110,
2026-01-24 18:51:36,"Utah Tech Trailblazers vs Southern Utah Thunderbirds, 2026-01-24, 09",Utah Tech Trailblazers,Southern Utah Thunderbirds,betmgm,Total,,149.5,O,-110,https://www.on.betmgm.ca/en/sports/events/18902903?options=18902903-1445740144--228761755&type=Single
2026-01-24 18:51:36,"Utah Tech Trailblazers vs Southern Utah Thunderbirds, 2026-01-24, 09",Utah Tech Trailblazers,Southern Utah Thunderbirds,betmgm,Total,,149.5,U,-110,https://www.on.betmgm.ca/en/sports/events/18902903?options=18902903-1445740144--228761754&type=Single
2026-01-24 18:51:36,"Washington Huskies vs Oregon Ducks, 2026-01-25, 03",Washington Huskies,Oregon Ducks,pinnacle,Total,,147.0,O,-126,
2026-01-24 18:51:36,"Washington Huskies vs Oregon Ducks, 2026-01-25, 03",Washington Huskies,Oregon Ducks,pinnacle,Total,,150.0,U,-144,
2026-01-24 18:51:36,"Washington Huskies vs Oregon Ducks, 2026-01-25, 03",Washington Huskies,Oregon Ducks,pinnacle,Total,,149.5,O,+104,
2026-01-24 18:51:36,"Washington Huskies vs Oregon Ducks, 2026-01-25, 03",Washington Huskies,Oregon Ducks,pinnacle,Total,,150.0,O,+110,
2026-01-24 18:51:36,"Washington Huskies vs Oregon Ducks, 2026-01-25, 03",Washington Huskies,Oregon Ducks,pinnacle,Total,,149.5,U,-136,
2026-01-24 18:51:36,"Washington Huskies vs Oregon Ducks, 2026-01-25, 03",Washington Huskies,Oregon Ducks,pinnacle,Total,,149.0,O,-101,
2026-01-24 18:51:36,"Washington Huskies vs Oregon Ducks, 2026-01-25, 03",Washington Huskies,Oregon Ducks,pinnacle,Total,,149.0,U,-130,
2026-01-24 18:51:36,"Washington Huskies vs Oregon Ducks, 2026-01-25, 03",Washington Huskies,Oregon Ducks,pinnacle,Total,,148.5,O,-106,
2026-01-24 18:51:36,"Washington Huskies vs Oregon Ducks, 2026-01-25, 03",Washington Huskies,Oregon Ducks,pinnacle,Total,,148.5,U,-122,
2026-01-24 18:51:36,"Washington Huskies vs Oregon Ducks, 2026-01-25, 03",Washington Huskies,Oregon Ducks,pinnacle,Total,,148.0,O,-111,
2026-01-24 18:51:36,"Washington Huskies vs Oregon Ducks, 2026-01-25, 03",Washington Huskies,Oregon Ducks,pinnacle,Total,,148.0,U,-113,
2026-01-24 18:51:36,"Washington Huskies vs Oregon Ducks, 2026-01-25, 03",Washington Huskies,Oregon Ducks,pinnacle,Total,,147.5,O,-119,
2026-01-24 18:51:36,"Washington Huskies vs Oregon Ducks, 2026-01-25, 03",Washington Huskies,Oregon Ducks,pinnacle,Total,,147.5,U,-109,
2026-01-24 18:51:36,"Washington Huskies vs Oregon Ducks, 2026-01-25, 03",Washington Huskies,Oregon Ducks,pinnacle,Total,,147.0,U,-103,
2026-01-24 18:51:36,"Washington Huskies vs Oregon Ducks, 2026-01-25, 03",Washington Huskies,Oregon Ducks,pinnacle,Total,,146.5,U,+102,
2026-01-24 18:51:36,"Washington Huskies vs Oregon Ducks, 2026-01-25, 03",Washington Huskies,Oregon Ducks,pinnacle,Total,,146.0,O,-141,
2026-01-24 18:51:36,"Washington Huskies vs Oregon Ducks, 2026-01-25, 03",Washington Huskies,Oregon Ducks,pinnacle,Total,,146.0,U,+108,
2026-01-24 18:51:36,"Washington Huskies vs Oregon Ducks, 2026-01-25, 03",Washington Huskies,Oregon Ducks,pinnacle,Total,,146.5,O,-133,
2026-01-24 18:51:36,"Washington Huskies vs Oregon Ducks, 2026-01-25, 03",Washington Huskies,Oregon Ducks,betonline,Total,,147.5,U,-105,
2026-01-24 18:51:36,"Washington Huskies vs Oregon Ducks, 2026-01-25, 03",Washington Huskies,Oregon Ducks,betonline,Total,,147.5,O,-115,
2026-01-24 18:51:36,"Washington Huskies vs Oregon Ducks, 2026-01-25, 03",Washington Huskies,Oregon Ducks,draftkings,Total,,147.5,O,-110,https://sportsbook.draftkings.com/event/oregon-%40-washington/33523409?outcomes=0OU83134326O14750_1
2026-01-24 18:51:36,"Washington Huskies vs Oregon Ducks, 2026-01-25, 03",Washington Huskies,Oregon Ducks,draftkings,Total,,147.5,U,-110,https://sportsbook.draftkings.com/event/oregon-%40-washington/33523409?outcomes=0OU83134326U14750_3
2026-01-24 18:51:36,"Washington State Cougars vs Pepperdine Waves, 2026-01-24, 06",Washington State Cougars,Pepperdine Waves,betmgm,Total,,160.5,O,-140,https://www.on.betmgm.ca/en/sports/events/18904817?options=18904817-1446442978--226973514&type=Single
2026-01-24 18:51:36,"Washington State Cougars vs Pepperdine Waves, 2026-01-24, 06",Washington State Cougars,Pepperdine Waves,betmgm,Total,,160.5,U,+105,https://www.on.betmgm.ca/en/sports/events/18904817?options=18904817-1446442978--226973513&type=Single
2026-01-24 18:51:36,"Washington State Cougars vs Pepperdine Waves, 2026-01-24, 06",Washington State Cougars,Pepperdine Waves,betmgm,Total,,161.5,O,-115,https://www.on.betmgm.ca/en/sports/events/18904817?options=18904817-1446442974--226973522&type=Single
2026-01-24 18:51:36,"Washington State Cougars vs Pepperdine Waves, 2026-01-24, 06",Washington State Cougars,Pepperdine Waves,betmgm,Total,,161.5,U,-115,https://www.on.betmgm.ca/en/sports/events/18904817?options=18904817-1446442974--226973521&type=Single
2026-01-24 18:51:36,"Washington State Cougars vs Pepperdine Waves, 2026-01-24, 06",Washington State Cougars,Pepperdine Waves,betmgm,Total,,162.5,O,-102,https://www.on.betmgm.ca/en/sports/events/18904817?options=18904817-1446442970--226973530&type=Single
2026-01-24 18:51:36,"Washington State Cougars vs Pepperdine Waves, 2026-01-24, 06",Washington State Cougars,Pepperdine Waves,betmgm,Total,,162.5,U,-130,https://www.on.betmgm.ca/en/sports/events/18904817?options=18904817-1446442970--226973529&type=Single
2026-01-24 18:51:36,"Wisconsin Badgers vs Southern California Trojans, 2026-01-25, 04",Wisconsin Badgers,Southern California Trojans,pinnacle,Total,,157.5,U,+103,
2026-01-24 18:51:36,"Wisconsin Badgers vs Southern California Trojans, 2026-01-25, 04",Wisconsin Badgers,Southern California Trojans,pinnacle,Total,,157.5,O,-135,
2026-01-24 18:51:36,"Wisconsin Badgers vs Southern California Trojans, 2026-01-25, 04",Wisconsin Badgers,Southern California Trojans,pinnacle,Total,,157.0,O,-142,
2026-01-24 18:51:36,"Wisconsin Badgers vs Southern California Trojans, 2026-01-25, 04",Wisconsin Badgers,Southern California Trojans,pinnacle,Total,,157.0,U,+109,
2026-01-24 18:51:36,"Wisconsin Badgers vs Southern California Trojans, 2026-01-25, 04",Wisconsin Badgers,Southern California Trojans,pinnacle,Total,,158.0,U,-102,
2026-01-24 18:51:36,"Wisconsin Badgers vs Southern California Trojans, 2026-01-25, 04",Wisconsin Badgers,Southern California Trojans,pinnacle,Total,,158.0,O,-128,
2026-01-24 18:51:36,"Wisconsin Badgers vs Southern California Trojans, 2026-01-25, 04",Wisconsin Badgers,Southern California Trojans,pinnacle,Total,,158.5,O,-121,
2026-01-24 18:51:36,"Wisconsin Badgers vs Southern California Trojans, 2026-01-25, 04",Wisconsin Badgers,Southern California Trojans,pinnacle,Total,,158.5,U,-108,
2026-01-24 18:51:36,"Wisconsin Badgers vs Southern California Trojans, 2026-01-25, 04",Wisconsin Badgers,Southern California Trojans,pinnacle,Total,,161.0,O,+109,
2026-01-24 18:51:36,"Wisconsin Badgers vs Southern California Trojans, 2026-01-25, 04",Wisconsin Badgers,Southern California Trojans,pinnacle,Total,,161.0,U,-142,
2026-01-24 18:51:36,"Wisconsin Badgers vs Southern California Trojans, 2026-01-25, 04",Wisconsin Badgers,Southern California Trojans,pinnacle,Total,,160.5,O,+103,
2026-01-24 18:51:36,"Wisconsin Badgers vs Southern California Trojans, 2026-01-25, 04",Wisconsin Badgers,Southern California Trojans,pinnacle,Total,,160.5,U,-135,
2026-01-24 18:51:36,"Wisconsin Badgers vs Southern California Trojans, 2026-01-25, 04",Wisconsin Badgers,Southern California Trojans,pinnacle,Total,,160.0,O,-102,
2026-01-24 18:51:36,"Wisconsin Badgers vs Southern California Trojans, 2026-01-25, 04",Wisconsin Badgers,Southern California Trojans,pinnacle,Total,,160.0,U,-128,
2026-01-24 18:51:36,"Wisconsin Badgers vs Southern California Trojans, 2026-01-25, 04",Wisconsin Badgers,Southern California Trojans,pinnacle,Total,,159.5,O,-108,
2026-01-24 18:51:36,"Wisconsin Badgers vs Southern California Trojans, 2026-01-25, 04",Wisconsin Badgers,Southern California Trojans,pinnacle,Total,,159.5,U,-121,
2026-01-24 18:51:36,"Wisconsin Badgers vs Southern California Trojans, 2026-01-25, 04",Wisconsin Badgers,Southern California Trojans,pinnacle,Total,,159.0,O,-112,
2026-01-24 18:51:36,"Wisconsin Badgers vs Southern California Trojans, 2026-01-25, 04",Wisconsin Badgers,Southern California Trojans,pinnacle,Total,,159.0,U,-112,
2026-01-24 18:51:36,"Wisconsin Badgers vs Southern California Trojans, 2026-01-25, 04",Wisconsin Badgers,Southern California Trojans,betonline,Total,,159.0,U,-110,
2026-01-24 18:51:36,"Wisconsin Badgers vs Southern California Trojans, 2026-01-25, 04",Wisconsin Badgers,Southern California Trojans,betonline,Total,,159.0,O,-110,
2026-01-24 18:51:36,"Wisconsin Badgers vs Southern California Trojans, 2026-01-25, 04",Wisconsin Badgers,Southern California Trojans,draftkings,Total,,159.5,O,-110,https://sportsbook.draftkings.com/event/usc-%40-wisconsin/33523410?outcomes=0OU83134327O15950_1
2026-01-24 18:51:36,"Wisconsin Badgers vs Southern California Trojans, 2026-01-25, 04",Wisconsin Badgers,Southern California Trojans,draftkings,Total,,159.5,U,-110,https://sportsbook.draftkings.com/event/usc-%40-wisconsin/33523410?outcomes=0OU83134327U15950_3
2026-01-24 18:51:35,"Alabama Crimson Tide vs Tennessee Volunteers, 2026-01-24, 08",Alabama Crimson Tide,Tennessee Volunteers,draftkings,Total,,160.5,O,-220,https://sportsbook.draftkings.com/event/tennessee-%40-alabama/33510334?outcomes=0OU83125332O16050_1
2026-01-24 18:51:35,"Alabama Crimson Tide vs Tennessee Volunteers, 2026-01-24, 08",Alabama Crimson Tide,Tennessee Volunteers,draftkings,Total,,159.5,U,+190,https://sportsbook.draftkings.com/event/tennessee-%40-alabama/33510334?outcomes=0OU83125332U15950_3
2026-01-24 18:51:35,"Alabama Crimson Tide vs Tennessee Volunteers, 2026-01-24, 08",Alabama Crimson Tide,Tennessee Volunteers,draftkings,Total,,159.5,O,-250,https://sportsbook.draftkings.com/event/tennessee-%40-alabama/33510334?outcomes=0OU83125332O15950_1
2026-01-24 18:51:35,"Alabama Crimson Tide vs Tennessee Volunteers, 2026-01-24, 08",Alabama Crimson Tide,Tennessee Volunteers,draftkings,Total,,158.5,U,+210,https://sportsbook.draftkings.com/event/tennessee-%40-alabama/33510334?outcomes=0OU83125332U15850_3
2026-01-24 18:51:35,"Alabama Crimson Tide vs Tennessee Volunteers, 2026-01-24, 08",Alabama Crimson Tide,Tennessee Volunteers,draftkings,Total,,158.5,O,-280,https://sportsbook.draftkings.com/event/tennessee-%40-alabama/33510334?outcomes=0OU83125332O15850_1
2026-01-24 18:51:35,"Alabama Crimson Tide vs Tennessee Volunteers, 2026-01-24, 08",Alabama Crimson Tide,Tennessee Volunteers,draftkings,Total,,157.5,U,+230,https://sportsbook.draftkings.com/event/tennessee-%40-alabama/33510334?outcomes=0OU83125332U15750_3
2026-01-24 18:51:35,"Alabama Crimson Tide vs Tennessee Volunteers, 2026-01-24, 08",Alabama Crimson Tide,Tennessee Volunteers,draftkings,Total,,157.5,O,-315,https://sportsbook.draftkings.com/event/tennessee-%40-alabama/33510334?outcomes=0OU83125332O15750_1
2026-01-24 18:51:35,"Alabama Crimson Tide vs Tennessee Volunteers, 2026-01-24, 08",Alabama Crimson Tide,Tennessee Volunteers,draftkings,Total,,156.5,U,+250,https://sportsbook.draftkings.com/event/tennessee-%40-alabama/33510334?outcomes=0OU83125332U15650_3
2026-01-24 18:51:35,"Alabama Crimson Tide vs Tennessee Volunteers, 2026-01-24, 08",Alabama Crimson Tide,Tennessee Volunteers,draftkings,Total,,156.5,O,-345,https://sportsbook.draftkings.com/event/tennessee-%40-alabama/33510334?outcomes=0OU83125332O15650_1
2026-01-24 18:51:35,"Alabama Crimson Tide vs Tennessee Volunteers, 2026-01-24, 08",Alabama Crimson Tide,Tennessee Volunteers,draftkings,Total,,155.5,O,-395,https://sportsbook.draftkings.com/event/tennessee-%40-alabama/33510334?outcomes=0OU83125332O15550_1
2026-01-24 18:51:35,"Alabama Crimson Tide vs Tennessee Volunteers, 2026-01-24, 08",Alabama Crimson Tide,Tennessee Volunteers,draftkings,Total,,167.5,U,-110,https://sportsbook.draftkings.com/event/tennessee-%40-alabama/33510334?outcomes=0OU83102759U16750_3
2026-01-24 18:51:35,"Alabama Crimson Tide vs Tennessee Volunteers, 2026-01-24, 08",Alabama Crimson Tide,Tennessee Volunteers,draftkings,Total,,167.5,O,-110,https://sportsbook.draftkings.com/event/tennessee-%40-alabama/33510334?outcomes=0OU83102759O16750_1
2026-01-24 18:51:35,"Alabama Crimson Tide vs Tennessee Volunteers, 2026-01-24, 08",Alabama Crimson Tide,Tennessee Volunteers,draftkings,Total,,155.5,U,+280,https://sportsbook.draftkings.com/event/tennessee-%40-alabama/33510334?outcomes=0OU83125332U15550_3
2026-01-24 18:51:35,"Alabama Crimson Tide vs Tennessee Volunteers, 2026-01-24, 08",Alabama Crimson Tide,Tennessee Volunteers,draftkings,Total,,160.5,U,+170,https://sportsbook.draftkings.com/event/tennessee-%40-alabama/33510334?outcomes=0OU83125332U16050_3
2026-01-24 18:51:35,"Alabama Crimson Tide vs Tennessee Volunteers, 2026-01-24, 08",Alabama Crimson Tide,Tennessee Volunteers,draftkings,Total,,161.5,O,-200,https://sportsbook.draftkings.com/event/tennessee-%40-alabama/33510334?outcomes=0OU83125332O16150_1
2026-01-24 18:51:35,"Alabama Crimson Tide vs Tennessee Volunteers, 2026-01-24, 08",Alabama Crimson Tide,Tennessee Volunteers,draftkings,Total,,161.5,U,+154,https://sportsbook.draftkings.com/event/tennessee-%40-alabama/33510334?outcomes=0OU83125332U16150_3
2026-01-24 18:51:35,"Alabama Crimson Tide vs Tennessee Volunteers, 2026-01-24, 08",Alabama Crimson Tide,Tennessee Volunteers,draftkings,Total,,162.5,O,-188,https://sportsbook.draftkings.com/event/tennessee-%40-alabama/33510334?outcomes=0OU83125332O16250_1
2026-01-24 18:51:35,"Alabama Crimson Tide vs Tennessee Volunteers, 2026-01-24, 08",Alabama Crimson Tide,Tennessee Volunteers,draftkings,Total,,172.5,O,+145,https://sportsbook.draftkings.com/event/tennessee-%40-alabama/33510334?outcomes=0OU83125332O17250_1
2026-01-24 18:51:35,"Alabama Crimson Tide vs Tennessee Volunteers, 2026-01-24, 08",Alabama Crimson Tide,Tennessee Volunteers,draftkings,Total,,171.5,U,-166,https://sportsbook.draftkings.com/event/tennessee-%40-alabama/33510334?outcomes=0OU83125332U17150_3
2026-01-24 18:51:35,"Alabama Crimson Tide vs Tennessee Volunteers, 2026-01-24, 08",Alabama Crimson Tide,Tennessee Volunteers,draftkings,Total,,171.5,O,+130,https://sportsbook.draftkings.com/event/tennessee-%40-alabama/33510334?outcomes=0OU83125332O17150_1
2026-01-24 18:51:35,"Alabama Crimson Tide vs Tennessee Volunteers, 2026-01-24, 08",Alabama Crimson Tide,Tennessee Volunteers,draftkings,Total,,170.5,U,-154,https://sportsbook.draftkings.com/event/tennessee-%40-alabama/33510334?outcomes=0OU83125332U17050_3
2026-01-24 18:51:35,"Alabama Crimson Tide vs Tennessee Volunteers, 2026-01-24, 08",Alabama Crimson Tide,Tennessee Volunteers,draftkings,Total,,170.5,O,+120,https://sportsbook.draftkings.com/event/tennessee-%40-alabama/33510334?outcomes=0OU83125332O17050_1
2026-01-24 18:51:35,"Alabama Crimson Tide vs Tennessee Volunteers, 2026-01-24, 08",Alabama Crimson Tide,Tennessee Volunteers,draftkings,Total,,169.5,U,-140,https://sportsbook.draftkings.com/event/tennessee-%40-alabama/33510334?outcomes=0OU83125332U16950_3
2026-01-24 18:51:35,"Alabama Crimson Tide vs Tennessee Volunteers, 2026-01-24, 08",Alabama Crimson Tide,Tennessee Volunteers,draftkings,Total,,169.5,O,+110,https://sportsbook.draftkings.com/event/tennessee-%40-alabama/33510334?outcomes=0OU83125332O16950_1
2026-01-24 18:51:35,"Alabama Crimson Tide vs Tennessee Volunteers, 2026-01-24, 08",Alabama Crimson Tide,Tennessee Volunteers,draftkings,Total,,168.5,U,-125,https://sportsbook.draftkings.com/event/tennessee-%40-alabama/33510334?outcomes=0OU83125332U16850_3
2026-01-24 18:51:35,"Alabama Crimson Tide vs Tennessee Volunteers, 2026-01-24, 08",Alabama Crimson Tide,Tennessee Volunteers,draftkings,Total,,172.5,U,-188,https://sportsbook.draftkings.com/event/tennessee-%40-alabama/33510334?outcomes=0OU83125332U17250_3
2026-01-24 18:51:35,"Alabama Crimson Tide vs Tennessee Volunteers, 2026-01-24, 08",Alabama Crimson Tide,Tennessee Volunteers,draftkings,Total,,168.5,O,-105,https://sportsbook.draftkings.com/event/tennessee-%40-alabama/33510334?outcomes=0OU83125332O16850_1
2026-01-24 18:51:35,"Alabama Crimson Tide vs Tennessee Volunteers, 2026-01-24, 08",Alabama Crimson Tide,Tennessee Volunteers,draftkings,Total,,166.5,O,-125,https://sportsbook.draftkings.com/event/tennessee-%40-alabama/33510334?outcomes=0OU83125332O16650_1
2026-01-24 18:51:35,"Alabama Crimson Tide vs Tennessee Volunteers, 2026-01-24, 08",Alabama Crimson Tide,Tennessee Volunteers,draftkings,Total,,165.5,U,+105,https://sportsbook.draftkings.com/event/tennessee-%40-alabama/33510334?outcomes=0OU83125332U16550_3
2026-01-24 18:51:35,"Alabama Crimson Tide vs Tennessee Volunteers, 2026-01-24, 08",Alabama Crimson Tide,Tennessee Volunteers,draftkings,Total,,165.5,O,-135,https://sportsbook.draftkings.com/event/tennessee-%40-alabama/33510334?outcomes=0OU83125332O16550_1
2026-01-24 18:51:35,"Alabama Crimson Tide vs Tennessee Volunteers, 2026-01-24, 08",Alabama Crimson Tide,Tennessee Volunteers,draftkings,Total,,164.5,U,+120,https://sportsbook.draftkings.com/event/tennessee-%40-alabama/33510334?outcomes=0OU83125332U16450_3
2026-01-24 18:51:35,"Alabama Crimson Tide vs Tennessee Volunteers, 2026-01-24, 08",Alabama Crimson Tide,Tennessee Volunteers,draftkings,Total,,164.5,O,-154,https://sportsbook.draftkings.com/event/tennessee-%40-alabama/33510334?outcomes=0OU83125332O16450_1
2026-01-24 18:51:35,"Alabama Crimson Tide vs Tennessee Volunteers, 2026-01-24, 08",Alabama Crimson Tide,Tennessee Volunteers,draftkings,Total,,163.5,U,+130,https://sportsbook.draftkings.com/event/tennessee-%40-alabama/33510334?outcomes=0OU83125332U16350_3
2026-01-24 18:51:35,"Alabama Crimson Tide vs Tennessee Volunteers, 2026-01-24, 08",Alabama Crimson Tide,Tennessee Volunteers,draftkings,Total,,163.5,O,-166,https://sportsbook.draftkings.com/event/tennessee-%40-alabama/33510334?outcomes=0OU83125332O16350_1
2026-01-24 18:51:35,"Alabama Crimson Tide vs Tennessee Volunteers, 2026-01-24, 08",Alabama Crimson Tide,Tennessee Volunteers,draftkings,Total,,162.5,U,+145,https://sportsbook.draftkings.com/event/tennessee-%40-alabama/33510334?outcomes=0OU83125332U16250_3
2026-01-24 18:51:35,"Alabama Crimson Tide vs Tennessee Volunteers, 2026-01-24, 08",Alabama Crimson Tide,Tennessee Volunteers,draftkings,Total,,166.5,U,-105,https://sportsbook.draftkings.com/event/tennessee-%40-alabama/33510334?outcomes=0OU83125332U16650_3
2026-01-24 18:51:35,"Alabama Crimson Tide vs Tennessee Volunteers, 2026-01-24, 08",Alabama Crimson Tide,Tennessee Volunteers,draftkings,Total,,173.5,O,+154,https://sportsbook.draftkings.com/event/tennessee-%40-alabama/33510334?outcomes=0OU83125332O17350_1
2026-01-24 18:51:35,"Alabama Crimson Tide vs Tennessee Volunteers, 2026-01-24, 08",Alabama Crimson Tide,Tennessee Volunteers,draftkings,Total,,174.5,O,+175,https://sportsbook.draftkings.com/event/tennessee-%40-alabama/33510334?outcomes=0OU83125332O17450_1
2026-01-24 18:51:35,"Alabama Crimson Tide vs Tennessee Volunteers, 2026-01-24, 08",Alabama Crimson Tide,Tennessee Volunteers,draftkings,Total,,179.5,U,-395,https://sportsbook.draftkings.com/event/tennessee-%40-alabama/33510334?outcomes=0OU83125332U17950_3
2026-01-24 18:51:35,"Alabama Crimson Tide vs Tennessee Volunteers, 2026-01-24, 08",Alabama Crimson Tide,Tennessee Volunteers,draftkings,Total,,173.5,U,-200,https://sportsbook.draftkings.com/event/tennessee-%40-alabama/33510334?outcomes=0OU83125332U17350_3
2026-01-24 18:51:35,"Alabama Crimson Tide vs Tennessee Volunteers, 2026-01-24, 08",Alabama Crimson Tide,Tennessee Volunteers,draftkings,Total,,179.5,O,+280,https://sportsbook.draftkings.com/event/tennessee-%40-alabama/33510334?outcomes=0OU83125332O17950_1
2026-01-24 18:51:35,"Alabama Crimson Tide vs Tennessee Volunteers, 2026-01-24, 08",Alabama Crimson Tide,Tennessee Volunteers,draftkings,Total,,178.5,O,+250,https://sportsbook.draftkings.com/event/tennessee-%40-alabama/33510334?outcomes=0OU83125332O17850_1
2026-01-24 18:51:35,"Alabama Crimson Tide vs Tennessee Volunteers, 2026-01-24, 08",Alabama Crimson Tide,Tennessee Volunteers,draftkings,Total,,177.5,U,-315,https://sportsbook.draftkings.com/event/tennessee-%40-alabama/33510334?outcomes=0OU83125332U17750_3
2026-01-24 18:51:35,"Alabama Crimson Tide vs Tennessee Volunteers, 2026-01-24, 08",Alabama Crimson Tide,Tennessee Volunteers,draftkings,Total,,177.5,O,+230,https://sportsbook.draftkings.com/event/tennessee-%40-alabama/33510334?outcomes=0OU83125332O17750_1
2026-01-24 18:51:35,"Alabama Crimson Tide vs Tennessee Volunteers, 2026-01-24, 08",Alabama Crimson Tide,Tennessee Volunteers,draftkings,Total,,176.5,U,-280,https://sportsbook.draftkings.com/event/tennessee-%40-alabama/33510334?outcomes=0OU83125332U17650_3
2026-01-24 18:51:35,"Alabama Crimson Tide vs Tennessee Volunteers, 2026-01-24, 08",Alabama Crimson Tide,Tennessee Volunteers,draftkings,Total,,176.5,O,+210,https://sportsbook.draftkings.com/event/tennessee-%40-alabama/33510334?outcomes=0OU83125332O17650_1
2026-01-24 18:51:35,"Alabama Crimson Tide vs Tennessee Volunteers, 2026-01-24, 08",Alabama Crimson Tide,Tennessee Volunteers,draftkings,Total,,175.5,U,-250,https://sportsbook.draftkings.com/event/tennessee-%40-alabama/33510334?outcomes=0OU83125332U17550_3
2026-01-24 18:51:35,"Alabama Crimson Tide vs Tennessee Volunteers, 2026-01-24, 08",Alabama Crimson Tide,Tennessee Volunteers,draftkings,Total,,175.5,O,+190,https://sportsbook.draftkings.com/event/tennessee-%40-alabama/33510334?outcomes=0OU83125332O17550_1
2026-01-24 18:51:35,"Alabama Crimson Tide vs Tennessee Volunteers, 2026-01-24, 08",Alabama Crimson Tide,Tennessee Volunteers,draftkings,Total,,174.5,U,-230,https://sportsbook.draftkings.com/event/tennessee-%40-alabama/33510334?outcomes=0OU83125332U17450_3
2026-01-24 18:51:35,"Alabama Crimson Tide vs Tennessee Volunteers, 2026-01-24, 08",Alabama Crimson Tide,Tennessee Volunteers,draftkings,Total,,178.5,U,-345,https://sportsbook.draftkings.com/event/tennessee-%40-alabama/33510334?outcomes=0OU83125332U17850_3
2026-01-24 18:51:35,"Alabama Crimson Tide vs Tennessee Volunteers, 2026-01-24, 08",Alabama Crimson Tide,Tennessee Volunteers,fanduel,Total,,166.5,U,-110,https://sportsbook.fanduel.ca/addToBetslip?marketId=801.152220669&selectionId=7017824
2026-01-24 18:51:35,"Alabama Crimson Tide vs Tennessee Volunteers, 2026-01-24, 08",Alabama Crimson Tide,Tennessee Volunteers,fanduel,Total,,166.5,O,-110,https://sportsbook.fanduel.ca/addToBetslip?marketId=801.152220669&selectionId=7017823
2026-01-24 18:51:35,"Alabama Crimson Tide vs Tennessee Volunteers, 2026-01-24, 08",Alabama Crimson Tide,Tennessee Volunteers,fanduel,Total,,157.5,O,-290,https://sportsbook.fanduel.ca/addToBetslip?marketId=801.154283448&selectionId=7017823
2026-01-24 18:51:35,"Alabama Crimson Tide vs Tennessee Volunteers, 2026-01-24, 08",Alabama Crimson Tide,Tennessee Volunteers,fanduel,Total,,157.5,U,+210,https://sportsbook.fanduel.ca/addToBetslip?marketId=801.154283448&selectionId=7017824
2026-01-24 18:51:35,"Alabama Crimson Tide vs Tennessee Volunteers, 2026-01-24, 08",Alabama Crimson Tide,Tennessee Volunteers,fanduel,Total,,169.5,O,+122,https://sportsbook.fanduel.ca/addToBetslip?marketId=801.154283472&selectionId=7017823
2026-01-24 18:51:35,"Alabama Crimson Tide vs Tennessee Volunteers, 2026-01-24, 08",Alabama Crimson Tide,Tennessee Volunteers,fanduel,Total,,169.5,U,-160,https://sportsbook.fanduel.ca/addToBetslip?marketId=801.154283472&selectionId=7017824
2026-01-24 18:51:35,"Alabama Crimson Tide vs Tennessee Volunteers, 2026-01-24, 08",Alabama Crimson Tide,Tennessee Volunteers,fanduel,Total,,160.5,U,+158,https://sportsbook.fanduel.ca/addToBetslip?marketId=801.154283426&selectionId=7017824
2026-01-24 18:51:35,"Alabama Crimson Tide vs Tennessee Volunteers, 2026-01-24, 08",Alabama Crimson Tide,Tennessee Volunteers,fanduel,Total,,160.5,O,-210,https://sportsbook.fanduel.ca/addToBetslip?marketId=801.154283426&selectionId=7017823
2026-01-24 18:51:35,"Alabama Crimson Tide vs Tennessee Volunteers, 2026-01-24, 08",Alabama Crimson Tide,Tennessee Volunteers,fanduel,Total,,163.5,U,+118,https://sportsbook.fanduel.ca/addToBetslip?marketId=801.154283476&selectionId=7017824
2026-01-24 18:51:35,"Alabama Crimson Tide vs Tennessee Volunteers, 2026-01-24, 08",Alabama Crimson Tide,Tennessee Volunteers,fanduel,Total,,163.5,O,-154,https://sportsbook.fanduel.ca/addToBetslip?marketId=801.154283476&selectionId=7017823
2026-01-24 18:51:35,"Alabama Crimson Tide vs Tennessee Volunteers, 2026-01-24, 08",Alabama Crimson Tide,Tennessee Volunteers,fanduel,Total,,175.5,U,-290,https://sportsbook.fanduel.ca/addToBetslip?marketId=801.154283498&selectionId=7017824
2026-01-24 18:51:35,"Alabama Crimson Tide vs Tennessee Volunteers, 2026-01-24, 08",Alabama Crimson Tide,Tennessee Volunteers,fanduel,Total,,175.5,O,+210,https://sportsbook.fanduel.ca/addToBetslip?marketId=801.154283498&selectionId=7017823
2026-01-24 18:51:35,"Alabama Crimson Tide vs Tennessee Volunteers, 2026-01-24, 08",Alabama Crimson Tide,Tennessee Volunteers,fanduel,Total,,172.5,U,-215,https://sportsbook.fanduel.ca/addToBetslip?marketId=801.154283489&selectionId=7017824
2026-01-24 18:51:35,"Alabama Crimson Tide vs Tennessee Volunteers, 2026-01-24, 08",Alabama Crimson Tide,Tennessee Volunteers,fanduel,Total,,172.5,O,+162,https://sportsbook.fanduel.ca/addToBetslip?marketId=801.154283489&selectionId=7017823
2026-01-24 18:51:35,"Arizona State Sun Devils vs Cincinnati Bearcats, 2026-01-24, 10",Arizona State Sun Devils,Cincinnati Bearcats,fanduel,Total,,155.5,O,+165,https://sportsbook.fanduel.ca/addToBetslip?marketId=801.154283916&selectionId=7017823
2026-01-24 18:51:35,"Arizona State Sun Devils vs Cincinnati Bearcats, 2026-01-24, 10",Arizona State Sun Devils,Cincinnati Bearcats,fanduel,Total,,146.5,U,+120,https://sportsbook.fanduel.ca/addToBetslip?marketId=801.154283956&selectionId=7017824
2026-01-24 18:51:35,"Arizona State Sun Devils vs Cincinnati Bearcats, 2026-01-24, 10",Arizona State Sun Devils,Cincinnati Bearcats,fanduel,Total,,146.5,O,-156,https://sportsbook.fanduel.ca/addToBetslip?marketId=801.154283956&selectionId=7017823
2026-01-24 18:51:35,"Arizona State Sun Devils vs Cincinnati Bearcats, 2026-01-24, 10",Arizona State Sun Devils,Cincinnati Bearcats,fanduel,Total,,148.5,U,-105,https://sportsbook.fanduel.ca/addToBetslip?marketId=801.152221872&selectionId=7017824
2026-01-24 18:51:35,"Arizona State Sun Devils vs Cincinnati Bearcats, 2026-01-24, 10",Arizona State Sun Devils,Cincinnati Bearcats,fanduel,Total,,148.5,O,-115,https://sportsbook.fanduel.ca/addToBetslip?marketId=801.152221872&selectionId=7017823
2026-01-24 18:51:35,"Arizona State Sun Devils vs Cincinnati Bearcats, 2026-01-24, 10",Arizona State Sun Devils,Cincinnati Bearcats,fanduel,Total,,140.5,U,+220,https://sportsbook.fanduel.ca/addToBetslip?marketId=801.154283945&selectionId=7017824
2026-01-24 18:51:35,"Arizona State Sun Devils vs Cincinnati Bearcats, 2026-01-24, 10",Arizona State Sun Devils,Cincinnati Bearcats,fanduel,Total,,140.5,O,-305,https://sportsbook.fanduel.ca/addToBetslip?marketId=801.154283945&selectionId=7017823
2026-01-24 18:51:35,"Arizona State Sun Devils vs Cincinnati Bearcats, 2026-01-24, 10",Arizona State Sun Devils,Cincinnati Bearcats,fanduel,Total,,152.5,U,-164,https://sportsbook.fanduel.ca/addToBetslip?marketId=801.154283975&selectionId=7017824
2026-01-24 18:51:35,"Arizona State Sun Devils vs Cincinnati Bearcats, 2026-01-24, 10",Arizona State Sun Devils,Cincinnati Bearcats,fanduel,Total,,152.5,O,+125,https://sportsbook.fanduel.ca/addToBetslip?marketId=801.154283975&selectionId=7017823
2026-01-24 18:51:35,"Arizona State Sun Devils vs Cincinnati Bearcats, 2026-01-24, 10",Arizona State Sun Devils,Cincinnati Bearcats,fanduel,Total,,158.5,O,+225,https://sportsbook.fanduel.ca/addToBetslip?marketId=801.154283955&selectionId=7017823
2026-01-24 18:51:35,"Arizona State Sun Devils vs Cincinnati Bearcats, 2026-01-24, 10",Arizona State Sun Devils,Cincinnati Bearcats,fanduel,Total,,143.5,U,+165,https://sportsbook.fanduel.ca/addToBetslip?marketId=801.154283949&selectionId=7017824
2026-01-24 18:51:35,"Arizona State Sun Devils vs Cincinnati Bearcats, 2026-01-24, 10",Arizona State Sun Devils,Cincinnati Bearcats,fanduel,Total,,143.5,O,-220,https://sportsbook.fanduel.ca/addToBetslip?marketId=801.154283949&selectionId=7017823
2026-01-24 18:51:35,"Arizona State Sun Devils vs Cincinnati Bearcats, 2026-01-24, 10",Arizona State Sun Devils,Cincinnati Bearcats,fanduel,Total,,158.5,U,-310,https://sportsbook.fanduel.ca/addToBetslip?marketId=801.154283955&selectionId=7017824
2026-01-24 18:51:35,"Arizona State Sun Devils vs Cincinnati Bearcats, 2026-01-24, 10",Arizona State Sun Devils,Cincinnati Bearcats,fanduel,Total,,155.5,U,-220,https://sportsbook.fanduel.ca/addToBetslip?marketId=801.154283916&selectionId=7017824
2026-01-24 18:51:35,"Arkansas Razorbacks vs Louisiana State Tigers, 2026-01-24, 05",Arkansas Razorbacks,Louisiana State Tigers,fanduel,Total,,158.5,U,+800,https://sportsbook.fanduel.ca/addToBetslip?marketId=801.154280487&selectionId=7017824
2026-01-24 18:51:35,"Arkansas Razorbacks vs Louisiana State Tigers, 2026-01-24, 05",Arkansas Razorbacks,Louisiana State Tigers,fanduel,Total,,158.5,O,-3500,https://sportsbook.fanduel.ca/addToBetslip?marketId=801.154280487&selectionId=7017823
2026-01-24 18:51:35,"Baylor Bears vs Texas Horned Frogs, 2026-01-24, 06",Baylor Bears,Texas Horned Frogs,draftkings,Total,,144.5,O,-220,https://sportsbook.draftkings.com/event/tcu-%40-baylor/33516858?outcomes=0OU83128348O14450_1
2026-01-24 18:51:35,"Baylor Bears vs Texas Horned Frogs, 2026-01-24, 06",Baylor Bears,Texas Horned Frogs,draftkings,Total,,144.5,U,+165,https://sportsbook.draftkings.com/event/tcu-%40-baylor/33516858?outcomes=0OU83128348U14450_3
2026-01-24 18:51:35,"Bradley Braves vs Illinois Chicago Flames, 2026-01-24, 08",Bradley Braves,Illinois Chicago Flames,draftkings,Total,,144.5,O,-108,https://sportsbook.draftkings.com/event/illinois-chicago-%40-bradley/33516459?outcomes=0OU83117163O14450_1
2026-01-24 18:51:35,"Bradley Braves vs Illinois Chicago Flames, 2026-01-24, 08",Bradley Braves,Illinois Chicago Flames,draftkings,Total,,144.5,U,-112,https://sportsbook.draftkings.com/event/illinois-chicago-%40-bradley/33516459?outcomes=0OU83117163U14450_3
2026-01-24 18:51:35,"Bradley Braves vs Illinois Chicago Flames, 2026-01-24, 08",Bradley Braves,Illinois Chicago Flames,draftkings,Total,,132.5,O,-410,https://sportsbook.draftkings.com/event/illinois-chicago-%40-bradley/33516459?outcomes=0OU83125305O13250_1
2026-01-24 18:51:35,"Bradley Braves vs Illinois Chicago Flames, 2026-01-24, 08",Bradley Braves,Illinois Chicago Flames,draftkings,Total,,132.5,U,+290,https://sportsbook.draftkings.com/event/illinois-chicago-%40-bradley/33516459?outcomes=0OU83125305U13250_3
2026-01-24 18:51:35,"Bradley Braves vs Illinois Chicago Flames, 2026-01-24, 08",Bradley Braves,Illinois Chicago Flames,draftkings,Total,,156.5,U,-445,https://sportsbook.draftkings.com/event/illinois-chicago-%40-bradley/33516459?outcomes=0OU83125305U15650_3
2026-01-24 18:51:35,"Bradley Braves vs Illinois Chicago Flames, 2026-01-24, 08",Bradley Braves,Illinois Chicago Flames,draftkings,Total,,156.5,O,+310,https://sportsbook.draftkings.com/event/illinois-chicago-%40-bradley/33516459?outcomes=0OU83125305O15650_1
2026-01-24 18:51:35,"Bradley Braves vs Illinois Chicago Flames, 2026-01-24, 08",Bradley Braves,Illinois Chicago Flames,draftkings,Total,,155.5,U,-395,https://sportsbook.draftkings.com/event/illinois-chicago-%40-bradley/33516459?outcomes=0OU83125305U15550_3
2026-01-24 18:51:35,"Bradley Braves vs Illinois Chicago Flames, 2026-01-24, 08",Bradley Braves,Illinois Chicago Flames,draftkings,Total,,155.5,O,+280,https://sportsbook.draftkings.com/event/illinois-chicago-%40-bradley/33516459?outcomes=0OU83125305O15550_1
2026-01-24 18:51:35,"Bradley Braves vs Illinois Chicago Flames, 2026-01-24, 08",Bradley Braves,Illinois Chicago Flames,draftkings,Total,,154.5,U,-345,https://sportsbook.draftkings.com/event/illinois-chicago-%40-bradley/33516459?outcomes=0OU83125305U15450_3
2026-01-24 18:51:35,"Bradley Braves vs Illinois Chicago Flames, 2026-01-24, 08",Bradley Braves,Illinois Chicago Flames,draftkings,Total,,153.5,U,-315,https://sportsbook.draftkings.com/event/illinois-chicago-%40-bradley/33516459?outcomes=0OU83125305U15350_3
2026-01-24 18:51:35,"Bradley Braves vs Illinois Chicago Flames, 2026-01-24, 08",Bradley Braves,Illinois Chicago Flames,draftkings,Total,,141.5,O,-145,https://sportsbook.draftkings.com/event/illinois-chicago-%40-bradley/33516459?outcomes=0OU83125305O14150_1
2026-01-24 18:51:35,"Bradley Braves vs Illinois Chicago Flames, 2026-01-24, 08",Bradley Braves,Illinois Chicago Flames,draftkings,Total,,140.5,U,+124,https://sportsbook.draftkings.com/event/illinois-chicago-%40-bradley/33516459?outcomes=0OU83125305U14050_3
2026-01-24 18:51:35,"Bradley Braves vs Illinois Chicago Flames, 2026-01-24, 08",Bradley Braves,Illinois Chicago Flames,draftkings,Total,,140.5,O,-160,https://sportsbook.draftkings.com/event/illinois-chicago-%40-bradley/33516459?outcomes=0OU83125305O14050_1
2026-01-24 18:51:35,"Bradley Braves vs Illinois Chicago Flames, 2026-01-24, 08",Bradley Braves,Illinois Chicago Flames,draftkings,Total,,139.5,U,+140,https://sportsbook.draftkings.com/event/illinois-chicago-%40-bradley/33516459?outcomes=0OU83125305U13950_3
2026-01-24 18:51:35,"Bradley Braves vs Illinois Chicago Flames, 2026-01-24, 08",Bradley Braves,Illinois Chicago Flames,draftkings,Total,,139.5,O,-180,https://sportsbook.draftkings.com/event/illinois-chicago-%40-bradley/33516459?outcomes=0OU83125305O13950_1
2026-01-24 18:51:35,"Bradley Braves vs Illinois Chicago Flames, 2026-01-24, 08",Bradley Braves,Illinois Chicago Flames,draftkings,Total,,138.5,U,+160,https://sportsbook.draftkings.com/event/illinois-chicago-%40-bradley/33516459?outcomes=0OU83125305U13850_3
2026-01-24 18:51:35,"Bradley Braves vs Illinois Chicago Flames, 2026-01-24, 08",Bradley Braves,Illinois Chicago Flames,draftkings,Total,,138.5,O,-210,https://sportsbook.draftkings.com/event/illinois-chicago-%40-bradley/33516459?outcomes=0OU83125305O13850_1
2026-01-24 18:51:35,"Bradley Braves vs Illinois Chicago Flames, 2026-01-24, 08",Bradley Braves,Illinois Chicago Flames,draftkings,Total,,137.5,U,+175,https://sportsbook.draftkings.com/event/illinois-chicago-%40-bradley/33516459?outcomes=0OU83125305U13750_3
2026-01-24 18:51:35,"Bradley Braves vs Illinois Chicago Flames, 2026-01-24, 08",Bradley Braves,Illinois Chicago Flames,draftkings,Total,,137.5,O,-230,https://sportsbook.draftkings.com/event/illinois-chicago-%40-bradley/33516459?outcomes=0OU83125305O13750_1
2026-01-24 18:51:35,"Bradley Braves vs Illinois Chicago Flames, 2026-01-24, 08",Bradley Braves,Illinois Chicago Flames,draftkings,Total,,136.5,U,+195,https://sportsbook.draftkings.com/event/illinois-chicago-%40-bradley/33516459?outcomes=0OU83125305U13650_3
2026-01-24 18:51:35,"Bradley Braves vs Illinois Chicago Flames, 2026-01-24, 08",Bradley Braves,Illinois Chicago Flames,draftkings,Total,,136.5,O,-260,https://sportsbook.draftkings.com/event/illinois-chicago-%40-bradley/33516459?outcomes=0OU83125305O13650_1
2026-01-24 18:51:35,"Bradley Braves vs Illinois Chicago Flames, 2026-01-24, 08",Bradley Braves,Illinois Chicago Flames,draftkings,Total,,135.5,U,+210,https://sportsbook.draftkings.com/event/illinois-chicago-%40-bradley/33516459?outcomes=0OU83125305U13550_3
2026-01-24 18:51:35,"Bradley Braves vs Illinois Chicago Flames, 2026-01-24, 08",Bradley Braves,Illinois Chicago Flames,draftkings,Total,,135.5,O,-280,https://sportsbook.draftkings.com/event/illinois-chicago-%40-bradley/33516459?outcomes=0OU83125305O13550_1
2026-01-24 18:51:35,"Bradley Braves vs Illinois Chicago Flames, 2026-01-24, 08",Bradley Braves,Illinois Chicago Flames,draftkings,Total,,134.5,U,+240,https://sportsbook.draftkings.com/event/illinois-chicago-%40-bradley/33516459?outcomes=0OU83125305U13450_3
2026-01-24 18:51:35,"Bradley Braves vs Illinois Chicago Flames, 2026-01-24, 08",Bradley Braves,Illinois Chicago Flames,draftkings,Total,,134.5,O,-330,https://sportsbook.draftkings.com/event/illinois-chicago-%40-bradley/33516459?outcomes=0OU83125305O13450_1
2026-01-24 18:51:35,"Bradley Braves vs Illinois Chicago Flames, 2026-01-24, 08",Bradley Braves,Illinois Chicago Flames,draftkings,Total,,133.5,U,+260,https://sportsbook.draftkings.com/event/illinois-chicago-%40-bradley/33516459?outcomes=0OU83125305U13350_3
2026-01-24 18:51:35,"Bradley Braves vs Illinois Chicago Flames, 2026-01-24, 08",Bradley Braves,Illinois Chicago Flames,draftkings,Total,,133.5,O,-360,https://sportsbook.draftkings.com/event/illinois-chicago-%40-bradley/33516459?outcomes=0OU83125305O13350_1
2026-01-24 18:51:35,"Bradley Braves vs Illinois Chicago Flames, 2026-01-24, 08",Bradley Braves,Illinois Chicago Flames,draftkings,Total,,141.5,U,+114,https://sportsbook.draftkings.com/event/illinois-chicago-%40-bradley/33516459?outcomes=0OU83125305U14150_3
2026-01-24 18:51:35,"Bradley Braves vs Illinois Chicago Flames, 2026-01-24, 08",Bradley Braves,Illinois Chicago Flames,draftkings,Total,,142.5,O,-130,https://sportsbook.draftkings.com/event/illinois-chicago-%40-bradley/33516459?outcomes=0OU83125305O14250_1
2026-01-24 18:51:35,"Bradley Braves vs Illinois Chicago Flames, 2026-01-24, 08",Bradley Braves,Illinois Chicago Flames,draftkings,Total,,142.5,U,+100,https://sportsbook.draftkings.com/event/illinois-chicago-%40-bradley/33516459?outcomes=0OU83125305U14250_3
2026-01-24 18:51:35,"Bradley Braves vs Illinois Chicago Flames, 2026-01-24, 08",Bradley Braves,Illinois Chicago Flames,draftkings,Total,,143.5,O,-125,https://sportsbook.draftkings.com/event/illinois-chicago-%40-bradley/33516459?outcomes=0OU83125305O14350_1
2026-01-24 18:51:35,"Bradley Braves vs Illinois Chicago Flames, 2026-01-24, 08",Bradley Braves,Illinois Chicago Flames,draftkings,Total,,153.5,O,+230,https://sportsbook.draftkings.com/event/illinois-chicago-%40-bradley/33516459?outcomes=0OU83125305O15350_1
2026-01-24 18:51:35,"Bradley Braves vs Illinois Chicago Flames, 2026-01-24, 08",Bradley Braves,Illinois Chicago Flames,draftkings,Total,,152.5,U,-270,https://sportsbook.draftkings.com/event/illinois-chicago-%40-bradley/33516459?outcomes=0OU83125305U15250_3
2026-01-24 18:51:35,"Bradley Braves vs Illinois Chicago Flames, 2026-01-24, 08",Bradley Braves,Illinois Chicago Flames,draftkings,Total,,152.5,O,+200,https://sportsbook.draftkings.com/event/illinois-chicago-%40-bradley/33516459?outcomes=0OU83125305O15250_1
2026-01-24 18:51:35,"Bradley Braves vs Illinois Chicago Flames, 2026-01-24, 08",Bradley Braves,Illinois Chicago Flames,draftkings,Total,,151.5,U,-245,https://sportsbook.draftkings.com/event/illinois-chicago-%40-bradley/33516459?outcomes=0OU83125305U15150_3
2026-01-24 18:51:35,"Bradley Braves vs Illinois Chicago Flames, 2026-01-24, 08",Bradley Braves,Illinois Chicago Flames,draftkings,Total,,151.5,O,+185,https://sportsbook.draftkings.com/event/illinois-chicago-%40-bradley/33516459?outcomes=0OU83125305O15150_1
2026-01-24 18:51:35,"Bradley Braves vs Illinois Chicago Flames, 2026-01-24, 08",Bradley Braves,Illinois Chicago Flames,draftkings,Total,,150.5,U,-220,https://sportsbook.draftkings.com/event/illinois-chicago-%40-bradley/33516459?outcomes=0OU83125305U15050_3
2026-01-24 18:51:35,"Bradley Braves vs Illinois Chicago Flames, 2026-01-24, 08",Bradley Braves,Illinois Chicago Flames,draftkings,Total,,150.5,O,+170,https://sportsbook.draftkings.com/event/illinois-chicago-%40-bradley/33516459?outcomes=0OU83125305O15050_1
2026-01-24 18:51:35,"Bradley Braves vs Illinois Chicago Flames, 2026-01-24, 08",Bradley Braves,Illinois Chicago Flames,draftkings,Total,,149.5,U,-200,https://sportsbook.draftkings.com/event/illinois-chicago-%40-bradley/33516459?outcomes=0OU83125305U14950_3
2026-01-24 18:51:35,"Bradley Braves vs Illinois Chicago Flames, 2026-01-24, 08",Bradley Braves,Illinois Chicago Flames,draftkings,Total,,154.5,O,+250,https://sportsbook.draftkings.com/event/illinois-chicago-%40-bradley/33516459?outcomes=0OU83125305O15450_1
2026-01-24 18:51:35,"Bradley Braves vs Illinois Chicago Flames, 2026-01-24, 08",Bradley Braves,Illinois Chicago Flames,draftkings,Total,,149.5,O,+154,https://sportsbook.draftkings.com/event/illinois-chicago-%40-bradley/33516459?outcomes=0OU83125305O14950_1
2026-01-24 18:51:35,"Bradley Braves vs Illinois Chicago Flames, 2026-01-24, 08",Bradley Braves,Illinois Chicago Flames,draftkings,Total,,148.5,O,+140,https://sportsbook.draftkings.com/event/illinois-chicago-%40-bradley/33516459?outcomes=0OU83125305O14850_1
2026-01-24 18:51:35,"Bradley Braves vs Illinois Chicago Flames, 2026-01-24, 08",Bradley Braves,Illinois Chicago Flames,draftkings,Total,,147.5,U,-160,https://sportsbook.draftkings.com/event/illinois-chicago-%40-bradley/33516459?outcomes=0OU83125305U14750_3
2026-01-24 18:51:35,"Bradley Braves vs Illinois Chicago Flames, 2026-01-24, 08",Bradley Braves,Illinois Chicago Flames,draftkings,Total,,147.5,O,+124,https://sportsbook.draftkings.com/event/illinois-chicago-%40-bradley/33516459?outcomes=0OU83125305O14750_1
2026-01-24 18:51:35,"Bradley Braves vs Illinois Chicago Flames, 2026-01-24, 08",Bradley Braves,Illinois Chicago Flames,draftkings,Total,,146.5,U,-145,https://sportsbook.draftkings.com/event/illinois-chicago-%40-bradley/33516459?outcomes=0OU83125305U14650_3
2026-01-24 18:51:35,"Bradley Braves vs Illinois Chicago Flames, 2026-01-24, 08",Bradley Braves,Illinois Chicago Flames,draftkings,Total,,146.5,O,+114,https://sportsbook.draftkings.com/event/illinois-chicago-%40-bradley/33516459?outcomes=0OU83125305O14650_1
2026-01-24 18:51:35,"Bradley Braves vs Illinois Chicago Flames, 2026-01-24, 08",Bradley Braves,Illinois Chicago Flames,draftkings,Total,,145.5,U,-130,https://sportsbook.draftkings.com/event/illinois-chicago-%40-bradley/33516459?outcomes=0OU83125305U14550_3
2026-01-24 18:51:35,"Bradley Braves vs Illinois Chicago Flames, 2026-01-24, 08",Bradley Braves,Illinois Chicago Flames,draftkings,Total,,145.5,O,+100,https://sportsbook.draftkings.com/event/illinois-chicago-%40-bradley/33516459?outcomes=0OU83125305O14550_1
2026-01-24 18:51:35,"Bradley Braves vs Illinois Chicago Flames, 2026-01-24, 08",Bradley Braves,Illinois Chicago Flames,draftkings,Total,,143.5,U,-105,https://sportsbook.draftkings.com/event/illinois-chicago-%40-bradley/33516459?outcomes=0OU83125305U14350_3
2026-01-24 18:51:35,"Bradley Braves vs Illinois Chicago Flames, 2026-01-24, 08",Bradley Braves,Illinois Chicago Flames,draftkings,Total,,148.5,U,-180,https://sportsbook.draftkings.com/event/illinois-chicago-%40-bradley/33516459?outcomes=0OU83125305U14850_3
2026-01-24 18:51:35,"Bradley Braves vs Illinois Chicago Flames, 2026-01-24, 08",Bradley Braves,Illinois Chicago Flames,fanduel,Total,,147.5,U,-170,https://sportsbook.fanduel.ca/addToBetslip?marketId=801.154283058&selectionId=7017824
2026-01-24 18:51:35,"Bradley Braves vs Illinois Chicago Flames, 2026-01-24, 08",Bradley Braves,Illinois Chicago Flames,fanduel,Total,,147.5,O,+130,https://sportsbook.fanduel.ca/addToBetslip?marketId=801.154283058&selectionId=7017823
2026-01-24 18:51:35,"Bradley Braves vs Illinois Chicago Flames, 2026-01-24, 08",Bradley Braves,Illinois Chicago Flames,fanduel,Total,,141.5,U,+114,https://sportsbook.fanduel.ca/addToBetslip?marketId=801.154283009&selectionId=7017824
2026-01-24 18:51:35,"Bradley Braves vs Illinois Chicago Flames, 2026-01-24, 08",Bradley Braves,Illinois Chicago Flames,fanduel,Total,,141.5,O,-148,https://sportsbook.fanduel.ca/addToBetslip?marketId=801.154283009&selectionId=7017823
2026-01-24 18:51:35,"Bradley Braves vs Illinois Chicago Flames, 2026-01-24, 08",Bradley Braves,Illinois Chicago Flames,fanduel,Total,,143.5,U,-105,https://sportsbook.fanduel.ca/addToBetslip?marketId=801.154229598&selectionId=7017824
2026-01-24 18:51:35,"Bradley Braves vs Illinois Chicago Flames, 2026-01-24, 08",Bradley Braves,Illinois Chicago Flames,fanduel,Total,,143.5,O,-115,https://sportsbook.fanduel.ca/addToBetslip?marketId=801.154229598&selectionId=7017823
2026-01-24 18:51:35,"Bradley Braves vs Illinois Chicago Flames, 2026-01-24, 08",Bradley Braves,Illinois Chicago Flames,fanduel,Total,,135.5,U,+220,https://sportsbook.fanduel.ca/addToBetslip?marketId=801.154283037&selectionId=7017824
2026-01-24 18:51:35,"Bradley Braves vs Illinois Chicago Flames, 2026-01-24, 08",Bradley Braves,Illinois Chicago Flames,fanduel,Total,,135.5,O,-305,https://sportsbook.fanduel.ca/addToBetslip?marketId=801.154283037&selectionId=7017823
2026-01-24 18:51:35,"Bradley Braves vs Illinois Chicago Flames, 2026-01-24, 08",Bradley Braves,Illinois Chicago Flames,fanduel,Total,,150.5,U,-235,https://sportsbook.fanduel.ca/addToBetslip?marketId=801.154283082&selectionId=7017824
2026-01-24 18:51:35,"Bradley Braves vs Illinois Chicago Flames, 2026-01-24, 08",Bradley Braves,Illinois Chicago Flames,fanduel,Total,,150.5,O,+175,https://sportsbook.fanduel.ca/addToBetslip?marketId=801.154283082&selectionId=7017823
2026-01-24 18:51:35,"Bradley Braves vs Illinois Chicago Flames, 2026-01-24, 08",Bradley Braves,Illinois Chicago Flames,fanduel,Total,,153.5,U,-320,https://sportsbook.fanduel.ca/addToBetslip?marketId=801.154283011&selectionId=7017824
2026-01-24 18:51:35,"Bradley Braves vs Illinois Chicago Flames, 2026-01-24, 08",Bradley Braves,Illinois Chicago Flames,fanduel,Total,,153.5,O,+235,https://sportsbook.fanduel.ca/addToBetslip?marketId=801.154283011&selectionId=7017823
2026-01-24 18:51:35,"Bradley Braves vs Illinois Chicago Flames, 2026-01-24, 08",Bradley Braves,Illinois Chicago Flames,fanduel,Total,,138.5,U,+162,https://sportsbook.fanduel.ca/addToBetslip?marketId=801.154283053&selectionId=7017824
2026-01-24 18:51:35,"Bradley Braves vs Illinois Chicago Flames, 2026-01-24, 08",Bradley Braves,Illinois Chicago Flames,fanduel,Total,,138.5,O,-215,https://sportsbook.fanduel.ca/addToBetslip?marketId=801.154283053&selectionId=7017823
2026-01-24 18:51:35,"Brigham Young Cougars vs Utah Utes, 2026-01-24, 05",Brigham Young Cougars,Utah Utes,fanduel,Total,,178.5,U,-320,https://sportsbook.fanduel.ca/addToBetslip?marketId=801.154280971&selectionId=7017824
2026-01-24 18:51:35,"Brigham Young Cougars vs Utah Utes, 2026-01-24, 05",Brigham Young Cougars,Utah Utes,fanduel,Total,,178.5,O,+210,https://sportsbook.fanduel.ca/addToBetslip?marketId=801.154280971&selectionId=7017823
2026-01-24 18:51:35,"Brigham Young Cougars vs Utah Utes, 2026-01-24, 05",Brigham Young Cougars,Utah Utes,fanduel,Total,,169.5,U,+140,https://sportsbook.fanduel.ca/addToBetslip?marketId=801.154280965&selectionId=7017824
2026-01-24 18:51:35,"Brigham Young Cougars vs Utah Utes, 2026-01-24, 05",Brigham Young Cougars,Utah Utes,fanduel,Total,,169.5,O,-210,https://sportsbook.fanduel.ca/addToBetslip?marketId=801.154280965&selectionId=7017823
2026-01-24 18:51:35,"Brigham Young Cougars vs Utah Utes, 2026-01-24, 05",Brigham Young Cougars,Utah Utes,fanduel,Total,,181.5,U,-600,https://sportsbook.fanduel.ca/addToBetslip?marketId=801.154280934&selectionId=7017824
2026-01-24 18:51:35,"Brigham Young Cougars vs Utah Utes, 2026-01-24, 05",Brigham Young Cougars,Utah Utes,fanduel,Total,,181.5,O,+350,https://sportsbook.fanduel.ca/addToBetslip?marketId=801.154280934&selectionId=7017823
2026-01-24 18:51:35,"Brigham Young Cougars vs Utah Utes, 2026-01-24, 05",Brigham Young Cougars,Utah Utes,fanduel,Total,,163.5,U,+410,https://sportsbook.fanduel.ca/addToBetslip?marketId=801.154280910&selectionId=7017824
2026-01-24 18:51:35,"Brigham Young Cougars vs Utah Utes, 2026-01-24, 05",Brigham Young Cougars,Utah Utes,fanduel,Total,,163.5,O,-750,https://sportsbook.fanduel.ca/addToBetslip?marketId=801.154280910&selectionId=7017823
2026-01-24 18:51:35,"Brigham Young Cougars vs Utah Utes, 2026-01-24, 05",Brigham Young Cougars,Utah Utes,fanduel,Total,,172.5,O,-122,https://sportsbook.fanduel.ca/addToBetslip?marketId=801.154215385&selectionId=7017823
2026-01-24 18:51:35,"Brigham Young Cougars vs Utah Utes, 2026-01-24, 05",Brigham Young Cougars,Utah Utes,fanduel,Total,,172.5,U,-108,https://sportsbook.fanduel.ca/addToBetslip?marketId=801.154215385&selectionId=7017824
2026-01-24 18:51:35,"Brigham Young Cougars vs Utah Utes, 2026-01-24, 05",Brigham Young Cougars,Utah Utes,fanduel,Total,,166.5,O,-380,https://sportsbook.fanduel.ca/addToBetslip?marketId=801.154280933&selectionId=7017823
2026-01-24 18:51:35,"Brigham Young Cougars vs Utah Utes, 2026-01-24, 05",Brigham Young Cougars,Utah Utes,fanduel,Total,,166.5,U,+240,https://sportsbook.fanduel.ca/addToBetslip?marketId=801.154280933&selectionId=7017824
2026-01-24 18:51:35,"Brigham Young Cougars vs Utah Utes, 2026-01-24, 05",Brigham Young Cougars,Utah Utes,fanduel,Total,,175.5,U,-180,https://sportsbook.fanduel.ca/addToBetslip?marketId=801.154280966&selectionId=7017824
2026-01-24 18:51:35,"Brigham Young Cougars vs Utah Utes, 2026-01-24, 05",Brigham Young Cougars,Utah Utes,fanduel,Total,,175.5,O,+125,https://sportsbook.fanduel.ca/addToBetslip?marketId=801.154280966&selectionId=7017823
2026-01-24 18:51:35,"Brigham Young Cougars vs Utah Utes, 2026-01-24, 05",Brigham Young Cougars,Utah Utes,draftkings,Total,,167.5,U,+245,https://sportsbook.draftkings.com/event/utah-%40-byu/33516276?outcomes=0OU83128223U16750_3
2026-01-24 18:51:35,"Brigham Young Cougars vs Utah Utes, 2026-01-24, 05",Brigham Young Cougars,Utah Utes,draftkings,Total,,168.5,U,+205,https://sportsbook.draftkings.com/event/utah-%40-byu/33516276?outcomes=0OU83128223U16850_3
2026-01-24 18:51:35,"Brigham Young Cougars vs Utah Utes, 2026-01-24, 05",Brigham Young Cougars,Utah Utes,draftkings,Total,,167.5,O,-340,https://sportsbook.draftkings.com/event/utah-%40-byu/33516276?outcomes=0OU83128223O16750_1
2026-01-24 18:51:35,"Brigham Young Cougars vs Utah Utes, 2026-01-24, 05",Brigham Young Cougars,Utah Utes,draftkings,Total,,168.5,O,-285,https://sportsbook.draftkings.com/event/utah-%40-byu/33516276?outcomes=0OU83128223O16850_1
2026-01-24 18:51:35,"Brigham Young Cougars vs Utah Utes, 2026-01-24, 05",Brigham Young Cougars,Utah Utes,draftkings,Total,,172.5,U,+105,https://sportsbook.draftkings.com/event/utah-%40-byu/33516276?outcomes=0OU83128223U17250_3
2026-01-24 18:51:35,"Brigham Young Cougars vs Utah Utes, 2026-01-24, 05",Brigham Young Cougars,Utah Utes,draftkings,Total,,172.5,O,-145,https://sportsbook.draftkings.com/event/utah-%40-byu/33516276?outcomes=0OU83128223O17250_1
2026-01-24 18:51:35,"Brigham Young Cougars vs Utah Utes, 2026-01-24, 05",Brigham Young Cougars,Utah Utes,draftkings,Total,,171.5,U,+125,https://sportsbook.draftkings.com/event/utah-%40-byu/33516276?outcomes=0OU83128223U17150_3
2026-01-24 18:51:35,"Brigham Young Cougars vs Utah Utes, 2026-01-24, 05",Brigham Young Cougars,Utah Utes,draftkings,Total,,171.5,O,-165,https://sportsbook.draftkings.com/event/utah-%40-byu/33516276?outcomes=0OU83128223O17150_1
2026-01-24 18:51:35,"Brigham Young Cougars vs Utah Utes, 2026-01-24, 05",Brigham Young Cougars,Utah Utes,draftkings,Total,,169.5,U,+175,https://sportsbook.draftkings.com/event/utah-%40-byu/33516276?outcomes=0OU83128223U16950_3
2026-01-24 18:51:35,"Brigham Young Cougars vs Utah Utes, 2026-01-24, 05",Brigham Young Cougars,Utah Utes,draftkings,Total,,169.5,O,-235,https://sportsbook.draftkings.com/event/utah-%40-byu/33516276?outcomes=0OU83128223O16950_1
2026-01-24 18:51:35,"Brigham Young Cougars vs Utah Utes, 2026-01-24, 05",Brigham Young Cougars,Utah Utes,draftkings,Total,,170.5,U,+145,https://sportsbook.draftkings.com/event/utah-%40-byu/33516276?outcomes=0OU83128223U17050_3
2026-01-24 18:51:35,"Brigham Young Cougars vs Utah Utes, 2026-01-24, 05",Brigham Young Cougars,Utah Utes,draftkings,Total,,170.5,O,-195,https://sportsbook.draftkings.com/event/utah-%40-byu/33516276?outcomes=0OU83128223O17050_1
2026-01-24 18:51:35,"California Baptist Lancers vs Utah Valley Wolverines, 2026-01-24, 08",California Baptist Lancers,Utah Valley Wolverines,draftkings,Total,,141.5,U,+175,https://sportsbook.draftkings.com/event/utah-valley-%40-california-baptist/33516437?outcomes=0OU83125341U14150_3
2026-01-24 18:51:35,"California Baptist Lancers vs Utah Valley Wolverines, 2026-01-24, 08",California Baptist Lancers,Utah Valley Wolverines,draftkings,Total,,141.5,O,-230,https://sportsbook.draftkings.com/event/utah-valley-%40-california-baptist/33516437?outcomes=0OU83125341O14150_1
2026-01-24 18:51:35,"California Baptist Lancers vs Utah Valley Wolverines, 2026-01-24, 08",California Baptist Lancers,Utah Valley Wolverines,draftkings,Total,,140.5,U,+190,https://sportsbook.draftkings.com/event/utah-valley-%40-california-baptist/33516437?outcomes=0OU83125341U14050_3
2026-01-24 18:51:35,"California Baptist Lancers vs Utah Valley Wolverines, 2026-01-24, 08",California Baptist Lancers,Utah Valley Wolverines,draftkings,Total,,140.5,O,-250,https://sportsbook.draftkings.com/event/utah-valley-%40-california-baptist/33516437?outcomes=0OU83125341O14050_1
2026-01-24 18:51:35,"California Baptist Lancers vs Utah Valley Wolverines, 2026-01-24, 08",California Baptist Lancers,Utah Valley Wolverines,draftkings,Total,,139.5,U,+210,https://sportsbook.draftkings.com/event/utah-valley-%40-california-baptist/33516437?outcomes=0OU83125341U13950_3
2026-01-24 18:51:35,"California Baptist Lancers vs Utah Valley Wolverines, 2026-01-24, 08",California Baptist Lancers,Utah Valley Wolverines,draftkings,Total,,139.5,O,-280,https://sportsbook.draftkings.com/event/utah-valley-%40-california-baptist/33516437?outcomes=0OU83125341O13950_1
2026-01-24 18:51:35,"California Baptist Lancers vs Utah Valley Wolverines, 2026-01-24, 08",California Baptist Lancers,Utah Valley Wolverines,draftkings,Total,,138.5,U,+230,https://sportsbook.draftkings.com/event/utah-valley-%40-california-baptist/33516437?outcomes=0OU83125341U13850_3
2026-01-24 18:51:35,"California Baptist Lancers vs Utah Valley Wolverines, 2026-01-24, 08",California Baptist Lancers,Utah Valley Wolverines,draftkings,Total,,138.5,O,-315,https://sportsbook.draftkings.com/event/utah-valley-%40-california-baptist/33516437?outcomes=0OU83125341O13850_1
2026-01-24 18:51:35,"California Baptist Lancers vs Utah Valley Wolverines, 2026-01-24, 08",California Baptist Lancers,Utah Valley Wolverines,draftkings,Total,,137.5,U,+260,https://sportsbook.draftkings.com/event/utah-valley-%40-california-baptist/33516437?outcomes=0OU83125341U13750_3
2026-01-24 18:51:35,"California Baptist Lancers vs Utah Valley Wolverines, 2026-01-24, 08",California Baptist Lancers,Utah Valley Wolverines,draftkings,Total,,137.5,O,-360,https://sportsbook.draftkings.com/event/utah-valley-%40-california-baptist/33516437?outcomes=0OU83125341O13750_1
2026-01-24 18:51:35,"California Baptist Lancers vs Utah Valley Wolverines, 2026-01-24, 08",California Baptist Lancers,Utah Valley Wolverines,draftkings,Total,,136.5,U,+290,https://sportsbook.draftkings.com/event/utah-valley-%40-california-baptist/33516437?outcomes=0OU83125341U13650_3
2026-01-24 18:51:35,"California Baptist Lancers vs Utah Valley Wolverines, 2026-01-24, 08",California Baptist Lancers,Utah Valley Wolverines,draftkings,Total,,136.5,O,-410,https://sportsbook.draftkings.com/event/utah-valley-%40-california-baptist/33516437?outcomes=0OU83125341O13650_1
2026-01-24 18:51:35,"California Baptist Lancers vs Utah Valley Wolverines, 2026-01-24, 08",California Baptist Lancers,Utah Valley Wolverines,draftkings,Total,,148.5,U,-115,https://sportsbook.draftkings.com/event/utah-valley-%40-california-baptist/33516437?outcomes=0OU83117137U14850_3
2026-01-24 18:51:35,"California Baptist Lancers vs Utah Valley Wolverines, 2026-01-24, 08",California Baptist Lancers,Utah Valley Wolverines,draftkings,Total,,148.5,O,-105,https://sportsbook.draftkings.com/event/utah-valley-%40-california-baptist/33516437?outcomes=0OU83117137O14850_1
2026-01-24 18:51:35,"California Baptist Lancers vs Utah Valley Wolverines, 2026-01-24, 08",California Baptist Lancers,Utah Valley Wolverines,draftkings,Total,,142.5,O,-210,https://sportsbook.draftkings.com/event/utah-valley-%40-california-baptist/33516437?outcomes=0OU83125341O14250_1
2026-01-24 18:51:35,"California Baptist Lancers vs Utah Valley Wolverines, 2026-01-24, 08",California Baptist Lancers,Utah Valley Wolverines,draftkings,Total,,142.5,U,+160,https://sportsbook.draftkings.com/event/utah-valley-%40-california-baptist/33516437?outcomes=0OU83125341U14250_3
2026-01-24 18:51:35,"California Baptist Lancers vs Utah Valley Wolverines, 2026-01-24, 08",California Baptist Lancers,Utah Valley Wolverines,draftkings,Total,,143.5,O,-188,https://sportsbook.draftkings.com/event/utah-valley-%40-california-baptist/33516437?outcomes=0OU83125341O14350_1
2026-01-24 18:51:35,"California Baptist Lancers vs Utah Valley Wolverines, 2026-01-24, 08",California Baptist Lancers,Utah Valley Wolverines,draftkings,Total,,143.5,U,+145,https://sportsbook.draftkings.com/event/utah-valley-%40-california-baptist/33516437?outcomes=0OU83125341U14350_3
2026-01-24 18:51:35,"California Baptist Lancers vs Utah Valley Wolverines, 2026-01-24, 08",California Baptist Lancers,Utah Valley Wolverines,draftkings,Total,,153.5,U,-195,https://sportsbook.draftkings.com/event/utah-valley-%40-california-baptist/33516437?outcomes=0OU83125341U15350_3
2026-01-24 18:51:35,"California Baptist Lancers vs Utah Valley Wolverines, 2026-01-24, 08",California Baptist Lancers,Utah Valley Wolverines,draftkings,Total,,153.5,O,+150,https://sportsbook.draftkings.com/event/utah-valley-%40-california-baptist/33516437?outcomes=0OU83125341O15350_1
2026-01-24 18:51:35,"California Baptist Lancers vs Utah Valley Wolverines, 2026-01-24, 08",California Baptist Lancers,Utah Valley Wolverines,draftkings,Total,,152.5,U,-175,https://sportsbook.draftkings.com/event/utah-valley-%40-california-baptist/33516437?outcomes=0OU83125341U15250_3
2026-01-24 18:51:35,"California Baptist Lancers vs Utah Valley Wolverines, 2026-01-24, 08",California Baptist Lancers,Utah Valley Wolverines,draftkings,Total,,152.5,O,+135,https://sportsbook.draftkings.com/event/utah-valley-%40-california-baptist/33516437?outcomes=0OU83125341O15250_1
2026-01-24 18:51:35,"California Baptist Lancers vs Utah Valley Wolverines, 2026-01-24, 08",California Baptist Lancers,Utah Valley Wolverines,draftkings,Total,,151.5,U,-160,https://sportsbook.draftkings.com/event/utah-valley-%40-california-baptist/33516437?outcomes=0OU83125341U15150_3
2026-01-24 18:51:35,"California Baptist Lancers vs Utah Valley Wolverines, 2026-01-24, 08",California Baptist Lancers,Utah Valley Wolverines,draftkings,Total,,151.5,O,+124,https://sportsbook.draftkings.com/event/utah-valley-%40-california-baptist/33516437?outcomes=0OU83125341O15150_1
2026-01-24 18:51:35,"California Baptist Lancers vs Utah Valley Wolverines, 2026-01-24, 08",California Baptist Lancers,Utah Valley Wolverines,draftkings,Total,,150.5,U,-140,https://sportsbook.draftkings.com/event/utah-valley-%40-california-baptist/33516437?outcomes=0OU83125341U15050_3
2026-01-24 18:51:35,"California Baptist Lancers vs Utah Valley Wolverines, 2026-01-24, 08",California Baptist Lancers,Utah Valley Wolverines,draftkings,Total,,150.5,O,+110,https://sportsbook.draftkings.com/event/utah-valley-%40-california-baptist/33516437?outcomes=0OU83125341O15050_1
2026-01-24 18:51:35,"California Baptist Lancers vs Utah Valley Wolverines, 2026-01-24, 08",California Baptist Lancers,Utah Valley Wolverines,draftkings,Total,,149.5,U,-130,https://sportsbook.draftkings.com/event/utah-valley-%40-california-baptist/33516437?outcomes=0OU83125341U14950_3
2026-01-24 18:51:35,"California Baptist Lancers vs Utah Valley Wolverines, 2026-01-24, 08",California Baptist Lancers,Utah Valley Wolverines,draftkings,Total,,147.5,U,-105,https://sportsbook.draftkings.com/event/utah-valley-%40-california-baptist/33516437?outcomes=0OU83125341U14750_3
2026-01-24 18:51:35,"California Baptist Lancers vs Utah Valley Wolverines, 2026-01-24, 08",California Baptist Lancers,Utah Valley Wolverines,draftkings,Total,,147.5,O,-125,https://sportsbook.draftkings.com/event/utah-valley-%40-california-baptist/33516437?outcomes=0OU83125341O14750_1
2026-01-24 18:51:35,"California Baptist Lancers vs Utah Valley Wolverines, 2026-01-24, 08",California Baptist Lancers,Utah Valley Wolverines,draftkings,Total,,146.5,U,+105,https://sportsbook.draftkings.com/event/utah-valley-%40-california-baptist/33516437?outcomes=0OU83125341U14650_3
2026-01-24 18:51:35,"California Baptist Lancers vs Utah Valley Wolverines, 2026-01-24, 08",California Baptist Lancers,Utah Valley Wolverines,draftkings,Total,,146.5,O,-135,https://sportsbook.draftkings.com/event/utah-valley-%40-california-baptist/33516437?outcomes=0OU83125341O14650_1
2026-01-24 18:51:35,"California Baptist Lancers vs Utah Valley Wolverines, 2026-01-24, 08",California Baptist Lancers,Utah Valley Wolverines,draftkings,Total,,145.5,U,+120,https://sportsbook.draftkings.com/event/utah-valley-%40-california-baptist/33516437?outcomes=0OU83125341U14550_3
2026-01-24 18:51:35,"California Baptist Lancers vs Utah Valley Wolverines, 2026-01-24, 08",California Baptist Lancers,Utah Valley Wolverines,draftkings,Total,,145.5,O,-154,https://sportsbook.draftkings.com/event/utah-valley-%40-california-baptist/33516437?outcomes=0OU83125341O14550_1
2026-01-24 18:51:35,"California Baptist Lancers vs Utah Valley Wolverines, 2026-01-24, 08",California Baptist Lancers,Utah Valley Wolverines,draftkings,Total,,144.5,U,+130,https://sportsbook.draftkings.com/event/utah-valley-%40-california-baptist/33516437?outcomes=0OU83125341U14450_3
2026-01-24 18:51:35,"California Baptist Lancers vs Utah Valley Wolverines, 2026-01-24, 08",California Baptist Lancers,Utah Valley Wolverines,draftkings,Total,,144.5,O,-166,https://sportsbook.draftkings.com/event/utah-valley-%40-california-baptist/33516437?outcomes=0OU83125341O14450_1
2026-01-24 18:51:35,"California Baptist Lancers vs Utah Valley Wolverines, 2026-01-24, 08",California Baptist Lancers,Utah Valley Wolverines,draftkings,Total,,149.5,O,+100,https://sportsbook.draftkings.com/event/utah-valley-%40-california-baptist/33516437?outcomes=0OU83125341O14950_1
2026-01-24 18:51:35,"California Baptist Lancers vs Utah Valley Wolverines, 2026-01-24, 08",California Baptist Lancers,Utah Valley Wolverines,draftkings,Total,,154.5,O,+165,https://sportsbook.draftkings.com/event/utah-valley-%40-california-baptist/33516437?outcomes=0OU83125341O15450_1
2026-01-24 18:51:35,"California Baptist Lancers vs Utah Valley Wolverines, 2026-01-24, 08",California Baptist Lancers,Utah Valley Wolverines,draftkings,Total,,154.5,U,-215,https://sportsbook.draftkings.com/event/utah-valley-%40-california-baptist/33516437?outcomes=0OU83125341U15450_3
2026-01-24 18:51:35,"California Baptist Lancers vs Utah Valley Wolverines, 2026-01-24, 08",California Baptist Lancers,Utah Valley Wolverines,draftkings,Total,,155.5,O,+180,https://sportsbook.draftkings.com/event/utah-valley-%40-california-baptist/33516437?outcomes=0OU83125341O15550_1
2026-01-24 18:51:35,"California Baptist Lancers vs Utah Valley Wolverines, 2026-01-24, 08",California Baptist Lancers,Utah Valley Wolverines,draftkings,Total,,155.5,U,-238,https://sportsbook.draftkings.com/event/utah-valley-%40-california-baptist/33516437?outcomes=0OU83125341U15550_3
2026-01-24 18:51:35,"California Baptist Lancers vs Utah Valley Wolverines, 2026-01-24, 08",California Baptist Lancers,Utah Valley Wolverines,draftkings,Total,,160.5,U,-425,https://sportsbook.draftkings.com/event/utah-valley-%40-california-baptist/33516437?outcomes=0OU83125341U16050_3
2026-01-24 18:51:35,"California Baptist Lancers vs Utah Valley Wolverines, 2026-01-24, 08",California Baptist Lancers,Utah Valley Wolverines,draftkings,Total,,159.5,U,-375,https://sportsbook.draftkings.com/event/utah-valley-%40-california-baptist/33516437?outcomes=0OU83125341U15950_3
2026-01-24 18:51:35,"California Baptist Lancers vs Utah Valley Wolverines, 2026-01-24, 08",California Baptist Lancers,Utah Valley Wolverines,draftkings,Total,,159.5,O,+270,https://sportsbook.draftkings.com/event/utah-valley-%40-california-baptist/33516437?outcomes=0OU83125341O15950_1
2026-01-24 18:51:35,"California Baptist Lancers vs Utah Valley Wolverines, 2026-01-24, 08",California Baptist Lancers,Utah Valley Wolverines,draftkings,Total,,158.5,U,-330,https://sportsbook.draftkings.com/event/utah-valley-%40-california-baptist/33516437?outcomes=0OU83125341U15850_3
2026-01-24 18:51:35,"California Baptist Lancers vs Utah Valley Wolverines, 2026-01-24, 08",California Baptist Lancers,Utah Valley Wolverines,draftkings,Total,,158.5,O,+240,https://sportsbook.draftkings.com/event/utah-valley-%40-california-baptist/33516437?outcomes=0OU83125341O15850_1
2026-01-24 18:51:35,"California Baptist Lancers vs Utah Valley Wolverines, 2026-01-24, 08",California Baptist Lancers,Utah Valley Wolverines,draftkings,Total,,157.5,U,-298,https://sportsbook.draftkings.com/event/utah-valley-%40-california-baptist/33516437?outcomes=0OU83125341U15750_3
2026-01-24 18:51:35,"California Baptist Lancers vs Utah Valley Wolverines, 2026-01-24, 08",California Baptist Lancers,Utah Valley Wolverines,draftkings,Total,,157.5,O,+220,https://sportsbook.draftkings.com/event/utah-valley-%40-california-baptist/33516437?outcomes=0OU83125341O15750_1
2026-01-24 18:51:35,"California Baptist Lancers vs Utah Valley Wolverines, 2026-01-24, 08",California Baptist Lancers,Utah Valley Wolverines,draftkings,Total,,156.5,U,-270,https://sportsbook.draftkings.com/event/utah-valley-%40-california-baptist/33516437?outcomes=0OU83125341U15650_3
2026-01-24 18:51:35,"California Baptist Lancers vs Utah Valley Wolverines, 2026-01-24, 08",California Baptist Lancers,Utah Valley Wolverines,draftkings,Total,,156.5,O,+200,https://sportsbook.draftkings.com/event/utah-valley-%40-california-baptist/33516437?outcomes=0OU83125341O15650_1
2026-01-24 18:51:35,"California Baptist Lancers vs Utah Valley Wolverines, 2026-01-24, 08",California Baptist Lancers,Utah Valley Wolverines,draftkings,Total,,160.5,O,+300,https://sportsbook.draftkings.com/event/utah-valley-%40-california-baptist/33516437?outcomes=0OU83125341O16050_1
2026-01-24 18:51:35,"California Baptist Lancers vs Utah Valley Wolverines, 2026-01-24, 08",California Baptist Lancers,Utah Valley Wolverines,fanduel,Total,,156.5,U,-290,https://sportsbook.fanduel.ca/addToBetslip?marketId=801.154282366&selectionId=7017824
2026-01-24 18:51:35,"California Baptist Lancers vs Utah Valley Wolverines, 2026-01-24, 08",California Baptist Lancers,Utah Valley Wolverines,fanduel,Total,,156.5,O,+210,https://sportsbook.fanduel.ca/addToBetslip?marketId=801.154282366&selectionId=7017823
2026-01-24 18:51:35,"California Baptist Lancers vs Utah Valley Wolverines, 2026-01-24, 08",California Baptist Lancers,Utah Valley Wolverines,fanduel,Total,,144.5,U,+128,https://sportsbook.fanduel.ca/addToBetslip?marketId=801.154282406&selectionId=7017824
2026-01-24 18:51:35,"California Baptist Lancers vs Utah Valley Wolverines, 2026-01-24, 08",California Baptist Lancers,Utah Valley Wolverines,fanduel,Total,,144.5,O,-168,https://sportsbook.fanduel.ca/addToBetslip?marketId=801.154282406&selectionId=7017823
2026-01-24 18:51:35,"California Baptist Lancers vs Utah Valley Wolverines, 2026-01-24, 08",California Baptist Lancers,Utah Valley Wolverines,fanduel,Total,,153.5,U,-215,https://sportsbook.fanduel.ca/addToBetslip?marketId=801.154282364&selectionId=7017824
2026-01-24 18:51:35,"California Baptist Lancers vs Utah Valley Wolverines, 2026-01-24, 08",California Baptist Lancers,Utah Valley Wolverines,fanduel,Total,,153.5,O,+162,https://sportsbook.fanduel.ca/addToBetslip?marketId=801.154282364&selectionId=7017823
2026-01-24 18:51:35,"California Baptist Lancers vs Utah Valley Wolverines, 2026-01-24, 08",California Baptist Lancers,Utah Valley Wolverines,fanduel,Total,,147.5,U,-105,https://sportsbook.fanduel.ca/addToBetslip?marketId=801.154229616&selectionId=7017824
2026-01-24 18:51:35,"California Baptist Lancers vs Utah Valley Wolverines, 2026-01-24, 08",California Baptist Lancers,Utah Valley Wolverines,fanduel,Total,,147.5,O,-115,https://sportsbook.fanduel.ca/addToBetslip?marketId=801.154229616&selectionId=7017823
2026-01-24 18:51:35,"California Baptist Lancers vs Utah Valley Wolverines, 2026-01-24, 08",California Baptist Lancers,Utah Valley Wolverines,fanduel,Total,,138.5,O,-335,https://sportsbook.fanduel.ca/addToBetslip?marketId=801.154282390&selectionId=7017823
2026-01-24 18:51:35,"California Baptist Lancers vs Utah Valley Wolverines, 2026-01-24, 08",California Baptist Lancers,Utah Valley Wolverines,fanduel,Total,,138.5,U,+240,https://sportsbook.fanduel.ca/addToBetslip?marketId=801.154282390&selectionId=7017824
2026-01-24 18:51:35,"California Baptist Lancers vs Utah Valley Wolverines, 2026-01-24, 08",California Baptist Lancers,Utah Valley Wolverines,fanduel,Total,,141.5,O,-240,https://sportsbook.fanduel.ca/addToBetslip?marketId=801.154282362&selectionId=7017823
2026-01-24 18:51:35,"California Baptist Lancers vs Utah Valley Wolverines, 2026-01-24, 08",California Baptist Lancers,Utah Valley Wolverines,fanduel,Total,,141.5,U,+178,https://sportsbook.fanduel.ca/addToBetslip?marketId=801.154282362&selectionId=7017824
2026-01-24 18:51:35,"California Baptist Lancers vs Utah Valley Wolverines, 2026-01-24, 08",California Baptist Lancers,Utah Valley Wolverines,fanduel,Total,,150.5,U,-152,https://sportsbook.fanduel.ca/addToBetslip?marketId=801.154282381&selectionId=7017824
2026-01-24 18:51:35,"California Baptist Lancers vs Utah Valley Wolverines, 2026-01-24, 08",California Baptist Lancers,Utah Valley Wolverines,fanduel,Total,,150.5,O,+116,https://sportsbook.fanduel.ca/addToBetslip?marketId=801.154282381&selectionId=7017823
2026-01-24 18:51:35,"California Polytechnic Mustangs vs Cal State Fullerton Titans, 2026-01-24, 07",California Polytechnic Mustangs,Cal State Fullerton Titans,draftkings,Total,,185.5,U,-345,https://sportsbook.draftkings.com/event/cal-state-fullerton-%40-cal-poly/33516481?outcomes=0OU83125282U18550_3
2026-01-24 18:51:35,"California Polytechnic Mustangs vs Cal State Fullerton Titans, 2026-01-24, 07",California Polytechnic Mustangs,Cal State Fullerton Titans,draftkings,Total,,185.5,O,+250,https://sportsbook.draftkings.com/event/cal-state-fullerton-%40-cal-poly/33516481?outcomes=0OU83125282O18550_1
2026-01-24 18:51:35,"California Polytechnic Mustangs vs Cal State Fullerton Titans, 2026-01-24, 07",California Polytechnic Mustangs,Cal State Fullerton Titans,draftkings,Total,,184.5,U,-315,https://sportsbook.draftkings.com/event/cal-state-fullerton-%40-cal-poly/33516481?outcomes=0OU83125282U18450_3
2026-01-24 18:51:35,"California Polytechnic Mustangs vs Cal State Fullerton Titans, 2026-01-24, 07",California Polytechnic Mustangs,Cal State Fullerton Titans,draftkings,Total,,184.5,O,+230,https://sportsbook.draftkings.com/event/cal-state-fullerton-%40-cal-poly/33516481?outcomes=0OU83125282O18450_1
2026-01-24 18:51:35,"California Polytechnic Mustangs vs Cal State Fullerton Titans, 2026-01-24, 07",California Polytechnic Mustangs,Cal State Fullerton Titans,draftkings,Total,,183.5,U,-280,https://sportsbook.draftkings.com/event/cal-state-fullerton-%40-cal-poly/33516481?outcomes=0OU83125282U18350_3
2026-01-24 18:51:35,"California Polytechnic Mustangs vs Cal State Fullerton Titans, 2026-01-24, 07",California Polytechnic Mustangs,Cal State Fullerton Titans,draftkings,Total,,183.5,O,+210,https://sportsbook.draftkings.com/event/cal-state-fullerton-%40-cal-poly/33516481?outcomes=0OU83125282O18350_1
2026-01-24 18:51:35,"California Polytechnic Mustangs vs Cal State Fullerton Titans, 2026-01-24, 07",California Polytechnic Mustangs,Cal State Fullerton Titans,draftkings,Total,,182.5,U,-260,https://sportsbook.draftkings.com/event/cal-state-fullerton-%40-cal-poly/33516481?outcomes=0OU83125282U18250_3
2026-01-24 18:51:35,"California Polytechnic Mustangs vs Cal State Fullerton Titans, 2026-01-24, 07",California Polytechnic Mustangs,Cal State Fullerton Titans,draftkings,Total,,182.5,O,+195,https://sportsbook.draftkings.com/event/cal-state-fullerton-%40-cal-poly/33516481?outcomes=0OU83125282O18250_1
2026-01-24 18:51:35,"California Polytechnic Mustangs vs Cal State Fullerton Titans, 2026-01-24, 07",California Polytechnic Mustangs,Cal State Fullerton Titans,draftkings,Total,,181.5,O,+180,https://sportsbook.draftkings.com/event/cal-state-fullerton-%40-cal-poly/33516481?outcomes=0OU83125282O18150_1
2026-01-24 18:51:35,"California Polytechnic Mustangs vs Cal State Fullerton Titans, 2026-01-24, 07",California Polytechnic Mustangs,Cal State Fullerton Titans,draftkings,Total,,181.5,U,-238,https://sportsbook.draftkings.com/event/cal-state-fullerton-%40-cal-poly/33516481?outcomes=0OU83125282U18150_3
2026-01-24 18:51:35,"California Polytechnic Mustangs vs Cal State Fullerton Titans, 2026-01-24, 07",California Polytechnic Mustangs,Cal State Fullerton Titans,draftkings,Total,,169.5,O,-166,https://sportsbook.draftkings.com/event/cal-state-fullerton-%40-cal-poly/33516481?outcomes=0OU83125282O16950_1
2026-01-24 18:51:35,"California Polytechnic Mustangs vs Cal State Fullerton Titans, 2026-01-24, 07",California Polytechnic Mustangs,Cal State Fullerton Titans,draftkings,Total,,168.5,U,+145,https://sportsbook.draftkings.com/event/cal-state-fullerton-%40-cal-poly/33516481?outcomes=0OU83125282U16850_3
2026-01-24 18:51:35,"California Polytechnic Mustangs vs Cal State Fullerton Titans, 2026-01-24, 07",California Polytechnic Mustangs,Cal State Fullerton Titans,draftkings,Total,,168.5,O,-188,https://sportsbook.draftkings.com/event/cal-state-fullerton-%40-cal-poly/33516481?outcomes=0OU83125282O16850_1
2026-01-24 18:51:35,"California Polytechnic Mustangs vs Cal State Fullerton Titans, 2026-01-24, 07",California Polytechnic Mustangs,Cal State Fullerton Titans,draftkings,Total,,167.5,U,+154,https://sportsbook.draftkings.com/event/cal-state-fullerton-%40-cal-poly/33516481?outcomes=0OU83125282U16750_3
2026-01-24 18:51:35,"California Polytechnic Mustangs vs Cal State Fullerton Titans, 2026-01-24, 07",California Polytechnic Mustangs,Cal State Fullerton Titans,draftkings,Total,,167.5,O,-200,https://sportsbook.draftkings.com/event/cal-state-fullerton-%40-cal-poly/33516481?outcomes=0OU83125282O16750_1
2026-01-24 18:51:35,"California Polytechnic Mustangs vs Cal State Fullerton Titans, 2026-01-24, 07",California Polytechnic Mustangs,Cal State Fullerton Titans,draftkings,Total,,166.5,U,+170,https://sportsbook.draftkings.com/event/cal-state-fullerton-%40-cal-poly/33516481?outcomes=0OU83125282U16650_3
2026-01-24 18:51:35,"California Polytechnic Mustangs vs Cal State Fullerton Titans, 2026-01-24, 07",California Polytechnic Mustangs,Cal State Fullerton Titans,draftkings,Total,,166.5,O,-220,https://sportsbook.draftkings.com/event/cal-state-fullerton-%40-cal-poly/33516481?outcomes=0OU83125282O16650_1
2026-01-24 18:51:35,"California Polytechnic Mustangs vs Cal State Fullerton Titans, 2026-01-24, 07",California Polytechnic Mustangs,Cal State Fullerton Titans,draftkings,Total,,165.5,U,+185,https://sportsbook.draftkings.com/event/cal-state-fullerton-%40-cal-poly/33516481?outcomes=0OU83125282U16550_3
2026-01-24 18:51:35,"California Polytechnic Mustangs vs Cal State Fullerton Titans, 2026-01-24, 07",California Polytechnic Mustangs,Cal State Fullerton Titans,draftkings,Total,,165.5,O,-245,https://sportsbook.draftkings.com/event/cal-state-fullerton-%40-cal-poly/33516481?outcomes=0OU83125282O16550_1
2026-01-24 18:51:35,"California Polytechnic Mustangs vs Cal State Fullerton Titans, 2026-01-24, 07",California Polytechnic Mustangs,Cal State Fullerton Titans,draftkings,Total,,164.5,U,+200,https://sportsbook.draftkings.com/event/cal-state-fullerton-%40-cal-poly/33516481?outcomes=0OU83125282U16450_3
2026-01-24 18:51:35,"California Polytechnic Mustangs vs Cal State Fullerton Titans, 2026-01-24, 07",California Polytechnic Mustangs,Cal State Fullerton Titans,draftkings,Total,,164.5,O,-270,https://sportsbook.draftkings.com/event/cal-state-fullerton-%40-cal-poly/33516481?outcomes=0OU83125282O16450_1
2026-01-24 18:51:35,"California Polytechnic Mustangs vs Cal State Fullerton Titans, 2026-01-24, 07",California Polytechnic Mustangs,Cal State Fullerton Titans,draftkings,Total,,163.5,U,+220,https://sportsbook.draftkings.com/event/cal-state-fullerton-%40-cal-poly/33516481?outcomes=0OU83125282U16350_3
2026-01-24 18:51:35,"California Polytechnic Mustangs vs Cal State Fullerton Titans, 2026-01-24, 07",California Polytechnic Mustangs,Cal State Fullerton Titans,draftkings,Total,,163.5,O,-298,https://sportsbook.draftkings.com/event/cal-state-fullerton-%40-cal-poly/33516481?outcomes=0OU83125282O16350_1
2026-01-24 18:51:35,"California Polytechnic Mustangs vs Cal State Fullerton Titans, 2026-01-24, 07",California Polytechnic Mustangs,Cal State Fullerton Titans,draftkings,Total,,162.5,U,+240,https://sportsbook.draftkings.com/event/cal-state-fullerton-%40-cal-poly/33516481?outcomes=0OU83125282U16250_3
2026-01-24 18:51:35,"California Polytechnic Mustangs vs Cal State Fullerton Titans, 2026-01-24, 07",California Polytechnic Mustangs,Cal State Fullerton Titans,draftkings,Total,,162.5,O,-330,https://sportsbook.draftkings.com/event/cal-state-fullerton-%40-cal-poly/33516481?outcomes=0OU83125282O16250_1
2026-01-24 18:51:35,"California Polytechnic Mustangs vs Cal State Fullerton Titans, 2026-01-24, 07",California Polytechnic Mustangs,Cal State Fullerton Titans,draftkings,Total,,161.5,U,+270,https://sportsbook.draftkings.com/event/cal-state-fullerton-%40-cal-poly/33516481?outcomes=0OU83125282U16150_3
2026-01-24 18:51:35,"California Polytechnic Mustangs vs Cal State Fullerton Titans, 2026-01-24, 07",California Polytechnic Mustangs,Cal State Fullerton Titans,draftkings,Total,,161.5,O,-375,https://sportsbook.draftkings.com/event/cal-state-fullerton-%40-cal-poly/33516481?outcomes=0OU83125282O16150_1
2026-01-24 18:51:35,"California Polytechnic Mustangs vs Cal State Fullerton Titans, 2026-01-24, 07",California Polytechnic Mustangs,Cal State Fullerton Titans,draftkings,Total,,169.5,U,+130,https://sportsbook.draftkings.com/event/cal-state-fullerton-%40-cal-poly/33516481?outcomes=0OU83125282U16950_3
2026-01-24 18:51:35,"California Polytechnic Mustangs vs Cal State Fullerton Titans, 2026-01-24, 07",California Polytechnic Mustangs,Cal State Fullerton Titans,draftkings,Total,,170.5,O,-154,https://sportsbook.draftkings.com/event/cal-state-fullerton-%40-cal-poly/33516481?outcomes=0OU83125282O17050_1
2026-01-24 18:51:35,"California Polytechnic Mustangs vs Cal State Fullerton Titans, 2026-01-24, 07",California Polytechnic Mustangs,Cal State Fullerton Titans,draftkings,Total,,170.5,U,+120,https://sportsbook.draftkings.com/event/cal-state-fullerton-%40-cal-poly/33516481?outcomes=0OU83125282U17050_3
2026-01-24 18:51:35,"California Polytechnic Mustangs vs Cal State Fullerton Titans, 2026-01-24, 07",California Polytechnic Mustangs,Cal State Fullerton Titans,draftkings,Total,,171.5,O,-140,https://sportsbook.draftkings.com/event/cal-state-fullerton-%40-cal-poly/33516481?outcomes=0OU83125282O17150_1
2026-01-24 18:51:35,"California Polytechnic Mustangs vs Cal State Fullerton Titans, 2026-01-24, 07",California Polytechnic Mustangs,Cal State Fullerton Titans,draftkings,Total,,180.5,U,-215,https://sportsbook.draftkings.com/event/cal-state-fullerton-%40-cal-poly/33516481?outcomes=0OU83125282U18050_3
2026-01-24 18:51:35,"California Polytechnic Mustangs vs Cal State Fullerton Titans, 2026-01-24, 07",California Polytechnic Mustangs,Cal State Fullerton Titans,draftkings,Total,,180.5,O,+165,https://sportsbook.draftkings.com/event/cal-state-fullerton-%40-cal-poly/33516481?outcomes=0OU83125282O18050_1
2026-01-24 18:51:35,"California Polytechnic Mustangs vs Cal State Fullerton Titans, 2026-01-24, 07",California Polytechnic Mustangs,Cal State Fullerton Titans,draftkings,Total,,179.5,U,-195,https://sportsbook.draftkings.com/event/cal-state-fullerton-%40-cal-poly/33516481?outcomes=0OU83125282U17950_3
2026-01-24 18:51:35,"California Polytechnic Mustangs vs Cal State Fullerton Titans, 2026-01-24, 07",California Polytechnic Mustangs,Cal State Fullerton Titans,draftkings,Total,,179.5,O,+150,https://sportsbook.draftkings.com/event/cal-state-fullerton-%40-cal-poly/33516481?outcomes=0OU83125282O17950_1
2026-01-24 18:51:35,"California Polytechnic Mustangs vs Cal State Fullerton Titans, 2026-01-24, 07",California Polytechnic Mustangs,Cal State Fullerton Titans,draftkings,Total,,178.5,U,-175,https://sportsbook.draftkings.com/event/cal-state-fullerton-%40-cal-poly/33516481?outcomes=0OU83125282U17850_3
2026-01-24 18:51:35,"California Polytechnic Mustangs vs Cal State Fullerton Titans, 2026-01-24, 07",California Polytechnic Mustangs,Cal State Fullerton Titans,draftkings,Total,,178.5,O,+135,https://sportsbook.draftkings.com/event/cal-state-fullerton-%40-cal-poly/33516481?outcomes=0OU83125282O17850_1
2026-01-24 18:51:35,"California Polytechnic Mustangs vs Cal State Fullerton Titans, 2026-01-24, 07",California Polytechnic Mustangs,Cal State Fullerton Titans,draftkings,Total,,177.5,U,-160,https://sportsbook.draftkings.com/event/cal-state-fullerton-%40-cal-poly/33516481?outcomes=0OU83125282U17750_3
2026-01-24 18:51:35,"California Polytechnic Mustangs vs Cal State Fullerton Titans, 2026-01-24, 07",California Polytechnic Mustangs,Cal State Fullerton Titans,draftkings,Total,,173.5,U,-108,https://sportsbook.draftkings.com/event/cal-state-fullerton-%40-cal-poly/33516481?outcomes=0OU83117203U17350_3
2026-01-24 18:51:35,"California Polytechnic Mustangs vs Cal State Fullerton Titans, 2026-01-24, 07",California Polytechnic Mustangs,Cal State Fullerton Titans,draftkings,Total,,177.5,O,+124,https://sportsbook.draftkings.com/event/cal-state-fullerton-%40-cal-poly/33516481?outcomes=0OU83125282O17750_1
2026-01-24 18:51:35,"California Polytechnic Mustangs vs Cal State Fullerton Titans, 2026-01-24, 07",California Polytechnic Mustangs,Cal State Fullerton Titans,draftkings,Total,,176.5,O,+114,https://sportsbook.draftkings.com/event/cal-state-fullerton-%40-cal-poly/33516481?outcomes=0OU83125282O17650_1
2026-01-24 18:51:35,"California Polytechnic Mustangs vs Cal State Fullerton Titans, 2026-01-24, 07",California Polytechnic Mustangs,Cal State Fullerton Titans,draftkings,Total,,175.5,U,-135,https://sportsbook.draftkings.com/event/cal-state-fullerton-%40-cal-poly/33516481?outcomes=0OU83125282U17550_3
2026-01-24 18:51:35,"California Polytechnic Mustangs vs Cal State Fullerton Titans, 2026-01-24, 07",California Polytechnic Mustangs,Cal State Fullerton Titans,draftkings,Total,,175.5,O,+105,https://sportsbook.draftkings.com/event/cal-state-fullerton-%40-cal-poly/33516481?outcomes=0OU83125282O17550_1
2026-01-24 18:51:35,"California Polytechnic Mustangs vs Cal State Fullerton Titans, 2026-01-24, 07",California Polytechnic Mustangs,Cal State Fullerton Titans,draftkings,Total,,174.5,U,-125,https://sportsbook.draftkings.com/event/cal-state-fullerton-%40-cal-poly/33516481?outcomes=0OU83125282U17450_3
2026-01-24 18:51:35,"California Polytechnic Mustangs vs Cal State Fullerton Titans, 2026-01-24, 07",California Polytechnic Mustangs,Cal State Fullerton Titans,draftkings,Total,,174.5,O,-105,https://sportsbook.draftkings.com/event/cal-state-fullerton-%40-cal-poly/33516481?outcomes=0OU83125282O17450_1
2026-01-24 18:51:35,"California Polytechnic Mustangs vs Cal State Fullerton Titans, 2026-01-24, 07",California Polytechnic Mustangs,Cal State Fullerton Titans,draftkings,Total,,172.5,U,+100,https://sportsbook.draftkings.com/event/cal-state-fullerton-%40-cal-poly/33516481?outcomes=0OU83125282U17250_3
2026-01-24 18:51:35,"California Polytechnic Mustangs vs Cal State Fullerton Titans, 2026-01-24, 07",California Polytechnic Mustangs,Cal State Fullerton Titans,draftkings,Total,,172.5,O,-130,https://sportsbook.draftkings.com/event/cal-state-fullerton-%40-cal-poly/33516481?outcomes=0OU83125282O17250_1
2026-01-24 18:51:35,"California Polytechnic Mustangs vs Cal State Fullerton Titans, 2026-01-24, 07",California Polytechnic Mustangs,Cal State Fullerton Titans,draftkings,Total,,171.5,U,+110,https://sportsbook.draftkings.com/event/cal-state-fullerton-%40-cal-poly/33516481?outcomes=0OU83125282U17150_3
2026-01-24 18:51:35,"California Polytechnic Mustangs vs Cal State Fullerton Titans, 2026-01-24, 07",California Polytechnic Mustangs,Cal State Fullerton Titans,draftkings,Total,,176.5,U,-145,https://sportsbook.draftkings.com/event/cal-state-fullerton-%40-cal-poly/33516481?outcomes=0OU83125282U17650_3
2026-01-24 18:51:35,"California Polytechnic Mustangs vs Cal State Fullerton Titans, 2026-01-24, 07",California Polytechnic Mustangs,Cal State Fullerton Titans,draftkings,Total,,173.5,O,-112,https://sportsbook.draftkings.com/event/cal-state-fullerton-%40-cal-poly/33516481?outcomes=0OU83117203O17350_1
2026-01-24 18:51:35,"Davidson Wildcats vs Virginia Rams, 2026-01-24, 05",Davidson Wildcats,Virginia Rams,fanduel,Total,,145.5,U,-128,https://sportsbook.fanduel.ca/addToBetslip?marketId=801.154229479&selectionId=7017824
2026-01-24 18:51:35,"Davidson Wildcats vs Virginia Rams, 2026-01-24, 05",Davidson Wildcats,Virginia Rams,fanduel,Total,,145.5,O,-104,https://sportsbook.fanduel.ca/addToBetslip?marketId=801.154229479&selectionId=7017823
2026-01-24 18:51:35,"DePaul Blue Demons vs Seton Hall Pirates, 2026-01-24, 05",DePaul Blue Demons,Seton Hall Pirates,fanduel,Total,,116.5,U,+550,https://sportsbook.fanduel.ca/addToBetslip?marketId=801.154280789&selectionId=7017824
2026-01-24 18:51:35,"DePaul Blue Demons vs Seton Hall Pirates, 2026-01-24, 05",DePaul Blue Demons,Seton Hall Pirates,fanduel,Total,,116.5,O,-1300,https://sportsbook.fanduel.ca/addToBetslip?marketId=801.154280789&selectionId=7017823
2026-01-24 18:51:35,"DePaul Blue Demons vs Seton Hall Pirates, 2026-01-24, 05",DePaul Blue Demons,Seton Hall Pirates,fanduel,Total,,128.5,U,-850,https://sportsbook.fanduel.ca/addToBetslip?marketId=801.154280803&selectionId=7017824
2026-01-24 18:51:35,"DePaul Blue Demons vs Seton Hall Pirates, 2026-01-24, 05",DePaul Blue Demons,Seton Hall Pirates,fanduel,Total,,128.5,O,+460,https://sportsbook.fanduel.ca/addToBetslip?marketId=801.154280803&selectionId=7017823
2026-01-24 18:51:35,"DePaul Blue Demons vs Seton Hall Pirates, 2026-01-24, 05",DePaul Blue Demons,Seton Hall Pirates,fanduel,Total,,119.5,U,+230,https://sportsbook.fanduel.ca/addToBetslip?marketId=801.154280826&selectionId=7017824
2026-01-24 18:51:35,"DePaul Blue Demons vs Seton Hall Pirates, 2026-01-24, 05",DePaul Blue Demons,Seton Hall Pirates,fanduel,Total,,119.5,O,-350,https://sportsbook.fanduel.ca/addToBetslip?marketId=801.154280826&selectionId=7017823
2026-01-24 18:51:35,"DePaul Blue Demons vs Seton Hall Pirates, 2026-01-24, 05",DePaul Blue Demons,Seton Hall Pirates,fanduel,Total,,113.5,U,+1100,https://sportsbook.fanduel.ca/addToBetslip?marketId=801.154280755&selectionId=7017824
2026-01-24 18:51:35,"DePaul Blue Demons vs Seton Hall Pirates, 2026-01-24, 05",DePaul Blue Demons,Seton Hall Pirates,fanduel,Total,,113.5,O,-6000,https://sportsbook.fanduel.ca/addToBetslip?marketId=801.154280755&selectionId=7017823
2026-01-24 18:51:35,"DePaul Blue Demons vs Seton Hall Pirates, 2026-01-24, 05",DePaul Blue Demons,Seton Hall Pirates,fanduel,Total,,125.5,U,-290,https://sportsbook.fanduel.ca/addToBetslip?marketId=801.154280777&selectionId=7017824
2026-01-24 18:51:35,"DePaul Blue Demons vs Seton Hall Pirates, 2026-01-24, 05",DePaul Blue Demons,Seton Hall Pirates,fanduel,Total,,125.5,O,+195,https://sportsbook.fanduel.ca/addToBetslip?marketId=801.154280777&selectionId=7017823
2026-01-24 18:51:35,"DePaul Blue Demons vs Seton Hall Pirates, 2026-01-24, 05",DePaul Blue Demons,Seton Hall Pirates,fanduel,Total,,131.5,U,-3000,https://sportsbook.fanduel.ca/addToBetslip?marketId=801.154280774&selectionId=7017824
2026-01-24 18:51:35,"DePaul Blue Demons vs Seton Hall Pirates, 2026-01-24, 05",DePaul Blue Demons,Seton Hall Pirates,fanduel,Total,,131.5,O,+750,https://sportsbook.fanduel.ca/addToBetslip?marketId=801.154280774&selectionId=7017823
2026-01-24 18:51:35,"DePaul Blue Demons vs Seton Hall Pirates, 2026-01-24, 05",DePaul Blue Demons,Seton Hall Pirates,fanduel,Total,,122.5,U,-108,https://sportsbook.fanduel.ca/addToBetslip?marketId=801.152222002&selectionId=7017824
2026-01-24 18:51:35,"DePaul Blue Demons vs Seton Hall Pirates, 2026-01-24, 05",DePaul Blue Demons,Seton Hall Pirates,fanduel,Total,,122.5,O,-122,https://sportsbook.fanduel.ca/addToBetslip?marketId=801.152222002&selectionId=7017823
2026-01-24 18:51:35,"Fairfield Stags vs Canisius Golden Griffins, 2026-01-24, 07",Fairfield Stags,Canisius Golden Griffins,draftkings,Total,,145.5,U,-166,https://sportsbook.draftkings.com/event/canisius-%40-fairfield/33516655?outcomes=0OU83125224U14550_3
2026-01-24 18:51:35,"Fairfield Stags vs Canisius Golden Griffins, 2026-01-24, 07",Fairfield Stags,Canisius Golden Griffins,draftkings,Total,,145.5,O,+130,https://sportsbook.draftkings.com/event/canisius-%40-fairfield/33516655?outcomes=0OU83125224O14550_1
2026-01-24 18:51:35,"Fairfield Stags vs Canisius Golden Griffins, 2026-01-24, 07",Fairfield Stags,Canisius Golden Griffins,draftkings,Total,,144.5,U,-154,https://sportsbook.draftkings.com/event/canisius-%40-fairfield/33516655?outcomes=0OU83125224U14450_3
2026-01-24 18:51:35,"Fairfield Stags vs Canisius Golden Griffins, 2026-01-24, 07",Fairfield Stags,Canisius Golden Griffins,draftkings,Total,,144.5,O,+120,https://sportsbook.draftkings.com/event/canisius-%40-fairfield/33516655?outcomes=0OU83125224O14450_1
2026-01-24 18:51:35,"Fairfield Stags vs Canisius Golden Griffins, 2026-01-24, 07",Fairfield Stags,Canisius Golden Griffins,draftkings,Total,,143.5,U,-135,https://sportsbook.draftkings.com/event/canisius-%40-fairfield/33516655?outcomes=0OU83125224U14350_3
2026-01-24 18:51:35,"Fairfield Stags vs Canisius Golden Griffins, 2026-01-24, 07",Fairfield Stags,Canisius Golden Griffins,draftkings,Total,,143.5,O,+105,https://sportsbook.draftkings.com/event/canisius-%40-fairfield/33516655?outcomes=0OU83125224O14350_1
2026-01-24 18:51:35,"Fairfield Stags vs Canisius Golden Griffins, 2026-01-24, 07",Fairfield Stags,Canisius Golden Griffins,draftkings,Total,,142.5,U,-125,https://sportsbook.draftkings.com/event/canisius-%40-fairfield/33516655?outcomes=0OU83125224U14250_3
2026-01-24 18:51:35,"Fairfield Stags vs Canisius Golden Griffins, 2026-01-24, 07",Fairfield Stags,Canisius Golden Griffins,draftkings,Total,,142.5,O,-105,https://sportsbook.draftkings.com/event/canisius-%40-fairfield/33516655?outcomes=0OU83125224O14250_1
2026-01-24 18:51:35,"Fairfield Stags vs Canisius Golden Griffins, 2026-01-24, 07",Fairfield Stags,Canisius Golden Griffins,draftkings,Total,,140.5,U,+100,https://sportsbook.draftkings.com/event/canisius-%40-fairfield/33516655?outcomes=0OU83125224U14050_3
2026-01-24 18:51:35,"Fairfield Stags vs Canisius Golden Griffins, 2026-01-24, 07",Fairfield Stags,Canisius Golden Griffins,draftkings,Total,,140.5,O,-130,https://sportsbook.draftkings.com/event/canisius-%40-fairfield/33516655?outcomes=0OU83125224O14050_1
2026-01-24 18:51:35,"Fairfield Stags vs Canisius Golden Griffins, 2026-01-24, 07",Fairfield Stags,Canisius Golden Griffins,draftkings,Total,,139.5,U,+114,https://sportsbook.draftkings.com/event/canisius-%40-fairfield/33516655?outcomes=0OU83125224U13950_3
2026-01-24 18:51:35,"Fairfield Stags vs Canisius Golden Griffins, 2026-01-24, 07",Fairfield Stags,Canisius Golden Griffins,draftkings,Total,,139.5,O,-145,https://sportsbook.draftkings.com/event/canisius-%40-fairfield/33516655?outcomes=0OU83125224O13950_1
2026-01-24 18:51:35,"Fairfield Stags vs Canisius Golden Griffins, 2026-01-24, 07",Fairfield Stags,Canisius Golden Griffins,draftkings,Total,,138.5,U,+124,https://sportsbook.draftkings.com/event/canisius-%40-fairfield/33516655?outcomes=0OU83125224U13850_3
2026-01-24 18:51:35,"Fairfield Stags vs Canisius Golden Griffins, 2026-01-24, 07",Fairfield Stags,Canisius Golden Griffins,draftkings,Total,,138.5,O,-160,https://sportsbook.draftkings.com/event/canisius-%40-fairfield/33516655?outcomes=0OU83125224O13850_1
2026-01-24 18:51:35,"Fairfield Stags vs Canisius Golden Griffins, 2026-01-24, 07",Fairfield Stags,Canisius Golden Griffins,draftkings,Total,,137.5,U,+140,https://sportsbook.draftkings.com/event/canisius-%40-fairfield/33516655?outcomes=0OU83125224U13750_3
2026-01-24 18:51:35,"Fairfield Stags vs Canisius Golden Griffins, 2026-01-24, 07",Fairfield Stags,Canisius Golden Griffins,draftkings,Total,,137.5,O,-180,https://sportsbook.draftkings.com/event/canisius-%40-fairfield/33516655?outcomes=0OU83125224O13750_1
2026-01-24 18:51:35,"Fairfield Stags vs Canisius Golden Griffins, 2026-01-24, 07",Fairfield Stags,Canisius Golden Griffins,draftkings,Total,,136.5,U,+154,https://sportsbook.draftkings.com/event/canisius-%40-fairfield/33516655?outcomes=0OU83125224U13650_3
2026-01-24 18:51:35,"Fairfield Stags vs Canisius Golden Griffins, 2026-01-24, 07",Fairfield Stags,Canisius Golden Griffins,draftkings,Total,,146.5,O,+145,https://sportsbook.draftkings.com/event/canisius-%40-fairfield/33516655?outcomes=0OU83125224O14650_1
2026-01-24 18:51:35,"Fairfield Stags vs Canisius Golden Griffins, 2026-01-24, 07",Fairfield Stags,Canisius Golden Griffins,draftkings,Total,,146.5,U,-188,https://sportsbook.draftkings.com/event/canisius-%40-fairfield/33516655?outcomes=0OU83125224U14650_3
2026-01-24 18:51:35,"Fairfield Stags vs Canisius Golden Griffins, 2026-01-24, 07",Fairfield Stags,Canisius Golden Griffins,draftkings,Total,,147.5,O,+165,https://sportsbook.draftkings.com/event/canisius-%40-fairfield/33516655?outcomes=0OU83125224O14750_1
2026-01-24 18:51:35,"Fairfield Stags vs Canisius Golden Griffins, 2026-01-24, 07",Fairfield Stags,Canisius Golden Griffins,draftkings,Total,,147.5,U,-215,https://sportsbook.draftkings.com/event/canisius-%40-fairfield/33516655?outcomes=0OU83125224U14750_3
2026-01-24 18:51:35,"Fairfield Stags vs Canisius Golden Griffins, 2026-01-24, 07",Fairfield Stags,Canisius Golden Griffins,draftkings,Total,,153.5,U,-425,https://sportsbook.draftkings.com/event/canisius-%40-fairfield/33516655?outcomes=0OU83125224U15350_3
2026-01-24 18:51:35,"Fairfield Stags vs Canisius Golden Griffins, 2026-01-24, 07",Fairfield Stags,Canisius Golden Griffins,draftkings,Total,,153.5,O,+300,https://sportsbook.draftkings.com/event/canisius-%40-fairfield/33516655?outcomes=0OU83125224O15350_1
2026-01-24 18:51:35,"Fairfield Stags vs Canisius Golden Griffins, 2026-01-24, 07",Fairfield Stags,Canisius Golden Griffins,draftkings,Total,,152.5,U,-375,https://sportsbook.draftkings.com/event/canisius-%40-fairfield/33516655?outcomes=0OU83125224U15250_3
2026-01-24 18:51:35,"Fairfield Stags vs Canisius Golden Griffins, 2026-01-24, 07",Fairfield Stags,Canisius Golden Griffins,draftkings,Total,,151.5,U,-345,https://sportsbook.draftkings.com/event/canisius-%40-fairfield/33516655?outcomes=0OU83125224U15150_3
2026-01-24 18:51:35,"Fairfield Stags vs Canisius Golden Griffins, 2026-01-24, 07",Fairfield Stags,Canisius Golden Griffins,draftkings,Total,,151.5,O,+250,https://sportsbook.draftkings.com/event/canisius-%40-fairfield/33516655?outcomes=0OU83125224O15150_1
2026-01-24 18:51:35,"Fairfield Stags vs Canisius Golden Griffins, 2026-01-24, 07",Fairfield Stags,Canisius Golden Griffins,draftkings,Total,,150.5,U,-298,https://sportsbook.draftkings.com/event/canisius-%40-fairfield/33516655?outcomes=0OU83125224U15050_3
2026-01-24 18:51:35,"Fairfield Stags vs Canisius Golden Griffins, 2026-01-24, 07",Fairfield Stags,Canisius Golden Griffins,draftkings,Total,,150.5,O,+220,https://sportsbook.draftkings.com/event/canisius-%40-fairfield/33516655?outcomes=0OU83125224O15050_1
2026-01-24 18:51:35,"Fairfield Stags vs Canisius Golden Griffins, 2026-01-24, 07",Fairfield Stags,Canisius Golden Griffins,draftkings,Total,,149.5,U,-270,https://sportsbook.draftkings.com/event/canisius-%40-fairfield/33516655?outcomes=0OU83125224U14950_3
2026-01-24 18:51:35,"Fairfield Stags vs Canisius Golden Griffins, 2026-01-24, 07",Fairfield Stags,Canisius Golden Griffins,draftkings,Total,,149.5,O,+200,https://sportsbook.draftkings.com/event/canisius-%40-fairfield/33516655?outcomes=0OU83125224O14950_1
2026-01-24 18:51:35,"Fairfield Stags vs Canisius Golden Griffins, 2026-01-24, 07",Fairfield Stags,Canisius Golden Griffins,draftkings,Total,,148.5,U,-238,https://sportsbook.draftkings.com/event/canisius-%40-fairfield/33516655?outcomes=0OU83125224U14850_3
2026-01-24 18:51:35,"Fairfield Stags vs Canisius Golden Griffins, 2026-01-24, 07",Fairfield Stags,Canisius Golden Griffins,draftkings,Total,,148.5,O,+180,https://sportsbook.draftkings.com/event/canisius-%40-fairfield/33516655?outcomes=0OU83125224O14850_1
2026-01-24 18:51:35,"Fairfield Stags vs Canisius Golden Griffins, 2026-01-24, 07",Fairfield Stags,Canisius Golden Griffins,draftkings,Total,,152.5,O,+270,https://sportsbook.draftkings.com/event/canisius-%40-fairfield/33516655?outcomes=0OU83125224O15250_1
2026-01-24 18:51:35,"Fairfield Stags vs Canisius Golden Griffins, 2026-01-24, 07",Fairfield Stags,Canisius Golden Griffins,draftkings,Total,,136.5,O,-200,https://sportsbook.draftkings.com/event/canisius-%40-fairfield/33516655?outcomes=0OU83125224O13650_1
2026-01-24 18:51:35,"Fairfield Stags vs Canisius Golden Griffins, 2026-01-24, 07",Fairfield Stags,Canisius Golden Griffins,draftkings,Total,,135.5,U,+170,https://sportsbook.draftkings.com/event/canisius-%40-fairfield/33516655?outcomes=0OU83125224U13550_3
2026-01-24 18:51:35,"Fairfield Stags vs Canisius Golden Griffins, 2026-01-24, 07",Fairfield Stags,Canisius Golden Griffins,draftkings,Total,,134.5,U,+190,https://sportsbook.draftkings.com/event/canisius-%40-fairfield/33516655?outcomes=0OU83125224U13450_3
2026-01-24 18:51:35,"Fairfield Stags vs Canisius Golden Griffins, 2026-01-24, 07",Fairfield Stags,Canisius Golden Griffins,draftkings,Total,,135.5,O,-220,https://sportsbook.draftkings.com/event/canisius-%40-fairfield/33516655?outcomes=0OU83125224O13550_1
2026-01-24 18:51:35,"Fairfield Stags vs Canisius Golden Griffins, 2026-01-24, 07",Fairfield Stags,Canisius Golden Griffins,draftkings,Total,,134.5,O,-250,https://sportsbook.draftkings.com/event/canisius-%40-fairfield/33516655?outcomes=0OU83125224O13450_1
2026-01-24 18:51:35,"Fairfield Stags vs Canisius Golden Griffins, 2026-01-24, 07",Fairfield Stags,Canisius Golden Griffins,draftkings,Total,,133.5,U,+210,https://sportsbook.draftkings.com/event/canisius-%40-fairfield/33516655?outcomes=0OU83125224U13350_3
2026-01-24 18:51:35,"Fairfield Stags vs Canisius Golden Griffins, 2026-01-24, 07",Fairfield Stags,Canisius Golden Griffins,draftkings,Total,,133.5,O,-280,https://sportsbook.draftkings.com/event/canisius-%40-fairfield/33516655?outcomes=0OU83125224O13350_1
2026-01-24 18:51:35,"Fairfield Stags vs Canisius Golden Griffins, 2026-01-24, 07",Fairfield Stags,Canisius Golden Griffins,draftkings,Total,,132.5,U,+240,https://sportsbook.draftkings.com/event/canisius-%40-fairfield/33516655?outcomes=0OU83125224U13250_3
2026-01-24 18:51:35,"Fairfield Stags vs Canisius Golden Griffins, 2026-01-24, 07",Fairfield Stags,Canisius Golden Griffins,draftkings,Total,,132.5,O,-330,https://sportsbook.draftkings.com/event/canisius-%40-fairfield/33516655?outcomes=0OU83125224O13250_1
2026-01-24 18:51:35,"Fairfield Stags vs Canisius Golden Griffins, 2026-01-24, 07",Fairfield Stags,Canisius Golden Griffins,draftkings,Total,,131.5,U,+260,https://sportsbook.draftkings.com/event/canisius-%40-fairfield/33516655?outcomes=0OU83125224U13150_3
2026-01-24 18:51:35,"Fairfield Stags vs Canisius Golden Griffins, 2026-01-24, 07",Fairfield Stags,Canisius Golden Griffins,draftkings,Total,,131.5,O,-360,https://sportsbook.draftkings.com/event/canisius-%40-fairfield/33516655?outcomes=0OU83125224O13150_1
2026-01-24 18:51:35,"Fairfield Stags vs Canisius Golden Griffins, 2026-01-24, 07",Fairfield Stags,Canisius Golden Griffins,draftkings,Total,,130.5,U,+290,https://sportsbook.draftkings.com/event/canisius-%40-fairfield/33516655?outcomes=0OU83125224U13050_3
2026-01-24 18:51:35,"Fairfield Stags vs Canisius Golden Griffins, 2026-01-24, 07",Fairfield Stags,Canisius Golden Griffins,draftkings,Total,,129.5,U,+325,https://sportsbook.draftkings.com/event/canisius-%40-fairfield/33516655?outcomes=0OU83125224U12950_3
2026-01-24 18:51:35,"Fairfield Stags vs Canisius Golden Griffins, 2026-01-24, 07",Fairfield Stags,Canisius Golden Griffins,draftkings,Total,,129.5,O,-475,https://sportsbook.draftkings.com/event/canisius-%40-fairfield/33516655?outcomes=0OU83125224O12950_1
2026-01-24 18:51:35,"Fairfield Stags vs Canisius Golden Griffins, 2026-01-24, 07",Fairfield Stags,Canisius Golden Griffins,draftkings,Total,,141.5,U,-108,https://sportsbook.draftkings.com/event/canisius-%40-fairfield/33516655?outcomes=0OU83117536U14150_3
2026-01-24 18:51:35,"Fairfield Stags vs Canisius Golden Griffins, 2026-01-24, 07",Fairfield Stags,Canisius Golden Griffins,draftkings,Total,,141.5,O,-112,https://sportsbook.draftkings.com/event/canisius-%40-fairfield/33516655?outcomes=0OU83117536O14150_1
2026-01-24 18:51:35,"Fairfield Stags vs Canisius Golden Griffins, 2026-01-24, 07",Fairfield Stags,Canisius Golden Griffins,draftkings,Total,,130.5,O,-410,https://sportsbook.draftkings.com/event/canisius-%40-fairfield/33516655?outcomes=0OU83125224O13050_1
2026-01-24 18:51:35,"Florida A&M Rattlers vs Alcorn State Braves, 2026-01-24, 06",Florida A&M Rattlers,Alcorn State Braves,draftkings,Total,,134.5,O,-140,https://sportsbook.draftkings.com/event/alcorn-%40-florida-a&m/33516363?outcomes=0OU83128145O13450_1
2026-01-24 18:51:35,"Florida A&M Rattlers vs Alcorn State Braves, 2026-01-24, 06",Florida A&M Rattlers,Alcorn State Braves,draftkings,Total,,141.5,U,-230,https://sportsbook.draftkings.com/event/alcorn-%40-florida-a&m/33516363?outcomes=0OU83128145U14150_3
2026-01-24 18:51:35,"Florida A&M Rattlers vs Alcorn State Braves, 2026-01-24, 06",Florida A&M Rattlers,Alcorn State Braves,draftkings,Total,,141.5,O,+170,https://sportsbook.draftkings.com/event/alcorn-%40-florida-a&m/33516363?outcomes=0OU83128145O14150_1
2026-01-24 18:51:35,"Florida A&M Rattlers vs Alcorn State Braves, 2026-01-24, 06",Florida A&M Rattlers,Alcorn State Braves,draftkings,Total,,138.5,U,-160,https://sportsbook.draftkings.com/event/alcorn-%40-florida-a&m/33516363?outcomes=0OU83128145U13850_3
2026-01-24 18:51:35,"Florida A&M Rattlers vs Alcorn State Braves, 2026-01-24, 06",Florida A&M Rattlers,Alcorn State Braves,draftkings,Total,,131.5,U,+150,https://sportsbook.draftkings.com/event/alcorn-%40-florida-a&m/33516363?outcomes=0OU83128145U13150_3
2026-01-24 18:51:35,"Florida A&M Rattlers vs Alcorn State Braves, 2026-01-24, 06",Florida A&M Rattlers,Alcorn State Braves,draftkings,Total,,138.5,O,+120,https://sportsbook.draftkings.com/event/alcorn-%40-florida-a&m/33516363?outcomes=0OU83128145O13850_1
2026-01-24 18:51:35,"Florida A&M Rattlers vs Alcorn State Braves, 2026-01-24, 06",Florida A&M Rattlers,Alcorn State Braves,draftkings,Total,,131.5,O,-205,https://sportsbook.draftkings.com/event/alcorn-%40-florida-a&m/33516363?outcomes=0OU83128145O13150_1
2026-01-24 18:51:35,"Florida A&M Rattlers vs Alcorn State Braves, 2026-01-24, 06",Florida A&M Rattlers,Alcorn State Braves,draftkings,Total,,132.5,U,+135,https://sportsbook.draftkings.com/event/alcorn-%40-florida-a&m/33516363?outcomes=0OU83128145U13250_3
2026-01-24 18:51:35,"Florida A&M Rattlers vs Alcorn State Braves, 2026-01-24, 06",Florida A&M Rattlers,Alcorn State Braves,draftkings,Total,,134.5,U,+105,https://sportsbook.draftkings.com/event/alcorn-%40-florida-a&m/33516363?outcomes=0OU83128145U13450_3
2026-01-24 18:51:35,"Florida A&M Rattlers vs Alcorn State Braves, 2026-01-24, 06",Florida A&M Rattlers,Alcorn State Braves,draftkings,Total,,132.5,O,-185,https://sportsbook.draftkings.com/event/alcorn-%40-florida-a&m/33516363?outcomes=0OU83128145O13250_1
2026-01-24 18:51:35,"Florida A&M Rattlers vs Alcorn State Braves, 2026-01-24, 06",Florida A&M Rattlers,Alcorn State Braves,draftkings,Total,,140.5,U,-205,https://sportsbook.draftkings.com/event/alcorn-%40-florida-a&m/33516363?outcomes=0OU83128145U14050_3
2026-01-24 18:51:35,"Florida A&M Rattlers vs Alcorn State Braves, 2026-01-24, 06",Florida A&M Rattlers,Alcorn State Braves,draftkings,Total,,133.5,U,+120,https://sportsbook.draftkings.com/event/alcorn-%40-florida-a&m/33516363?outcomes=0OU83128145U13350_3
2026-01-24 18:51:35,"Florida A&M Rattlers vs Alcorn State Braves, 2026-01-24, 06",Florida A&M Rattlers,Alcorn State Braves,draftkings,Total,,140.5,O,+150,https://sportsbook.draftkings.com/event/alcorn-%40-florida-a&m/33516363?outcomes=0OU83128145O14050_1
2026-01-24 18:51:35,"Florida A&M Rattlers vs Alcorn State Braves, 2026-01-24, 06",Florida A&M Rattlers,Alcorn State Braves,draftkings,Total,,133.5,O,-160,https://sportsbook.draftkings.com/event/alcorn-%40-florida-a&m/33516363?outcomes=0OU83128145O13350_1
2026-01-24 18:51:35,"Florida A&M Rattlers vs Alcorn State Braves, 2026-01-24, 06",Florida A&M Rattlers,Alcorn State Braves,draftkings,Total,,139.5,O,+135,https://sportsbook.draftkings.com/event/alcorn-%40-florida-a&m/33516363?outcomes=0OU83128145O13950_1
2026-01-24 18:51:35,"Florida A&M Rattlers vs Alcorn State Braves, 2026-01-24, 06",Florida A&M Rattlers,Alcorn State Braves,draftkings,Total,,136.5,O,-110,https://sportsbook.draftkings.com/event/alcorn-%40-florida-a&m/33516363?outcomes=0OU83128145O13650_1
2026-01-24 18:51:35,"Florida A&M Rattlers vs Alcorn State Braves, 2026-01-24, 06",Florida A&M Rattlers,Alcorn State Braves,draftkings,Total,,139.5,U,-185,https://sportsbook.draftkings.com/event/alcorn-%40-florida-a&m/33516363?outcomes=0OU83128145U13950_3
2026-01-24 18:51:35,"Florida A&M Rattlers vs Alcorn State Braves, 2026-01-24, 06",Florida A&M Rattlers,Alcorn State Braves,draftkings,Total,,142.5,O,+190,https://sportsbook.draftkings.com/event/alcorn-%40-florida-a&m/33516363?outcomes=0OU83128145O14250_1
2026-01-24 18:51:35,"Florida A&M Rattlers vs Alcorn State Braves, 2026-01-24, 06",Florida A&M Rattlers,Alcorn State Braves,draftkings,Total,,136.5,U,-125,https://sportsbook.draftkings.com/event/alcorn-%40-florida-a&m/33516363?outcomes=0OU83128145U13650_3
2026-01-24 18:51:35,"Florida A&M Rattlers vs Alcorn State Braves, 2026-01-24, 06",Florida A&M Rattlers,Alcorn State Braves,draftkings,Total,,142.5,U,-260,https://sportsbook.draftkings.com/event/alcorn-%40-florida-a&m/33516363?outcomes=0OU83128145U14250_3
2026-01-24 18:51:35,"Fresno State Bulldogs vs Grand Canyon Antelopes, 2026-01-24, 07",Fresno State Bulldogs,Grand Canyon Antelopes,draftkings,Total,,134.5,U,+260,https://sportsbook.draftkings.com/event/grand-canyon-%40-fresno-state/33516460?outcomes=0OU83125342U13450_3
2026-01-24 18:51:35,"Fresno State Bulldogs vs Grand Canyon Antelopes, 2026-01-24, 07",Fresno State Bulldogs,Grand Canyon Antelopes,draftkings,Total,,134.5,O,-360,https://sportsbook.draftkings.com/event/grand-canyon-%40-fresno-state/33516460?outcomes=0OU83125342O13450_1
2026-01-24 18:51:35,"Fresno State Bulldogs vs Grand Canyon Antelopes, 2026-01-24, 07",Fresno State Bulldogs,Grand Canyon Antelopes,draftkings,Total,,133.5,U,+290,https://sportsbook.draftkings.com/event/grand-canyon-%40-fresno-state/33516460?outcomes=0OU83125342U13350_3
2026-01-24 18:51:35,"Fresno State Bulldogs vs Grand Canyon Antelopes, 2026-01-24, 07",Fresno State Bulldogs,Grand Canyon Antelopes,draftkings,Total,,133.5,O,-410,https://sportsbook.draftkings.com/event/grand-canyon-%40-fresno-state/33516460?outcomes=0OU83125342O13350_1
2026-01-24 18:51:35,"Fresno State Bulldogs vs Grand Canyon Antelopes, 2026-01-24, 07",Fresno State Bulldogs,Grand Canyon Antelopes,draftkings,Total,,135.5,O,-315,https://sportsbook.draftkings.com/event/grand-canyon-%40-fresno-state/33516460?outcomes=0OU83125342O13550_1
2026-01-24 18:51:35,"Fresno State Bulldogs vs Grand Canyon Antelopes, 2026-01-24, 07",Fresno State Bulldogs,Grand Canyon Antelopes,draftkings,Total,,135.5,U,+230,https://sportsbook.draftkings.com/event/grand-canyon-%40-fresno-state/33516460?outcomes=0OU83125342U13550_3
2026-01-24 18:51:35,"Fresno State Bulldogs vs Grand Canyon Antelopes, 2026-01-24, 07",Fresno State Bulldogs,Grand Canyon Antelopes,draftkings,Total,,136.5,O,-280,https://sportsbook.draftkings.com/event/grand-canyon-%40-fresno-state/33516460?outcomes=0OU83125342O13650_1
2026-01-24 18:51:35,"Fresno State Bulldogs vs Grand Canyon Antelopes, 2026-01-24, 07",Fresno State Bulldogs,Grand Canyon Antelopes,draftkings,Total,,136.5,U,+210,https://sportsbook.draftkings.com/event/grand-canyon-%40-fresno-state/33516460?outcomes=0OU83125342U13650_3
2026-01-24 18:51:35,"Fresno State Bulldogs vs Grand Canyon Antelopes, 2026-01-24, 07",Fresno State Bulldogs,Grand Canyon Antelopes,draftkings,Total,,147.5,U,-140,https://sportsbook.draftkings.com/event/grand-canyon-%40-fresno-state/33516460?outcomes=0OU83125342U14750_3
2026-01-24 18:51:35,"Fresno State Bulldogs vs Grand Canyon Antelopes, 2026-01-24, 07",Fresno State Bulldogs,Grand Canyon Antelopes,draftkings,Total,,147.5,O,+110,https://sportsbook.draftkings.com/event/grand-canyon-%40-fresno-state/33516460?outcomes=0OU83125342O14750_1
2026-01-24 18:51:35,"Fresno State Bulldogs vs Grand Canyon Antelopes, 2026-01-24, 07",Fresno State Bulldogs,Grand Canyon Antelopes,draftkings,Total,,146.5,U,-130,https://sportsbook.draftkings.com/event/grand-canyon-%40-fresno-state/33516460?outcomes=0OU83125342U14650_3
2026-01-24 18:51:35,"Fresno State Bulldogs vs Grand Canyon Antelopes, 2026-01-24, 07",Fresno State Bulldogs,Grand Canyon Antelopes,draftkings,Total,,146.5,O,+100,https://sportsbook.draftkings.com/event/grand-canyon-%40-fresno-state/33516460?outcomes=0OU83125342O14650_1
2026-01-24 18:51:35,"Fresno State Bulldogs vs Grand Canyon Antelopes, 2026-01-24, 07",Fresno State Bulldogs,Grand Canyon Antelopes,draftkings,Total,,143.5,U,+105,https://sportsbook.draftkings.com/event/grand-canyon-%40-fresno-state/33516460?outcomes=0OU83125342U14350_3
2026-01-24 18:51:35,"Fresno State Bulldogs vs Grand Canyon Antelopes, 2026-01-24, 07",Fresno State Bulldogs,Grand Canyon Antelopes,draftkings,Total,,143.5,O,-135,https://sportsbook.draftkings.com/event/grand-canyon-%40-fresno-state/33516460?outcomes=0OU83125342O14350_1
2026-01-24 18:51:35,"Fresno State Bulldogs vs Grand Canyon Antelopes, 2026-01-24, 07",Fresno State Bulldogs,Grand Canyon Antelopes,draftkings,Total,,142.5,U,+114,https://sportsbook.draftkings.com/event/grand-canyon-%40-fresno-state/33516460?outcomes=0OU83125342U14250_3
2026-01-24 18:51:35,"Fresno State Bulldogs vs Grand Canyon Antelopes, 2026-01-24, 07",Fresno State Bulldogs,Grand Canyon Antelopes,draftkings,Total,,142.5,O,-145,https://sportsbook.draftkings.com/event/grand-canyon-%40-fresno-state/33516460?outcomes=0OU83125342O14250_1
2026-01-24 18:51:35,"Fresno State Bulldogs vs Grand Canyon Antelopes, 2026-01-24, 07",Fresno State Bulldogs,Grand Canyon Antelopes,draftkings,Total,,141.5,U,+130,https://sportsbook.draftkings.com/event/grand-canyon-%40-fresno-state/33516460?outcomes=0OU83125342U14150_3
2026-01-24 18:51:35,"Fresno State Bulldogs vs Grand Canyon Antelopes, 2026-01-24, 07",Fresno State Bulldogs,Grand Canyon Antelopes,draftkings,Total,,140.5,U,+140,https://sportsbook.draftkings.com/event/grand-canyon-%40-fresno-state/33516460?outcomes=0OU83125342U14050_3
2026-01-24 18:51:35,"Fresno State Bulldogs vs Grand Canyon Antelopes, 2026-01-24, 07",Fresno State Bulldogs,Grand Canyon Antelopes,draftkings,Total,,140.5,O,-180,https://sportsbook.draftkings.com/event/grand-canyon-%40-fresno-state/33516460?outcomes=0OU83125342O14050_1
2026-01-24 18:51:35,"Fresno State Bulldogs vs Grand Canyon Antelopes, 2026-01-24, 07",Fresno State Bulldogs,Grand Canyon Antelopes,draftkings,Total,,139.5,U,+154,https://sportsbook.draftkings.com/event/grand-canyon-%40-fresno-state/33516460?outcomes=0OU83125342U13950_3
2026-01-24 18:51:35,"Fresno State Bulldogs vs Grand Canyon Antelopes, 2026-01-24, 07",Fresno State Bulldogs,Grand Canyon Antelopes,draftkings,Total,,139.5,O,-200,https://sportsbook.draftkings.com/event/grand-canyon-%40-fresno-state/33516460?outcomes=0OU83125342O13950_1
2026-01-24 18:51:35,"Fresno State Bulldogs vs Grand Canyon Antelopes, 2026-01-24, 07",Fresno State Bulldogs,Grand Canyon Antelopes,draftkings,Total,,138.5,U,+175,https://sportsbook.draftkings.com/event/grand-canyon-%40-fresno-state/33516460?outcomes=0OU83125342U13850_3
2026-01-24 18:51:35,"Fresno State Bulldogs vs Grand Canyon Antelopes, 2026-01-24, 07",Fresno State Bulldogs,Grand Canyon Antelopes,draftkings,Total,,138.5,O,-230,https://sportsbook.draftkings.com/event/grand-canyon-%40-fresno-state/33516460?outcomes=0OU83125342O13850_1
2026-01-24 18:51:35,"Fresno State Bulldogs vs Grand Canyon Antelopes, 2026-01-24, 07",Fresno State Bulldogs,Grand Canyon Antelopes,draftkings,Total,,137.5,U,+190,https://sportsbook.draftkings.com/event/grand-canyon-%40-fresno-state/33516460?outcomes=0OU83125342U13750_3
2026-01-24 18:51:35,"Fresno State Bulldogs vs Grand Canyon Antelopes, 2026-01-24, 07",Fresno State Bulldogs,Grand Canyon Antelopes,draftkings,Total,,137.5,O,-250,https://sportsbook.draftkings.com/event/grand-canyon-%40-fresno-state/33516460?outcomes=0OU83125342O13750_1
2026-01-24 18:51:35,"Fresno State Bulldogs vs Grand Canyon Antelopes, 2026-01-24, 07",Fresno State Bulldogs,Grand Canyon Antelopes,draftkings,Total,,141.5,O,-166,https://sportsbook.draftkings.com/event/grand-canyon-%40-fresno-state/33516460?outcomes=0OU83125342O14150_1
2026-01-24 18:51:35,"Fresno State Bulldogs vs Grand Canyon Antelopes, 2026-01-24, 07",Fresno State Bulldogs,Grand Canyon Antelopes,draftkings,Total,,148.5,O,+124,https://sportsbook.draftkings.com/event/grand-canyon-%40-fresno-state/33516460?outcomes=0OU83125342O14850_1
2026-01-24 18:51:35,"Fresno State Bulldogs vs Grand Canyon Antelopes, 2026-01-24, 07",Fresno State Bulldogs,Grand Canyon Antelopes,draftkings,Total,,148.5,U,-160,https://sportsbook.draftkings.com/event/grand-canyon-%40-fresno-state/33516460?outcomes=0OU83125342U14850_3
2026-01-24 18:51:35,"Fresno State Bulldogs vs Grand Canyon Antelopes, 2026-01-24, 07",Fresno State Bulldogs,Grand Canyon Antelopes,draftkings,Total,,149.5,O,+135,https://sportsbook.draftkings.com/event/grand-canyon-%40-fresno-state/33516460?outcomes=0OU83125342O14950_1
2026-01-24 18:51:35,"Fresno State Bulldogs vs Grand Canyon Antelopes, 2026-01-24, 07",Fresno State Bulldogs,Grand Canyon Antelopes,draftkings,Total,,149.5,U,-175,https://sportsbook.draftkings.com/event/grand-canyon-%40-fresno-state/33516460?outcomes=0OU83125342U14950_3
2026-01-24 18:51:35,"Fresno State Bulldogs vs Grand Canyon Antelopes, 2026-01-24, 07",Fresno State Bulldogs,Grand Canyon Antelopes,draftkings,Total,,156.5,U,-375,https://sportsbook.draftkings.com/event/grand-canyon-%40-fresno-state/33516460?outcomes=0OU83125342U15650_3
2026-01-24 18:51:35,"Fresno State Bulldogs vs Grand Canyon Antelopes, 2026-01-24, 07",Fresno State Bulldogs,Grand Canyon Antelopes,draftkings,Total,,156.5,O,+270,https://sportsbook.draftkings.com/event/grand-canyon-%40-fresno-state/33516460?outcomes=0OU83125342O15650_1
2026-01-24 18:51:35,"Fresno State Bulldogs vs Grand Canyon Antelopes, 2026-01-24, 07",Fresno State Bulldogs,Grand Canyon Antelopes,draftkings,Total,,155.5,U,-330,https://sportsbook.draftkings.com/event/grand-canyon-%40-fresno-state/33516460?outcomes=0OU83125342U15550_3
2026-01-24 18:51:35,"Fresno State Bulldogs vs Grand Canyon Antelopes, 2026-01-24, 07",Fresno State Bulldogs,Grand Canyon Antelopes,draftkings,Total,,155.5,O,+240,https://sportsbook.draftkings.com/event/grand-canyon-%40-fresno-state/33516460?outcomes=0OU83125342O15550_1
2026-01-24 18:51:35,"Fresno State Bulldogs vs Grand Canyon Antelopes, 2026-01-24, 07",Fresno State Bulldogs,Grand Canyon Antelopes,draftkings,Total,,154.5,U,-298,https://sportsbook.draftkings.com/event/grand-canyon-%40-fresno-state/33516460?outcomes=0OU83125342U15450_3
2026-01-24 18:51:35,"Fresno State Bulldogs vs Grand Canyon Antelopes, 2026-01-24, 07",Fresno State Bulldogs,Grand Canyon Antelopes,draftkings,Total,,153.5,U,-270,https://sportsbook.draftkings.com/event/grand-canyon-%40-fresno-state/33516460?outcomes=0OU83125342U15350_3
2026-01-24 18:51:35,"Fresno State Bulldogs vs Grand Canyon Antelopes, 2026-01-24, 07",Fresno State Bulldogs,Grand Canyon Antelopes,draftkings,Total,,153.5,O,+200,https://sportsbook.draftkings.com/event/grand-canyon-%40-fresno-state/33516460?outcomes=0OU83125342O15350_1
2026-01-24 18:51:35,"Fresno State Bulldogs vs Grand Canyon Antelopes, 2026-01-24, 07",Fresno State Bulldogs,Grand Canyon Antelopes,draftkings,Total,,152.5,U,-238,https://sportsbook.draftkings.com/event/grand-canyon-%40-fresno-state/33516460?outcomes=0OU83125342U15250_3
2026-01-24 18:51:35,"Fresno State Bulldogs vs Grand Canyon Antelopes, 2026-01-24, 07",Fresno State Bulldogs,Grand Canyon Antelopes,draftkings,Total,,152.5,O,+180,https://sportsbook.draftkings.com/event/grand-canyon-%40-fresno-state/33516460?outcomes=0OU83125342O15250_1
2026-01-24 18:51:35,"Fresno State Bulldogs vs Grand Canyon Antelopes, 2026-01-24, 07",Fresno State Bulldogs,Grand Canyon Antelopes,draftkings,Total,,151.5,U,-215,https://sportsbook.draftkings.com/event/grand-canyon-%40-fresno-state/33516460?outcomes=0OU83125342U15150_3
2026-01-24 18:51:35,"Fresno State Bulldogs vs Grand Canyon Antelopes, 2026-01-24, 07",Fresno State Bulldogs,Grand Canyon Antelopes,draftkings,Total,,151.5,O,+165,https://sportsbook.draftkings.com/event/grand-canyon-%40-fresno-state/33516460?outcomes=0OU83125342O15150_1
2026-01-24 18:51:35,"Fresno State Bulldogs vs Grand Canyon Antelopes, 2026-01-24, 07",Fresno State Bulldogs,Grand Canyon Antelopes,draftkings,Total,,150.5,U,-195,https://sportsbook.draftkings.com/event/grand-canyon-%40-fresno-state/33516460?outcomes=0OU83125342U15050_3
2026-01-24 18:51:35,"Fresno State Bulldogs vs Grand Canyon Antelopes, 2026-01-24, 07",Fresno State Bulldogs,Grand Canyon Antelopes,draftkings,Total,,150.5,O,+150,https://sportsbook.draftkings.com/event/grand-canyon-%40-fresno-state/33516460?outcomes=0OU83125342O15050_1
2026-01-24 18:51:35,"Fresno State Bulldogs vs Grand Canyon Antelopes, 2026-01-24, 07",Fresno State Bulldogs,Grand Canyon Antelopes,draftkings,Total,,154.5,O,+220,https://sportsbook.draftkings.com/event/grand-canyon-%40-fresno-state/33516460?outcomes=0OU83125342O15450_1
2026-01-24 18:51:35,"Gonzaga Bulldogs vs San Francisco Dons, 2026-01-24, 08",Gonzaga Bulldogs,San Francisco Dons,fanduel,Total,,150.5,O,-115,https://sportsbook.fanduel.ca/addToBetslip?marketId=801.154218093&selectionId=7017823
2026-01-24 18:51:35,"Gonzaga Bulldogs vs San Francisco Dons, 2026-01-24, 08",Gonzaga Bulldogs,San Francisco Dons,draftkings,Total,,160.5,U,-345,https://sportsbook.draftkings.com/event/san-francisco-%40-gonzaga/33516279?outcomes=0OU83125280U16050_3
2026-01-24 18:51:35,"Gonzaga Bulldogs vs San Francisco Dons, 2026-01-24, 08",Gonzaga Bulldogs,San Francisco Dons,draftkings,Total,,160.5,O,+250,https://sportsbook.draftkings.com/event/san-francisco-%40-gonzaga/33516279?outcomes=0OU83125280O16050_1
2026-01-24 18:51:35,"Gonzaga Bulldogs vs San Francisco Dons, 2026-01-24, 08",Gonzaga Bulldogs,San Francisco Dons,draftkings,Total,,159.5,U,-315,https://sportsbook.draftkings.com/event/san-francisco-%40-gonzaga/33516279?outcomes=0OU83125280U15950_3
2026-01-24 18:51:35,"Gonzaga Bulldogs vs San Francisco Dons, 2026-01-24, 08",Gonzaga Bulldogs,San Francisco Dons,draftkings,Total,,159.5,O,+230,https://sportsbook.draftkings.com/event/san-francisco-%40-gonzaga/33516279?outcomes=0OU83125280O15950_1
2026-01-24 18:51:35,"Gonzaga Bulldogs vs San Francisco Dons, 2026-01-24, 08",Gonzaga Bulldogs,San Francisco Dons,draftkings,Total,,158.5,U,-270,https://sportsbook.draftkings.com/event/san-francisco-%40-gonzaga/33516279?outcomes=0OU83125280U15850_3
2026-01-24 18:51:35,"Gonzaga Bulldogs vs San Francisco Dons, 2026-01-24, 08",Gonzaga Bulldogs,San Francisco Dons,draftkings,Total,,158.5,O,+200,https://sportsbook.draftkings.com/event/san-francisco-%40-gonzaga/33516279?outcomes=0OU83125280O15850_1
2026-01-24 18:51:35,"Gonzaga Bulldogs vs San Francisco Dons, 2026-01-24, 08",Gonzaga Bulldogs,San Francisco Dons,draftkings,Total,,157.5,U,-245,https://sportsbook.draftkings.com/event/san-francisco-%40-gonzaga/33516279?outcomes=0OU83125280U15750_3
2026-01-24 18:51:35,"Gonzaga Bulldogs vs San Francisco Dons, 2026-01-24, 08",Gonzaga Bulldogs,San Francisco Dons,draftkings,Total,,157.5,O,+185,https://sportsbook.draftkings.com/event/san-francisco-%40-gonzaga/33516279?outcomes=0OU83125280O15750_1
2026-01-24 18:51:35,"Gonzaga Bulldogs vs San Francisco Dons, 2026-01-24, 08",Gonzaga Bulldogs,San Francisco Dons,draftkings,Total,,156.5,U,-220,https://sportsbook.draftkings.com/event/san-francisco-%40-gonzaga/33516279?outcomes=0OU83125280U15650_3
2026-01-24 18:51:35,"Gonzaga Bulldogs vs San Francisco Dons, 2026-01-24, 08",Gonzaga Bulldogs,San Francisco Dons,draftkings,Total,,156.5,O,+170,https://sportsbook.draftkings.com/event/san-francisco-%40-gonzaga/33516279?outcomes=0OU83125280O15650_1
2026-01-24 18:51:35,"Gonzaga Bulldogs vs San Francisco Dons, 2026-01-24, 08",Gonzaga Bulldogs,San Francisco Dons,draftkings,Total,,155.5,U,-200,https://sportsbook.draftkings.com/event/san-francisco-%40-gonzaga/33516279?outcomes=0OU83125280U15550_3
2026-01-24 18:51:35,"Gonzaga Bulldogs vs San Francisco Dons, 2026-01-24, 08",Gonzaga Bulldogs,San Francisco Dons,draftkings,Total,,155.5,O,+154,https://sportsbook.draftkings.com/event/san-francisco-%40-gonzaga/33516279?outcomes=0OU83125280O15550_1
2026-01-24 18:51:35,"Gonzaga Bulldogs vs San Francisco Dons, 2026-01-24, 08",Gonzaga Bulldogs,San Francisco Dons,draftkings,Total,,154.5,U,-180,https://sportsbook.draftkings.com/event/san-francisco-%40-gonzaga/33516279?outcomes=0OU83125280U15450_3
2026-01-24 18:51:35,"Gonzaga Bulldogs vs San Francisco Dons, 2026-01-24, 08",Gonzaga Bulldogs,San Francisco Dons,draftkings,Total,,154.5,O,+140,https://sportsbook.draftkings.com/event/san-francisco-%40-gonzaga/33516279?outcomes=0OU83125280O15450_1
2026-01-24 18:51:35,"Gonzaga Bulldogs vs San Francisco Dons, 2026-01-24, 08",Gonzaga Bulldogs,San Francisco Dons,draftkings,Total,,153.5,U,-160,https://sportsbook.draftkings.com/event/san-francisco-%40-gonzaga/33516279?outcomes=0OU83125280U15350_3
2026-01-24 18:51:35,"Gonzaga Bulldogs vs San Francisco Dons, 2026-01-24, 08",Gonzaga Bulldogs,San Francisco Dons,draftkings,Total,,153.5,O,+124,https://sportsbook.draftkings.com/event/san-francisco-%40-gonzaga/33516279?outcomes=0OU83125280O15350_1
2026-01-24 18:51:35,"Gonzaga Bulldogs vs San Francisco Dons, 2026-01-24, 08",Gonzaga Bulldogs,San Francisco Dons,draftkings,Total,,152.5,U,-145,https://sportsbook.draftkings.com/event/san-francisco-%40-gonzaga/33516279?outcomes=0OU83125280U15250_3
2026-01-24 18:51:35,"Gonzaga Bulldogs vs San Francisco Dons, 2026-01-24, 08",Gonzaga Bulldogs,San Francisco Dons,draftkings,Total,,161.5,O,+280,https://sportsbook.draftkings.com/event/san-francisco-%40-gonzaga/33516279?outcomes=0OU83125280O16150_1
2026-01-24 18:51:35,"Gonzaga Bulldogs vs San Francisco Dons, 2026-01-24, 08",Gonzaga Bulldogs,San Francisco Dons,draftkings,Total,,161.5,U,-395,https://sportsbook.draftkings.com/event/san-francisco-%40-gonzaga/33516279?outcomes=0OU83125280U16150_3
2026-01-24 18:51:35,"Gonzaga Bulldogs vs San Francisco Dons, 2026-01-24, 08",Gonzaga Bulldogs,San Francisco Dons,draftkings,Total,,162.5,O,+310,https://sportsbook.draftkings.com/event/san-francisco-%40-gonzaga/33516279?outcomes=0OU83125280O16250_1
2026-01-24 18:51:35,"Gonzaga Bulldogs vs San Francisco Dons, 2026-01-24, 08",Gonzaga Bulldogs,San Francisco Dons,draftkings,Total,,162.5,U,-445,https://sportsbook.draftkings.com/event/san-francisco-%40-gonzaga/33516279?outcomes=0OU83125280U16250_3
2026-01-24 18:51:35,"Gonzaga Bulldogs vs San Francisco Dons, 2026-01-24, 08",Gonzaga Bulldogs,San Francisco Dons,draftkings,Total,,152.5,O,+114,https://sportsbook.draftkings.com/event/san-francisco-%40-gonzaga/33516279?outcomes=0OU83125280O15250_1
2026-01-24 18:51:35,"Gonzaga Bulldogs vs San Francisco Dons, 2026-01-24, 08",Gonzaga Bulldogs,San Francisco Dons,draftkings,Total,,149.5,U,-110,https://sportsbook.draftkings.com/event/san-francisco-%40-gonzaga/33516279?outcomes=0OU83125280U14950_3
2026-01-24 18:51:35,"Gonzaga Bulldogs vs San Francisco Dons, 2026-01-24, 08",Gonzaga Bulldogs,San Francisco Dons,draftkings,Total,,149.5,O,-120,https://sportsbook.draftkings.com/event/san-francisco-%40-gonzaga/33516279?outcomes=0OU83125280O14950_1
2026-01-24 18:51:35,"Gonzaga Bulldogs vs San Francisco Dons, 2026-01-24, 08",Gonzaga Bulldogs,San Francisco Dons,draftkings,Total,,148.5,U,+105,https://sportsbook.draftkings.com/event/san-francisco-%40-gonzaga/33516279?outcomes=0OU83125280U14850_3
2026-01-24 18:51:35,"Gonzaga Bulldogs vs San Francisco Dons, 2026-01-24, 08",Gonzaga Bulldogs,San Francisco Dons,draftkings,Total,,139.5,O,-360,https://sportsbook.draftkings.com/event/san-francisco-%40-gonzaga/33516279?outcomes=0OU83125280O13950_1
2026-01-24 18:51:35,"Gonzaga Bulldogs vs San Francisco Dons, 2026-01-24, 08",Gonzaga Bulldogs,San Francisco Dons,draftkings,Total,,148.5,O,-135,https://sportsbook.draftkings.com/event/san-francisco-%40-gonzaga/33516279?outcomes=0OU83125280O14850_1
2026-01-24 18:51:35,"Gonzaga Bulldogs vs San Francisco Dons, 2026-01-24, 08",Gonzaga Bulldogs,San Francisco Dons,draftkings,Total,,147.5,U,+114,https://sportsbook.draftkings.com/event/san-francisco-%40-gonzaga/33516279?outcomes=0OU83125280U14750_3
2026-01-24 18:51:35,"Gonzaga Bulldogs vs San Francisco Dons, 2026-01-24, 08",Gonzaga Bulldogs,San Francisco Dons,draftkings,Total,,147.5,O,-145,https://sportsbook.draftkings.com/event/san-francisco-%40-gonzaga/33516279?outcomes=0OU83125280O14750_1
2026-01-24 18:51:35,"Gonzaga Bulldogs vs San Francisco Dons, 2026-01-24, 08",Gonzaga Bulldogs,San Francisco Dons,draftkings,Total,,146.5,U,+130,https://sportsbook.draftkings.com/event/san-francisco-%40-gonzaga/33516279?outcomes=0OU83125280U14650_3
2026-01-24 18:51:35,"Gonzaga Bulldogs vs San Francisco Dons, 2026-01-24, 08",Gonzaga Bulldogs,San Francisco Dons,draftkings,Total,,146.5,O,-166,https://sportsbook.draftkings.com/event/san-francisco-%40-gonzaga/33516279?outcomes=0OU83125280O14650_1
2026-01-24 18:51:35,"Gonzaga Bulldogs vs San Francisco Dons, 2026-01-24, 08",Gonzaga Bulldogs,San Francisco Dons,draftkings,Total,,145.5,U,+140,https://sportsbook.draftkings.com/event/san-francisco-%40-gonzaga/33516279?outcomes=0OU83125280U14550_3
2026-01-24 18:51:35,"Gonzaga Bulldogs vs San Francisco Dons, 2026-01-24, 08",Gonzaga Bulldogs,San Francisco Dons,draftkings,Total,,145.5,O,-180,https://sportsbook.draftkings.com/event/san-francisco-%40-gonzaga/33516279?outcomes=0OU83125280O14550_1
2026-01-24 18:51:35,"Gonzaga Bulldogs vs San Francisco Dons, 2026-01-24, 08",Gonzaga Bulldogs,San Francisco Dons,draftkings,Total,,144.5,U,+160,https://sportsbook.draftkings.com/event/san-francisco-%40-gonzaga/33516279?outcomes=0OU83125280U14450_3
2026-01-24 18:51:35,"Gonzaga Bulldogs vs San Francisco Dons, 2026-01-24, 08",Gonzaga Bulldogs,San Francisco Dons,draftkings,Total,,144.5,O,-210,https://sportsbook.draftkings.com/event/san-francisco-%40-gonzaga/33516279?outcomes=0OU83125280O14450_1
2026-01-24 18:51:35,"Gonzaga Bulldogs vs San Francisco Dons, 2026-01-24, 08",Gonzaga Bulldogs,San Francisco Dons,draftkings,Total,,143.5,O,-230,https://sportsbook.draftkings.com/event/san-francisco-%40-gonzaga/33516279?outcomes=0OU83125280O14350_1
2026-01-24 18:51:35,"Gonzaga Bulldogs vs San Francisco Dons, 2026-01-24, 08",Gonzaga Bulldogs,San Francisco Dons,draftkings,Total,,142.5,U,+190,https://sportsbook.draftkings.com/event/san-francisco-%40-gonzaga/33516279?outcomes=0OU83125280U14250_3
2026-01-24 18:51:35,"Gonzaga Bulldogs vs San Francisco Dons, 2026-01-24, 08",Gonzaga Bulldogs,San Francisco Dons,draftkings,Total,,142.5,O,-250,https://sportsbook.draftkings.com/event/san-francisco-%40-gonzaga/33516279?outcomes=0OU83125280O14250_1
2026-01-24 18:51:35,"Gonzaga Bulldogs vs San Francisco Dons, 2026-01-24, 08",Gonzaga Bulldogs,San Francisco Dons,draftkings,Total,,141.5,U,+210,https://sportsbook.draftkings.com/event/san-francisco-%40-gonzaga/33516279?outcomes=0OU83125280U14150_3
2026-01-24 18:51:35,"Gonzaga Bulldogs vs San Francisco Dons, 2026-01-24, 08",Gonzaga Bulldogs,San Francisco Dons,draftkings,Total,,141.5,O,-280,https://sportsbook.draftkings.com/event/san-francisco-%40-gonzaga/33516279?outcomes=0OU83125280O14150_1
2026-01-24 18:51:35,"Gonzaga Bulldogs vs San Francisco Dons, 2026-01-24, 08",Gonzaga Bulldogs,San Francisco Dons,draftkings,Total,,140.5,U,+230,https://sportsbook.draftkings.com/event/san-francisco-%40-gonzaga/33516279?outcomes=0OU83125280U14050_3
2026-01-24 18:51:35,"Gonzaga Bulldogs vs San Francisco Dons, 2026-01-24, 08",Gonzaga Bulldogs,San Francisco Dons,draftkings,Total,,140.5,O,-315,https://sportsbook.draftkings.com/event/san-francisco-%40-gonzaga/33516279?outcomes=0OU83125280O14050_1
2026-01-24 18:51:35,"Gonzaga Bulldogs vs San Francisco Dons, 2026-01-24, 08",Gonzaga Bulldogs,San Francisco Dons,draftkings,Total,,139.5,U,+260,https://sportsbook.draftkings.com/event/san-francisco-%40-gonzaga/33516279?outcomes=0OU83125280U13950_3
2026-01-24 18:51:35,"Gonzaga Bulldogs vs San Francisco Dons, 2026-01-24, 08",Gonzaga Bulldogs,San Francisco Dons,draftkings,Total,,143.5,U,+175,https://sportsbook.draftkings.com/event/san-francisco-%40-gonzaga/33516279?outcomes=0OU83125280U14350_3
2026-01-24 18:51:35,"Gonzaga Bulldogs vs San Francisco Dons, 2026-01-24, 08",Gonzaga Bulldogs,San Francisco Dons,fanduel,Total,,160.5,U,-330,https://sportsbook.fanduel.ca/addToBetslip?marketId=801.154282891&selectionId=7017824
2026-01-24 18:51:35,"Gonzaga Bulldogs vs San Francisco Dons, 2026-01-24, 08",Gonzaga Bulldogs,San Francisco Dons,fanduel,Total,,160.5,O,+235,https://sportsbook.fanduel.ca/addToBetslip?marketId=801.154282891&selectionId=7017823
2026-01-24 18:51:35,"Gonzaga Bulldogs vs San Francisco Dons, 2026-01-24, 08",Gonzaga Bulldogs,San Francisco Dons,fanduel,Total,,148.5,U,+116,https://sportsbook.fanduel.ca/addToBetslip?marketId=801.154282910&selectionId=7017824
2026-01-24 18:51:35,"Gonzaga Bulldogs vs San Francisco Dons, 2026-01-24, 08",Gonzaga Bulldogs,San Francisco Dons,fanduel,Total,,148.5,O,-152,https://sportsbook.fanduel.ca/addToBetslip?marketId=801.154282910&selectionId=7017823
2026-01-24 18:51:35,"Gonzaga Bulldogs vs San Francisco Dons, 2026-01-24, 08",Gonzaga Bulldogs,San Francisco Dons,fanduel,Total,,142.5,U,+220,https://sportsbook.fanduel.ca/addToBetslip?marketId=801.154282827&selectionId=7017824
2026-01-24 18:51:35,"Gonzaga Bulldogs vs San Francisco Dons, 2026-01-24, 08",Gonzaga Bulldogs,San Francisco Dons,fanduel,Total,,142.5,O,-305,https://sportsbook.fanduel.ca/addToBetslip?marketId=801.154282827&selectionId=7017823
2026-01-24 18:51:35,"Gonzaga Bulldogs vs San Francisco Dons, 2026-01-24, 08",Gonzaga Bulldogs,San Francisco Dons,fanduel,Total,,154.5,U,-168,https://sportsbook.fanduel.ca/addToBetslip?marketId=801.154282899&selectionId=7017824
2026-01-24 18:51:35,"Gonzaga Bulldogs vs San Francisco Dons, 2026-01-24, 08",Gonzaga Bulldogs,San Francisco Dons,fanduel,Total,,154.5,O,+126,https://sportsbook.fanduel.ca/addToBetslip?marketId=801.154282899&selectionId=7017823
2026-01-24 18:51:35,"Gonzaga Bulldogs vs San Francisco Dons, 2026-01-24, 08",Gonzaga Bulldogs,San Francisco Dons,fanduel,Total,,157.5,U,-235,https://sportsbook.fanduel.ca/addToBetslip?marketId=801.154282903&selectionId=7017824
2026-01-24 18:51:35,"Gonzaga Bulldogs vs San Francisco Dons, 2026-01-24, 08",Gonzaga Bulldogs,San Francisco Dons,fanduel,Total,,157.5,O,+175,https://sportsbook.fanduel.ca/addToBetslip?marketId=801.154282903&selectionId=7017823
2026-01-24 18:51:35,"Gonzaga Bulldogs vs San Francisco Dons, 2026-01-24, 08",Gonzaga Bulldogs,San Francisco Dons,fanduel,Total,,145.5,U,+162,https://sportsbook.fanduel.ca/addToBetslip?marketId=801.154282875&selectionId=7017824
2026-01-24 18:51:35,"Gonzaga Bulldogs vs San Francisco Dons, 2026-01-24, 08",Gonzaga Bulldogs,San Francisco Dons,fanduel,Total,,145.5,O,-215,https://sportsbook.fanduel.ca/addToBetslip?marketId=801.154282875&selectionId=7017823
2026-01-24 18:51:35,"Gonzaga Bulldogs vs San Francisco Dons, 2026-01-24, 08",Gonzaga Bulldogs,San Francisco Dons,fanduel,Total,,150.5,U,-105,https://sportsbook.fanduel.ca/addToBetslip?marketId=801.154218093&selectionId=7017824
2026-01-24 18:51:35,"Hawaii Rainbow Warriors vs California State Matadors, 2026-01-25, 11",Hawaii Rainbow Warriors,California State Matadors,fanduel,Total,,149.5,O,-305,https://sportsbook.fanduel.ca/addToBetslip?marketId=801.154284056&selectionId=7017823
2026-01-24 18:51:35,"Hawaii Rainbow Warriors vs California State Matadors, 2026-01-25, 11",Hawaii Rainbow Warriors,California State Matadors,fanduel,Total,,155.5,U,+116,https://sportsbook.fanduel.ca/addToBetslip?marketId=801.154284019&selectionId=7017824
2026-01-24 18:51:35,"Hawaii Rainbow Warriors vs California State Matadors, 2026-01-25, 11",Hawaii Rainbow Warriors,California State Matadors,fanduel,Total,,155.5,O,-152,https://sportsbook.fanduel.ca/addToBetslip?marketId=801.154284019&selectionId=7017823
2026-01-24 18:51:35,"Hawaii Rainbow Warriors vs California State Matadors, 2026-01-25, 11",Hawaii Rainbow Warriors,California State Matadors,fanduel,Total,,161.5,U,-160,https://sportsbook.fanduel.ca/addToBetslip?marketId=801.154284015&selectionId=7017824
2026-01-24 18:51:35,"Hawaii Rainbow Warriors vs California State Matadors, 2026-01-25, 11",Hawaii Rainbow Warriors,California State Matadors,fanduel,Total,,161.5,O,+122,https://sportsbook.fanduel.ca/addToBetslip?marketId=801.154284015&selectionId=7017823
2026-01-24 18:51:35,"Hawaii Rainbow Warriors vs California State Matadors, 2026-01-25, 11",Hawaii Rainbow Warriors,California State Matadors,fanduel,Total,,164.5,U,-225,https://sportsbook.fanduel.ca/addToBetslip?marketId=801.154284091&selectionId=7017824
2026-01-24 18:51:35,"Hawaii Rainbow Warriors vs California State Matadors, 2026-01-25, 11",Hawaii Rainbow Warriors,California State Matadors,fanduel,Total,,149.5,U,+220,https://sportsbook.fanduel.ca/addToBetslip?marketId=801.154284056&selectionId=7017824
2026-01-24 18:51:35,"Hawaii Rainbow Warriors vs California State Matadors, 2026-01-25, 11",Hawaii Rainbow Warriors,California State Matadors,fanduel,Total,,167.5,O,+225,https://sportsbook.fanduel.ca/addToBetslip?marketId=801.154284026&selectionId=7017823
2026-01-24 18:51:35,"Hawaii Rainbow Warriors vs California State Matadors, 2026-01-25, 11",Hawaii Rainbow Warriors,California State Matadors,fanduel,Total,,152.5,O,-215,https://sportsbook.fanduel.ca/addToBetslip?marketId=801.154284004&selectionId=7017823
2026-01-24 18:51:35,"Hawaii Rainbow Warriors vs California State Matadors, 2026-01-25, 11",Hawaii Rainbow Warriors,California State Matadors,fanduel,Total,,167.5,U,-310,https://sportsbook.fanduel.ca/addToBetslip?marketId=801.154284026&selectionId=7017824
2026-01-24 18:51:35,"Hawaii Rainbow Warriors vs California State Matadors, 2026-01-25, 11",Hawaii Rainbow Warriors,California State Matadors,fanduel,Total,,157.5,U,-105,https://sportsbook.fanduel.ca/addToBetslip?marketId=801.154229699&selectionId=7017824
2026-01-24 18:51:35,"Hawaii Rainbow Warriors vs California State Matadors, 2026-01-25, 11",Hawaii Rainbow Warriors,California State Matadors,fanduel,Total,,157.5,O,-115,https://sportsbook.fanduel.ca/addToBetslip?marketId=801.154229699&selectionId=7017823
2026-01-24 18:51:35,"Hawaii Rainbow Warriors vs California State Matadors, 2026-01-25, 11",Hawaii Rainbow Warriors,California State Matadors,fanduel,Total,,152.5,U,+162,https://sportsbook.fanduel.ca/addToBetslip?marketId=801.154284004&selectionId=7017824
2026-01-24 18:51:35,"Hawaii Rainbow Warriors vs California State Matadors, 2026-01-25, 11",Hawaii Rainbow Warriors,California State Matadors,fanduel,Total,,164.5,O,+165,https://sportsbook.fanduel.ca/addToBetslip?marketId=801.154284091&selectionId=7017823
2026-01-24 18:51:35,"Iona Gaels vs Manhattan Jaspers, 2026-01-24, 07",Iona Gaels,Manhattan Jaspers,draftkings,Total,,141.5,O,-425,https://sportsbook.draftkings.com/event/manhattan-%40-iona/33516653?outcomes=0OU83125176O14150_1
2026-01-24 18:51:35,"Iona Gaels vs Manhattan Jaspers, 2026-01-24, 07",Iona Gaels,Manhattan Jaspers,draftkings,Total,,153.5,U,-110,https://sportsbook.draftkings.com/event/manhattan-%40-iona/33516653?outcomes=0OU83117534U15350_3
2026-01-24 18:51:35,"Iona Gaels vs Manhattan Jaspers, 2026-01-24, 07",Iona Gaels,Manhattan Jaspers,draftkings,Total,,153.5,O,-110,https://sportsbook.draftkings.com/event/manhattan-%40-iona/33516653?outcomes=0OU83117534O15350_1
2026-01-24 18:51:35,"Iona Gaels vs Manhattan Jaspers, 2026-01-24, 07",Iona Gaels,Manhattan Jaspers,draftkings,Total,,141.5,U,+300,https://sportsbook.draftkings.com/event/manhattan-%40-iona/33516653?outcomes=0OU83125176U14150_3
2026-01-24 18:51:35,"Iona Gaels vs Manhattan Jaspers, 2026-01-24, 07",Iona Gaels,Manhattan Jaspers,draftkings,Total,,142.5,O,-375,https://sportsbook.draftkings.com/event/manhattan-%40-iona/33516653?outcomes=0OU83125176O14250_1
2026-01-24 18:51:35,"Iona Gaels vs Manhattan Jaspers, 2026-01-24, 07",Iona Gaels,Manhattan Jaspers,draftkings,Total,,142.5,U,+270,https://sportsbook.draftkings.com/event/manhattan-%40-iona/33516653?outcomes=0OU83125176U14250_3
2026-01-24 18:51:35,"Iona Gaels vs Manhattan Jaspers, 2026-01-24, 07",Iona Gaels,Manhattan Jaspers,draftkings,Total,,143.5,O,-330,https://sportsbook.draftkings.com/event/manhattan-%40-iona/33516653?outcomes=0OU83125176O14350_1
2026-01-24 18:51:35,"Iona Gaels vs Manhattan Jaspers, 2026-01-24, 07",Iona Gaels,Manhattan Jaspers,draftkings,Total,,165.5,U,-375,https://sportsbook.draftkings.com/event/manhattan-%40-iona/33516653?outcomes=0OU83125176U16550_3
2026-01-24 18:51:35,"Iona Gaels vs Manhattan Jaspers, 2026-01-24, 07",Iona Gaels,Manhattan Jaspers,draftkings,Total,,165.5,O,+270,https://sportsbook.draftkings.com/event/manhattan-%40-iona/33516653?outcomes=0OU83125176O16550_1
2026-01-24 18:51:35,"Iona Gaels vs Manhattan Jaspers, 2026-01-24, 07",Iona Gaels,Manhattan Jaspers,draftkings,Total,,152.5,O,-130,https://sportsbook.draftkings.com/event/manhattan-%40-iona/33516653?outcomes=0OU83125176O15250_1
2026-01-24 18:51:35,"Iona Gaels vs Manhattan Jaspers, 2026-01-24, 07",Iona Gaels,Manhattan Jaspers,draftkings,Total,,151.5,U,+110,https://sportsbook.draftkings.com/event/manhattan-%40-iona/33516653?outcomes=0OU83125176U15150_3
2026-01-24 18:51:35,"Iona Gaels vs Manhattan Jaspers, 2026-01-24, 07",Iona Gaels,Manhattan Jaspers,draftkings,Total,,151.5,O,-140,https://sportsbook.draftkings.com/event/manhattan-%40-iona/33516653?outcomes=0OU83125176O15150_1
2026-01-24 18:51:35,"Iona Gaels vs Manhattan Jaspers, 2026-01-24, 07",Iona Gaels,Manhattan Jaspers,draftkings,Total,,150.5,U,+120,https://sportsbook.draftkings.com/event/manhattan-%40-iona/33516653?outcomes=0OU83125176U15050_3
2026-01-24 18:51:35,"Iona Gaels vs Manhattan Jaspers, 2026-01-24, 07",Iona Gaels,Manhattan Jaspers,draftkings,Total,,150.5,O,-154,https://sportsbook.draftkings.com/event/manhattan-%40-iona/33516653?outcomes=0OU83125176O15050_1
2026-01-24 18:51:35,"Iona Gaels vs Manhattan Jaspers, 2026-01-24, 07",Iona Gaels,Manhattan Jaspers,draftkings,Total,,149.5,U,+130,https://sportsbook.draftkings.com/event/manhattan-%40-iona/33516653?outcomes=0OU83125176U14950_3
2026-01-24 18:51:35,"Iona Gaels vs Manhattan Jaspers, 2026-01-24, 07",Iona Gaels,Manhattan Jaspers,draftkings,Total,,149.5,O,-166,https://sportsbook.draftkings.com/event/manhattan-%40-iona/33516653?outcomes=0OU83125176O14950_1
2026-01-24 18:51:35,"Iona Gaels vs Manhattan Jaspers, 2026-01-24, 07",Iona Gaels,Manhattan Jaspers,draftkings,Total,,148.5,U,+150,https://sportsbook.draftkings.com/event/manhattan-%40-iona/33516653?outcomes=0OU83125176U14850_3
2026-01-24 18:51:35,"Iona Gaels vs Manhattan Jaspers, 2026-01-24, 07",Iona Gaels,Manhattan Jaspers,draftkings,Total,,152.5,U,+100,https://sportsbook.draftkings.com/event/manhattan-%40-iona/33516653?outcomes=0OU83125176U15250_3
2026-01-24 18:51:35,"Iona Gaels vs Manhattan Jaspers, 2026-01-24, 07",Iona Gaels,Manhattan Jaspers,draftkings,Total,,148.5,O,-195,https://sportsbook.draftkings.com/event/manhattan-%40-iona/33516653?outcomes=0OU83125176O14850_1
2026-01-24 18:51:35,"Iona Gaels vs Manhattan Jaspers, 2026-01-24, 07",Iona Gaels,Manhattan Jaspers,draftkings,Total,,147.5,O,-215,https://sportsbook.draftkings.com/event/manhattan-%40-iona/33516653?outcomes=0OU83125176O14750_1
2026-01-24 18:51:35,"Iona Gaels vs Manhattan Jaspers, 2026-01-24, 07",Iona Gaels,Manhattan Jaspers,draftkings,Total,,146.5,U,+180,https://sportsbook.draftkings.com/event/manhattan-%40-iona/33516653?outcomes=0OU83125176U14650_3
2026-01-24 18:51:35,"Iona Gaels vs Manhattan Jaspers, 2026-01-24, 07",Iona Gaels,Manhattan Jaspers,draftkings,Total,,146.5,O,-238,https://sportsbook.draftkings.com/event/manhattan-%40-iona/33516653?outcomes=0OU83125176O14650_1
2026-01-24 18:51:35,"Iona Gaels vs Manhattan Jaspers, 2026-01-24, 07",Iona Gaels,Manhattan Jaspers,draftkings,Total,,145.5,U,+200,https://sportsbook.draftkings.com/event/manhattan-%40-iona/33516653?outcomes=0OU83125176U14550_3
2026-01-24 18:51:35,"Iona Gaels vs Manhattan Jaspers, 2026-01-24, 07",Iona Gaels,Manhattan Jaspers,draftkings,Total,,145.5,O,-270,https://sportsbook.draftkings.com/event/manhattan-%40-iona/33516653?outcomes=0OU83125176O14550_1
2026-01-24 18:51:35,"Iona Gaels vs Manhattan Jaspers, 2026-01-24, 07",Iona Gaels,Manhattan Jaspers,draftkings,Total,,144.5,U,+210,https://sportsbook.draftkings.com/event/manhattan-%40-iona/33516653?outcomes=0OU83125176U14450_3
2026-01-24 18:51:35,"Iona Gaels vs Manhattan Jaspers, 2026-01-24, 07",Iona Gaels,Manhattan Jaspers,draftkings,Total,,144.5,O,-280,https://sportsbook.draftkings.com/event/manhattan-%40-iona/33516653?outcomes=0OU83125176O14450_1
2026-01-24 18:51:35,"Iona Gaels vs Manhattan Jaspers, 2026-01-24, 07",Iona Gaels,Manhattan Jaspers,draftkings,Total,,143.5,U,+240,https://sportsbook.draftkings.com/event/manhattan-%40-iona/33516653?outcomes=0OU83125176U14350_3
2026-01-24 18:51:35,"Iona Gaels vs Manhattan Jaspers, 2026-01-24, 07",Iona Gaels,Manhattan Jaspers,draftkings,Total,,147.5,U,+165,https://sportsbook.draftkings.com/event/manhattan-%40-iona/33516653?outcomes=0OU83125176U14750_3
2026-01-24 18:51:35,"Iona Gaels vs Manhattan Jaspers, 2026-01-24, 07",Iona Gaels,Manhattan Jaspers,draftkings,Total,,154.5,O,-105,https://sportsbook.draftkings.com/event/manhattan-%40-iona/33516653?outcomes=0OU83125176O15450_1
2026-01-24 18:51:35,"Iona Gaels vs Manhattan Jaspers, 2026-01-24, 07",Iona Gaels,Manhattan Jaspers,draftkings,Total,,155.5,O,+110,https://sportsbook.draftkings.com/event/manhattan-%40-iona/33516653?outcomes=0OU83125176O15550_1
2026-01-24 18:51:35,"Iona Gaels vs Manhattan Jaspers, 2026-01-24, 07",Iona Gaels,Manhattan Jaspers,draftkings,Total,,164.5,U,-345,https://sportsbook.draftkings.com/event/manhattan-%40-iona/33516653?outcomes=0OU83125176U16450_3
2026-01-24 18:51:35,"Iona Gaels vs Manhattan Jaspers, 2026-01-24, 07",Iona Gaels,Manhattan Jaspers,draftkings,Total,,164.5,O,+250,https://sportsbook.draftkings.com/event/manhattan-%40-iona/33516653?outcomes=0OU83125176O16450_1
2026-01-24 18:51:35,"Iona Gaels vs Manhattan Jaspers, 2026-01-24, 07",Iona Gaels,Manhattan Jaspers,draftkings,Total,,163.5,U,-315,https://sportsbook.draftkings.com/event/manhattan-%40-iona/33516653?outcomes=0OU83125176U16350_3
2026-01-24 18:51:35,"Iona Gaels vs Manhattan Jaspers, 2026-01-24, 07",Iona Gaels,Manhattan Jaspers,draftkings,Total,,163.5,O,+230,https://sportsbook.draftkings.com/event/manhattan-%40-iona/33516653?outcomes=0OU83125176O16350_1
2026-01-24 18:51:35,"Iona Gaels vs Manhattan Jaspers, 2026-01-24, 07",Iona Gaels,Manhattan Jaspers,draftkings,Total,,162.5,U,-280,https://sportsbook.draftkings.com/event/manhattan-%40-iona/33516653?outcomes=0OU83125176U16250_3
2026-01-24 18:51:35,"Iona Gaels vs Manhattan Jaspers, 2026-01-24, 07",Iona Gaels,Manhattan Jaspers,draftkings,Total,,162.5,O,+210,https://sportsbook.draftkings.com/event/manhattan-%40-iona/33516653?outcomes=0OU83125176O16250_1
2026-01-24 18:51:35,"Iona Gaels vs Manhattan Jaspers, 2026-01-24, 07",Iona Gaels,Manhattan Jaspers,draftkings,Total,,161.5,O,+185,https://sportsbook.draftkings.com/event/manhattan-%40-iona/33516653?outcomes=0OU83125176O16150_1
2026-01-24 18:51:35,"Iona Gaels vs Manhattan Jaspers, 2026-01-24, 07",Iona Gaels,Manhattan Jaspers,draftkings,Total,,160.5,U,-215,https://sportsbook.draftkings.com/event/manhattan-%40-iona/33516653?outcomes=0OU83125176U16050_3
2026-01-24 18:51:35,"Iona Gaels vs Manhattan Jaspers, 2026-01-24, 07",Iona Gaels,Manhattan Jaspers,draftkings,Total,,154.5,U,-125,https://sportsbook.draftkings.com/event/manhattan-%40-iona/33516653?outcomes=0OU83125176U15450_3
2026-01-24 18:51:35,"Iona Gaels vs Manhattan Jaspers, 2026-01-24, 07",Iona Gaels,Manhattan Jaspers,draftkings,Total,,160.5,O,+165,https://sportsbook.draftkings.com/event/manhattan-%40-iona/33516653?outcomes=0OU83125176O16050_1
2026-01-24 18:51:35,"Iona Gaels vs Manhattan Jaspers, 2026-01-24, 07",Iona Gaels,Manhattan Jaspers,draftkings,Total,,159.5,O,+150,https://sportsbook.draftkings.com/event/manhattan-%40-iona/33516653?outcomes=0OU83125176O15950_1
2026-01-24 18:51:35,"Iona Gaels vs Manhattan Jaspers, 2026-01-24, 07",Iona Gaels,Manhattan Jaspers,draftkings,Total,,158.5,U,-180,https://sportsbook.draftkings.com/event/manhattan-%40-iona/33516653?outcomes=0OU83125176U15850_3
2026-01-24 18:51:35,"Iona Gaels vs Manhattan Jaspers, 2026-01-24, 07",Iona Gaels,Manhattan Jaspers,draftkings,Total,,158.5,O,+140,https://sportsbook.draftkings.com/event/manhattan-%40-iona/33516653?outcomes=0OU83125176O15850_1
2026-01-24 18:51:35,"Iona Gaels vs Manhattan Jaspers, 2026-01-24, 07",Iona Gaels,Manhattan Jaspers,draftkings,Total,,157.5,U,-160,https://sportsbook.draftkings.com/event/manhattan-%40-iona/33516653?outcomes=0OU83125176U15750_3
2026-01-24 18:51:35,"Iona Gaels vs Manhattan Jaspers, 2026-01-24, 07",Iona Gaels,Manhattan Jaspers,draftkings,Total,,157.5,O,+124,https://sportsbook.draftkings.com/event/manhattan-%40-iona/33516653?outcomes=0OU83125176O15750_1
2026-01-24 18:51:35,"Iona Gaels vs Manhattan Jaspers, 2026-01-24, 07",Iona Gaels,Manhattan Jaspers,draftkings,Total,,156.5,U,-154,https://sportsbook.draftkings.com/event/manhattan-%40-iona/33516653?outcomes=0OU83125176U15650_3
2026-01-24 18:51:35,"Iona Gaels vs Manhattan Jaspers, 2026-01-24, 07",Iona Gaels,Manhattan Jaspers,draftkings,Total,,156.5,O,+120,https://sportsbook.draftkings.com/event/manhattan-%40-iona/33516653?outcomes=0OU83125176O15650_1
2026-01-24 18:51:35,"Iona Gaels vs Manhattan Jaspers, 2026-01-24, 07",Iona Gaels,Manhattan Jaspers,draftkings,Total,,155.5,U,-140,https://sportsbook.draftkings.com/event/manhattan-%40-iona/33516653?outcomes=0OU83125176U15550_3
2026-01-24 18:51:35,"Iona Gaels vs Manhattan Jaspers, 2026-01-24, 07",Iona Gaels,Manhattan Jaspers,draftkings,Total,,159.5,U,-195,https://sportsbook.draftkings.com/event/manhattan-%40-iona/33516653?outcomes=0OU83125176U15950_3
2026-01-24 18:51:35,"Iona Gaels vs Manhattan Jaspers, 2026-01-24, 07",Iona Gaels,Manhattan Jaspers,draftkings,Total,,161.5,U,-245,https://sportsbook.draftkings.com/event/manhattan-%40-iona/33516653?outcomes=0OU83125176U16150_3
2026-01-24 18:51:35,"Kansas State Wildcats vs Kansas Jayhawks, 2026-01-24, 08",Kansas State Wildcats,Kansas Jayhawks,draftkings,Total,,169.5,O,+260,https://sportsbook.draftkings.com/event/kansas-%40-kansas-state/33516280?outcomes=0OU83125203O16950_1
2026-01-24 18:51:35,"Kansas State Wildcats vs Kansas Jayhawks, 2026-01-24, 08",Kansas State Wildcats,Kansas Jayhawks,draftkings,Total,,168.5,U,-330,https://sportsbook.draftkings.com/event/kansas-%40-kansas-state/33516280?outcomes=0OU83125203U16850_3
2026-01-24 18:51:35,"Kansas State Wildcats vs Kansas Jayhawks, 2026-01-24, 08",Kansas State Wildcats,Kansas Jayhawks,draftkings,Total,,168.5,O,+240,https://sportsbook.draftkings.com/event/kansas-%40-kansas-state/33516280?outcomes=0OU83125203O16850_1
2026-01-24 18:51:35,"Kansas State Wildcats vs Kansas Jayhawks, 2026-01-24, 08",Kansas State Wildcats,Kansas Jayhawks,draftkings,Total,,167.5,U,-298,https://sportsbook.draftkings.com/event/kansas-%40-kansas-state/33516280?outcomes=0OU83125203U16750_3
2026-01-24 18:51:35,"Kansas State Wildcats vs Kansas Jayhawks, 2026-01-24, 08",Kansas State Wildcats,Kansas Jayhawks,draftkings,Total,,167.5,O,+220,https://sportsbook.draftkings.com/event/kansas-%40-kansas-state/33516280?outcomes=0OU83125203O16750_1
2026-01-24 18:51:35,"Kansas State Wildcats vs Kansas Jayhawks, 2026-01-24, 08",Kansas State Wildcats,Kansas Jayhawks,draftkings,Total,,166.5,U,-270,https://sportsbook.draftkings.com/event/kansas-%40-kansas-state/33516280?outcomes=0OU83125203U16650_3
2026-01-24 18:51:35,"Kansas State Wildcats vs Kansas Jayhawks, 2026-01-24, 08",Kansas State Wildcats,Kansas Jayhawks,draftkings,Total,,166.5,O,+200,https://sportsbook.draftkings.com/event/kansas-%40-kansas-state/33516280?outcomes=0OU83125203O16650_1
2026-01-24 18:51:35,"Kansas State Wildcats vs Kansas Jayhawks, 2026-01-24, 08",Kansas State Wildcats,Kansas Jayhawks,draftkings,Total,,165.5,U,-238,https://sportsbook.draftkings.com/event/kansas-%40-kansas-state/33516280?outcomes=0OU83125203U16550_3
2026-01-24 18:51:35,"Kansas State Wildcats vs Kansas Jayhawks, 2026-01-24, 08",Kansas State Wildcats,Kansas Jayhawks,draftkings,Total,,165.5,O,+180,https://sportsbook.draftkings.com/event/kansas-%40-kansas-state/33516280?outcomes=0OU83125203O16550_1
2026-01-24 18:51:35,"Kansas State Wildcats vs Kansas Jayhawks, 2026-01-24, 08",Kansas State Wildcats,Kansas Jayhawks,draftkings,Total,,164.5,U,-215,https://sportsbook.draftkings.com/event/kansas-%40-kansas-state/33516280?outcomes=0OU83125203U16450_3
2026-01-24 18:51:35,"Kansas State Wildcats vs Kansas Jayhawks, 2026-01-24, 08",Kansas State Wildcats,Kansas Jayhawks,draftkings,Total,,164.5,O,+165,https://sportsbook.draftkings.com/event/kansas-%40-kansas-state/33516280?outcomes=0OU83125203O16450_1
2026-01-24 18:51:35,"Kansas State Wildcats vs Kansas Jayhawks, 2026-01-24, 08",Kansas State Wildcats,Kansas Jayhawks,draftkings,Total,,163.5,U,-195,https://sportsbook.draftkings.com/event/kansas-%40-kansas-state/33516280?outcomes=0OU83125203U16350_3
2026-01-24 18:51:35,"Kansas State Wildcats vs Kansas Jayhawks, 2026-01-24, 08",Kansas State Wildcats,Kansas Jayhawks,draftkings,Total,,163.5,O,+150,https://sportsbook.draftkings.com/event/kansas-%40-kansas-state/33516280?outcomes=0OU83125203O16350_1
2026-01-24 18:51:35,"Kansas State Wildcats vs Kansas Jayhawks, 2026-01-24, 08",Kansas State Wildcats,Kansas Jayhawks,draftkings,Total,,162.5,U,-175,https://sportsbook.draftkings.com/event/kansas-%40-kansas-state/33516280?outcomes=0OU83125203U16250_3
2026-01-24 18:51:35,"Kansas State Wildcats vs Kansas Jayhawks, 2026-01-24, 08",Kansas State Wildcats,Kansas Jayhawks,draftkings,Total,,162.5,O,+135,https://sportsbook.draftkings.com/event/kansas-%40-kansas-state/33516280?outcomes=0OU83125203O16250_1
2026-01-24 18:51:35,"Kansas State Wildcats vs Kansas Jayhawks, 2026-01-24, 08",Kansas State Wildcats,Kansas Jayhawks,draftkings,Total,,161.5,U,-160,https://sportsbook.draftkings.com/event/kansas-%40-kansas-state/33516280?outcomes=0OU83125203U16150_3
2026-01-24 18:51:35,"Kansas State Wildcats vs Kansas Jayhawks, 2026-01-24, 08",Kansas State Wildcats,Kansas Jayhawks,draftkings,Total,,161.5,O,+124,https://sportsbook.draftkings.com/event/kansas-%40-kansas-state/33516280?outcomes=0OU83125203O16150_1
2026-01-24 18:51:35,"Kansas State Wildcats vs Kansas Jayhawks, 2026-01-24, 08",Kansas State Wildcats,Kansas Jayhawks,draftkings,Total,,169.5,U,-360,https://sportsbook.draftkings.com/event/kansas-%40-kansas-state/33516280?outcomes=0OU83125203U16950_3
2026-01-24 18:51:35,"Kansas State Wildcats vs Kansas Jayhawks, 2026-01-24, 08",Kansas State Wildcats,Kansas Jayhawks,draftkings,Total,,170.5,O,+290,https://sportsbook.draftkings.com/event/kansas-%40-kansas-state/33516280?outcomes=0OU83125203O17050_1
2026-01-24 18:51:35,"Kansas State Wildcats vs Kansas Jayhawks, 2026-01-24, 08",Kansas State Wildcats,Kansas Jayhawks,draftkings,Total,,170.5,U,-410,https://sportsbook.draftkings.com/event/kansas-%40-kansas-state/33516280?outcomes=0OU83125203U17050_3
2026-01-24 18:51:35,"Kansas State Wildcats vs Kansas Jayhawks, 2026-01-24, 08",Kansas State Wildcats,Kansas Jayhawks,draftkings,Total,,160.5,U,-140,https://sportsbook.draftkings.com/event/kansas-%40-kansas-state/33516280?outcomes=0OU83125203U16050_3
2026-01-24 18:51:35,"Kansas State Wildcats vs Kansas Jayhawks, 2026-01-24, 08",Kansas State Wildcats,Kansas Jayhawks,draftkings,Total,,160.5,O,+110,https://sportsbook.draftkings.com/event/kansas-%40-kansas-state/33516280?outcomes=0OU83125203O16050_1
2026-01-24 18:51:35,"Kansas State Wildcats vs Kansas Jayhawks, 2026-01-24, 08",Kansas State Wildcats,Kansas Jayhawks,draftkings,Total,,159.5,U,-130,https://sportsbook.draftkings.com/event/kansas-%40-kansas-state/33516280?outcomes=0OU83125203U15950_3
2026-01-24 18:51:35,"Kansas State Wildcats vs Kansas Jayhawks, 2026-01-24, 08",Kansas State Wildcats,Kansas Jayhawks,draftkings,Total,,159.5,O,+100,https://sportsbook.draftkings.com/event/kansas-%40-kansas-state/33516280?outcomes=0OU83125203O15950_1
2026-01-24 18:51:35,"Kansas State Wildcats vs Kansas Jayhawks, 2026-01-24, 08",Kansas State Wildcats,Kansas Jayhawks,draftkings,Total,,146.5,U,+290,https://sportsbook.draftkings.com/event/kansas-%40-kansas-state/33516280?outcomes=0OU83125203U14650_3
2026-01-24 18:51:35,"Kansas State Wildcats vs Kansas Jayhawks, 2026-01-24, 08",Kansas State Wildcats,Kansas Jayhawks,draftkings,Total,,146.5,O,-410,https://sportsbook.draftkings.com/event/kansas-%40-kansas-state/33516280?outcomes=0OU83125203O14650_1
2026-01-24 18:51:35,"Kansas State Wildcats vs Kansas Jayhawks, 2026-01-24, 08",Kansas State Wildcats,Kansas Jayhawks,draftkings,Total,,158.5,U,-112,https://sportsbook.draftkings.com/event/kansas-%40-kansas-state/33516280?outcomes=0OU83116664U15850_3
2026-01-24 18:51:35,"Kansas State Wildcats vs Kansas Jayhawks, 2026-01-24, 08",Kansas State Wildcats,Kansas Jayhawks,draftkings,Total,,158.5,O,-108,https://sportsbook.draftkings.com/event/kansas-%40-kansas-state/33516280?outcomes=0OU83116664O15850_1
2026-01-24 18:51:35,"Kansas State Wildcats vs Kansas Jayhawks, 2026-01-24, 08",Kansas State Wildcats,Kansas Jayhawks,draftkings,Total,,147.5,O,-360,https://sportsbook.draftkings.com/event/kansas-%40-kansas-state/33516280?outcomes=0OU83125203O14750_1
2026-01-24 18:51:35,"Kansas State Wildcats vs Kansas Jayhawks, 2026-01-24, 08",Kansas State Wildcats,Kansas Jayhawks,draftkings,Total,,147.5,U,+260,https://sportsbook.draftkings.com/event/kansas-%40-kansas-state/33516280?outcomes=0OU83125203U14750_3
2026-01-24 18:51:35,"Kansas State Wildcats vs Kansas Jayhawks, 2026-01-24, 08",Kansas State Wildcats,Kansas Jayhawks,draftkings,Total,,148.5,U,+230,https://sportsbook.draftkings.com/event/kansas-%40-kansas-state/33516280?outcomes=0OU83125203U14850_3
2026-01-24 18:51:35,"Kansas State Wildcats vs Kansas Jayhawks, 2026-01-24, 08",Kansas State Wildcats,Kansas Jayhawks,draftkings,Total,,157.5,U,-105,https://sportsbook.draftkings.com/event/kansas-%40-kansas-state/33516280?outcomes=0OU83125203U15750_3
2026-01-24 18:51:35,"Kansas State Wildcats vs Kansas Jayhawks, 2026-01-24, 08",Kansas State Wildcats,Kansas Jayhawks,draftkings,Total,,157.5,O,-125,https://sportsbook.draftkings.com/event/kansas-%40-kansas-state/33516280?outcomes=0OU83125203O15750_1
2026-01-24 18:51:35,"Kansas State Wildcats vs Kansas Jayhawks, 2026-01-24, 08",Kansas State Wildcats,Kansas Jayhawks,draftkings,Total,,156.5,U,+105,https://sportsbook.draftkings.com/event/kansas-%40-kansas-state/33516280?outcomes=0OU83125203U15650_3
2026-01-24 18:51:35,"Kansas State Wildcats vs Kansas Jayhawks, 2026-01-24, 08",Kansas State Wildcats,Kansas Jayhawks,draftkings,Total,,156.5,O,-135,https://sportsbook.draftkings.com/event/kansas-%40-kansas-state/33516280?outcomes=0OU83125203O15650_1
2026-01-24 18:51:35,"Kansas State Wildcats vs Kansas Jayhawks, 2026-01-24, 08",Kansas State Wildcats,Kansas Jayhawks,draftkings,Total,,155.5,U,+120,https://sportsbook.draftkings.com/event/kansas-%40-kansas-state/33516280?outcomes=0OU83125203U15550_3
2026-01-24 18:51:35,"Kansas State Wildcats vs Kansas Jayhawks, 2026-01-24, 08",Kansas State Wildcats,Kansas Jayhawks,draftkings,Total,,155.5,O,-154,https://sportsbook.draftkings.com/event/kansas-%40-kansas-state/33516280?outcomes=0OU83125203O15550_1
2026-01-24 18:51:35,"Kansas State Wildcats vs Kansas Jayhawks, 2026-01-24, 08",Kansas State Wildcats,Kansas Jayhawks,draftkings,Total,,154.5,U,+130,https://sportsbook.draftkings.com/event/kansas-%40-kansas-state/33516280?outcomes=0OU83125203U15450_3
2026-01-24 18:51:35,"Kansas State Wildcats vs Kansas Jayhawks, 2026-01-24, 08",Kansas State Wildcats,Kansas Jayhawks,draftkings,Total,,154.5,O,-166,https://sportsbook.draftkings.com/event/kansas-%40-kansas-state/33516280?outcomes=0OU83125203O15450_1
2026-01-24 18:51:35,"Kansas State Wildcats vs Kansas Jayhawks, 2026-01-24, 08",Kansas State Wildcats,Kansas Jayhawks,draftkings,Total,,148.5,O,-315,https://sportsbook.draftkings.com/event/kansas-%40-kansas-state/33516280?outcomes=0OU83125203O14850_1
2026-01-24 18:51:35,"Kansas State Wildcats vs Kansas Jayhawks, 2026-01-24, 08",Kansas State Wildcats,Kansas Jayhawks,draftkings,Total,,153.5,U,+145,https://sportsbook.draftkings.com/event/kansas-%40-kansas-state/33516280?outcomes=0OU83125203U15350_3
2026-01-24 18:51:35,"Kansas State Wildcats vs Kansas Jayhawks, 2026-01-24, 08",Kansas State Wildcats,Kansas Jayhawks,draftkings,Total,,152.5,U,+160,https://sportsbook.draftkings.com/event/kansas-%40-kansas-state/33516280?outcomes=0OU83125203U15250_3
2026-01-24 18:51:35,"Kansas State Wildcats vs Kansas Jayhawks, 2026-01-24, 08",Kansas State Wildcats,Kansas Jayhawks,draftkings,Total,,152.5,O,-210,https://sportsbook.draftkings.com/event/kansas-%40-kansas-state/33516280?outcomes=0OU83125203O15250_1
2026-01-24 18:51:35,"Kansas State Wildcats vs Kansas Jayhawks, 2026-01-24, 08",Kansas State Wildcats,Kansas Jayhawks,draftkings,Total,,151.5,U,+175,https://sportsbook.draftkings.com/event/kansas-%40-kansas-state/33516280?outcomes=0OU83125203U15150_3
2026-01-24 18:51:35,"Kansas State Wildcats vs Kansas Jayhawks, 2026-01-24, 08",Kansas State Wildcats,Kansas Jayhawks,draftkings,Total,,151.5,O,-230,https://sportsbook.draftkings.com/event/kansas-%40-kansas-state/33516280?outcomes=0OU83125203O15150_1
2026-01-24 18:51:35,"Kansas State Wildcats vs Kansas Jayhawks, 2026-01-24, 08",Kansas State Wildcats,Kansas Jayhawks,draftkings,Total,,150.5,U,+190,https://sportsbook.draftkings.com/event/kansas-%40-kansas-state/33516280?outcomes=0OU83125203U15050_3
2026-01-24 18:51:35,"Kansas State Wildcats vs Kansas Jayhawks, 2026-01-24, 08",Kansas State Wildcats,Kansas Jayhawks,draftkings,Total,,150.5,O,-250,https://sportsbook.draftkings.com/event/kansas-%40-kansas-state/33516280?outcomes=0OU83125203O15050_1
2026-01-24 18:51:35,"Kansas State Wildcats vs Kansas Jayhawks, 2026-01-24, 08",Kansas State Wildcats,Kansas Jayhawks,draftkings,Total,,149.5,U,+210,https://sportsbook.draftkings.com/event/kansas-%40-kansas-state/33516280?outcomes=0OU83125203U14950_3
2026-01-24 18:51:35,"Kansas State Wildcats vs Kansas Jayhawks, 2026-01-24, 08",Kansas State Wildcats,Kansas Jayhawks,draftkings,Total,,149.5,O,-280,https://sportsbook.draftkings.com/event/kansas-%40-kansas-state/33516280?outcomes=0OU83125203O14950_1
2026-01-24 18:51:35,"Kansas State Wildcats vs Kansas Jayhawks, 2026-01-24, 08",Kansas State Wildcats,Kansas Jayhawks,draftkings,Total,,153.5,O,-188,https://sportsbook.draftkings.com/event/kansas-%40-kansas-state/33516280?outcomes=0OU83125203O15350_1
2026-01-24 18:51:35,"Kansas State Wildcats vs Kansas Jayhawks, 2026-01-24, 08",Kansas State Wildcats,Kansas Jayhawks,fanduel,Total,,161.5,O,+126,https://sportsbook.fanduel.ca/addToBetslip?marketId=801.154283338&selectionId=7017823
2026-01-24 18:51:35,"Kansas State Wildcats vs Kansas Jayhawks, 2026-01-24, 08",Kansas State Wildcats,Kansas Jayhawks,fanduel,Total,,167.5,U,-310,https://sportsbook.fanduel.ca/addToBetslip?marketId=801.154283363&selectionId=7017824
2026-01-24 18:51:35,"Kansas State Wildcats vs Kansas Jayhawks, 2026-01-24, 08",Kansas State Wildcats,Kansas Jayhawks,fanduel,Total,,167.5,O,+225,https://sportsbook.fanduel.ca/addToBetslip?marketId=801.154283363&selectionId=7017823
2026-01-24 18:51:35,"Kansas State Wildcats vs Kansas Jayhawks, 2026-01-24, 08",Kansas State Wildcats,Kansas Jayhawks,fanduel,Total,,152.5,U,+158,https://sportsbook.fanduel.ca/addToBetslip?marketId=801.154283330&selectionId=7017824
2026-01-24 18:51:35,"Kansas State Wildcats vs Kansas Jayhawks, 2026-01-24, 08",Kansas State Wildcats,Kansas Jayhawks,fanduel,Total,,152.5,O,-210,https://sportsbook.fanduel.ca/addToBetslip?marketId=801.154283330&selectionId=7017823
2026-01-24 18:51:35,"Kansas State Wildcats vs Kansas Jayhawks, 2026-01-24, 08",Kansas State Wildcats,Kansas Jayhawks,fanduel,Total,,149.5,U,+205,https://sportsbook.fanduel.ca/addToBetslip?marketId=801.154283364&selectionId=7017824
2026-01-24 18:51:35,"Kansas State Wildcats vs Kansas Jayhawks, 2026-01-24, 08",Kansas State Wildcats,Kansas Jayhawks,fanduel,Total,,149.5,O,-280,https://sportsbook.fanduel.ca/addToBetslip?marketId=801.154283364&selectionId=7017823
2026-01-24 18:51:35,"Kansas State Wildcats vs Kansas Jayhawks, 2026-01-24, 08",Kansas State Wildcats,Kansas Jayhawks,fanduel,Total,,164.5,U,-230,https://sportsbook.fanduel.ca/addToBetslip?marketId=801.154283344&selectionId=7017824
2026-01-24 18:51:35,"Kansas State Wildcats vs Kansas Jayhawks, 2026-01-24, 08",Kansas State Wildcats,Kansas Jayhawks,fanduel,Total,,164.5,O,+172,https://sportsbook.fanduel.ca/addToBetslip?marketId=801.154283344&selectionId=7017823
2026-01-24 18:51:35,"Kansas State Wildcats vs Kansas Jayhawks, 2026-01-24, 08",Kansas State Wildcats,Kansas Jayhawks,fanduel,Total,,161.5,U,-165,https://sportsbook.fanduel.ca/addToBetslip?marketId=801.154283338&selectionId=7017824
2026-01-24 18:51:35,"Kansas State Wildcats vs Kansas Jayhawks, 2026-01-24, 08",Kansas State Wildcats,Kansas Jayhawks,fanduel,Total,,155.5,U,+114,https://sportsbook.fanduel.ca/addToBetslip?marketId=801.154283345&selectionId=7017824
2026-01-24 18:51:35,"Kansas State Wildcats vs Kansas Jayhawks, 2026-01-24, 08",Kansas State Wildcats,Kansas Jayhawks,fanduel,Total,,158.5,U,-110,https://sportsbook.fanduel.ca/addToBetslip?marketId=801.152221103&selectionId=7017824
2026-01-24 18:51:35,"Kansas State Wildcats vs Kansas Jayhawks, 2026-01-24, 08",Kansas State Wildcats,Kansas Jayhawks,fanduel,Total,,158.5,O,-110,https://sportsbook.fanduel.ca/addToBetslip?marketId=801.152221103&selectionId=7017823
2026-01-24 18:51:35,"Kansas State Wildcats vs Kansas Jayhawks, 2026-01-24, 08",Kansas State Wildcats,Kansas Jayhawks,fanduel,Total,,155.5,O,-148,https://sportsbook.fanduel.ca/addToBetslip?marketId=801.154283345&selectionId=7017823
2026-01-24 18:51:35,"Lehigh Mountain Hawks vs Louisiana Rajun' Cajuns, 2026-01-24, 07",Lehigh Mountain Hawks,Louisiana Rajun' Cajuns,draftkings,Total,,151.5,O,+190,https://sportsbook.draftkings.com/event/lafayette-%40-lehigh/33516680?outcomes=0OU83125278O15150_1
2026-01-24 18:51:35,"Lehigh Mountain Hawks vs Louisiana Rajun' Cajuns, 2026-01-24, 07",Lehigh Mountain Hawks,Louisiana Rajun' Cajuns,draftkings,Total,,150.5,U,-220,https://sportsbook.draftkings.com/event/lafayette-%40-lehigh/33516680?outcomes=0OU83125278U15050_3
2026-01-24 18:51:35,"Lehigh Mountain Hawks vs Louisiana Rajun' Cajuns, 2026-01-24, 07",Lehigh Mountain Hawks,Louisiana Rajun' Cajuns,draftkings,Total,,150.5,O,+170,https://sportsbook.draftkings.com/event/lafayette-%40-lehigh/33516680?outcomes=0OU83125278O15050_1
2026-01-24 18:51:35,"Lehigh Mountain Hawks vs Louisiana Rajun' Cajuns, 2026-01-24, 07",Lehigh Mountain Hawks,Louisiana Rajun' Cajuns,draftkings,Total,,149.5,U,-200,https://sportsbook.draftkings.com/event/lafayette-%40-lehigh/33516680?outcomes=0OU83125278U14950_3
2026-01-24 18:51:35,"Lehigh Mountain Hawks vs Louisiana Rajun' Cajuns, 2026-01-24, 07",Lehigh Mountain Hawks,Louisiana Rajun' Cajuns,draftkings,Total,,149.5,O,+154,https://sportsbook.draftkings.com/event/lafayette-%40-lehigh/33516680?outcomes=0OU83125278O14950_1
2026-01-24 18:51:35,"Lehigh Mountain Hawks vs Louisiana Rajun' Cajuns, 2026-01-24, 07",Lehigh Mountain Hawks,Louisiana Rajun' Cajuns,draftkings,Total,,148.5,U,-180,https://sportsbook.draftkings.com/event/lafayette-%40-lehigh/33516680?outcomes=0OU83125278U14850_3
2026-01-24 18:51:35,"Lehigh Mountain Hawks vs Louisiana Rajun' Cajuns, 2026-01-24, 07",Lehigh Mountain Hawks,Louisiana Rajun' Cajuns,draftkings,Total,,148.5,O,+140,https://sportsbook.draftkings.com/event/lafayette-%40-lehigh/33516680?outcomes=0OU83125278O14850_1
2026-01-24 18:51:35,"Lehigh Mountain Hawks vs Louisiana Rajun' Cajuns, 2026-01-24, 07",Lehigh Mountain Hawks,Louisiana Rajun' Cajuns,draftkings,Total,,147.5,U,-166,https://sportsbook.draftkings.com/event/lafayette-%40-lehigh/33516680?outcomes=0OU83125278U14750_3
2026-01-24 18:51:35,"Lehigh Mountain Hawks vs Louisiana Rajun' Cajuns, 2026-01-24, 07",Lehigh Mountain Hawks,Louisiana Rajun' Cajuns,draftkings,Total,,151.5,U,-250,https://sportsbook.draftkings.com/event/lafayette-%40-lehigh/33516680?outcomes=0OU83125278U15150_3
2026-01-24 18:51:35,"Lehigh Mountain Hawks vs Louisiana Rajun' Cajuns, 2026-01-24, 07",Lehigh Mountain Hawks,Louisiana Rajun' Cajuns,draftkings,Total,,147.5,O,+130,https://sportsbook.draftkings.com/event/lafayette-%40-lehigh/33516680?outcomes=0OU83125278O14750_1
2026-01-24 18:51:35,"Lehigh Mountain Hawks vs Louisiana Rajun' Cajuns, 2026-01-24, 07",Lehigh Mountain Hawks,Louisiana Rajun' Cajuns,draftkings,Total,,146.5,O,+114,https://sportsbook.draftkings.com/event/lafayette-%40-lehigh/33516680?outcomes=0OU83125278O14650_1
2026-01-24 18:51:35,"Lehigh Mountain Hawks vs Louisiana Rajun' Cajuns, 2026-01-24, 07",Lehigh Mountain Hawks,Louisiana Rajun' Cajuns,draftkings,Total,,145.5,U,-135,https://sportsbook.draftkings.com/event/lafayette-%40-lehigh/33516680?outcomes=0OU83125278U14550_3
2026-01-24 18:51:35,"Lehigh Mountain Hawks vs Louisiana Rajun' Cajuns, 2026-01-24, 07",Lehigh Mountain Hawks,Louisiana Rajun' Cajuns,draftkings,Total,,145.5,O,+105,https://sportsbook.draftkings.com/event/lafayette-%40-lehigh/33516680?outcomes=0OU83125278O14550_1
2026-01-24 18:51:35,"Lehigh Mountain Hawks vs Louisiana Rajun' Cajuns, 2026-01-24, 07",Lehigh Mountain Hawks,Louisiana Rajun' Cajuns,draftkings,Total,,142.5,U,+100,https://sportsbook.draftkings.com/event/lafayette-%40-lehigh/33516680?outcomes=0OU83125278U14250_3
2026-01-24 18:51:35,"Lehigh Mountain Hawks vs Louisiana Rajun' Cajuns, 2026-01-24, 07",Lehigh Mountain Hawks,Louisiana Rajun' Cajuns,draftkings,Total,,142.5,O,-130,https://sportsbook.draftkings.com/event/lafayette-%40-lehigh/33516680?outcomes=0OU83125278O14250_1
2026-01-24 18:51:35,"Lehigh Mountain Hawks vs Louisiana Rajun' Cajuns, 2026-01-24, 07",Lehigh Mountain Hawks,Louisiana Rajun' Cajuns,draftkings,Total,,141.5,U,+114,https://sportsbook.draftkings.com/event/lafayette-%40-lehigh/33516680?outcomes=0OU83125278U14150_3
2026-01-24 18:51:35,"Lehigh Mountain Hawks vs Louisiana Rajun' Cajuns, 2026-01-24, 07",Lehigh Mountain Hawks,Louisiana Rajun' Cajuns,draftkings,Total,,141.5,O,-145,https://sportsbook.draftkings.com/event/lafayette-%40-lehigh/33516680?outcomes=0OU83125278O14150_1
2026-01-24 18:51:35,"Lehigh Mountain Hawks vs Louisiana Rajun' Cajuns, 2026-01-24, 07",Lehigh Mountain Hawks,Louisiana Rajun' Cajuns,draftkings,Total,,140.5,U,+124,https://sportsbook.draftkings.com/event/lafayette-%40-lehigh/33516680?outcomes=0OU83125278U14050_3
2026-01-24 18:51:35,"Lehigh Mountain Hawks vs Louisiana Rajun' Cajuns, 2026-01-24, 07",Lehigh Mountain Hawks,Louisiana Rajun' Cajuns,draftkings,Total,,146.5,U,-145,https://sportsbook.draftkings.com/event/lafayette-%40-lehigh/33516680?outcomes=0OU83125278U14650_3
2026-01-24 18:51:35,"Lehigh Mountain Hawks vs Louisiana Rajun' Cajuns, 2026-01-24, 07",Lehigh Mountain Hawks,Louisiana Rajun' Cajuns,draftkings,Total,,140.5,O,-160,https://sportsbook.draftkings.com/event/lafayette-%40-lehigh/33516680?outcomes=0OU83125278O14050_1
2026-01-24 18:51:35,"Lehigh Mountain Hawks vs Louisiana Rajun' Cajuns, 2026-01-24, 07",Lehigh Mountain Hawks,Louisiana Rajun' Cajuns,draftkings,Total,,152.5,O,+210,https://sportsbook.draftkings.com/event/lafayette-%40-lehigh/33516680?outcomes=0OU83125278O15250_1
2026-01-24 18:51:35,"Lehigh Mountain Hawks vs Louisiana Rajun' Cajuns, 2026-01-24, 07",Lehigh Mountain Hawks,Louisiana Rajun' Cajuns,draftkings,Total,,153.5,O,+230,https://sportsbook.draftkings.com/event/lafayette-%40-lehigh/33516680?outcomes=0OU83125278O15350_1
2026-01-24 18:51:35,"Lehigh Mountain Hawks vs Louisiana Rajun' Cajuns, 2026-01-24, 07",Lehigh Mountain Hawks,Louisiana Rajun' Cajuns,draftkings,Total,,152.5,U,-280,https://sportsbook.draftkings.com/event/lafayette-%40-lehigh/33516680?outcomes=0OU83125278U15250_3
2026-01-24 18:51:35,"Lehigh Mountain Hawks vs Louisiana Rajun' Cajuns, 2026-01-24, 07",Lehigh Mountain Hawks,Louisiana Rajun' Cajuns,draftkings,Total,,155.5,U,-395,https://sportsbook.draftkings.com/event/lafayette-%40-lehigh/33516680?outcomes=0OU83125278U15550_3
2026-01-24 18:51:35,"Lehigh Mountain Hawks vs Louisiana Rajun' Cajuns, 2026-01-24, 07",Lehigh Mountain Hawks,Louisiana Rajun' Cajuns,draftkings,Total,,154.5,U,-360,https://sportsbook.draftkings.com/event/lafayette-%40-lehigh/33516680?outcomes=0OU83125278U15450_3
2026-01-24 18:51:35,"Lehigh Mountain Hawks vs Louisiana Rajun' Cajuns, 2026-01-24, 07",Lehigh Mountain Hawks,Louisiana Rajun' Cajuns,draftkings,Total,,154.5,O,+260,https://sportsbook.draftkings.com/event/lafayette-%40-lehigh/33516680?outcomes=0OU83125278O15450_1
2026-01-24 18:51:35,"Lehigh Mountain Hawks vs Louisiana Rajun' Cajuns, 2026-01-24, 07",Lehigh Mountain Hawks,Louisiana Rajun' Cajuns,draftkings,Total,,153.5,U,-315,https://sportsbook.draftkings.com/event/lafayette-%40-lehigh/33516680?outcomes=0OU83125278U15350_3
2026-01-24 18:51:35,"Lehigh Mountain Hawks vs Louisiana Rajun' Cajuns, 2026-01-24, 07",Lehigh Mountain Hawks,Louisiana Rajun' Cajuns,draftkings,Total,,139.5,U,+135,https://sportsbook.draftkings.com/event/lafayette-%40-lehigh/33516680?outcomes=0OU83125278U13950_3
2026-01-24 18:51:35,"Lehigh Mountain Hawks vs Louisiana Rajun' Cajuns, 2026-01-24, 07",Lehigh Mountain Hawks,Louisiana Rajun' Cajuns,draftkings,Total,,155.5,O,+280,https://sportsbook.draftkings.com/event/lafayette-%40-lehigh/33516680?outcomes=0OU83125278O15550_1
2026-01-24 18:51:35,"Lehigh Mountain Hawks vs Louisiana Rajun' Cajuns, 2026-01-24, 07",Lehigh Mountain Hawks,Louisiana Rajun' Cajuns,draftkings,Total,,138.5,U,+150,https://sportsbook.draftkings.com/event/lafayette-%40-lehigh/33516680?outcomes=0OU83125278U13850_3
2026-01-24 18:51:35,"Lehigh Mountain Hawks vs Louisiana Rajun' Cajuns, 2026-01-24, 07",Lehigh Mountain Hawks,Louisiana Rajun' Cajuns,draftkings,Total,,139.5,O,-175,https://sportsbook.draftkings.com/event/lafayette-%40-lehigh/33516680?outcomes=0OU83125278O13950_1
2026-01-24 18:51:35,"Lehigh Mountain Hawks vs Louisiana Rajun' Cajuns, 2026-01-24, 07",Lehigh Mountain Hawks,Louisiana Rajun' Cajuns,draftkings,Total,,137.5,U,+165,https://sportsbook.draftkings.com/event/lafayette-%40-lehigh/33516680?outcomes=0OU83125278U13750_3
2026-01-24 18:51:35,"Lehigh Mountain Hawks vs Louisiana Rajun' Cajuns, 2026-01-24, 07",Lehigh Mountain Hawks,Louisiana Rajun' Cajuns,draftkings,Total,,138.5,O,-195,https://sportsbook.draftkings.com/event/lafayette-%40-lehigh/33516680?outcomes=0OU83125278O13850_1
2026-01-24 18:51:35,"Lehigh Mountain Hawks vs Louisiana Rajun' Cajuns, 2026-01-24, 07",Lehigh Mountain Hawks,Louisiana Rajun' Cajuns,draftkings,Total,,136.5,O,-245,https://sportsbook.draftkings.com/event/lafayette-%40-lehigh/33516680?outcomes=0OU83125278O13650_1
2026-01-24 18:51:35,"Lehigh Mountain Hawks vs Louisiana Rajun' Cajuns, 2026-01-24, 07",Lehigh Mountain Hawks,Louisiana Rajun' Cajuns,draftkings,Total,,135.5,U,+200,https://sportsbook.draftkings.com/event/lafayette-%40-lehigh/33516680?outcomes=0OU83125278U13550_3
2026-01-24 18:51:35,"Lehigh Mountain Hawks vs Louisiana Rajun' Cajuns, 2026-01-24, 07",Lehigh Mountain Hawks,Louisiana Rajun' Cajuns,draftkings,Total,,136.5,U,+185,https://sportsbook.draftkings.com/event/lafayette-%40-lehigh/33516680?outcomes=0OU83125278U13650_3
2026-01-24 18:51:35,"Lehigh Mountain Hawks vs Louisiana Rajun' Cajuns, 2026-01-24, 07",Lehigh Mountain Hawks,Louisiana Rajun' Cajuns,draftkings,Total,,134.5,U,+230,https://sportsbook.draftkings.com/event/lafayette-%40-lehigh/33516680?outcomes=0OU83125278U13450_3
2026-01-24 18:51:35,"Lehigh Mountain Hawks vs Louisiana Rajun' Cajuns, 2026-01-24, 07",Lehigh Mountain Hawks,Louisiana Rajun' Cajuns,draftkings,Total,,134.5,O,-315,https://sportsbook.draftkings.com/event/lafayette-%40-lehigh/33516680?outcomes=0OU83125278O13450_1
2026-01-24 18:51:35,"Lehigh Mountain Hawks vs Louisiana Rajun' Cajuns, 2026-01-24, 07",Lehigh Mountain Hawks,Louisiana Rajun' Cajuns,draftkings,Total,,133.5,U,+250,https://sportsbook.draftkings.com/event/lafayette-%40-lehigh/33516680?outcomes=0OU83125278U13350_3
2026-01-24 18:51:35,"Lehigh Mountain Hawks vs Louisiana Rajun' Cajuns, 2026-01-24, 07",Lehigh Mountain Hawks,Louisiana Rajun' Cajuns,draftkings,Total,,135.5,O,-270,https://sportsbook.draftkings.com/event/lafayette-%40-lehigh/33516680?outcomes=0OU83125278O13550_1
2026-01-24 18:51:35,"Lehigh Mountain Hawks vs Louisiana Rajun' Cajuns, 2026-01-24, 07",Lehigh Mountain Hawks,Louisiana Rajun' Cajuns,draftkings,Total,,131.5,U,+310,https://sportsbook.draftkings.com/event/lafayette-%40-lehigh/33516680?outcomes=0OU83125278U13150_3
2026-01-24 18:51:35,"Lehigh Mountain Hawks vs Louisiana Rajun' Cajuns, 2026-01-24, 07",Lehigh Mountain Hawks,Louisiana Rajun' Cajuns,draftkings,Total,,131.5,O,-445,https://sportsbook.draftkings.com/event/lafayette-%40-lehigh/33516680?outcomes=0OU83125278O13150_1
2026-01-24 18:51:35,"Lehigh Mountain Hawks vs Louisiana Rajun' Cajuns, 2026-01-24, 07",Lehigh Mountain Hawks,Louisiana Rajun' Cajuns,draftkings,Total,,137.5,O,-215,https://sportsbook.draftkings.com/event/lafayette-%40-lehigh/33516680?outcomes=0OU83125278O13750_1
2026-01-24 18:51:35,"Lehigh Mountain Hawks vs Louisiana Rajun' Cajuns, 2026-01-24, 07",Lehigh Mountain Hawks,Louisiana Rajun' Cajuns,draftkings,Total,,132.5,U,+280,https://sportsbook.draftkings.com/event/lafayette-%40-lehigh/33516680?outcomes=0OU83125278U13250_3
2026-01-24 18:51:35,"Lehigh Mountain Hawks vs Louisiana Rajun' Cajuns, 2026-01-24, 07",Lehigh Mountain Hawks,Louisiana Rajun' Cajuns,draftkings,Total,,133.5,O,-345,https://sportsbook.draftkings.com/event/lafayette-%40-lehigh/33516680?outcomes=0OU83125278O13350_1
2026-01-24 18:51:35,"Lehigh Mountain Hawks vs Louisiana Rajun' Cajuns, 2026-01-24, 07",Lehigh Mountain Hawks,Louisiana Rajun' Cajuns,draftkings,Total,,132.5,O,-395,https://sportsbook.draftkings.com/event/lafayette-%40-lehigh/33516680?outcomes=0OU83125278O13250_1
2026-01-24 18:51:35,"Long Beach State 49ers vs California Gauchos, 2026-01-24, 07",Long Beach State 49ers,California Gauchos,fanduel,Total,,146.5,U,-148,https://sportsbook.fanduel.ca/addToBetslip?marketId=801.154282281&selectionId=7017824
2026-01-24 18:51:35,"Long Beach State 49ers vs California Gauchos, 2026-01-24, 07",Long Beach State 49ers,California Gauchos,fanduel,Total,,146.5,O,+114,https://sportsbook.fanduel.ca/addToBetslip?marketId=801.154282281&selectionId=7017823
2026-01-24 18:51:35,"Long Beach State 49ers vs California Gauchos, 2026-01-24, 07",Long Beach State 49ers,California Gauchos,fanduel,Total,,137.5,U,+175,https://sportsbook.fanduel.ca/addToBetslip?marketId=801.154282282&selectionId=7017824
2026-01-24 18:51:35,"Long Beach State 49ers vs California Gauchos, 2026-01-24, 07",Long Beach State 49ers,California Gauchos,fanduel,Total,,137.5,O,-235,https://sportsbook.fanduel.ca/addToBetslip?marketId=801.154282282&selectionId=7017823
2026-01-24 18:51:35,"Long Beach State 49ers vs California Gauchos, 2026-01-24, 07",Long Beach State 49ers,California Gauchos,fanduel,Total,,149.5,U,-215,https://sportsbook.fanduel.ca/addToBetslip?marketId=801.154282231&selectionId=7017824
2026-01-24 18:51:35,"Long Beach State 49ers vs California Gauchos, 2026-01-24, 07",Long Beach State 49ers,California Gauchos,fanduel,Total,,149.5,O,+162,https://sportsbook.fanduel.ca/addToBetslip?marketId=801.154282231&selectionId=7017823
2026-01-24 18:51:35,"Long Beach State 49ers vs California Gauchos, 2026-01-24, 07",Long Beach State 49ers,California Gauchos,fanduel,Total,,152.5,U,-290,https://sportsbook.fanduel.ca/addToBetslip?marketId=801.154282223&selectionId=7017824
2026-01-24 18:51:35,"Long Beach State 49ers vs California Gauchos, 2026-01-24, 07",Long Beach State 49ers,California Gauchos,fanduel,Total,,152.5,O,+210,https://sportsbook.fanduel.ca/addToBetslip?marketId=801.154282223&selectionId=7017823
2026-01-24 18:51:35,"Long Beach State 49ers vs California Gauchos, 2026-01-24, 07",Long Beach State 49ers,California Gauchos,fanduel,Total,,143.5,O,-115,https://sportsbook.fanduel.ca/addToBetslip?marketId=801.154229587&selectionId=7017823
2026-01-24 18:51:35,"Long Beach State 49ers vs California Gauchos, 2026-01-24, 07",Long Beach State 49ers,California Gauchos,fanduel,Total,,134.5,U,+245,https://sportsbook.fanduel.ca/addToBetslip?marketId=801.154282208&selectionId=7017824
2026-01-24 18:51:35,"Long Beach State 49ers vs California Gauchos, 2026-01-24, 07",Long Beach State 49ers,California Gauchos,fanduel,Total,,134.5,O,-345,https://sportsbook.fanduel.ca/addToBetslip?marketId=801.154282208&selectionId=7017823
2026-01-24 18:51:35,"Long Beach State 49ers vs California Gauchos, 2026-01-24, 07",Long Beach State 49ers,California Gauchos,fanduel,Total,,140.5,U,+128,https://sportsbook.fanduel.ca/addToBetslip?marketId=801.154282244&selectionId=7017824
2026-01-24 18:51:35,"Long Beach State 49ers vs California Gauchos, 2026-01-24, 07",Long Beach State 49ers,California Gauchos,fanduel,Total,,140.5,O,-168,https://sportsbook.fanduel.ca/addToBetslip?marketId=801.154282244&selectionId=7017823
2026-01-24 18:51:35,"Long Beach State 49ers vs California Gauchos, 2026-01-24, 07",Long Beach State 49ers,California Gauchos,fanduel,Total,,143.5,U,-105,https://sportsbook.fanduel.ca/addToBetslip?marketId=801.154229587&selectionId=7017824
2026-01-24 18:51:35,"Long Beach State 49ers vs California Gauchos, 2026-01-24, 07",Long Beach State 49ers,California Gauchos,draftkings,Total,,147.5,O,+130,https://sportsbook.draftkings.com/event/uc-santa-barbara-%40-long-beach-state/33516664?outcomes=0OU83125258O14750_1
2026-01-24 18:51:35,"Long Beach State 49ers vs California Gauchos, 2026-01-24, 07",Long Beach State 49ers,California Gauchos,draftkings,Total,,146.5,U,-145,https://sportsbook.draftkings.com/event/uc-santa-barbara-%40-long-beach-state/33516664?outcomes=0OU83125258U14650_3
2026-01-24 18:51:35,"Long Beach State 49ers vs California Gauchos, 2026-01-24, 07",Long Beach State 49ers,California Gauchos,draftkings,Total,,146.5,O,+114,https://sportsbook.draftkings.com/event/uc-santa-barbara-%40-long-beach-state/33516664?outcomes=0OU83125258O14650_1
2026-01-24 18:51:35,"Long Beach State 49ers vs California Gauchos, 2026-01-24, 07",Long Beach State 49ers,California Gauchos,draftkings,Total,,145.5,U,-135,https://sportsbook.draftkings.com/event/uc-santa-barbara-%40-long-beach-state/33516664?outcomes=0OU83125258U14550_3
2026-01-24 18:51:35,"Long Beach State 49ers vs California Gauchos, 2026-01-24, 07",Long Beach State 49ers,California Gauchos,draftkings,Total,,145.5,O,+105,https://sportsbook.draftkings.com/event/uc-santa-barbara-%40-long-beach-state/33516664?outcomes=0OU83125258O14550_1
2026-01-24 18:51:35,"Long Beach State 49ers vs California Gauchos, 2026-01-24, 07",Long Beach State 49ers,California Gauchos,draftkings,Total,,142.5,U,+105,https://sportsbook.draftkings.com/event/uc-santa-barbara-%40-long-beach-state/33516664?outcomes=0OU83125258U14250_3
2026-01-24 18:51:35,"Long Beach State 49ers vs California Gauchos, 2026-01-24, 07",Long Beach State 49ers,California Gauchos,draftkings,Total,,142.5,O,-135,https://sportsbook.draftkings.com/event/uc-santa-barbara-%40-long-beach-state/33516664?outcomes=0OU83125258O14250_1
2026-01-24 18:51:35,"Long Beach State 49ers vs California Gauchos, 2026-01-24, 07",Long Beach State 49ers,California Gauchos,draftkings,Total,,141.5,U,+114,https://sportsbook.draftkings.com/event/uc-santa-barbara-%40-long-beach-state/33516664?outcomes=0OU83125258U14150_3
2026-01-24 18:51:35,"Long Beach State 49ers vs California Gauchos, 2026-01-24, 07",Long Beach State 49ers,California Gauchos,draftkings,Total,,141.5,O,-145,https://sportsbook.draftkings.com/event/uc-santa-barbara-%40-long-beach-state/33516664?outcomes=0OU83125258O14150_1
2026-01-24 18:51:35,"Long Beach State 49ers vs California Gauchos, 2026-01-24, 07",Long Beach State 49ers,California Gauchos,draftkings,Total,,140.5,U,+130,https://sportsbook.draftkings.com/event/uc-santa-barbara-%40-long-beach-state/33516664?outcomes=0OU83125258U14050_3
2026-01-24 18:51:35,"Long Beach State 49ers vs California Gauchos, 2026-01-24, 07",Long Beach State 49ers,California Gauchos,draftkings,Total,,140.5,O,-166,https://sportsbook.draftkings.com/event/uc-santa-barbara-%40-long-beach-state/33516664?outcomes=0OU83125258O14050_1
2026-01-24 18:51:35,"Long Beach State 49ers vs California Gauchos, 2026-01-24, 07",Long Beach State 49ers,California Gauchos,draftkings,Total,,139.5,U,+140,https://sportsbook.draftkings.com/event/uc-santa-barbara-%40-long-beach-state/33516664?outcomes=0OU83125258U13950_3
2026-01-24 18:51:35,"Long Beach State 49ers vs California Gauchos, 2026-01-24, 07",Long Beach State 49ers,California Gauchos,draftkings,Total,,139.5,O,-180,https://sportsbook.draftkings.com/event/uc-santa-barbara-%40-long-beach-state/33516664?outcomes=0OU83125258O13950_1
2026-01-24 18:51:35,"Long Beach State 49ers vs California Gauchos, 2026-01-24, 07",Long Beach State 49ers,California Gauchos,draftkings,Total,,138.5,U,+154,https://sportsbook.draftkings.com/event/uc-santa-barbara-%40-long-beach-state/33516664?outcomes=0OU83125258U13850_3
2026-01-24 18:51:35,"Long Beach State 49ers vs California Gauchos, 2026-01-24, 07",Long Beach State 49ers,California Gauchos,draftkings,Total,,138.5,O,-200,https://sportsbook.draftkings.com/event/uc-santa-barbara-%40-long-beach-state/33516664?outcomes=0OU83125258O13850_1
2026-01-24 18:51:35,"Long Beach State 49ers vs California Gauchos, 2026-01-24, 07",Long Beach State 49ers,California Gauchos,draftkings,Total,,137.5,U,+170,https://sportsbook.draftkings.com/event/uc-santa-barbara-%40-long-beach-state/33516664?outcomes=0OU83125258U13750_3
2026-01-24 18:51:35,"Long Beach State 49ers vs California Gauchos, 2026-01-24, 07",Long Beach State 49ers,California Gauchos,draftkings,Total,,137.5,O,-220,https://sportsbook.draftkings.com/event/uc-santa-barbara-%40-long-beach-state/33516664?outcomes=0OU83125258O13750_1
2026-01-24 18:51:35,"Long Beach State 49ers vs California Gauchos, 2026-01-24, 07",Long Beach State 49ers,California Gauchos,draftkings,Total,,147.5,U,-166,https://sportsbook.draftkings.com/event/uc-santa-barbara-%40-long-beach-state/33516664?outcomes=0OU83125258U14750_3
2026-01-24 18:51:35,"Long Beach State 49ers vs California Gauchos, 2026-01-24, 07",Long Beach State 49ers,California Gauchos,draftkings,Total,,148.5,O,+140,https://sportsbook.draftkings.com/event/uc-santa-barbara-%40-long-beach-state/33516664?outcomes=0OU83125258O14850_1
2026-01-24 18:51:35,"Long Beach State 49ers vs California Gauchos, 2026-01-24, 07",Long Beach State 49ers,California Gauchos,draftkings,Total,,148.5,U,-180,https://sportsbook.draftkings.com/event/uc-santa-barbara-%40-long-beach-state/33516664?outcomes=0OU83125258U14850_3
2026-01-24 18:51:35,"Long Beach State 49ers vs California Gauchos, 2026-01-24, 07",Long Beach State 49ers,California Gauchos,draftkings,Total,,149.5,O,+154,https://sportsbook.draftkings.com/event/uc-santa-barbara-%40-long-beach-state/33516664?outcomes=0OU83125258O14950_1
2026-01-24 18:51:35,"Long Beach State 49ers vs California Gauchos, 2026-01-24, 07",Long Beach State 49ers,California Gauchos,draftkings,Total,,156.5,U,-445,https://sportsbook.draftkings.com/event/uc-santa-barbara-%40-long-beach-state/33516664?outcomes=0OU83125258U15650_3
2026-01-24 18:51:35,"Long Beach State 49ers vs California Gauchos, 2026-01-24, 07",Long Beach State 49ers,California Gauchos,draftkings,Total,,156.5,O,+310,https://sportsbook.draftkings.com/event/uc-santa-barbara-%40-long-beach-state/33516664?outcomes=0OU83125258O15650_1
2026-01-24 18:51:35,"Long Beach State 49ers vs California Gauchos, 2026-01-24, 07",Long Beach State 49ers,California Gauchos,draftkings,Total,,155.5,U,-395,https://sportsbook.draftkings.com/event/uc-santa-barbara-%40-long-beach-state/33516664?outcomes=0OU83125258U15550_3
2026-01-24 18:51:35,"Long Beach State 49ers vs California Gauchos, 2026-01-24, 07",Long Beach State 49ers,California Gauchos,draftkings,Total,,155.5,O,+280,https://sportsbook.draftkings.com/event/uc-santa-barbara-%40-long-beach-state/33516664?outcomes=0OU83125258O15550_1
2026-01-24 18:51:35,"Long Beach State 49ers vs California Gauchos, 2026-01-24, 07",Long Beach State 49ers,California Gauchos,draftkings,Total,,154.5,U,-345,https://sportsbook.draftkings.com/event/uc-santa-barbara-%40-long-beach-state/33516664?outcomes=0OU83125258U15450_3
2026-01-24 18:51:35,"Long Beach State 49ers vs California Gauchos, 2026-01-24, 07",Long Beach State 49ers,California Gauchos,draftkings,Total,,136.5,U,+190,https://sportsbook.draftkings.com/event/uc-santa-barbara-%40-long-beach-state/33516664?outcomes=0OU83125258U13650_3
2026-01-24 18:51:35,"Long Beach State 49ers vs California Gauchos, 2026-01-24, 07",Long Beach State 49ers,California Gauchos,draftkings,Total,,154.5,O,+250,https://sportsbook.draftkings.com/event/uc-santa-barbara-%40-long-beach-state/33516664?outcomes=0OU83125258O15450_1
2026-01-24 18:51:35,"Long Beach State 49ers vs California Gauchos, 2026-01-24, 07",Long Beach State 49ers,California Gauchos,draftkings,Total,,153.5,O,+230,https://sportsbook.draftkings.com/event/uc-santa-barbara-%40-long-beach-state/33516664?outcomes=0OU83125258O15350_1
2026-01-24 18:51:35,"Long Beach State 49ers vs California Gauchos, 2026-01-24, 07",Long Beach State 49ers,California Gauchos,draftkings,Total,,152.5,U,-280,https://sportsbook.draftkings.com/event/uc-santa-barbara-%40-long-beach-state/33516664?outcomes=0OU83125258U15250_3
2026-01-24 18:51:35,"Long Beach State 49ers vs California Gauchos, 2026-01-24, 07",Long Beach State 49ers,California Gauchos,draftkings,Total,,152.5,O,+210,https://sportsbook.draftkings.com/event/uc-santa-barbara-%40-long-beach-state/33516664?outcomes=0OU83125258O15250_1
2026-01-24 18:51:35,"Long Beach State 49ers vs California Gauchos, 2026-01-24, 07",Long Beach State 49ers,California Gauchos,draftkings,Total,,151.5,U,-245,https://sportsbook.draftkings.com/event/uc-santa-barbara-%40-long-beach-state/33516664?outcomes=0OU83125258U15150_3
2026-01-24 18:51:35,"Long Beach State 49ers vs California Gauchos, 2026-01-24, 07",Long Beach State 49ers,California Gauchos,draftkings,Total,,151.5,O,+185,https://sportsbook.draftkings.com/event/uc-santa-barbara-%40-long-beach-state/33516664?outcomes=0OU83125258O15150_1
2026-01-24 18:51:35,"Long Beach State 49ers vs California Gauchos, 2026-01-24, 07",Long Beach State 49ers,California Gauchos,draftkings,Total,,150.5,U,-220,https://sportsbook.draftkings.com/event/uc-santa-barbara-%40-long-beach-state/33516664?outcomes=0OU83125258U15050_3
2026-01-24 18:51:35,"Long Beach State 49ers vs California Gauchos, 2026-01-24, 07",Long Beach State 49ers,California Gauchos,draftkings,Total,,150.5,O,+170,https://sportsbook.draftkings.com/event/uc-santa-barbara-%40-long-beach-state/33516664?outcomes=0OU83125258O15050_1
2026-01-24 18:51:35,"Long Beach State 49ers vs California Gauchos, 2026-01-24, 07",Long Beach State 49ers,California Gauchos,draftkings,Total,,149.5,U,-200,https://sportsbook.draftkings.com/event/uc-santa-barbara-%40-long-beach-state/33516664?outcomes=0OU83125258U14950_3
2026-01-24 18:51:35,"Long Beach State 49ers vs California Gauchos, 2026-01-24, 07",Long Beach State 49ers,California Gauchos,draftkings,Total,,153.5,U,-315,https://sportsbook.draftkings.com/event/uc-santa-barbara-%40-long-beach-state/33516664?outcomes=0OU83125258U15350_3
2026-01-24 18:51:35,"Long Beach State 49ers vs California Gauchos, 2026-01-24, 07",Long Beach State 49ers,California Gauchos,draftkings,Total,,136.5,O,-250,https://sportsbook.draftkings.com/event/uc-santa-barbara-%40-long-beach-state/33516664?outcomes=0OU83125258O13650_1
2026-01-24 18:51:35,"Long Beach State 49ers vs California Gauchos, 2026-01-24, 07",Long Beach State 49ers,California Gauchos,draftkings,Total,,135.5,O,-280,https://sportsbook.draftkings.com/event/uc-santa-barbara-%40-long-beach-state/33516664?outcomes=0OU83125258O13550_1
2026-01-24 18:51:35,"Long Beach State 49ers vs California Gauchos, 2026-01-24, 07",Long Beach State 49ers,California Gauchos,draftkings,Total,,134.5,U,+240,https://sportsbook.draftkings.com/event/uc-santa-barbara-%40-long-beach-state/33516664?outcomes=0OU83125258U13450_3
2026-01-24 18:51:35,"Long Beach State 49ers vs California Gauchos, 2026-01-24, 07",Long Beach State 49ers,California Gauchos,draftkings,Total,,134.5,O,-330,https://sportsbook.draftkings.com/event/uc-santa-barbara-%40-long-beach-state/33516664?outcomes=0OU83125258O13450_1
2026-01-24 18:51:35,"Long Beach State 49ers vs California Gauchos, 2026-01-24, 07",Long Beach State 49ers,California Gauchos,draftkings,Total,,133.5,U,+260,https://sportsbook.draftkings.com/event/uc-santa-barbara-%40-long-beach-state/33516664?outcomes=0OU83125258U13350_3
2026-01-24 18:51:35,"Long Beach State 49ers vs California Gauchos, 2026-01-24, 07",Long Beach State 49ers,California Gauchos,draftkings,Total,,133.5,O,-360,https://sportsbook.draftkings.com/event/uc-santa-barbara-%40-long-beach-state/33516664?outcomes=0OU83125258O13350_1
2026-01-24 18:51:35,"Long Beach State 49ers vs California Gauchos, 2026-01-24, 07",Long Beach State 49ers,California Gauchos,draftkings,Total,,132.5,U,+290,https://sportsbook.draftkings.com/event/uc-santa-barbara-%40-long-beach-state/33516664?outcomes=0OU83125258U13250_3
2026-01-24 18:51:35,"Long Beach State 49ers vs California Gauchos, 2026-01-24, 07",Long Beach State 49ers,California Gauchos,draftkings,Total,,132.5,O,-410,https://sportsbook.draftkings.com/event/uc-santa-barbara-%40-long-beach-state/33516664?outcomes=0OU83125258O13250_1
2026-01-24 18:51:35,"Long Beach State 49ers vs California Gauchos, 2026-01-24, 07",Long Beach State 49ers,California Gauchos,draftkings,Total,,135.5,U,+210,https://sportsbook.draftkings.com/event/uc-santa-barbara-%40-long-beach-state/33516664?outcomes=0OU83125258U13550_3
2026-01-24 18:51:35,"Michigan Broncos vs Michigan Chippewas, 2026-01-24, 06",Michigan Broncos,Michigan Chippewas,draftkings,Total,,140.5,O,-185,https://sportsbook.draftkings.com/event/central-michigan-%40-western-michigan/33516692?outcomes=0OU83127901O14050_1
2026-01-24 18:51:35,"Michigan Broncos vs Michigan Chippewas, 2026-01-24, 06",Michigan Broncos,Michigan Chippewas,draftkings,Total,,141.5,U,+115,https://sportsbook.draftkings.com/event/central-michigan-%40-western-michigan/33516692?outcomes=0OU83127901U14150_3
2026-01-24 18:51:35,"Michigan Broncos vs Michigan Chippewas, 2026-01-24, 06",Michigan Broncos,Michigan Chippewas,draftkings,Total,,141.5,O,-160,https://sportsbook.draftkings.com/event/central-michigan-%40-western-michigan/33516692?outcomes=0OU83127901O14150_1
2026-01-24 18:51:35,"Michigan Broncos vs Michigan Chippewas, 2026-01-24, 06",Michigan Broncos,Michigan Chippewas,draftkings,Total,,147.5,U,-195,https://sportsbook.draftkings.com/event/central-michigan-%40-western-michigan/33516692?outcomes=0OU83127901U14750_3
2026-01-24 18:51:35,"Michigan Broncos vs Michigan Chippewas, 2026-01-24, 06",Michigan Broncos,Michigan Chippewas,draftkings,Total,,147.5,O,+145,https://sportsbook.draftkings.com/event/central-michigan-%40-western-michigan/33516692?outcomes=0OU83127901O14750_1
2026-01-24 18:51:35,"Michigan Broncos vs Michigan Chippewas, 2026-01-24, 06",Michigan Broncos,Michigan Chippewas,draftkings,Total,,146.5,U,-170,https://sportsbook.draftkings.com/event/central-michigan-%40-western-michigan/33516692?outcomes=0OU83127901U14650_3
2026-01-24 18:51:35,"Michigan Broncos vs Michigan Chippewas, 2026-01-24, 06",Michigan Broncos,Michigan Chippewas,draftkings,Total,,146.5,O,+125,https://sportsbook.draftkings.com/event/central-michigan-%40-western-michigan/33516692?outcomes=0OU83127901O14650_1
2026-01-24 18:51:35,"Michigan Broncos vs Michigan Chippewas, 2026-01-24, 06",Michigan Broncos,Michigan Chippewas,draftkings,Total,,148.5,O,+165,https://sportsbook.draftkings.com/event/central-michigan-%40-western-michigan/33516692?outcomes=0OU83127901O14850_1
2026-01-24 18:51:35,"Michigan Broncos vs Michigan Chippewas, 2026-01-24, 06",Michigan Broncos,Michigan Chippewas,draftkings,Total,,140.5,U,+135,https://sportsbook.draftkings.com/event/central-michigan-%40-western-michigan/33516692?outcomes=0OU83127901U14050_3
2026-01-24 18:51:35,"Michigan Broncos vs Michigan Chippewas, 2026-01-24, 06",Michigan Broncos,Michigan Chippewas,draftkings,Total,,138.5,O,-250,https://sportsbook.draftkings.com/event/central-michigan-%40-western-michigan/33516692?outcomes=0OU83127901O13850_1
2026-01-24 18:51:35,"Michigan Broncos vs Michigan Chippewas, 2026-01-24, 06",Michigan Broncos,Michigan Chippewas,draftkings,Total,,148.5,U,-225,https://sportsbook.draftkings.com/event/central-michigan-%40-western-michigan/33516692?outcomes=0OU83127901U14850_3
2026-01-24 18:51:35,"Michigan Broncos vs Michigan Chippewas, 2026-01-24, 06",Michigan Broncos,Michigan Chippewas,draftkings,Total,,144.5,U,-130,https://sportsbook.draftkings.com/event/central-michigan-%40-western-michigan/33516692?outcomes=0OU83127901U14450_3
2026-01-24 18:51:35,"Michigan Broncos vs Michigan Chippewas, 2026-01-24, 06",Michigan Broncos,Michigan Chippewas,draftkings,Total,,137.5,U,+205,https://sportsbook.draftkings.com/event/central-michigan-%40-western-michigan/33516692?outcomes=0OU83127901U13750_3
2026-01-24 18:51:35,"Michigan Broncos vs Michigan Chippewas, 2026-01-24, 06",Michigan Broncos,Michigan Chippewas,draftkings,Total,,144.5,O,-105,https://sportsbook.draftkings.com/event/central-michigan-%40-western-michigan/33516692?outcomes=0OU83127901O14450_1
2026-01-24 18:51:35,"Michigan Broncos vs Michigan Chippewas, 2026-01-24, 06",Michigan Broncos,Michigan Chippewas,draftkings,Total,,137.5,O,-285,https://sportsbook.draftkings.com/event/central-michigan-%40-western-michigan/33516692?outcomes=0OU83127901O13750_1
2026-01-24 18:51:35,"Michigan Broncos vs Michigan Chippewas, 2026-01-24, 06",Michigan Broncos,Michigan Chippewas,draftkings,Total,,145.5,U,-145,https://sportsbook.draftkings.com/event/central-michigan-%40-western-michigan/33516692?outcomes=0OU83127901U14550_3
2026-01-24 18:51:35,"Michigan Broncos vs Michigan Chippewas, 2026-01-24, 06",Michigan Broncos,Michigan Chippewas,draftkings,Total,,139.5,U,+155,https://sportsbook.draftkings.com/event/central-michigan-%40-western-michigan/33516692?outcomes=0OU83127901U13950_3
2026-01-24 18:51:35,"Michigan Broncos vs Michigan Chippewas, 2026-01-24, 06",Michigan Broncos,Michigan Chippewas,draftkings,Total,,138.5,U,+180,https://sportsbook.draftkings.com/event/central-michigan-%40-western-michigan/33516692?outcomes=0OU83127901U13850_3
2026-01-24 18:51:35,"Michigan Broncos vs Michigan Chippewas, 2026-01-24, 06",Michigan Broncos,Michigan Chippewas,draftkings,Total,,145.5,O,+110,https://sportsbook.draftkings.com/event/central-michigan-%40-western-michigan/33516692?outcomes=0OU83127901O14550_1
2026-01-24 18:51:35,"Michigan Broncos vs Michigan Chippewas, 2026-01-24, 06",Michigan Broncos,Michigan Chippewas,draftkings,Total,,139.5,O,-215,https://sportsbook.draftkings.com/event/central-michigan-%40-western-michigan/33516692?outcomes=0OU83127901O13950_1
2026-01-24 18:51:35,"Missouri Kansas City Roos vs Nebraska Omaha Mavericks, 2026-01-24, 08",Missouri Kansas City Roos,Nebraska Omaha Mavericks,draftkings,Total,,156.5,O,+195,https://sportsbook.draftkings.com/event/omaha-%40-umkc/33517072?outcomes=0OU83125202O15650_1
2026-01-24 18:51:35,"Missouri Kansas City Roos vs Nebraska Omaha Mavericks, 2026-01-24, 08",Missouri Kansas City Roos,Nebraska Omaha Mavericks,draftkings,Total,,155.5,U,-238,https://sportsbook.draftkings.com/event/omaha-%40-umkc/33517072?outcomes=0OU83125202U15550_3
2026-01-24 18:51:35,"Missouri Kansas City Roos vs Nebraska Omaha Mavericks, 2026-01-24, 08",Missouri Kansas City Roos,Nebraska Omaha Mavericks,draftkings,Total,,155.5,O,+180,https://sportsbook.draftkings.com/event/omaha-%40-umkc/33517072?outcomes=0OU83125202O15550_1
2026-01-24 18:51:35,"Missouri Kansas City Roos vs Nebraska Omaha Mavericks, 2026-01-24, 08",Missouri Kansas City Roos,Nebraska Omaha Mavericks,draftkings,Total,,154.5,U,-215,https://sportsbook.draftkings.com/event/omaha-%40-umkc/33517072?outcomes=0OU83125202U15450_3
2026-01-24 18:51:35,"Missouri Kansas City Roos vs Nebraska Omaha Mavericks, 2026-01-24, 08",Missouri Kansas City Roos,Nebraska Omaha Mavericks,draftkings,Total,,154.5,O,+165,https://sportsbook.draftkings.com/event/omaha-%40-umkc/33517072?outcomes=0OU83125202O15450_1
2026-01-24 18:51:35,"Missouri Kansas City Roos vs Nebraska Omaha Mavericks, 2026-01-24, 08",Missouri Kansas City Roos,Nebraska Omaha Mavericks,draftkings,Total,,153.5,U,-188,https://sportsbook.draftkings.com/event/omaha-%40-umkc/33517072?outcomes=0OU83125202U15350_3
2026-01-24 18:51:35,"Missouri Kansas City Roos vs Nebraska Omaha Mavericks, 2026-01-24, 08",Missouri Kansas City Roos,Nebraska Omaha Mavericks,draftkings,Total,,153.5,O,+145,https://sportsbook.draftkings.com/event/omaha-%40-umkc/33517072?outcomes=0OU83125202O15350_1
2026-01-24 18:51:35,"Missouri Kansas City Roos vs Nebraska Omaha Mavericks, 2026-01-24, 08",Missouri Kansas City Roos,Nebraska Omaha Mavericks,draftkings,Total,,152.5,U,-175,https://sportsbook.draftkings.com/event/omaha-%40-umkc/33517072?outcomes=0OU83125202U15250_3
2026-01-24 18:51:35,"Missouri Kansas City Roos vs Nebraska Omaha Mavericks, 2026-01-24, 08",Missouri Kansas City Roos,Nebraska Omaha Mavericks,draftkings,Total,,152.5,O,+135,https://sportsbook.draftkings.com/event/omaha-%40-umkc/33517072?outcomes=0OU83125202O15250_1
2026-01-24 18:51:35,"Missouri Kansas City Roos vs Nebraska Omaha Mavericks, 2026-01-24, 08",Missouri Kansas City Roos,Nebraska Omaha Mavericks,draftkings,Total,,151.5,U,-160,https://sportsbook.draftkings.com/event/omaha-%40-umkc/33517072?outcomes=0OU83125202U15150_3
2026-01-24 18:51:35,"Missouri Kansas City Roos vs Nebraska Omaha Mavericks, 2026-01-24, 08",Missouri Kansas City Roos,Nebraska Omaha Mavericks,draftkings,Total,,151.5,O,+124,https://sportsbook.draftkings.com/event/omaha-%40-umkc/33517072?outcomes=0OU83125202O15150_1
2026-01-24 18:51:35,"Missouri Kansas City Roos vs Nebraska Omaha Mavericks, 2026-01-24, 08",Missouri Kansas City Roos,Nebraska Omaha Mavericks,draftkings,Total,,150.5,U,-140,https://sportsbook.draftkings.com/event/omaha-%40-umkc/33517072?outcomes=0OU83125202U15050_3
2026-01-24 18:51:35,"Missouri Kansas City Roos vs Nebraska Omaha Mavericks, 2026-01-24, 08",Missouri Kansas City Roos,Nebraska Omaha Mavericks,draftkings,Total,,150.5,O,+110,https://sportsbook.draftkings.com/event/omaha-%40-umkc/33517072?outcomes=0OU83125202O15050_1
2026-01-24 18:51:35,"Missouri Kansas City Roos vs Nebraska Omaha Mavericks, 2026-01-24, 08",Missouri Kansas City Roos,Nebraska Omaha Mavericks,draftkings,Total,,149.5,U,-130,https://sportsbook.draftkings.com/event/omaha-%40-umkc/33517072?outcomes=0OU83125202U14950_3
2026-01-24 18:51:35,"Missouri Kansas City Roos vs Nebraska Omaha Mavericks, 2026-01-24, 08",Missouri Kansas City Roos,Nebraska Omaha Mavericks,draftkings,Total,,149.5,O,+100,https://sportsbook.draftkings.com/event/omaha-%40-umkc/33517072?outcomes=0OU83125202O14950_1
2026-01-24 18:51:35,"Missouri Kansas City Roos vs Nebraska Omaha Mavericks, 2026-01-24, 08",Missouri Kansas City Roos,Nebraska Omaha Mavericks,draftkings,Total,,147.5,U,-105,https://sportsbook.draftkings.com/event/omaha-%40-umkc/33517072?outcomes=0OU83125202U14750_3
2026-01-24 18:51:35,"Missouri Kansas City Roos vs Nebraska Omaha Mavericks, 2026-01-24, 08",Missouri Kansas City Roos,Nebraska Omaha Mavericks,draftkings,Total,,147.5,O,-125,https://sportsbook.draftkings.com/event/omaha-%40-umkc/33517072?outcomes=0OU83125202O14750_1
2026-01-24 18:51:35,"Missouri Kansas City Roos vs Nebraska Omaha Mavericks, 2026-01-24, 08",Missouri Kansas City Roos,Nebraska Omaha Mavericks,draftkings,Total,,156.5,U,-260,https://sportsbook.draftkings.com/event/omaha-%40-umkc/33517072?outcomes=0OU83125202U15650_3
2026-01-24 18:51:35,"Missouri Kansas City Roos vs Nebraska Omaha Mavericks, 2026-01-24, 08",Missouri Kansas City Roos,Nebraska Omaha Mavericks,draftkings,Total,,157.5,O,+220,https://sportsbook.draftkings.com/event/omaha-%40-umkc/33517072?outcomes=0OU83125202O15750_1
2026-01-24 18:51:35,"Missouri Kansas City Roos vs Nebraska Omaha Mavericks, 2026-01-24, 08",Missouri Kansas City Roos,Nebraska Omaha Mavericks,draftkings,Total,,157.5,U,-298,https://sportsbook.draftkings.com/event/omaha-%40-umkc/33517072?outcomes=0OU83125202U15750_3
2026-01-24 18:51:35,"Missouri Kansas City Roos vs Nebraska Omaha Mavericks, 2026-01-24, 08",Missouri Kansas City Roos,Nebraska Omaha Mavericks,draftkings,Total,,158.5,O,+240,https://sportsbook.draftkings.com/event/omaha-%40-umkc/33517072?outcomes=0OU83125202O15850_1
2026-01-24 18:51:35,"Missouri Kansas City Roos vs Nebraska Omaha Mavericks, 2026-01-24, 08",Missouri Kansas City Roos,Nebraska Omaha Mavericks,draftkings,Total,,146.5,U,+105,https://sportsbook.draftkings.com/event/omaha-%40-umkc/33517072?outcomes=0OU83125202U14650_3
2026-01-24 18:51:35,"Missouri Kansas City Roos vs Nebraska Omaha Mavericks, 2026-01-24, 08",Missouri Kansas City Roos,Nebraska Omaha Mavericks,draftkings,Total,,160.5,U,-410,https://sportsbook.draftkings.com/event/omaha-%40-umkc/33517072?outcomes=0OU83125202U16050_3
2026-01-24 18:51:35,"Missouri Kansas City Roos vs Nebraska Omaha Mavericks, 2026-01-24, 08",Missouri Kansas City Roos,Nebraska Omaha Mavericks,draftkings,Total,,160.5,O,+290,https://sportsbook.draftkings.com/event/omaha-%40-umkc/33517072?outcomes=0OU83125202O16050_1
2026-01-24 18:51:35,"Missouri Kansas City Roos vs Nebraska Omaha Mavericks, 2026-01-24, 08",Missouri Kansas City Roos,Nebraska Omaha Mavericks,draftkings,Total,,159.5,U,-375,https://sportsbook.draftkings.com/event/omaha-%40-umkc/33517072?outcomes=0OU83125202U15950_3
2026-01-24 18:51:35,"Missouri Kansas City Roos vs Nebraska Omaha Mavericks, 2026-01-24, 08",Missouri Kansas City Roos,Nebraska Omaha Mavericks,draftkings,Total,,159.5,O,+270,https://sportsbook.draftkings.com/event/omaha-%40-umkc/33517072?outcomes=0OU83125202O15950_1
2026-01-24 18:51:35,"Missouri Kansas City Roos vs Nebraska Omaha Mavericks, 2026-01-24, 08",Missouri Kansas City Roos,Nebraska Omaha Mavericks,draftkings,Total,,158.5,U,-330,https://sportsbook.draftkings.com/event/omaha-%40-umkc/33517072?outcomes=0OU83125202U15850_3
2026-01-24 18:51:35,"Missouri Kansas City Roos vs Nebraska Omaha Mavericks, 2026-01-24, 08",Missouri Kansas City Roos,Nebraska Omaha Mavericks,draftkings,Total,,146.5,O,-135,https://sportsbook.draftkings.com/event/omaha-%40-umkc/33517072?outcomes=0OU83125202O14650_1
2026-01-24 18:51:35,"Missouri Kansas City Roos vs Nebraska Omaha Mavericks, 2026-01-24, 08",Missouri Kansas City Roos,Nebraska Omaha Mavericks,draftkings,Total,,145.5,O,-154,https://sportsbook.draftkings.com/event/omaha-%40-umkc/33517072?outcomes=0OU83125202O14550_1
2026-01-24 18:51:35,"Missouri Kansas City Roos vs Nebraska Omaha Mavericks, 2026-01-24, 08",Missouri Kansas City Roos,Nebraska Omaha Mavericks,draftkings,Total,,148.5,O,-108,https://sportsbook.draftkings.com/event/omaha-%40-umkc/33517072?outcomes=0OU83118471O14850_1
2026-01-24 18:51:35,"Missouri Kansas City Roos vs Nebraska Omaha Mavericks, 2026-01-24, 08",Missouri Kansas City Roos,Nebraska Omaha Mavericks,draftkings,Total,,148.5,U,-112,https://sportsbook.draftkings.com/event/omaha-%40-umkc/33517072?outcomes=0OU83118471U14850_3
2026-01-24 18:51:35,"Missouri Kansas City Roos vs Nebraska Omaha Mavericks, 2026-01-24, 08",Missouri Kansas City Roos,Nebraska Omaha Mavericks,draftkings,Total,,144.5,U,+130,https://sportsbook.draftkings.com/event/omaha-%40-umkc/33517072?outcomes=0OU83125202U14450_3
2026-01-24 18:51:35,"Missouri Kansas City Roos vs Nebraska Omaha Mavericks, 2026-01-24, 08",Missouri Kansas City Roos,Nebraska Omaha Mavericks,draftkings,Total,,144.5,O,-166,https://sportsbook.draftkings.com/event/omaha-%40-umkc/33517072?outcomes=0OU83125202O14450_1
2026-01-24 18:51:35,"Missouri Kansas City Roos vs Nebraska Omaha Mavericks, 2026-01-24, 08",Missouri Kansas City Roos,Nebraska Omaha Mavericks,draftkings,Total,,143.5,U,+145,https://sportsbook.draftkings.com/event/omaha-%40-umkc/33517072?outcomes=0OU83125202U14350_3
2026-01-24 18:51:35,"Missouri Kansas City Roos vs Nebraska Omaha Mavericks, 2026-01-24, 08",Missouri Kansas City Roos,Nebraska Omaha Mavericks,draftkings,Total,,143.5,O,-188,https://sportsbook.draftkings.com/event/omaha-%40-umkc/33517072?outcomes=0OU83125202O14350_1
2026-01-24 18:51:35,"Missouri Kansas City Roos vs Nebraska Omaha Mavericks, 2026-01-24, 08",Missouri Kansas City Roos,Nebraska Omaha Mavericks,draftkings,Total,,142.5,U,+160,https://sportsbook.draftkings.com/event/omaha-%40-umkc/33517072?outcomes=0OU83125202U14250_3
2026-01-24 18:51:35,"Missouri Kansas City Roos vs Nebraska Omaha Mavericks, 2026-01-24, 08",Missouri Kansas City Roos,Nebraska Omaha Mavericks,draftkings,Total,,142.5,O,-210,https://sportsbook.draftkings.com/event/omaha-%40-umkc/33517072?outcomes=0OU83125202O14250_1
2026-01-24 18:51:35,"Missouri Kansas City Roos vs Nebraska Omaha Mavericks, 2026-01-24, 08",Missouri Kansas City Roos,Nebraska Omaha Mavericks,draftkings,Total,,141.5,U,+175,https://sportsbook.draftkings.com/event/omaha-%40-umkc/33517072?outcomes=0OU83125202U14150_3
2026-01-24 18:51:35,"Missouri Kansas City Roos vs Nebraska Omaha Mavericks, 2026-01-24, 08",Missouri Kansas City Roos,Nebraska Omaha Mavericks,draftkings,Total,,141.5,O,-230,https://sportsbook.draftkings.com/event/omaha-%40-umkc/33517072?outcomes=0OU83125202O14150_1
2026-01-24 18:51:35,"Missouri Kansas City Roos vs Nebraska Omaha Mavericks, 2026-01-24, 08",Missouri Kansas City Roos,Nebraska Omaha Mavericks,draftkings,Total,,145.5,U,+120,https://sportsbook.draftkings.com/event/omaha-%40-umkc/33517072?outcomes=0OU83125202U14550_3
2026-01-24 18:51:35,"Missouri Kansas City Roos vs Nebraska Omaha Mavericks, 2026-01-24, 08",Missouri Kansas City Roos,Nebraska Omaha Mavericks,draftkings,Total,,140.5,U,+195,https://sportsbook.draftkings.com/event/omaha-%40-umkc/33517072?outcomes=0OU83125202U14050_3
2026-01-24 18:51:35,"Missouri Kansas City Roos vs Nebraska Omaha Mavericks, 2026-01-24, 08",Missouri Kansas City Roos,Nebraska Omaha Mavericks,draftkings,Total,,139.5,U,+210,https://sportsbook.draftkings.com/event/omaha-%40-umkc/33517072?outcomes=0OU83125202U13950_3
2026-01-24 18:51:35,"Missouri Kansas City Roos vs Nebraska Omaha Mavericks, 2026-01-24, 08",Missouri Kansas City Roos,Nebraska Omaha Mavericks,draftkings,Total,,139.5,O,-280,https://sportsbook.draftkings.com/event/omaha-%40-umkc/33517072?outcomes=0OU83125202O13950_1
2026-01-24 18:51:35,"Missouri Kansas City Roos vs Nebraska Omaha Mavericks, 2026-01-24, 08",Missouri Kansas City Roos,Nebraska Omaha Mavericks,draftkings,Total,,138.5,U,+240,https://sportsbook.draftkings.com/event/omaha-%40-umkc/33517072?outcomes=0OU83125202U13850_3
2026-01-24 18:51:35,"Missouri Kansas City Roos vs Nebraska Omaha Mavericks, 2026-01-24, 08",Missouri Kansas City Roos,Nebraska Omaha Mavericks,draftkings,Total,,138.5,O,-330,https://sportsbook.draftkings.com/event/omaha-%40-umkc/33517072?outcomes=0OU83125202O13850_1
2026-01-24 18:51:35,"Missouri Kansas City Roos vs Nebraska Omaha Mavericks, 2026-01-24, 08",Missouri Kansas City Roos,Nebraska Omaha Mavericks,draftkings,Total,,137.5,U,+260,https://sportsbook.draftkings.com/event/omaha-%40-umkc/33517072?outcomes=0OU83125202U13750_3
2026-01-24 18:51:35,"Missouri Kansas City Roos vs Nebraska Omaha Mavericks, 2026-01-24, 08",Missouri Kansas City Roos,Nebraska Omaha Mavericks,draftkings,Total,,137.5,O,-360,https://sportsbook.draftkings.com/event/omaha-%40-umkc/33517072?outcomes=0OU83125202O13750_1
2026-01-24 18:51:35,"Missouri Kansas City Roos vs Nebraska Omaha Mavericks, 2026-01-24, 08",Missouri Kansas City Roos,Nebraska Omaha Mavericks,draftkings,Total,,136.5,U,+290,https://sportsbook.draftkings.com/event/omaha-%40-umkc/33517072?outcomes=0OU83125202U13650_3
2026-01-24 18:51:35,"Missouri Kansas City Roos vs Nebraska Omaha Mavericks, 2026-01-24, 08",Missouri Kansas City Roos,Nebraska Omaha Mavericks,draftkings,Total,,136.5,O,-410,https://sportsbook.draftkings.com/event/omaha-%40-umkc/33517072?outcomes=0OU83125202O13650_1
2026-01-24 18:51:35,"Missouri Kansas City Roos vs Nebraska Omaha Mavericks, 2026-01-24, 08",Missouri Kansas City Roos,Nebraska Omaha Mavericks,draftkings,Total,,140.5,O,-260,https://sportsbook.draftkings.com/event/omaha-%40-umkc/33517072?outcomes=0OU83125202O14050_1
2026-01-24 18:51:35,"Montana Grizzlies vs Idaho State Bengals, 2026-01-24, 06",Montana Grizzlies,Idaho State Bengals,draftkings,Total,,140.5,O,-150,https://sportsbook.draftkings.com/event/idaho-state-%40-montana/33516686?outcomes=0OU83127970O14050_1
2026-01-24 18:51:35,"Montana Grizzlies vs Idaho State Bengals, 2026-01-24, 06",Montana Grizzlies,Idaho State Bengals,draftkings,Total,,139.5,U,+125,https://sportsbook.draftkings.com/event/idaho-state-%40-montana/33516686?outcomes=0OU83127970U13950_3
2026-01-24 18:51:35,"Montana Grizzlies vs Idaho State Bengals, 2026-01-24, 06",Montana Grizzlies,Idaho State Bengals,draftkings,Total,,139.5,O,-170,https://sportsbook.draftkings.com/event/idaho-state-%40-montana/33516686?outcomes=0OU83127970O13950_1
2026-01-24 18:51:35,"Montana Grizzlies vs Idaho State Bengals, 2026-01-24, 06",Montana Grizzlies,Idaho State Bengals,draftkings,Total,,138.5,U,+150,https://sportsbook.draftkings.com/event/idaho-state-%40-montana/33516686?outcomes=0OU83127970U13850_3
2026-01-24 18:51:35,"Montana Grizzlies vs Idaho State Bengals, 2026-01-24, 06",Montana Grizzlies,Idaho State Bengals,draftkings,Total,,138.5,O,-200,https://sportsbook.draftkings.com/event/idaho-state-%40-montana/33516686?outcomes=0OU83127970O13850_1
2026-01-24 18:51:35,"Montana Grizzlies vs Idaho State Bengals, 2026-01-24, 06",Montana Grizzlies,Idaho State Bengals,draftkings,Total,,137.5,U,+170,https://sportsbook.draftkings.com/event/idaho-state-%40-montana/33516686?outcomes=0OU83127970U13750_3
2026-01-24 18:51:35,"Montana Grizzlies vs Idaho State Bengals, 2026-01-24, 06",Montana Grizzlies,Idaho State Bengals,draftkings,Total,,137.5,O,-230,https://sportsbook.draftkings.com/event/idaho-state-%40-montana/33516686?outcomes=0OU83127970O13750_1
2026-01-24 18:51:35,"Montana Grizzlies vs Idaho State Bengals, 2026-01-24, 06",Montana Grizzlies,Idaho State Bengals,draftkings,Total,,140.5,U,+110,https://sportsbook.draftkings.com/event/idaho-state-%40-montana/33516686?outcomes=0OU83127970U14050_3
2026-01-24 18:51:35,"Montana Grizzlies vs Idaho State Bengals, 2026-01-24, 06",Montana Grizzlies,Idaho State Bengals,draftkings,Total,,144.5,O,+115,https://sportsbook.draftkings.com/event/idaho-state-%40-montana/33516686?outcomes=0OU83127970O14450_1
2026-01-24 18:51:35,"Montana Grizzlies vs Idaho State Bengals, 2026-01-24, 06",Montana Grizzlies,Idaho State Bengals,draftkings,Total,,144.5,U,-160,https://sportsbook.draftkings.com/event/idaho-state-%40-montana/33516686?outcomes=0OU83127970U14450_3
2026-01-24 18:51:35,"Montana Grizzlies vs Idaho State Bengals, 2026-01-24, 06",Montana Grizzlies,Idaho State Bengals,draftkings,Total,,145.5,O,+135,https://sportsbook.draftkings.com/event/idaho-state-%40-montana/33516686?outcomes=0OU83127970O14550_1
2026-01-24 18:51:35,"Montana Grizzlies vs Idaho State Bengals, 2026-01-24, 06",Montana Grizzlies,Idaho State Bengals,draftkings,Total,,143.5,U,-140,https://sportsbook.draftkings.com/event/idaho-state-%40-montana/33516686?outcomes=0OU83127970U14350_3
2026-01-24 18:51:35,"Montana Grizzlies vs Idaho State Bengals, 2026-01-24, 06",Montana Grizzlies,Idaho State Bengals,draftkings,Total,,136.5,U,+195,https://sportsbook.draftkings.com/event/idaho-state-%40-montana/33516686?outcomes=0OU83127970U13650_3
2026-01-24 18:51:35,"Montana Grizzlies vs Idaho State Bengals, 2026-01-24, 06",Montana Grizzlies,Idaho State Bengals,draftkings,Total,,143.5,O,+100,https://sportsbook.draftkings.com/event/idaho-state-%40-montana/33516686?outcomes=0OU83127970O14350_1
2026-01-24 18:51:35,"Montana Grizzlies vs Idaho State Bengals, 2026-01-24, 06",Montana Grizzlies,Idaho State Bengals,draftkings,Total,,147.5,U,-240,https://sportsbook.draftkings.com/event/idaho-state-%40-montana/33516686?outcomes=0OU83127970U14750_3
2026-01-24 18:51:35,"Montana Grizzlies vs Idaho State Bengals, 2026-01-24, 06",Montana Grizzlies,Idaho State Bengals,draftkings,Total,,147.5,O,+175,https://sportsbook.draftkings.com/event/idaho-state-%40-montana/33516686?outcomes=0OU83127970O14750_1
2026-01-24 18:51:35,"Montana Grizzlies vs Idaho State Bengals, 2026-01-24, 06",Montana Grizzlies,Idaho State Bengals,draftkings,Total,,146.5,U,-210,https://sportsbook.draftkings.com/event/idaho-state-%40-montana/33516686?outcomes=0OU83127970U14650_3
2026-01-24 18:51:35,"Montana Grizzlies vs Idaho State Bengals, 2026-01-24, 06",Montana Grizzlies,Idaho State Bengals,draftkings,Total,,146.5,O,+155,https://sportsbook.draftkings.com/event/idaho-state-%40-montana/33516686?outcomes=0OU83127970O14650_1
2026-01-24 18:51:35,"Montana Grizzlies vs Idaho State Bengals, 2026-01-24, 06",Montana Grizzlies,Idaho State Bengals,draftkings,Total,,145.5,U,-185,https://sportsbook.draftkings.com/event/idaho-state-%40-montana/33516686?outcomes=0OU83127970U14550_3
2026-01-24 18:51:35,"Montana Grizzlies vs Idaho State Bengals, 2026-01-24, 06",Montana Grizzlies,Idaho State Bengals,draftkings,Total,,136.5,O,-270,https://sportsbook.draftkings.com/event/idaho-state-%40-montana/33516686?outcomes=0OU83127970O13650_1
2026-01-24 18:51:35,"Montana State Bobcats vs Weber State Wildcats, 2026-01-24, 08",Montana State Bobcats,Weber State Wildcats,draftkings,Total,,147.5,U,-130,https://sportsbook.draftkings.com/event/weber-state-%40-montana-state/33516439?outcomes=0OU83125283U14750_3
2026-01-24 18:51:35,"Montana State Bobcats vs Weber State Wildcats, 2026-01-24, 08",Montana State Bobcats,Weber State Wildcats,draftkings,Total,,147.5,O,+100,https://sportsbook.draftkings.com/event/weber-state-%40-montana-state/33516439?outcomes=0OU83125283O14750_1
2026-01-24 18:51:35,"Montana State Bobcats vs Weber State Wildcats, 2026-01-24, 08",Montana State Bobcats,Weber State Wildcats,draftkings,Total,,145.5,U,-110,https://sportsbook.draftkings.com/event/weber-state-%40-montana-state/33516439?outcomes=0OU83125283U14550_3
2026-01-24 18:51:35,"Montana State Bobcats vs Weber State Wildcats, 2026-01-24, 08",Montana State Bobcats,Weber State Wildcats,draftkings,Total,,145.5,O,-120,https://sportsbook.draftkings.com/event/weber-state-%40-montana-state/33516439?outcomes=0OU83125283O14550_1
2026-01-24 18:51:35,"Montana State Bobcats vs Weber State Wildcats, 2026-01-24, 08",Montana State Bobcats,Weber State Wildcats,draftkings,Total,,144.5,U,+105,https://sportsbook.draftkings.com/event/weber-state-%40-montana-state/33516439?outcomes=0OU83125283U14450_3
2026-01-24 18:51:35,"Montana State Bobcats vs Weber State Wildcats, 2026-01-24, 08",Montana State Bobcats,Weber State Wildcats,draftkings,Total,,144.5,O,-135,https://sportsbook.draftkings.com/event/weber-state-%40-montana-state/33516439?outcomes=0OU83125283O14450_1
2026-01-24 18:51:35,"Montana State Bobcats vs Weber State Wildcats, 2026-01-24, 08",Montana State Bobcats,Weber State Wildcats,draftkings,Total,,143.5,U,+114,https://sportsbook.draftkings.com/event/weber-state-%40-montana-state/33516439?outcomes=0OU83125283U14350_3
2026-01-24 18:51:35,"Montana State Bobcats vs Weber State Wildcats, 2026-01-24, 08",Montana State Bobcats,Weber State Wildcats,draftkings,Total,,143.5,O,-145,https://sportsbook.draftkings.com/event/weber-state-%40-montana-state/33516439?outcomes=0OU83125283O14350_1
2026-01-24 18:51:35,"Montana State Bobcats vs Weber State Wildcats, 2026-01-24, 08",Montana State Bobcats,Weber State Wildcats,draftkings,Total,,142.5,U,+130,https://sportsbook.draftkings.com/event/weber-state-%40-montana-state/33516439?outcomes=0OU83125283U14250_3
2026-01-24 18:51:35,"Montana State Bobcats vs Weber State Wildcats, 2026-01-24, 08",Montana State Bobcats,Weber State Wildcats,draftkings,Total,,142.5,O,-166,https://sportsbook.draftkings.com/event/weber-state-%40-montana-state/33516439?outcomes=0OU83125283O14250_1
2026-01-24 18:51:35,"Montana State Bobcats vs Weber State Wildcats, 2026-01-24, 08",Montana State Bobcats,Weber State Wildcats,draftkings,Total,,141.5,U,+140,https://sportsbook.draftkings.com/event/weber-state-%40-montana-state/33516439?outcomes=0OU83125283U14150_3
2026-01-24 18:51:35,"Montana State Bobcats vs Weber State Wildcats, 2026-01-24, 08",Montana State Bobcats,Weber State Wildcats,draftkings,Total,,141.5,O,-180,https://sportsbook.draftkings.com/event/weber-state-%40-montana-state/33516439?outcomes=0OU83125283O14150_1
2026-01-24 18:51:35,"Montana State Bobcats vs Weber State Wildcats, 2026-01-24, 08",Montana State Bobcats,Weber State Wildcats,draftkings,Total,,140.5,U,+160,https://sportsbook.draftkings.com/event/weber-state-%40-montana-state/33516439?outcomes=0OU83125283U14050_3
2026-01-24 18:51:35,"Montana State Bobcats vs Weber State Wildcats, 2026-01-24, 08",Montana State Bobcats,Weber State Wildcats,draftkings,Total,,140.5,O,-210,https://sportsbook.draftkings.com/event/weber-state-%40-montana-state/33516439?outcomes=0OU83125283O14050_1
2026-01-24 18:51:35,"Montana State Bobcats vs Weber State Wildcats, 2026-01-24, 08",Montana State Bobcats,Weber State Wildcats,draftkings,Total,,139.5,U,+175,https://sportsbook.draftkings.com/event/weber-state-%40-montana-state/33516439?outcomes=0OU83125283U13950_3
2026-01-24 18:51:35,"Montana State Bobcats vs Weber State Wildcats, 2026-01-24, 08",Montana State Bobcats,Weber State Wildcats,draftkings,Total,,139.5,O,-230,https://sportsbook.draftkings.com/event/weber-state-%40-montana-state/33516439?outcomes=0OU83125283O13950_1
2026-01-24 18:51:35,"Montana State Bobcats vs Weber State Wildcats, 2026-01-24, 08",Montana State Bobcats,Weber State Wildcats,draftkings,Total,,138.5,U,+195,https://sportsbook.draftkings.com/event/weber-state-%40-montana-state/33516439?outcomes=0OU83125283U13850_3
2026-01-24 18:51:35,"Montana State Bobcats vs Weber State Wildcats, 2026-01-24, 08",Montana State Bobcats,Weber State Wildcats,draftkings,Total,,148.5,O,+114,https://sportsbook.draftkings.com/event/weber-state-%40-montana-state/33516439?outcomes=0OU83125283O14850_1
2026-01-24 18:51:35,"Montana State Bobcats vs Weber State Wildcats, 2026-01-24, 08",Montana State Bobcats,Weber State Wildcats,draftkings,Total,,148.5,U,-145,https://sportsbook.draftkings.com/event/weber-state-%40-montana-state/33516439?outcomes=0OU83125283U14850_3
2026-01-24 18:51:35,"Montana State Bobcats vs Weber State Wildcats, 2026-01-24, 08",Montana State Bobcats,Weber State Wildcats,draftkings,Total,,149.5,O,+124,https://sportsbook.draftkings.com/event/weber-state-%40-montana-state/33516439?outcomes=0OU83125283O14950_1
2026-01-24 18:51:35,"Montana State Bobcats vs Weber State Wildcats, 2026-01-24, 08",Montana State Bobcats,Weber State Wildcats,draftkings,Total,,149.5,U,-160,https://sportsbook.draftkings.com/event/weber-state-%40-montana-state/33516439?outcomes=0OU83125283U14950_3
2026-01-24 18:51:35,"Montana State Bobcats vs Weber State Wildcats, 2026-01-24, 08",Montana State Bobcats,Weber State Wildcats,draftkings,Total,,158.5,U,-445,https://sportsbook.draftkings.com/event/weber-state-%40-montana-state/33516439?outcomes=0OU83125283U15850_3
2026-01-24 18:51:35,"Montana State Bobcats vs Weber State Wildcats, 2026-01-24, 08",Montana State Bobcats,Weber State Wildcats,draftkings,Total,,158.5,O,+310,https://sportsbook.draftkings.com/event/weber-state-%40-montana-state/33516439?outcomes=0OU83125283O15850_1
2026-01-24 18:51:35,"Montana State Bobcats vs Weber State Wildcats, 2026-01-24, 08",Montana State Bobcats,Weber State Wildcats,draftkings,Total,,157.5,U,-395,https://sportsbook.draftkings.com/event/weber-state-%40-montana-state/33516439?outcomes=0OU83125283U15750_3
2026-01-24 18:51:35,"Montana State Bobcats vs Weber State Wildcats, 2026-01-24, 08",Montana State Bobcats,Weber State Wildcats,draftkings,Total,,157.5,O,+280,https://sportsbook.draftkings.com/event/weber-state-%40-montana-state/33516439?outcomes=0OU83125283O15750_1
2026-01-24 18:51:35,"Montana State Bobcats vs Weber State Wildcats, 2026-01-24, 08",Montana State Bobcats,Weber State Wildcats,draftkings,Total,,156.5,U,-360,https://sportsbook.draftkings.com/event/weber-state-%40-montana-state/33516439?outcomes=0OU83125283U15650_3
2026-01-24 18:51:35,"Montana State Bobcats vs Weber State Wildcats, 2026-01-24, 08",Montana State Bobcats,Weber State Wildcats,draftkings,Total,,156.5,O,+260,https://sportsbook.draftkings.com/event/weber-state-%40-montana-state/33516439?outcomes=0OU83125283O15650_1
2026-01-24 18:51:35,"Montana State Bobcats vs Weber State Wildcats, 2026-01-24, 08",Montana State Bobcats,Weber State Wildcats,draftkings,Total,,155.5,U,-315,https://sportsbook.draftkings.com/event/weber-state-%40-montana-state/33516439?outcomes=0OU83125283U15550_3
2026-01-24 18:51:35,"Montana State Bobcats vs Weber State Wildcats, 2026-01-24, 08",Montana State Bobcats,Weber State Wildcats,draftkings,Total,,155.5,O,+230,https://sportsbook.draftkings.com/event/weber-state-%40-montana-state/33516439?outcomes=0OU83125283O15550_1
2026-01-24 18:51:35,"Montana State Bobcats vs Weber State Wildcats, 2026-01-24, 08",Montana State Bobcats,Weber State Wildcats,draftkings,Total,,138.5,O,-260,https://sportsbook.draftkings.com/event/weber-state-%40-montana-state/33516439?outcomes=0OU83125283O13850_1
2026-01-24 18:51:35,"Montana State Bobcats vs Weber State Wildcats, 2026-01-24, 08",Montana State Bobcats,Weber State Wildcats,draftkings,Total,,154.5,U,-280,https://sportsbook.draftkings.com/event/weber-state-%40-montana-state/33516439?outcomes=0OU83125283U15450_3
2026-01-24 18:51:35,"Montana State Bobcats vs Weber State Wildcats, 2026-01-24, 08",Montana State Bobcats,Weber State Wildcats,draftkings,Total,,153.5,U,-250,https://sportsbook.draftkings.com/event/weber-state-%40-montana-state/33516439?outcomes=0OU83125283U15350_3
2026-01-24 18:51:35,"Montana State Bobcats vs Weber State Wildcats, 2026-01-24, 08",Montana State Bobcats,Weber State Wildcats,draftkings,Total,,153.5,O,+190,https://sportsbook.draftkings.com/event/weber-state-%40-montana-state/33516439?outcomes=0OU83125283O15350_1
2026-01-24 18:51:35,"Montana State Bobcats vs Weber State Wildcats, 2026-01-24, 08",Montana State Bobcats,Weber State Wildcats,draftkings,Total,,152.5,U,-220,https://sportsbook.draftkings.com/event/weber-state-%40-montana-state/33516439?outcomes=0OU83125283U15250_3
2026-01-24 18:51:35,"Montana State Bobcats vs Weber State Wildcats, 2026-01-24, 08",Montana State Bobcats,Weber State Wildcats,draftkings,Total,,152.5,O,+170,https://sportsbook.draftkings.com/event/weber-state-%40-montana-state/33516439?outcomes=0OU83125283O15250_1
2026-01-24 18:51:35,"Montana State Bobcats vs Weber State Wildcats, 2026-01-24, 08",Montana State Bobcats,Weber State Wildcats,draftkings,Total,,151.5,U,-200,https://sportsbook.draftkings.com/event/weber-state-%40-montana-state/33516439?outcomes=0OU83125283U15150_3
2026-01-24 18:51:35,"Montana State Bobcats vs Weber State Wildcats, 2026-01-24, 08",Montana State Bobcats,Weber State Wildcats,draftkings,Total,,151.5,O,+154,https://sportsbook.draftkings.com/event/weber-state-%40-montana-state/33516439?outcomes=0OU83125283O15150_1
2026-01-24 18:51:35,"Montana State Bobcats vs Weber State Wildcats, 2026-01-24, 08",Montana State Bobcats,Weber State Wildcats,draftkings,Total,,150.5,U,-180,https://sportsbook.draftkings.com/event/weber-state-%40-montana-state/33516439?outcomes=0OU83125283U15050_3
2026-01-24 18:51:35,"Montana State Bobcats vs Weber State Wildcats, 2026-01-24, 08",Montana State Bobcats,Weber State Wildcats,draftkings,Total,,150.5,O,+140,https://sportsbook.draftkings.com/event/weber-state-%40-montana-state/33516439?outcomes=0OU83125283O15050_1
2026-01-24 18:51:35,"Montana State Bobcats vs Weber State Wildcats, 2026-01-24, 08",Montana State Bobcats,Weber State Wildcats,draftkings,Total,,154.5,O,+210,https://sportsbook.draftkings.com/event/weber-state-%40-montana-state/33516439?outcomes=0OU83125283O15450_1
2026-01-24 18:51:35,"Montana State Bobcats vs Weber State Wildcats, 2026-01-24, 08",Montana State Bobcats,Weber State Wildcats,draftkings,Total,,137.5,U,+210,https://sportsbook.draftkings.com/event/weber-state-%40-montana-state/33516439?outcomes=0OU83125283U13750_3
2026-01-24 18:51:35,"Montana State Bobcats vs Weber State Wildcats, 2026-01-24, 08",Montana State Bobcats,Weber State Wildcats,draftkings,Total,,136.5,U,+240,https://sportsbook.draftkings.com/event/weber-state-%40-montana-state/33516439?outcomes=0OU83125283U13650_3
2026-01-24 18:51:35,"Montana State Bobcats vs Weber State Wildcats, 2026-01-24, 08",Montana State Bobcats,Weber State Wildcats,draftkings,Total,,136.5,O,-330,https://sportsbook.draftkings.com/event/weber-state-%40-montana-state/33516439?outcomes=0OU83125283O13650_1
2026-01-24 18:51:35,"Montana State Bobcats vs Weber State Wildcats, 2026-01-24, 08",Montana State Bobcats,Weber State Wildcats,draftkings,Total,,135.5,U,+260,https://sportsbook.draftkings.com/event/weber-state-%40-montana-state/33516439?outcomes=0OU83125283U13550_3
2026-01-24 18:51:35,"Montana State Bobcats vs Weber State Wildcats, 2026-01-24, 08",Montana State Bobcats,Weber State Wildcats,draftkings,Total,,135.5,O,-360,https://sportsbook.draftkings.com/event/weber-state-%40-montana-state/33516439?outcomes=0OU83125283O13550_1
2026-01-24 18:51:35,"Montana State Bobcats vs Weber State Wildcats, 2026-01-24, 08",Montana State Bobcats,Weber State Wildcats,draftkings,Total,,134.5,U,+290,https://sportsbook.draftkings.com/event/weber-state-%40-montana-state/33516439?outcomes=0OU83125283U13450_3
2026-01-24 18:51:35,"Montana State Bobcats vs Weber State Wildcats, 2026-01-24, 08",Montana State Bobcats,Weber State Wildcats,draftkings,Total,,134.5,O,-410,https://sportsbook.draftkings.com/event/weber-state-%40-montana-state/33516439?outcomes=0OU83125283O13450_1
2026-01-24 18:51:35,"Montana State Bobcats vs Weber State Wildcats, 2026-01-24, 08",Montana State Bobcats,Weber State Wildcats,draftkings,Total,,146.5,U,-115,https://sportsbook.draftkings.com/event/weber-state-%40-montana-state/33516439?outcomes=0OU83117139U14650_3
2026-01-24 18:51:35,"Montana State Bobcats vs Weber State Wildcats, 2026-01-24, 08",Montana State Bobcats,Weber State Wildcats,draftkings,Total,,146.5,O,-105,https://sportsbook.draftkings.com/event/weber-state-%40-montana-state/33516439?outcomes=0OU83117139O14650_1
2026-01-24 18:51:35,"Montana State Bobcats vs Weber State Wildcats, 2026-01-24, 08",Montana State Bobcats,Weber State Wildcats,draftkings,Total,,137.5,O,-280,https://sportsbook.draftkings.com/event/weber-state-%40-montana-state/33516439?outcomes=0OU83125283O13750_1
2026-01-24 18:51:35,"New Mexico Lobos vs Nevada Wolf Pack, 2026-01-24, 08",New Mexico Lobos,Nevada Wolf Pack,draftkings,Total,,156.5,O,+175,https://sportsbook.draftkings.com/event/nevada-%40-new-mexico/33516457?outcomes=0OU83125306O15650_1
2026-01-24 18:51:35,"New Mexico Lobos vs Nevada Wolf Pack, 2026-01-24, 08",New Mexico Lobos,Nevada Wolf Pack,draftkings,Total,,155.5,U,-210,https://sportsbook.draftkings.com/event/nevada-%40-new-mexico/33516457?outcomes=0OU83125306U15550_3
2026-01-24 18:51:35,"New Mexico Lobos vs Nevada Wolf Pack, 2026-01-24, 08",New Mexico Lobos,Nevada Wolf Pack,draftkings,Total,,155.5,O,+160,https://sportsbook.draftkings.com/event/nevada-%40-new-mexico/33516457?outcomes=0OU83125306O15550_1
2026-01-24 18:51:35,"New Mexico Lobos vs Nevada Wolf Pack, 2026-01-24, 08",New Mexico Lobos,Nevada Wolf Pack,draftkings,Total,,154.5,U,-188,https://sportsbook.draftkings.com/event/nevada-%40-new-mexico/33516457?outcomes=0OU83125306U15450_3
2026-01-24 18:51:35,"New Mexico Lobos vs Nevada Wolf Pack, 2026-01-24, 08",New Mexico Lobos,Nevada Wolf Pack,draftkings,Total,,154.5,O,+145,https://sportsbook.draftkings.com/event/nevada-%40-new-mexico/33516457?outcomes=0OU83125306O15450_1
2026-01-24 18:51:35,"New Mexico Lobos vs Nevada Wolf Pack, 2026-01-24, 08",New Mexico Lobos,Nevada Wolf Pack,draftkings,Total,,153.5,U,-166,https://sportsbook.draftkings.com/event/nevada-%40-new-mexico/33516457?outcomes=0OU83125306U15350_3
2026-01-24 18:51:35,"New Mexico Lobos vs Nevada Wolf Pack, 2026-01-24, 08",New Mexico Lobos,Nevada Wolf Pack,draftkings,Total,,153.5,O,+130,https://sportsbook.draftkings.com/event/nevada-%40-new-mexico/33516457?outcomes=0OU83125306O15350_1
2026-01-24 18:51:35,"New Mexico Lobos vs Nevada Wolf Pack, 2026-01-24, 08",New Mexico Lobos,Nevada Wolf Pack,draftkings,Total,,152.5,U,-154,https://sportsbook.draftkings.com/event/nevada-%40-new-mexico/33516457?outcomes=0OU83125306U15250_3
2026-01-24 18:51:35,"New Mexico Lobos vs Nevada Wolf Pack, 2026-01-24, 08",New Mexico Lobos,Nevada Wolf Pack,draftkings,Total,,152.5,O,+120,https://sportsbook.draftkings.com/event/nevada-%40-new-mexico/33516457?outcomes=0OU83125306O15250_1
2026-01-24 18:51:35,"New Mexico Lobos vs Nevada Wolf Pack, 2026-01-24, 08",New Mexico Lobos,Nevada Wolf Pack,draftkings,Total,,151.5,U,-135,https://sportsbook.draftkings.com/event/nevada-%40-new-mexico/33516457?outcomes=0OU83125306U15150_3
2026-01-24 18:51:35,"New Mexico Lobos vs Nevada Wolf Pack, 2026-01-24, 08",New Mexico Lobos,Nevada Wolf Pack,draftkings,Total,,151.5,O,+105,https://sportsbook.draftkings.com/event/nevada-%40-new-mexico/33516457?outcomes=0OU83125306O15150_1
2026-01-24 18:51:35,"New Mexico Lobos vs Nevada Wolf Pack, 2026-01-24, 08",New Mexico Lobos,Nevada Wolf Pack,draftkings,Total,,150.5,U,-125,https://sportsbook.draftkings.com/event/nevada-%40-new-mexico/33516457?outcomes=0OU83125306U15050_3
2026-01-24 18:51:35,"New Mexico Lobos vs Nevada Wolf Pack, 2026-01-24, 08",New Mexico Lobos,Nevada Wolf Pack,draftkings,Total,,150.5,O,-105,https://sportsbook.draftkings.com/event/nevada-%40-new-mexico/33516457?outcomes=0OU83125306O15050_1
2026-01-24 18:51:35,"New Mexico Lobos vs Nevada Wolf Pack, 2026-01-24, 08",New Mexico Lobos,Nevada Wolf Pack,draftkings,Total,,148.5,U,+100,https://sportsbook.draftkings.com/event/nevada-%40-new-mexico/33516457?outcomes=0OU83125306U14850_3
2026-01-24 18:51:35,"New Mexico Lobos vs Nevada Wolf Pack, 2026-01-24, 08",New Mexico Lobos,Nevada Wolf Pack,draftkings,Total,,148.5,O,-130,https://sportsbook.draftkings.com/event/nevada-%40-new-mexico/33516457?outcomes=0OU83125306O14850_1
2026-01-24 18:51:35,"New Mexico Lobos vs Nevada Wolf Pack, 2026-01-24, 08",New Mexico Lobos,Nevada Wolf Pack,draftkings,Total,,147.5,U,+110,https://sportsbook.draftkings.com/event/nevada-%40-new-mexico/33516457?outcomes=0OU83125306U14750_3
2026-01-24 18:51:35,"New Mexico Lobos vs Nevada Wolf Pack, 2026-01-24, 08",New Mexico Lobos,Nevada Wolf Pack,draftkings,Total,,147.5,O,-140,https://sportsbook.draftkings.com/event/nevada-%40-new-mexico/33516457?outcomes=0OU83125306O14750_1
2026-01-24 18:51:35,"New Mexico Lobos vs Nevada Wolf Pack, 2026-01-24, 08",New Mexico Lobos,Nevada Wolf Pack,draftkings,Total,,156.5,U,-230,https://sportsbook.draftkings.com/event/nevada-%40-new-mexico/33516457?outcomes=0OU83125306U15650_3
2026-01-24 18:51:35,"New Mexico Lobos vs Nevada Wolf Pack, 2026-01-24, 08",New Mexico Lobos,Nevada Wolf Pack,draftkings,Total,,157.5,O,+195,https://sportsbook.draftkings.com/event/nevada-%40-new-mexico/33516457?outcomes=0OU83125306O15750_1
2026-01-24 18:51:35,"New Mexico Lobos vs Nevada Wolf Pack, 2026-01-24, 08",New Mexico Lobos,Nevada Wolf Pack,draftkings,Total,,157.5,U,-260,https://sportsbook.draftkings.com/event/nevada-%40-new-mexico/33516457?outcomes=0OU83125306U15750_3
2026-01-24 18:51:35,"New Mexico Lobos vs Nevada Wolf Pack, 2026-01-24, 08",New Mexico Lobos,Nevada Wolf Pack,draftkings,Total,,158.5,O,+210,https://sportsbook.draftkings.com/event/nevada-%40-new-mexico/33516457?outcomes=0OU83125306O15850_1
2026-01-24 18:51:35,"New Mexico Lobos vs Nevada Wolf Pack, 2026-01-24, 08",New Mexico Lobos,Nevada Wolf Pack,draftkings,Total,,146.5,U,+124,https://sportsbook.draftkings.com/event/nevada-%40-new-mexico/33516457?outcomes=0OU83125306U14650_3
2026-01-24 18:51:35,"New Mexico Lobos vs Nevada Wolf Pack, 2026-01-24, 08",New Mexico Lobos,Nevada Wolf Pack,draftkings,Total,,161.5,U,-410,https://sportsbook.draftkings.com/event/nevada-%40-new-mexico/33516457?outcomes=0OU83125306U16150_3
2026-01-24 18:51:35,"New Mexico Lobos vs Nevada Wolf Pack, 2026-01-24, 08",New Mexico Lobos,Nevada Wolf Pack,draftkings,Total,,161.5,O,+290,https://sportsbook.draftkings.com/event/nevada-%40-new-mexico/33516457?outcomes=0OU83125306O16150_1
2026-01-24 18:51:35,"New Mexico Lobos vs Nevada Wolf Pack, 2026-01-24, 08",New Mexico Lobos,Nevada Wolf Pack,draftkings,Total,,160.5,U,-360,https://sportsbook.draftkings.com/event/nevada-%40-new-mexico/33516457?outcomes=0OU83125306U16050_3
2026-01-24 18:51:35,"New Mexico Lobos vs Nevada Wolf Pack, 2026-01-24, 08",New Mexico Lobos,Nevada Wolf Pack,draftkings,Total,,160.5,O,+260,https://sportsbook.draftkings.com/event/nevada-%40-new-mexico/33516457?outcomes=0OU83125306O16050_1
2026-01-24 18:51:35,"New Mexico Lobos vs Nevada Wolf Pack, 2026-01-24, 08",New Mexico Lobos,Nevada Wolf Pack,draftkings,Total,,159.5,U,-330,https://sportsbook.draftkings.com/event/nevada-%40-new-mexico/33516457?outcomes=0OU83125306U15950_3
2026-01-24 18:51:35,"New Mexico Lobos vs Nevada Wolf Pack, 2026-01-24, 08",New Mexico Lobos,Nevada Wolf Pack,draftkings,Total,,159.5,O,+240,https://sportsbook.draftkings.com/event/nevada-%40-new-mexico/33516457?outcomes=0OU83125306O15950_1
2026-01-24 18:51:35,"New Mexico Lobos vs Nevada Wolf Pack, 2026-01-24, 08",New Mexico Lobos,Nevada Wolf Pack,draftkings,Total,,158.5,U,-280,https://sportsbook.draftkings.com/event/nevada-%40-new-mexico/33516457?outcomes=0OU83125306U15850_3
2026-01-24 18:51:35,"New Mexico Lobos vs Nevada Wolf Pack, 2026-01-24, 08",New Mexico Lobos,Nevada Wolf Pack,draftkings,Total,,146.5,O,-160,https://sportsbook.draftkings.com/event/nevada-%40-new-mexico/33516457?outcomes=0OU83125306O14650_1
2026-01-24 18:51:35,"New Mexico Lobos vs Nevada Wolf Pack, 2026-01-24, 08",New Mexico Lobos,Nevada Wolf Pack,draftkings,Total,,145.5,O,-175,https://sportsbook.draftkings.com/event/nevada-%40-new-mexico/33516457?outcomes=0OU83125306O14550_1
2026-01-24 18:51:35,"New Mexico Lobos vs Nevada Wolf Pack, 2026-01-24, 08",New Mexico Lobos,Nevada Wolf Pack,draftkings,Total,,144.5,U,+150,https://sportsbook.draftkings.com/event/nevada-%40-new-mexico/33516457?outcomes=0OU83125306U14450_3
2026-01-24 18:51:35,"New Mexico Lobos vs Nevada Wolf Pack, 2026-01-24, 08",New Mexico Lobos,Nevada Wolf Pack,draftkings,Total,,144.5,O,-195,https://sportsbook.draftkings.com/event/nevada-%40-new-mexico/33516457?outcomes=0OU83125306O14450_1
2026-01-24 18:51:35,"New Mexico Lobos vs Nevada Wolf Pack, 2026-01-24, 08",New Mexico Lobos,Nevada Wolf Pack,draftkings,Total,,143.5,U,+165,https://sportsbook.draftkings.com/event/nevada-%40-new-mexico/33516457?outcomes=0OU83125306U14350_3
2026-01-24 18:51:35,"New Mexico Lobos vs Nevada Wolf Pack, 2026-01-24, 08",New Mexico Lobos,Nevada Wolf Pack,draftkings,Total,,143.5,O,-215,https://sportsbook.draftkings.com/event/nevada-%40-new-mexico/33516457?outcomes=0OU83125306O14350_1
2026-01-24 18:51:35,"New Mexico Lobos vs Nevada Wolf Pack, 2026-01-24, 08",New Mexico Lobos,Nevada Wolf Pack,draftkings,Total,,142.5,U,+185,https://sportsbook.draftkings.com/event/nevada-%40-new-mexico/33516457?outcomes=0OU83125306U14250_3
2026-01-24 18:51:35,"New Mexico Lobos vs Nevada Wolf Pack, 2026-01-24, 08",New Mexico Lobos,Nevada Wolf Pack,draftkings,Total,,142.5,O,-245,https://sportsbook.draftkings.com/event/nevada-%40-new-mexico/33516457?outcomes=0OU83125306O14250_1
2026-01-24 18:51:35,"New Mexico Lobos vs Nevada Wolf Pack, 2026-01-24, 08",New Mexico Lobos,Nevada Wolf Pack,draftkings,Total,,141.5,U,+200,https://sportsbook.draftkings.com/event/nevada-%40-new-mexico/33516457?outcomes=0OU83125306U14150_3
2026-01-24 18:51:35,"New Mexico Lobos vs Nevada Wolf Pack, 2026-01-24, 08",New Mexico Lobos,Nevada Wolf Pack,draftkings,Total,,141.5,O,-270,https://sportsbook.draftkings.com/event/nevada-%40-new-mexico/33516457?outcomes=0OU83125306O14150_1
2026-01-24 18:51:35,"New Mexico Lobos vs Nevada Wolf Pack, 2026-01-24, 08",New Mexico Lobos,Nevada Wolf Pack,draftkings,Total,,145.5,U,+135,https://sportsbook.draftkings.com/event/nevada-%40-new-mexico/33516457?outcomes=0OU83125306U14550_3
2026-01-24 18:51:35,"New Mexico Lobos vs Nevada Wolf Pack, 2026-01-24, 08",New Mexico Lobos,Nevada Wolf Pack,draftkings,Total,,140.5,U,+230,https://sportsbook.draftkings.com/event/nevada-%40-new-mexico/33516457?outcomes=0OU83125306U14050_3
2026-01-24 18:51:35,"New Mexico Lobos vs Nevada Wolf Pack, 2026-01-24, 08",New Mexico Lobos,Nevada Wolf Pack,draftkings,Total,,139.5,U,+250,https://sportsbook.draftkings.com/event/nevada-%40-new-mexico/33516457?outcomes=0OU83125306U13950_3
2026-01-24 18:51:35,"New Mexico Lobos vs Nevada Wolf Pack, 2026-01-24, 08",New Mexico Lobos,Nevada Wolf Pack,draftkings,Total,,139.5,O,-345,https://sportsbook.draftkings.com/event/nevada-%40-new-mexico/33516457?outcomes=0OU83125306O13950_1
2026-01-24 18:51:35,"New Mexico Lobos vs Nevada Wolf Pack, 2026-01-24, 08",New Mexico Lobos,Nevada Wolf Pack,draftkings,Total,,138.5,U,+270,https://sportsbook.draftkings.com/event/nevada-%40-new-mexico/33516457?outcomes=0OU83125306U13850_3
2026-01-24 18:51:35,"New Mexico Lobos vs Nevada Wolf Pack, 2026-01-24, 08",New Mexico Lobos,Nevada Wolf Pack,draftkings,Total,,138.5,O,-375,https://sportsbook.draftkings.com/event/nevada-%40-new-mexico/33516457?outcomes=0OU83125306O13850_1
2026-01-24 18:51:35,"New Mexico Lobos vs Nevada Wolf Pack, 2026-01-24, 08",New Mexico Lobos,Nevada Wolf Pack,draftkings,Total,,137.5,U,+300,https://sportsbook.draftkings.com/event/nevada-%40-new-mexico/33516457?outcomes=0OU83125306U13750_3
2026-01-24 18:51:35,"New Mexico Lobos vs Nevada Wolf Pack, 2026-01-24, 08",New Mexico Lobos,Nevada Wolf Pack,draftkings,Total,,137.5,O,-425,https://sportsbook.draftkings.com/event/nevada-%40-new-mexico/33516457?outcomes=0OU83125306O13750_1
2026-01-24 18:51:35,"New Mexico Lobos vs Nevada Wolf Pack, 2026-01-24, 08",New Mexico Lobos,Nevada Wolf Pack,draftkings,Total,,149.5,U,-108,https://sportsbook.draftkings.com/event/nevada-%40-new-mexico/33516457?outcomes=0OU83117158U14950_3
2026-01-24 18:51:35,"New Mexico Lobos vs Nevada Wolf Pack, 2026-01-24, 08",New Mexico Lobos,Nevada Wolf Pack,draftkings,Total,,149.5,O,-112,https://sportsbook.draftkings.com/event/nevada-%40-new-mexico/33516457?outcomes=0OU83117158O14950_1
2026-01-24 18:51:35,"New Mexico Lobos vs Nevada Wolf Pack, 2026-01-24, 08",New Mexico Lobos,Nevada Wolf Pack,draftkings,Total,,140.5,O,-315,https://sportsbook.draftkings.com/event/nevada-%40-new-mexico/33516457?outcomes=0OU83125306O14050_1
2026-01-24 18:51:35,"New Mexico Lobos vs Nevada Wolf Pack, 2026-01-24, 08",New Mexico Lobos,Nevada Wolf Pack,fanduel,Total,,140.5,O,-310,https://sportsbook.fanduel.ca/addToBetslip?marketId=801.154282549&selectionId=7017823
2026-01-24 18:51:35,"New Mexico Lobos vs Nevada Wolf Pack, 2026-01-24, 08",New Mexico Lobos,Nevada Wolf Pack,fanduel,Total,,140.5,U,+225,https://sportsbook.fanduel.ca/addToBetslip?marketId=801.154282549&selectionId=7017824
2026-01-24 18:51:35,"New Mexico Lobos vs Nevada Wolf Pack, 2026-01-24, 08",New Mexico Lobos,Nevada Wolf Pack,fanduel,Total,,146.5,O,-156,https://sportsbook.fanduel.ca/addToBetslip?marketId=801.154282557&selectionId=7017823
2026-01-24 18:51:35,"New Mexico Lobos vs Nevada Wolf Pack, 2026-01-24, 08",New Mexico Lobos,Nevada Wolf Pack,fanduel,Total,,148.5,U,-105,https://sportsbook.fanduel.ca/addToBetslip?marketId=801.154218666&selectionId=7017824
2026-01-24 18:51:35,"New Mexico Lobos vs Nevada Wolf Pack, 2026-01-24, 08",New Mexico Lobos,Nevada Wolf Pack,fanduel,Total,,148.5,O,-115,https://sportsbook.fanduel.ca/addToBetslip?marketId=801.154218666&selectionId=7017823
2026-01-24 18:51:35,"New Mexico Lobos vs Nevada Wolf Pack, 2026-01-24, 08",New Mexico Lobos,Nevada Wolf Pack,fanduel,Total,,152.5,O,+122,https://sportsbook.fanduel.ca/addToBetslip?marketId=801.154282519&selectionId=7017823
2026-01-24 18:51:35,"New Mexico Lobos vs Nevada Wolf Pack, 2026-01-24, 08",New Mexico Lobos,Nevada Wolf Pack,fanduel,Total,,158.5,U,-310,https://sportsbook.fanduel.ca/addToBetslip?marketId=801.154282573&selectionId=7017824
2026-01-24 18:51:35,"New Mexico Lobos vs Nevada Wolf Pack, 2026-01-24, 08",New Mexico Lobos,Nevada Wolf Pack,fanduel,Total,,158.5,O,+225,https://sportsbook.fanduel.ca/addToBetslip?marketId=801.154282573&selectionId=7017823
2026-01-24 18:51:35,"New Mexico Lobos vs Nevada Wolf Pack, 2026-01-24, 08",New Mexico Lobos,Nevada Wolf Pack,fanduel,Total,,155.5,U,-230,https://sportsbook.fanduel.ca/addToBetslip?marketId=801.154282529&selectionId=7017824
2026-01-24 18:51:35,"New Mexico Lobos vs Nevada Wolf Pack, 2026-01-24, 08",New Mexico Lobos,Nevada Wolf Pack,fanduel,Total,,155.5,O,+172,https://sportsbook.fanduel.ca/addToBetslip?marketId=801.154282529&selectionId=7017823
2026-01-24 18:51:35,"New Mexico Lobos vs Nevada Wolf Pack, 2026-01-24, 08",New Mexico Lobos,Nevada Wolf Pack,fanduel,Total,,143.5,U,+165,https://sportsbook.fanduel.ca/addToBetslip?marketId=801.154282522&selectionId=7017824
2026-01-24 18:51:35,"New Mexico Lobos vs Nevada Wolf Pack, 2026-01-24, 08",New Mexico Lobos,Nevada Wolf Pack,fanduel,Total,,143.5,O,-220,https://sportsbook.fanduel.ca/addToBetslip?marketId=801.154282522&selectionId=7017823
2026-01-24 18:51:35,"New Mexico Lobos vs Nevada Wolf Pack, 2026-01-24, 08",New Mexico Lobos,Nevada Wolf Pack,fanduel,Total,,146.5,U,+120,https://sportsbook.fanduel.ca/addToBetslip?marketId=801.154282557&selectionId=7017824
2026-01-24 18:51:35,"New Mexico Lobos vs Nevada Wolf Pack, 2026-01-24, 08",New Mexico Lobos,Nevada Wolf Pack,fanduel,Total,,152.5,U,-160,https://sportsbook.fanduel.ca/addToBetslip?marketId=801.154282519&selectionId=7017824
2026-01-24 18:51:35,"Northern Arizona Lumberjacks vs Northern Colorado Bears, 2026-01-24, 08",Northern Arizona Lumberjacks,Northern Colorado Bears,draftkings,Total,,160.5,U,-360,https://sportsbook.draftkings.com/event/northern-colorado-%40-northern-arizona/33516445?outcomes=0OU83125227U16050_3
2026-01-24 18:51:35,"Northern Arizona Lumberjacks vs Northern Colorado Bears, 2026-01-24, 08",Northern Arizona Lumberjacks,Northern Colorado Bears,draftkings,Total,,160.5,O,+260,https://sportsbook.draftkings.com/event/northern-colorado-%40-northern-arizona/33516445?outcomes=0OU83125227O16050_1
2026-01-24 18:51:35,"Northern Arizona Lumberjacks vs Northern Colorado Bears, 2026-01-24, 08",Northern Arizona Lumberjacks,Northern Colorado Bears,draftkings,Total,,159.5,U,-330,https://sportsbook.draftkings.com/event/northern-colorado-%40-northern-arizona/33516445?outcomes=0OU83125227U15950_3
2026-01-24 18:51:35,"Northern Arizona Lumberjacks vs Northern Colorado Bears, 2026-01-24, 08",Northern Arizona Lumberjacks,Northern Colorado Bears,draftkings,Total,,159.5,O,+240,https://sportsbook.draftkings.com/event/northern-colorado-%40-northern-arizona/33516445?outcomes=0OU83125227O15950_1
2026-01-24 18:51:35,"Northern Arizona Lumberjacks vs Northern Colorado Bears, 2026-01-24, 08",Northern Arizona Lumberjacks,Northern Colorado Bears,draftkings,Total,,158.5,U,-280,https://sportsbook.draftkings.com/event/northern-colorado-%40-northern-arizona/33516445?outcomes=0OU83125227U15850_3
2026-01-24 18:51:35,"Northern Arizona Lumberjacks vs Northern Colorado Bears, 2026-01-24, 08",Northern Arizona Lumberjacks,Northern Colorado Bears,draftkings,Total,,158.5,O,+210,https://sportsbook.draftkings.com/event/northern-colorado-%40-northern-arizona/33516445?outcomes=0OU83125227O15850_1
2026-01-24 18:51:35,"Northern Arizona Lumberjacks vs Northern Colorado Bears, 2026-01-24, 08",Northern Arizona Lumberjacks,Northern Colorado Bears,draftkings,Total,,157.5,U,-260,https://sportsbook.draftkings.com/event/northern-colorado-%40-northern-arizona/33516445?outcomes=0OU83125227U15750_3
2026-01-24 18:51:35,"Northern Arizona Lumberjacks vs Northern Colorado Bears, 2026-01-24, 08",Northern Arizona Lumberjacks,Northern Colorado Bears,draftkings,Total,,157.5,O,+195,https://sportsbook.draftkings.com/event/northern-colorado-%40-northern-arizona/33516445?outcomes=0OU83125227O15750_1
2026-01-24 18:51:35,"Northern Arizona Lumberjacks vs Northern Colorado Bears, 2026-01-24, 08",Northern Arizona Lumberjacks,Northern Colorado Bears,draftkings,Total,,156.5,U,-230,https://sportsbook.draftkings.com/event/northern-colorado-%40-northern-arizona/33516445?outcomes=0OU83125227U15650_3
2026-01-24 18:51:35,"Northern Arizona Lumberjacks vs Northern Colorado Bears, 2026-01-24, 08",Northern Arizona Lumberjacks,Northern Colorado Bears,draftkings,Total,,156.5,O,+175,https://sportsbook.draftkings.com/event/northern-colorado-%40-northern-arizona/33516445?outcomes=0OU83125227O15650_1
2026-01-24 18:51:35,"Northern Arizona Lumberjacks vs Northern Colorado Bears, 2026-01-24, 08",Northern Arizona Lumberjacks,Northern Colorado Bears,draftkings,Total,,155.5,U,-210,https://sportsbook.draftkings.com/event/northern-colorado-%40-northern-arizona/33516445?outcomes=0OU83125227U15550_3
2026-01-24 18:51:35,"Northern Arizona Lumberjacks vs Northern Colorado Bears, 2026-01-24, 08",Northern Arizona Lumberjacks,Northern Colorado Bears,draftkings,Total,,155.5,O,+160,https://sportsbook.draftkings.com/event/northern-colorado-%40-northern-arizona/33516445?outcomes=0OU83125227O15550_1
2026-01-24 18:51:35,"Northern Arizona Lumberjacks vs Northern Colorado Bears, 2026-01-24, 08",Northern Arizona Lumberjacks,Northern Colorado Bears,draftkings,Total,,154.5,U,-195,https://sportsbook.draftkings.com/event/northern-colorado-%40-northern-arizona/33516445?outcomes=0OU83125227U15450_3
2026-01-24 18:51:35,"Northern Arizona Lumberjacks vs Northern Colorado Bears, 2026-01-24, 08",Northern Arizona Lumberjacks,Northern Colorado Bears,draftkings,Total,,154.5,O,+150,https://sportsbook.draftkings.com/event/northern-colorado-%40-northern-arizona/33516445?outcomes=0OU83125227O15450_1
2026-01-24 18:51:35,"Northern Arizona Lumberjacks vs Northern Colorado Bears, 2026-01-24, 08",Northern Arizona Lumberjacks,Northern Colorado Bears,draftkings,Total,,153.5,U,-166,https://sportsbook.draftkings.com/event/northern-colorado-%40-northern-arizona/33516445?outcomes=0OU83125227U15350_3
2026-01-24 18:51:35,"Northern Arizona Lumberjacks vs Northern Colorado Bears, 2026-01-24, 08",Northern Arizona Lumberjacks,Northern Colorado Bears,draftkings,Total,,153.5,O,+130,https://sportsbook.draftkings.com/event/northern-colorado-%40-northern-arizona/33516445?outcomes=0OU83125227O15350_1
2026-01-24 18:51:35,"Northern Arizona Lumberjacks vs Northern Colorado Bears, 2026-01-24, 08",Northern Arizona Lumberjacks,Northern Colorado Bears,draftkings,Total,,152.5,U,-154,https://sportsbook.draftkings.com/event/northern-colorado-%40-northern-arizona/33516445?outcomes=0OU83125227U15250_3
2026-01-24 18:51:35,"Northern Arizona Lumberjacks vs Northern Colorado Bears, 2026-01-24, 08",Northern Arizona Lumberjacks,Northern Colorado Bears,draftkings,Total,,161.5,O,+290,https://sportsbook.draftkings.com/event/northern-colorado-%40-northern-arizona/33516445?outcomes=0OU83125227O16150_1
2026-01-24 18:51:35,"Northern Arizona Lumberjacks vs Northern Colorado Bears, 2026-01-24, 08",Northern Arizona Lumberjacks,Northern Colorado Bears,draftkings,Total,,161.5,U,-410,https://sportsbook.draftkings.com/event/northern-colorado-%40-northern-arizona/33516445?outcomes=0OU83125227U16150_3
2026-01-24 18:51:35,"Northern Arizona Lumberjacks vs Northern Colorado Bears, 2026-01-24, 08",Northern Arizona Lumberjacks,Northern Colorado Bears,draftkings,Total,,152.5,O,+120,https://sportsbook.draftkings.com/event/northern-colorado-%40-northern-arizona/33516445?outcomes=0OU83125227O15250_1
2026-01-24 18:51:35,"Northern Arizona Lumberjacks vs Northern Colorado Bears, 2026-01-24, 08",Northern Arizona Lumberjacks,Northern Colorado Bears,draftkings,Total,,151.5,U,-140,https://sportsbook.draftkings.com/event/northern-colorado-%40-northern-arizona/33516445?outcomes=0OU83125227U15150_3
2026-01-24 18:51:35,"Northern Arizona Lumberjacks vs Northern Colorado Bears, 2026-01-24, 08",Northern Arizona Lumberjacks,Northern Colorado Bears,draftkings,Total,,150.5,U,-125,https://sportsbook.draftkings.com/event/northern-colorado-%40-northern-arizona/33516445?outcomes=0OU83125227U15050_3
2026-01-24 18:51:35,"Northern Arizona Lumberjacks vs Northern Colorado Bears, 2026-01-24, 08",Northern Arizona Lumberjacks,Northern Colorado Bears,draftkings,Total,,137.5,O,-410,https://sportsbook.draftkings.com/event/northern-colorado-%40-northern-arizona/33516445?outcomes=0OU83125227O13750_1
2026-01-24 18:51:35,"Northern Arizona Lumberjacks vs Northern Colorado Bears, 2026-01-24, 08",Northern Arizona Lumberjacks,Northern Colorado Bears,draftkings,Total,,137.5,U,+290,https://sportsbook.draftkings.com/event/northern-colorado-%40-northern-arizona/33516445?outcomes=0OU83125227U13750_3
2026-01-24 18:51:35,"Northern Arizona Lumberjacks vs Northern Colorado Bears, 2026-01-24, 08",Northern Arizona Lumberjacks,Northern Colorado Bears,draftkings,Total,,138.5,O,-360,https://sportsbook.draftkings.com/event/northern-colorado-%40-northern-arizona/33516445?outcomes=0OU83125227O13850_1
2026-01-24 18:51:35,"Northern Arizona Lumberjacks vs Northern Colorado Bears, 2026-01-24, 08",Northern Arizona Lumberjacks,Northern Colorado Bears,draftkings,Total,,138.5,U,+260,https://sportsbook.draftkings.com/event/northern-colorado-%40-northern-arizona/33516445?outcomes=0OU83125227U13850_3
2026-01-24 18:51:35,"Northern Arizona Lumberjacks vs Northern Colorado Bears, 2026-01-24, 08",Northern Arizona Lumberjacks,Northern Colorado Bears,draftkings,Total,,139.5,O,-330,https://sportsbook.draftkings.com/event/northern-colorado-%40-northern-arizona/33516445?outcomes=0OU83125227O13950_1
2026-01-24 18:51:35,"Northern Arizona Lumberjacks vs Northern Colorado Bears, 2026-01-24, 08",Northern Arizona Lumberjacks,Northern Colorado Bears,draftkings,Total,,150.5,O,-105,https://sportsbook.draftkings.com/event/northern-colorado-%40-northern-arizona/33516445?outcomes=0OU83125227O15050_1
2026-01-24 18:51:35,"Northern Arizona Lumberjacks vs Northern Colorado Bears, 2026-01-24, 08",Northern Arizona Lumberjacks,Northern Colorado Bears,draftkings,Total,,147.5,U,+105,https://sportsbook.draftkings.com/event/northern-colorado-%40-northern-arizona/33516445?outcomes=0OU83125227U14750_3
2026-01-24 18:51:35,"Northern Arizona Lumberjacks vs Northern Colorado Bears, 2026-01-24, 08",Northern Arizona Lumberjacks,Northern Colorado Bears,draftkings,Total,,147.5,O,-135,https://sportsbook.draftkings.com/event/northern-colorado-%40-northern-arizona/33516445?outcomes=0OU83125227O14750_1
2026-01-24 18:51:35,"Northern Arizona Lumberjacks vs Northern Colorado Bears, 2026-01-24, 08",Northern Arizona Lumberjacks,Northern Colorado Bears,draftkings,Total,,146.5,U,+120,https://sportsbook.draftkings.com/event/northern-colorado-%40-northern-arizona/33516445?outcomes=0OU83125227U14650_3
2026-01-24 18:51:35,"Northern Arizona Lumberjacks vs Northern Colorado Bears, 2026-01-24, 08",Northern Arizona Lumberjacks,Northern Colorado Bears,draftkings,Total,,146.5,O,-154,https://sportsbook.draftkings.com/event/northern-colorado-%40-northern-arizona/33516445?outcomes=0OU83125227O14650_1
2026-01-24 18:51:35,"Northern Arizona Lumberjacks vs Northern Colorado Bears, 2026-01-24, 08",Northern Arizona Lumberjacks,Northern Colorado Bears,draftkings,Total,,145.5,U,+130,https://sportsbook.draftkings.com/event/northern-colorado-%40-northern-arizona/33516445?outcomes=0OU83125227U14550_3
2026-01-24 18:51:35,"Northern Arizona Lumberjacks vs Northern Colorado Bears, 2026-01-24, 08",Northern Arizona Lumberjacks,Northern Colorado Bears,draftkings,Total,,145.5,O,-166,https://sportsbook.draftkings.com/event/northern-colorado-%40-northern-arizona/33516445?outcomes=0OU83125227O14550_1
2026-01-24 18:51:35,"Northern Arizona Lumberjacks vs Northern Colorado Bears, 2026-01-24, 08",Northern Arizona Lumberjacks,Northern Colorado Bears,draftkings,Total,,144.5,U,+145,https://sportsbook.draftkings.com/event/northern-colorado-%40-northern-arizona/33516445?outcomes=0OU83125227U14450_3
2026-01-24 18:51:35,"Northern Arizona Lumberjacks vs Northern Colorado Bears, 2026-01-24, 08",Northern Arizona Lumberjacks,Northern Colorado Bears,draftkings,Total,,144.5,O,-188,https://sportsbook.draftkings.com/event/northern-colorado-%40-northern-arizona/33516445?outcomes=0OU83125227O14450_1
2026-01-24 18:51:35,"Northern Arizona Lumberjacks vs Northern Colorado Bears, 2026-01-24, 08",Northern Arizona Lumberjacks,Northern Colorado Bears,draftkings,Total,,143.5,O,-210,https://sportsbook.draftkings.com/event/northern-colorado-%40-northern-arizona/33516445?outcomes=0OU83125227O14350_1
2026-01-24 18:51:35,"Northern Arizona Lumberjacks vs Northern Colorado Bears, 2026-01-24, 08",Northern Arizona Lumberjacks,Northern Colorado Bears,draftkings,Total,,142.5,U,+175,https://sportsbook.draftkings.com/event/northern-colorado-%40-northern-arizona/33516445?outcomes=0OU83125227U14250_3
2026-01-24 18:51:35,"Northern Arizona Lumberjacks vs Northern Colorado Bears, 2026-01-24, 08",Northern Arizona Lumberjacks,Northern Colorado Bears,draftkings,Total,,142.5,O,-230,https://sportsbook.draftkings.com/event/northern-colorado-%40-northern-arizona/33516445?outcomes=0OU83125227O14250_1
2026-01-24 18:51:35,"Northern Arizona Lumberjacks vs Northern Colorado Bears, 2026-01-24, 08",Northern Arizona Lumberjacks,Northern Colorado Bears,draftkings,Total,,141.5,U,+195,https://sportsbook.draftkings.com/event/northern-colorado-%40-northern-arizona/33516445?outcomes=0OU83125227U14150_3
2026-01-24 18:51:35,"Northern Arizona Lumberjacks vs Northern Colorado Bears, 2026-01-24, 08",Northern Arizona Lumberjacks,Northern Colorado Bears,draftkings,Total,,141.5,O,-260,https://sportsbook.draftkings.com/event/northern-colorado-%40-northern-arizona/33516445?outcomes=0OU83125227O14150_1
2026-01-24 18:51:35,"Northern Arizona Lumberjacks vs Northern Colorado Bears, 2026-01-24, 08",Northern Arizona Lumberjacks,Northern Colorado Bears,draftkings,Total,,140.5,U,+220,https://sportsbook.draftkings.com/event/northern-colorado-%40-northern-arizona/33516445?outcomes=0OU83125227U14050_3
2026-01-24 18:51:35,"Northern Arizona Lumberjacks vs Northern Colorado Bears, 2026-01-24, 08",Northern Arizona Lumberjacks,Northern Colorado Bears,draftkings,Total,,140.5,O,-298,https://sportsbook.draftkings.com/event/northern-colorado-%40-northern-arizona/33516445?outcomes=0OU83125227O14050_1
2026-01-24 18:51:35,"Northern Arizona Lumberjacks vs Northern Colorado Bears, 2026-01-24, 08",Northern Arizona Lumberjacks,Northern Colorado Bears,draftkings,Total,,139.5,U,+240,https://sportsbook.draftkings.com/event/northern-colorado-%40-northern-arizona/33516445?outcomes=0OU83125227U13950_3
2026-01-24 18:51:35,"Northern Arizona Lumberjacks vs Northern Colorado Bears, 2026-01-24, 08",Northern Arizona Lumberjacks,Northern Colorado Bears,draftkings,Total,,143.5,U,+160,https://sportsbook.draftkings.com/event/northern-colorado-%40-northern-arizona/33516445?outcomes=0OU83125227U14350_3
2026-01-24 18:51:35,"Northern Arizona Lumberjacks vs Northern Colorado Bears, 2026-01-24, 08",Northern Arizona Lumberjacks,Northern Colorado Bears,draftkings,Total,,151.5,O,+110,https://sportsbook.draftkings.com/event/northern-colorado-%40-northern-arizona/33516445?outcomes=0OU83125227O15150_1
2026-01-24 18:51:35,"Notre Dame Fighting Irish vs Boston Eagles, 2026-01-24, 06",Notre Dame Fighting Irish,Boston Eagles,fanduel,Total,,134.5,U,-260,https://sportsbook.fanduel.ca/addToBetslip?marketId=801.154281387&selectionId=7017824
2026-01-24 18:51:35,"Pacific Tigers vs Seattle Red Hawks, 2026-01-24, 07",Pacific Tigers,Seattle Red Hawks,draftkings,Total,,149.5,U,-425,https://sportsbook.draftkings.com/event/seattle-%40-pacific/33516679?outcomes=0OU83125200U14950_3
2026-01-24 18:51:35,"Pacific Tigers vs Seattle Red Hawks, 2026-01-24, 07",Pacific Tigers,Seattle Red Hawks,draftkings,Total,,149.5,O,+300,https://sportsbook.draftkings.com/event/seattle-%40-pacific/33516679?outcomes=0OU83125200O14950_1
2026-01-24 18:51:35,"Pacific Tigers vs Seattle Red Hawks, 2026-01-24, 07",Pacific Tigers,Seattle Red Hawks,draftkings,Total,,148.5,U,-375,https://sportsbook.draftkings.com/event/seattle-%40-pacific/33516679?outcomes=0OU83125200U14850_3
2026-01-24 18:51:35,"Pacific Tigers vs Seattle Red Hawks, 2026-01-24, 07",Pacific Tigers,Seattle Red Hawks,draftkings,Total,,148.5,O,+270,https://sportsbook.draftkings.com/event/seattle-%40-pacific/33516679?outcomes=0OU83125200O14850_1
2026-01-24 18:51:35,"Pacific Tigers vs Seattle Red Hawks, 2026-01-24, 07",Pacific Tigers,Seattle Red Hawks,draftkings,Total,,147.5,U,-345,https://sportsbook.draftkings.com/event/seattle-%40-pacific/33516679?outcomes=0OU83125200U14750_3
2026-01-24 18:51:35,"Pacific Tigers vs Seattle Red Hawks, 2026-01-24, 07",Pacific Tigers,Seattle Red Hawks,draftkings,Total,,147.5,O,+250,https://sportsbook.draftkings.com/event/seattle-%40-pacific/33516679?outcomes=0OU83125200O14750_1
2026-01-24 18:51:35,"Pacific Tigers vs Seattle Red Hawks, 2026-01-24, 07",Pacific Tigers,Seattle Red Hawks,draftkings,Total,,146.5,U,-298,https://sportsbook.draftkings.com/event/seattle-%40-pacific/33516679?outcomes=0OU83125200U14650_3
2026-01-24 18:51:35,"Pacific Tigers vs Seattle Red Hawks, 2026-01-24, 07",Pacific Tigers,Seattle Red Hawks,draftkings,Total,,146.5,O,+220,https://sportsbook.draftkings.com/event/seattle-%40-pacific/33516679?outcomes=0OU83125200O14650_1
2026-01-24 18:51:35,"Pacific Tigers vs Seattle Red Hawks, 2026-01-24, 07",Pacific Tigers,Seattle Red Hawks,draftkings,Total,,145.5,U,-270,https://sportsbook.draftkings.com/event/seattle-%40-pacific/33516679?outcomes=0OU83125200U14550_3
2026-01-24 18:51:35,"Pacific Tigers vs Seattle Red Hawks, 2026-01-24, 07",Pacific Tigers,Seattle Red Hawks,draftkings,Total,,145.5,O,+200,https://sportsbook.draftkings.com/event/seattle-%40-pacific/33516679?outcomes=0OU83125200O14550_1
2026-01-24 18:51:35,"Pacific Tigers vs Seattle Red Hawks, 2026-01-24, 07",Pacific Tigers,Seattle Red Hawks,draftkings,Total,,144.5,U,-238,https://sportsbook.draftkings.com/event/seattle-%40-pacific/33516679?outcomes=0OU83125200U14450_3
2026-01-24 18:51:35,"Pacific Tigers vs Seattle Red Hawks, 2026-01-24, 07",Pacific Tigers,Seattle Red Hawks,draftkings,Total,,144.5,O,+180,https://sportsbook.draftkings.com/event/seattle-%40-pacific/33516679?outcomes=0OU83125200O14450_1
2026-01-24 18:51:35,"Pacific Tigers vs Seattle Red Hawks, 2026-01-24, 07",Pacific Tigers,Seattle Red Hawks,draftkings,Total,,143.5,U,-215,https://sportsbook.draftkings.com/event/seattle-%40-pacific/33516679?outcomes=0OU83125200U14350_3
2026-01-24 18:51:35,"Pacific Tigers vs Seattle Red Hawks, 2026-01-24, 07",Pacific Tigers,Seattle Red Hawks,draftkings,Total,,143.5,O,+165,https://sportsbook.draftkings.com/event/seattle-%40-pacific/33516679?outcomes=0OU83125200O14350_1
2026-01-24 18:51:35,"Pacific Tigers vs Seattle Red Hawks, 2026-01-24, 07",Pacific Tigers,Seattle Red Hawks,draftkings,Total,,142.5,U,-195,https://sportsbook.draftkings.com/event/seattle-%40-pacific/33516679?outcomes=0OU83125200U14250_3
2026-01-24 18:51:35,"Pacific Tigers vs Seattle Red Hawks, 2026-01-24, 07",Pacific Tigers,Seattle Red Hawks,draftkings,Total,,141.5,U,-175,https://sportsbook.draftkings.com/event/seattle-%40-pacific/33516679?outcomes=0OU83125200U14150_3
2026-01-24 18:51:35,"Pacific Tigers vs Seattle Red Hawks, 2026-01-24, 07",Pacific Tigers,Seattle Red Hawks,draftkings,Total,,129.5,O,-270,https://sportsbook.draftkings.com/event/seattle-%40-pacific/33516679?outcomes=0OU83125200O12950_1
2026-01-24 18:51:35,"Pacific Tigers vs Seattle Red Hawks, 2026-01-24, 07",Pacific Tigers,Seattle Red Hawks,draftkings,Total,,128.5,U,+220,https://sportsbook.draftkings.com/event/seattle-%40-pacific/33516679?outcomes=0OU83125200U12850_3
2026-01-24 18:51:35,"Pacific Tigers vs Seattle Red Hawks, 2026-01-24, 07",Pacific Tigers,Seattle Red Hawks,draftkings,Total,,128.5,O,-298,https://sportsbook.draftkings.com/event/seattle-%40-pacific/33516679?outcomes=0OU83125200O12850_1
2026-01-24 18:51:35,"Pacific Tigers vs Seattle Red Hawks, 2026-01-24, 07",Pacific Tigers,Seattle Red Hawks,draftkings,Total,,127.5,U,+250,https://sportsbook.draftkings.com/event/seattle-%40-pacific/33516679?outcomes=0OU83125200U12750_3
2026-01-24 18:51:35,"Pacific Tigers vs Seattle Red Hawks, 2026-01-24, 07",Pacific Tigers,Seattle Red Hawks,draftkings,Total,,127.5,O,-345,https://sportsbook.draftkings.com/event/seattle-%40-pacific/33516679?outcomes=0OU83125200O12750_1
2026-01-24 18:51:35,"Pacific Tigers vs Seattle Red Hawks, 2026-01-24, 07",Pacific Tigers,Seattle Red Hawks,draftkings,Total,,126.5,U,+270,https://sportsbook.draftkings.com/event/seattle-%40-pacific/33516679?outcomes=0OU83125200U12650_3
2026-01-24 18:51:35,"Pacific Tigers vs Seattle Red Hawks, 2026-01-24, 07",Pacific Tigers,Seattle Red Hawks,draftkings,Total,,126.5,O,-375,https://sportsbook.draftkings.com/event/seattle-%40-pacific/33516679?outcomes=0OU83125200O12650_1
2026-01-24 18:51:35,"Pacific Tigers vs Seattle Red Hawks, 2026-01-24, 07",Pacific Tigers,Seattle Red Hawks,draftkings,Total,,125.5,U,+300,https://sportsbook.draftkings.com/event/seattle-%40-pacific/33516679?outcomes=0OU83125200U12550_3
2026-01-24 18:51:35,"Pacific Tigers vs Seattle Red Hawks, 2026-01-24, 07",Pacific Tigers,Seattle Red Hawks,draftkings,Total,,125.5,O,-425,https://sportsbook.draftkings.com/event/seattle-%40-pacific/33516679?outcomes=0OU83125200O12550_1
2026-01-24 18:51:35,"Pacific Tigers vs Seattle Red Hawks, 2026-01-24, 07",Pacific Tigers,Seattle Red Hawks,draftkings,Total,,137.5,U,-110,https://sportsbook.draftkings.com/event/seattle-%40-pacific/33516679?outcomes=0OU83117591U13750_3
2026-01-24 18:51:35,"Pacific Tigers vs Seattle Red Hawks, 2026-01-24, 07",Pacific Tigers,Seattle Red Hawks,draftkings,Total,,137.5,O,-110,https://sportsbook.draftkings.com/event/seattle-%40-pacific/33516679?outcomes=0OU83117591O13750_1
2026-01-24 18:51:35,"Pacific Tigers vs Seattle Red Hawks, 2026-01-24, 07",Pacific Tigers,Seattle Red Hawks,draftkings,Total,,129.5,U,+200,https://sportsbook.draftkings.com/event/seattle-%40-pacific/33516679?outcomes=0OU83125200U12950_3
2026-01-24 18:51:35,"Pacific Tigers vs Seattle Red Hawks, 2026-01-24, 07",Pacific Tigers,Seattle Red Hawks,draftkings,Total,,130.5,O,-245,https://sportsbook.draftkings.com/event/seattle-%40-pacific/33516679?outcomes=0OU83125200O13050_1
2026-01-24 18:51:35,"Pacific Tigers vs Seattle Red Hawks, 2026-01-24, 07",Pacific Tigers,Seattle Red Hawks,draftkings,Total,,130.5,U,+185,https://sportsbook.draftkings.com/event/seattle-%40-pacific/33516679?outcomes=0OU83125200U13050_3
2026-01-24 18:51:35,"Pacific Tigers vs Seattle Red Hawks, 2026-01-24, 07",Pacific Tigers,Seattle Red Hawks,draftkings,Total,,131.5,O,-215,https://sportsbook.draftkings.com/event/seattle-%40-pacific/33516679?outcomes=0OU83125200O13150_1
2026-01-24 18:51:35,"Pacific Tigers vs Seattle Red Hawks, 2026-01-24, 07",Pacific Tigers,Seattle Red Hawks,draftkings,Total,,141.5,O,+135,https://sportsbook.draftkings.com/event/seattle-%40-pacific/33516679?outcomes=0OU83125200O14150_1
2026-01-24 18:51:35,"Pacific Tigers vs Seattle Red Hawks, 2026-01-24, 07",Pacific Tigers,Seattle Red Hawks,draftkings,Total,,140.5,U,-154,https://sportsbook.draftkings.com/event/seattle-%40-pacific/33516679?outcomes=0OU83125200U14050_3
2026-01-24 18:51:35,"Pacific Tigers vs Seattle Red Hawks, 2026-01-24, 07",Pacific Tigers,Seattle Red Hawks,draftkings,Total,,140.5,O,+120,https://sportsbook.draftkings.com/event/seattle-%40-pacific/33516679?outcomes=0OU83125200O14050_1
2026-01-24 18:51:35,"Pacific Tigers vs Seattle Red Hawks, 2026-01-24, 07",Pacific Tigers,Seattle Red Hawks,draftkings,Total,,139.5,U,-140,https://sportsbook.draftkings.com/event/seattle-%40-pacific/33516679?outcomes=0OU83125200U13950_3
2026-01-24 18:51:35,"Pacific Tigers vs Seattle Red Hawks, 2026-01-24, 07",Pacific Tigers,Seattle Red Hawks,draftkings,Total,,139.5,O,+110,https://sportsbook.draftkings.com/event/seattle-%40-pacific/33516679?outcomes=0OU83125200O13950_1
2026-01-24 18:51:35,"Pacific Tigers vs Seattle Red Hawks, 2026-01-24, 07",Pacific Tigers,Seattle Red Hawks,draftkings,Total,,138.5,U,-125,https://sportsbook.draftkings.com/event/seattle-%40-pacific/33516679?outcomes=0OU83125200U13850_3
2026-01-24 18:51:35,"Pacific Tigers vs Seattle Red Hawks, 2026-01-24, 07",Pacific Tigers,Seattle Red Hawks,draftkings,Total,,138.5,O,-105,https://sportsbook.draftkings.com/event/seattle-%40-pacific/33516679?outcomes=0OU83125200O13850_1
2026-01-24 18:51:35,"Pacific Tigers vs Seattle Red Hawks, 2026-01-24, 07",Pacific Tigers,Seattle Red Hawks,draftkings,Total,,136.5,U,-105,https://sportsbook.draftkings.com/event/seattle-%40-pacific/33516679?outcomes=0OU83125200U13650_3
2026-01-24 18:51:35,"Pacific Tigers vs Seattle Red Hawks, 2026-01-24, 07",Pacific Tigers,Seattle Red Hawks,draftkings,Total,,142.5,O,+150,https://sportsbook.draftkings.com/event/seattle-%40-pacific/33516679?outcomes=0OU83125200O14250_1
2026-01-24 18:51:35,"Pacific Tigers vs Seattle Red Hawks, 2026-01-24, 07",Pacific Tigers,Seattle Red Hawks,draftkings,Total,,136.5,O,-125,https://sportsbook.draftkings.com/event/seattle-%40-pacific/33516679?outcomes=0OU83125200O13650_1
2026-01-24 18:51:35,"Pacific Tigers vs Seattle Red Hawks, 2026-01-24, 07",Pacific Tigers,Seattle Red Hawks,draftkings,Total,,135.5,O,-140,https://sportsbook.draftkings.com/event/seattle-%40-pacific/33516679?outcomes=0OU83125200O13550_1
2026-01-24 18:51:35,"Pacific Tigers vs Seattle Red Hawks, 2026-01-24, 07",Pacific Tigers,Seattle Red Hawks,draftkings,Total,,134.5,U,+120,https://sportsbook.draftkings.com/event/seattle-%40-pacific/33516679?outcomes=0OU83125200U13450_3
2026-01-24 18:51:35,"Pacific Tigers vs Seattle Red Hawks, 2026-01-24, 07",Pacific Tigers,Seattle Red Hawks,draftkings,Total,,134.5,O,-154,https://sportsbook.draftkings.com/event/seattle-%40-pacific/33516679?outcomes=0OU83125200O13450_1
2026-01-24 18:51:35,"Pacific Tigers vs Seattle Red Hawks, 2026-01-24, 07",Pacific Tigers,Seattle Red Hawks,draftkings,Total,,133.5,U,+135,https://sportsbook.draftkings.com/event/seattle-%40-pacific/33516679?outcomes=0OU83125200U13350_3
2026-01-24 18:51:35,"Pacific Tigers vs Seattle Red Hawks, 2026-01-24, 07",Pacific Tigers,Seattle Red Hawks,draftkings,Total,,133.5,O,-175,https://sportsbook.draftkings.com/event/seattle-%40-pacific/33516679?outcomes=0OU83125200O13350_1
2026-01-24 18:51:35,"Pacific Tigers vs Seattle Red Hawks, 2026-01-24, 07",Pacific Tigers,Seattle Red Hawks,draftkings,Total,,132.5,U,+150,https://sportsbook.draftkings.com/event/seattle-%40-pacific/33516679?outcomes=0OU83125200U13250_3
2026-01-24 18:51:35,"Pacific Tigers vs Seattle Red Hawks, 2026-01-24, 07",Pacific Tigers,Seattle Red Hawks,draftkings,Total,,132.5,O,-195,https://sportsbook.draftkings.com/event/seattle-%40-pacific/33516679?outcomes=0OU83125200O13250_1
2026-01-24 18:51:35,"Pacific Tigers vs Seattle Red Hawks, 2026-01-24, 07",Pacific Tigers,Seattle Red Hawks,draftkings,Total,,131.5,U,+165,https://sportsbook.draftkings.com/event/seattle-%40-pacific/33516679?outcomes=0OU83125200U13150_3
2026-01-24 18:51:35,"Pacific Tigers vs Seattle Red Hawks, 2026-01-24, 07",Pacific Tigers,Seattle Red Hawks,draftkings,Total,,135.5,U,+110,https://sportsbook.draftkings.com/event/seattle-%40-pacific/33516679?outcomes=0OU83125200U13550_3
2026-01-24 18:51:35,"Pacific Tigers vs Seattle Red Hawks, 2026-01-24, 07",Pacific Tigers,Seattle Red Hawks,fanduel,Total,,134.5,O,-160,https://sportsbook.fanduel.ca/addToBetslip?marketId=801.154282097&selectionId=7017823
2026-01-24 18:51:35,"Pacific Tigers vs Seattle Red Hawks, 2026-01-24, 07",Pacific Tigers,Seattle Red Hawks,fanduel,Total,,137.5,U,-110,https://sportsbook.fanduel.ca/addToBetslip?marketId=801.154229567&selectionId=7017824
2026-01-24 18:51:35,"Pacific Tigers vs Seattle Red Hawks, 2026-01-24, 07",Pacific Tigers,Seattle Red Hawks,fanduel,Total,,137.5,O,-110,https://sportsbook.fanduel.ca/addToBetslip?marketId=801.154229567&selectionId=7017823
2026-01-24 18:51:35,"Pacific Tigers vs Seattle Red Hawks, 2026-01-24, 07",Pacific Tigers,Seattle Red Hawks,fanduel,Total,,143.5,U,-220,https://sportsbook.fanduel.ca/addToBetslip?marketId=801.154282019&selectionId=7017824
2026-01-24 18:51:35,"Pacific Tigers vs Seattle Red Hawks, 2026-01-24, 07",Pacific Tigers,Seattle Red Hawks,fanduel,Total,,143.5,O,+165,https://sportsbook.fanduel.ca/addToBetslip?marketId=801.154282019&selectionId=7017823
2026-01-24 18:51:35,"Pacific Tigers vs Seattle Red Hawks, 2026-01-24, 07",Pacific Tigers,Seattle Red Hawks,fanduel,Total,,131.5,U,+168,https://sportsbook.fanduel.ca/addToBetslip?marketId=801.154282034&selectionId=7017824
2026-01-24 18:51:35,"Pacific Tigers vs Seattle Red Hawks, 2026-01-24, 07",Pacific Tigers,Seattle Red Hawks,fanduel,Total,,131.5,O,-225,https://sportsbook.fanduel.ca/addToBetslip?marketId=801.154282034&selectionId=7017823
2026-01-24 18:51:35,"Pacific Tigers vs Seattle Red Hawks, 2026-01-24, 07",Pacific Tigers,Seattle Red Hawks,fanduel,Total,,134.5,U,+122,https://sportsbook.fanduel.ca/addToBetslip?marketId=801.154282097&selectionId=7017824
2026-01-24 18:51:35,"Pacific Tigers vs Seattle Red Hawks, 2026-01-24, 07",Pacific Tigers,Seattle Red Hawks,fanduel,Total,,140.5,O,+120,https://sportsbook.fanduel.ca/addToBetslip?marketId=801.154282088&selectionId=7017823
2026-01-24 18:51:35,"Pacific Tigers vs Seattle Red Hawks, 2026-01-24, 07",Pacific Tigers,Seattle Red Hawks,fanduel,Total,,140.5,U,-156,https://sportsbook.fanduel.ca/addToBetslip?marketId=801.154282088&selectionId=7017824
2026-01-24 18:51:35,"Pacific Tigers vs Seattle Red Hawks, 2026-01-24, 07",Pacific Tigers,Seattle Red Hawks,fanduel,Total,,128.5,O,-335,https://sportsbook.fanduel.ca/addToBetslip?marketId=801.154282069&selectionId=7017823
2026-01-24 18:51:35,"Pacific Tigers vs Seattle Red Hawks, 2026-01-24, 07",Pacific Tigers,Seattle Red Hawks,fanduel,Total,,146.5,U,-305,https://sportsbook.fanduel.ca/addToBetslip?marketId=801.154282042&selectionId=7017824
2026-01-24 18:51:35,"Pacific Tigers vs Seattle Red Hawks, 2026-01-24, 07",Pacific Tigers,Seattle Red Hawks,fanduel,Total,,146.5,O,+220,https://sportsbook.fanduel.ca/addToBetslip?marketId=801.154282042&selectionId=7017823
2026-01-24 18:51:35,"Pacific Tigers vs Seattle Red Hawks, 2026-01-24, 07",Pacific Tigers,Seattle Red Hawks,fanduel,Total,,128.5,U,+240,https://sportsbook.fanduel.ca/addToBetslip?marketId=801.154282069&selectionId=7017824
2026-01-24 18:51:35,"Portland Pilots vs Saint Mary's California Gaels, 2026-01-24, 08",Portland Pilots,Saint Mary's California Gaels,draftkings,Total,,157.5,U,-475,https://sportsbook.draftkings.com/event/saint-marys-%40-portland/33516455?outcomes=0OU83125315U15750_3
2026-01-24 18:51:35,"Portland Pilots vs Saint Mary's California Gaels, 2026-01-24, 08",Portland Pilots,Saint Mary's California Gaels,draftkings,Total,,157.5,O,+325,https://sportsbook.draftkings.com/event/saint-marys-%40-portland/33516455?outcomes=0OU83125315O15750_1
2026-01-24 18:51:35,"Portland Pilots vs Saint Mary's California Gaels, 2026-01-24, 08",Portland Pilots,Saint Mary's California Gaels,draftkings,Total,,156.5,U,-425,https://sportsbook.draftkings.com/event/saint-marys-%40-portland/33516455?outcomes=0OU83125315U15650_3
2026-01-24 18:51:35,"Portland Pilots vs Saint Mary's California Gaels, 2026-01-24, 08",Portland Pilots,Saint Mary's California Gaels,draftkings,Total,,156.5,O,+300,https://sportsbook.draftkings.com/event/saint-marys-%40-portland/33516455?outcomes=0OU83125315O15650_1
2026-01-24 18:51:35,"Portland Pilots vs Saint Mary's California Gaels, 2026-01-24, 08",Portland Pilots,Saint Mary's California Gaels,draftkings,Total,,155.5,U,-375,https://sportsbook.draftkings.com/event/saint-marys-%40-portland/33516455?outcomes=0OU83125315U15550_3
2026-01-24 18:51:35,"Portland Pilots vs Saint Mary's California Gaels, 2026-01-24, 08",Portland Pilots,Saint Mary's California Gaels,draftkings,Total,,155.5,O,+270,https://sportsbook.draftkings.com/event/saint-marys-%40-portland/33516455?outcomes=0OU83125315O15550_1
2026-01-24 18:51:35,"Portland Pilots vs Saint Mary's California Gaels, 2026-01-24, 08",Portland Pilots,Saint Mary's California Gaels,draftkings,Total,,154.5,U,-330,https://sportsbook.draftkings.com/event/saint-marys-%40-portland/33516455?outcomes=0OU83125315U15450_3
2026-01-24 18:51:35,"Portland Pilots vs Saint Mary's California Gaels, 2026-01-24, 08",Portland Pilots,Saint Mary's California Gaels,draftkings,Total,,154.5,O,+240,https://sportsbook.draftkings.com/event/saint-marys-%40-portland/33516455?outcomes=0OU83125315O15450_1
2026-01-24 18:51:35,"Portland Pilots vs Saint Mary's California Gaels, 2026-01-24, 08",Portland Pilots,Saint Mary's California Gaels,draftkings,Total,,153.5,U,-298,https://sportsbook.draftkings.com/event/saint-marys-%40-portland/33516455?outcomes=0OU83125315U15350_3
2026-01-24 18:51:35,"Portland Pilots vs Saint Mary's California Gaels, 2026-01-24, 08",Portland Pilots,Saint Mary's California Gaels,draftkings,Total,,153.5,O,+220,https://sportsbook.draftkings.com/event/saint-marys-%40-portland/33516455?outcomes=0OU83125315O15350_1
2026-01-24 18:51:35,"Portland Pilots vs Saint Mary's California Gaels, 2026-01-24, 08",Portland Pilots,Saint Mary's California Gaels,draftkings,Total,,152.5,U,-260,https://sportsbook.draftkings.com/event/saint-marys-%40-portland/33516455?outcomes=0OU83125315U15250_3
2026-01-24 18:51:35,"Portland Pilots vs Saint Mary's California Gaels, 2026-01-24, 08",Portland Pilots,Saint Mary's California Gaels,draftkings,Total,,152.5,O,+195,https://sportsbook.draftkings.com/event/saint-marys-%40-portland/33516455?outcomes=0OU83125315O15250_1
2026-01-24 18:51:35,"Portland Pilots vs Saint Mary's California Gaels, 2026-01-24, 08",Portland Pilots,Saint Mary's California Gaels,draftkings,Total,,151.5,U,-238,https://sportsbook.draftkings.com/event/saint-marys-%40-portland/33516455?outcomes=0OU83125315U15150_3
2026-01-24 18:51:35,"Portland Pilots vs Saint Mary's California Gaels, 2026-01-24, 08",Portland Pilots,Saint Mary's California Gaels,draftkings,Total,,151.5,O,+180,https://sportsbook.draftkings.com/event/saint-marys-%40-portland/33516455?outcomes=0OU83125315O15150_1
2026-01-24 18:51:35,"Portland Pilots vs Saint Mary's California Gaels, 2026-01-24, 08",Portland Pilots,Saint Mary's California Gaels,draftkings,Total,,150.5,U,-210,https://sportsbook.draftkings.com/event/saint-marys-%40-portland/33516455?outcomes=0OU83125315U15050_3
2026-01-24 18:51:35,"Portland Pilots vs Saint Mary's California Gaels, 2026-01-24, 08",Portland Pilots,Saint Mary's California Gaels,draftkings,Total,,150.5,O,+160,https://sportsbook.draftkings.com/event/saint-marys-%40-portland/33516455?outcomes=0OU83125315O15050_1
2026-01-24 18:51:35,"Portland Pilots vs Saint Mary's California Gaels, 2026-01-24, 08",Portland Pilots,Saint Mary's California Gaels,draftkings,Total,,149.5,U,-188,https://sportsbook.draftkings.com/event/saint-marys-%40-portland/33516455?outcomes=0OU83125315U14950_3
2026-01-24 18:51:35,"Portland Pilots vs Saint Mary's California Gaels, 2026-01-24, 08",Portland Pilots,Saint Mary's California Gaels,draftkings,Total,,149.5,O,+145,https://sportsbook.draftkings.com/event/saint-marys-%40-portland/33516455?outcomes=0OU83125315O14950_1
2026-01-24 18:51:35,"Portland Pilots vs Saint Mary's California Gaels, 2026-01-24, 08",Portland Pilots,Saint Mary's California Gaels,draftkings,Total,,148.5,U,-166,https://sportsbook.draftkings.com/event/saint-marys-%40-portland/33516455?outcomes=0OU83125315U14850_3
2026-01-24 18:51:35,"Portland Pilots vs Saint Mary's California Gaels, 2026-01-24, 08",Portland Pilots,Saint Mary's California Gaels,draftkings,Total,,148.5,O,+130,https://sportsbook.draftkings.com/event/saint-marys-%40-portland/33516455?outcomes=0OU83125315O14850_1
2026-01-24 18:51:35,"Portland Pilots vs Saint Mary's California Gaels, 2026-01-24, 08",Portland Pilots,Saint Mary's California Gaels,draftkings,Total,,135.5,U,+240,https://sportsbook.draftkings.com/event/saint-marys-%40-portland/33516455?outcomes=0OU83125315U13550_3
2026-01-24 18:51:35,"Portland Pilots vs Saint Mary's California Gaels, 2026-01-24, 08",Portland Pilots,Saint Mary's California Gaels,draftkings,Total,,135.5,O,-330,https://sportsbook.draftkings.com/event/saint-marys-%40-portland/33516455?outcomes=0OU83125315O13550_1
2026-01-24 18:51:35,"Portland Pilots vs Saint Mary's California Gaels, 2026-01-24, 08",Portland Pilots,Saint Mary's California Gaels,draftkings,Total,,134.5,U,+270,https://sportsbook.draftkings.com/event/saint-marys-%40-portland/33516455?outcomes=0OU83125315U13450_3
2026-01-24 18:51:35,"Portland Pilots vs Saint Mary's California Gaels, 2026-01-24, 08",Portland Pilots,Saint Mary's California Gaels,draftkings,Total,,134.5,O,-375,https://sportsbook.draftkings.com/event/saint-marys-%40-portland/33516455?outcomes=0OU83125315O13450_1
2026-01-24 18:51:35,"Portland Pilots vs Saint Mary's California Gaels, 2026-01-24, 08",Portland Pilots,Saint Mary's California Gaels,draftkings,Total,,133.5,U,+300,https://sportsbook.draftkings.com/event/saint-marys-%40-portland/33516455?outcomes=0OU83125315U13350_3
2026-01-24 18:51:35,"Portland Pilots vs Saint Mary's California Gaels, 2026-01-24, 08",Portland Pilots,Saint Mary's California Gaels,draftkings,Total,,133.5,O,-425,https://sportsbook.draftkings.com/event/saint-marys-%40-portland/33516455?outcomes=0OU83125315O13350_1
2026-01-24 18:51:35,"Portland Pilots vs Saint Mary's California Gaels, 2026-01-24, 08",Portland Pilots,Saint Mary's California Gaels,draftkings,Total,,144.5,U,-105,https://sportsbook.draftkings.com/event/saint-marys-%40-portland/33516455?outcomes=0OU83117155U14450_3
2026-01-24 18:51:35,"Portland Pilots vs Saint Mary's California Gaels, 2026-01-24, 08",Portland Pilots,Saint Mary's California Gaels,draftkings,Total,,144.5,O,-115,https://sportsbook.draftkings.com/event/saint-marys-%40-portland/33516455?outcomes=0OU83117155O14450_1
2026-01-24 18:51:35,"Portland Pilots vs Saint Mary's California Gaels, 2026-01-24, 08",Portland Pilots,Saint Mary's California Gaels,draftkings,Total,,136.5,O,-298,https://sportsbook.draftkings.com/event/saint-marys-%40-portland/33516455?outcomes=0OU83125315O13650_1
2026-01-24 18:51:35,"Portland Pilots vs Saint Mary's California Gaels, 2026-01-24, 08",Portland Pilots,Saint Mary's California Gaels,draftkings,Total,,136.5,U,+220,https://sportsbook.draftkings.com/event/saint-marys-%40-portland/33516455?outcomes=0OU83125315U13650_3
2026-01-24 18:51:35,"Portland Pilots vs Saint Mary's California Gaels, 2026-01-24, 08",Portland Pilots,Saint Mary's California Gaels,draftkings,Total,,137.5,U,+195,https://sportsbook.draftkings.com/event/saint-marys-%40-portland/33516455?outcomes=0OU83125315U13750_3
2026-01-24 18:51:35,"Portland Pilots vs Saint Mary's California Gaels, 2026-01-24, 08",Portland Pilots,Saint Mary's California Gaels,draftkings,Total,,147.5,U,-154,https://sportsbook.draftkings.com/event/saint-marys-%40-portland/33516455?outcomes=0OU83125315U14750_3
2026-01-24 18:51:35,"Portland Pilots vs Saint Mary's California Gaels, 2026-01-24, 08",Portland Pilots,Saint Mary's California Gaels,draftkings,Total,,147.5,O,+120,https://sportsbook.draftkings.com/event/saint-marys-%40-portland/33516455?outcomes=0OU83125315O14750_1
2026-01-24 18:51:35,"Portland Pilots vs Saint Mary's California Gaels, 2026-01-24, 08",Portland Pilots,Saint Mary's California Gaels,draftkings,Total,,146.5,U,-135,https://sportsbook.draftkings.com/event/saint-marys-%40-portland/33516455?outcomes=0OU83125315U14650_3
2026-01-24 18:51:35,"Portland Pilots vs Saint Mary's California Gaels, 2026-01-24, 08",Portland Pilots,Saint Mary's California Gaels,draftkings,Total,,146.5,O,+105,https://sportsbook.draftkings.com/event/saint-marys-%40-portland/33516455?outcomes=0OU83125315O14650_1
2026-01-24 18:51:35,"Portland Pilots vs Saint Mary's California Gaels, 2026-01-24, 08",Portland Pilots,Saint Mary's California Gaels,draftkings,Total,,145.5,U,-125,https://sportsbook.draftkings.com/event/saint-marys-%40-portland/33516455?outcomes=0OU83125315U14550_3
2026-01-24 18:51:35,"Portland Pilots vs Saint Mary's California Gaels, 2026-01-24, 08",Portland Pilots,Saint Mary's California Gaels,draftkings,Total,,145.5,O,-105,https://sportsbook.draftkings.com/event/saint-marys-%40-portland/33516455?outcomes=0OU83125315O14550_1
2026-01-24 18:51:35,"Portland Pilots vs Saint Mary's California Gaels, 2026-01-24, 08",Portland Pilots,Saint Mary's California Gaels,draftkings,Total,,143.5,U,+100,https://sportsbook.draftkings.com/event/saint-marys-%40-portland/33516455?outcomes=0OU83125315U14350_3
2026-01-24 18:51:35,"Portland Pilots vs Saint Mary's California Gaels, 2026-01-24, 08",Portland Pilots,Saint Mary's California Gaels,draftkings,Total,,143.5,O,-130,https://sportsbook.draftkings.com/event/saint-marys-%40-portland/33516455?outcomes=0OU83125315O14350_1
2026-01-24 18:51:35,"Portland Pilots vs Saint Mary's California Gaels, 2026-01-24, 08",Portland Pilots,Saint Mary's California Gaels,draftkings,Total,,137.5,O,-260,https://sportsbook.draftkings.com/event/saint-marys-%40-portland/33516455?outcomes=0OU83125315O13750_1
2026-01-24 18:51:35,"Portland Pilots vs Saint Mary's California Gaels, 2026-01-24, 08",Portland Pilots,Saint Mary's California Gaels,draftkings,Total,,142.5,U,+114,https://sportsbook.draftkings.com/event/saint-marys-%40-portland/33516455?outcomes=0OU83125315U14250_3
2026-01-24 18:51:35,"Portland Pilots vs Saint Mary's California Gaels, 2026-01-24, 08",Portland Pilots,Saint Mary's California Gaels,draftkings,Total,,141.5,U,+124,https://sportsbook.draftkings.com/event/saint-marys-%40-portland/33516455?outcomes=0OU83125315U14150_3
2026-01-24 18:51:35,"Portland Pilots vs Saint Mary's California Gaels, 2026-01-24, 08",Portland Pilots,Saint Mary's California Gaels,draftkings,Total,,141.5,O,-160,https://sportsbook.draftkings.com/event/saint-marys-%40-portland/33516455?outcomes=0OU83125315O14150_1
2026-01-24 18:51:35,"Portland Pilots vs Saint Mary's California Gaels, 2026-01-24, 08",Portland Pilots,Saint Mary's California Gaels,draftkings,Total,,140.5,U,+140,https://sportsbook.draftkings.com/event/saint-marys-%40-portland/33516455?outcomes=0OU83125315U14050_3
2026-01-24 18:51:35,"Portland Pilots vs Saint Mary's California Gaels, 2026-01-24, 08",Portland Pilots,Saint Mary's California Gaels,draftkings,Total,,140.5,O,-180,https://sportsbook.draftkings.com/event/saint-marys-%40-portland/33516455?outcomes=0OU83125315O14050_1
2026-01-24 18:51:35,"Portland Pilots vs Saint Mary's California Gaels, 2026-01-24, 08",Portland Pilots,Saint Mary's California Gaels,draftkings,Total,,139.5,U,+154,https://sportsbook.draftkings.com/event/saint-marys-%40-portland/33516455?outcomes=0OU83125315U13950_3
2026-01-24 18:51:35,"Portland Pilots vs Saint Mary's California Gaels, 2026-01-24, 08",Portland Pilots,Saint Mary's California Gaels,draftkings,Total,,139.5,O,-200,https://sportsbook.draftkings.com/event/saint-marys-%40-portland/33516455?outcomes=0OU83125315O13950_1
2026-01-24 18:51:35,"Portland Pilots vs Saint Mary's California Gaels, 2026-01-24, 08",Portland Pilots,Saint Mary's California Gaels,draftkings,Total,,138.5,U,+175,https://sportsbook.draftkings.com/event/saint-marys-%40-portland/33516455?outcomes=0OU83125315U13850_3
2026-01-24 18:51:35,"Portland Pilots vs Saint Mary's California Gaels, 2026-01-24, 08",Portland Pilots,Saint Mary's California Gaels,draftkings,Total,,138.5,O,-230,https://sportsbook.draftkings.com/event/saint-marys-%40-portland/33516455?outcomes=0OU83125315O13850_1
2026-01-24 18:51:35,"Portland Pilots vs Saint Mary's California Gaels, 2026-01-24, 08",Portland Pilots,Saint Mary's California Gaels,draftkings,Total,,142.5,O,-145,https://sportsbook.draftkings.com/event/saint-marys-%40-portland/33516455?outcomes=0OU83125315O14250_1
2026-01-24 18:51:35,"Portland Pilots vs Saint Mary's California Gaels, 2026-01-24, 08",Portland Pilots,Saint Mary's California Gaels,fanduel,Total,,154.5,U,-310,https://sportsbook.fanduel.ca/addToBetslip?marketId=801.154282643&selectionId=7017824
2026-01-24 18:51:35,"Portland Pilots vs Saint Mary's California Gaels, 2026-01-24, 08",Portland Pilots,Saint Mary's California Gaels,fanduel,Total,,154.5,O,+225,https://sportsbook.fanduel.ca/addToBetslip?marketId=801.154282643&selectionId=7017823
2026-01-24 18:51:35,"Portland Pilots vs Saint Mary's California Gaels, 2026-01-24, 08",Portland Pilots,Saint Mary's California Gaels,fanduel,Total,,139.5,U,+175,https://sportsbook.fanduel.ca/addToBetslip?marketId=801.154282617&selectionId=7017824
2026-01-24 18:51:35,"Portland Pilots vs Saint Mary's California Gaels, 2026-01-24, 08",Portland Pilots,Saint Mary's California Gaels,fanduel,Total,,139.5,O,-235,https://sportsbook.fanduel.ca/addToBetslip?marketId=801.154282617&selectionId=7017823
2026-01-24 18:51:35,"Portland Pilots vs Saint Mary's California Gaels, 2026-01-24, 08",Portland Pilots,Saint Mary's California Gaels,fanduel,Total,,148.5,U,-156,https://sportsbook.fanduel.ca/addToBetslip?marketId=801.154282641&selectionId=7017824
2026-01-24 18:51:35,"Portland Pilots vs Saint Mary's California Gaels, 2026-01-24, 08",Portland Pilots,Saint Mary's California Gaels,fanduel,Total,,148.5,O,+120,https://sportsbook.fanduel.ca/addToBetslip?marketId=801.154282641&selectionId=7017823
2026-01-24 18:51:35,"Portland Pilots vs Saint Mary's California Gaels, 2026-01-24, 08",Portland Pilots,Saint Mary's California Gaels,fanduel,Total,,145.5,U,-110,https://sportsbook.fanduel.ca/addToBetslip?marketId=801.154229594&selectionId=7017824
2026-01-24 18:51:35,"Portland Pilots vs Saint Mary's California Gaels, 2026-01-24, 08",Portland Pilots,Saint Mary's California Gaels,fanduel,Total,,145.5,O,-110,https://sportsbook.fanduel.ca/addToBetslip?marketId=801.154229594&selectionId=7017823
2026-01-24 18:51:35,"Portland Pilots vs Saint Mary's California Gaels, 2026-01-24, 08",Portland Pilots,Saint Mary's California Gaels,fanduel,Total,,136.5,O,-345,https://sportsbook.fanduel.ca/addToBetslip?marketId=801.154282695&selectionId=7017823
2026-01-24 18:51:35,"Portland Pilots vs Saint Mary's California Gaels, 2026-01-24, 08",Portland Pilots,Saint Mary's California Gaels,fanduel,Total,,151.5,U,-220,https://sportsbook.fanduel.ca/addToBetslip?marketId=801.154282679&selectionId=7017824
2026-01-24 18:51:35,"Portland Pilots vs Saint Mary's California Gaels, 2026-01-24, 08",Portland Pilots,Saint Mary's California Gaels,fanduel,Total,,151.5,O,+165,https://sportsbook.fanduel.ca/addToBetslip?marketId=801.154282679&selectionId=7017823
2026-01-24 18:51:35,"Portland Pilots vs Saint Mary's California Gaels, 2026-01-24, 08",Portland Pilots,Saint Mary's California Gaels,fanduel,Total,,142.5,U,+126,https://sportsbook.fanduel.ca/addToBetslip?marketId=801.154282626&selectionId=7017824
2026-01-24 18:51:35,"Portland Pilots vs Saint Mary's California Gaels, 2026-01-24, 08",Portland Pilots,Saint Mary's California Gaels,fanduel,Total,,142.5,O,-165,https://sportsbook.fanduel.ca/addToBetslip?marketId=801.154282626&selectionId=7017823
2026-01-24 18:51:35,"Portland Pilots vs Saint Mary's California Gaels, 2026-01-24, 08",Portland Pilots,Saint Mary's California Gaels,fanduel,Total,,136.5,U,+245,https://sportsbook.fanduel.ca/addToBetslip?marketId=801.154282695&selectionId=7017824
2026-01-24 18:51:35,"Prairie View A&M Panthers vs Alabama State Hornets, 2026-01-24, 05",Prairie View A&M Panthers,Alabama State Hornets,fanduel,Total,,184.5,U,-370,https://sportsbook.fanduel.ca/addToBetslip?marketId=801.154281154&selectionId=7017824
2026-01-24 18:51:35,"Prairie View A&M Panthers vs Alabama State Hornets, 2026-01-24, 05",Prairie View A&M Panthers,Alabama State Hornets,fanduel,Total,,184.5,O,+240,https://sportsbook.fanduel.ca/addToBetslip?marketId=801.154281154&selectionId=7017823
2026-01-24 18:51:35,"Prairie View A&M Panthers vs Alabama State Hornets, 2026-01-24, 05",Prairie View A&M Panthers,Alabama State Hornets,fanduel,Total,,169.5,U,+500,https://sportsbook.fanduel.ca/addToBetslip?marketId=801.154281129&selectionId=7017824
2026-01-24 18:51:35,"Prairie View A&M Panthers vs Alabama State Hornets, 2026-01-24, 05",Prairie View A&M Panthers,Alabama State Hornets,fanduel,Total,,169.5,O,-1100,https://sportsbook.fanduel.ca/addToBetslip?marketId=801.154281129&selectionId=7017823
2026-01-24 18:51:35,"Prairie View A&M Panthers vs Alabama State Hornets, 2026-01-24, 05",Prairie View A&M Panthers,Alabama State Hornets,fanduel,Total,,187.5,U,-750,https://sportsbook.fanduel.ca/addToBetslip?marketId=801.154281166&selectionId=7017824
2026-01-24 18:51:35,"Prairie View A&M Panthers vs Alabama State Hornets, 2026-01-24, 05",Prairie View A&M Panthers,Alabama State Hornets,fanduel,Total,,187.5,O,+410,https://sportsbook.fanduel.ca/addToBetslip?marketId=801.154281166&selectionId=7017823
2026-01-24 18:51:35,"Prairie View A&M Panthers vs Alabama State Hornets, 2026-01-24, 05",Prairie View A&M Panthers,Alabama State Hornets,fanduel,Total,,181.5,U,-190,https://sportsbook.fanduel.ca/addToBetslip?marketId=801.154281145&selectionId=7017824
2026-01-24 18:51:35,"Prairie View A&M Panthers vs Alabama State Hornets, 2026-01-24, 05",Prairie View A&M Panthers,Alabama State Hornets,fanduel,Total,,181.5,O,+135,https://sportsbook.fanduel.ca/addToBetslip?marketId=801.154281145&selectionId=7017823
2026-01-24 18:51:35,"Prairie View A&M Panthers vs Alabama State Hornets, 2026-01-24, 05",Prairie View A&M Panthers,Alabama State Hornets,fanduel,Total,,178.5,O,-128,https://sportsbook.fanduel.ca/addToBetslip?marketId=801.154230643&selectionId=7017823
2026-01-24 18:51:35,"Prairie View A&M Panthers vs Alabama State Hornets, 2026-01-24, 05",Prairie View A&M Panthers,Alabama State Hornets,fanduel,Total,,175.5,U,+165,https://sportsbook.fanduel.ca/addToBetslip?marketId=801.154281172&selectionId=7017824
2026-01-24 18:51:35,"Prairie View A&M Panthers vs Alabama State Hornets, 2026-01-24, 05",Prairie View A&M Panthers,Alabama State Hornets,fanduel,Total,,175.5,O,-240,https://sportsbook.fanduel.ca/addToBetslip?marketId=801.154281172&selectionId=7017823
2026-01-24 18:51:35,"Prairie View A&M Panthers vs Alabama State Hornets, 2026-01-24, 05",Prairie View A&M Panthers,Alabama State Hornets,fanduel,Total,,178.5,U,-104,https://sportsbook.fanduel.ca/addToBetslip?marketId=801.154230643&selectionId=7017824
2026-01-24 18:51:35,"Prairie View A&M Panthers vs Alabama State Hornets, 2026-01-24, 05",Prairie View A&M Panthers,Alabama State Hornets,fanduel,Total,,172.5,U,+320,https://sportsbook.fanduel.ca/addToBetslip?marketId=801.154281158&selectionId=7017824
2026-01-24 18:51:35,"Prairie View A&M Panthers vs Alabama State Hornets, 2026-01-24, 05",Prairie View A&M Panthers,Alabama State Hornets,fanduel,Total,,172.5,O,-550,https://sportsbook.fanduel.ca/addToBetslip?marketId=801.154281158&selectionId=7017823
2026-01-24 18:51:35,"San Diego Toreros vs Santa Clara Broncos, 2026-01-24, 09",San Diego Toreros,Santa Clara Broncos,fanduel,Total,,170.5,U,-305,https://sportsbook.fanduel.ca/addToBetslip?marketId=801.154283674&selectionId=7017824
2026-01-24 18:51:35,"San Diego Toreros vs Santa Clara Broncos, 2026-01-24, 09",San Diego Toreros,Santa Clara Broncos,fanduel,Total,,170.5,O,+220,https://sportsbook.fanduel.ca/addToBetslip?marketId=801.154283674&selectionId=7017823
2026-01-24 18:51:35,"San Diego Toreros vs Santa Clara Broncos, 2026-01-24, 09",San Diego Toreros,Santa Clara Broncos,fanduel,Total,,158.5,U,+122,https://sportsbook.fanduel.ca/addToBetslip?marketId=801.154283657&selectionId=7017824
2026-01-24 18:51:35,"San Diego Toreros vs Santa Clara Broncos, 2026-01-24, 09",San Diego Toreros,Santa Clara Broncos,fanduel,Total,,158.5,O,-160,https://sportsbook.fanduel.ca/addToBetslip?marketId=801.154283657&selectionId=7017823
2026-01-24 18:51:35,"San Diego Toreros vs Santa Clara Broncos, 2026-01-24, 09",San Diego Toreros,Santa Clara Broncos,fanduel,Total,,164.5,U,-160,https://sportsbook.fanduel.ca/addToBetslip?marketId=801.154283661&selectionId=7017824
2026-01-24 18:51:35,"San Diego Toreros vs Santa Clara Broncos, 2026-01-24, 09",San Diego Toreros,Santa Clara Broncos,fanduel,Total,,164.5,O,+122,https://sportsbook.fanduel.ca/addToBetslip?marketId=801.154283661&selectionId=7017823
2026-01-24 18:51:35,"San Diego Toreros vs Santa Clara Broncos, 2026-01-24, 09",San Diego Toreros,Santa Clara Broncos,fanduel,Total,,155.5,U,+165,https://sportsbook.fanduel.ca/addToBetslip?marketId=801.154283655&selectionId=7017824
2026-01-24 18:51:35,"San Diego Toreros vs Santa Clara Broncos, 2026-01-24, 09",San Diego Toreros,Santa Clara Broncos,fanduel,Total,,152.5,U,+225,https://sportsbook.fanduel.ca/addToBetslip?marketId=801.154283671&selectionId=7017824
2026-01-24 18:51:35,"San Diego Toreros vs Santa Clara Broncos, 2026-01-24, 09",San Diego Toreros,Santa Clara Broncos,fanduel,Total,,152.5,O,-310,https://sportsbook.fanduel.ca/addToBetslip?marketId=801.154283671&selectionId=7017823
2026-01-24 18:51:35,"San Diego Toreros vs Santa Clara Broncos, 2026-01-24, 09",San Diego Toreros,Santa Clara Broncos,fanduel,Total,,167.5,U,-220,https://sportsbook.fanduel.ca/addToBetslip?marketId=801.154283601&selectionId=7017824
2026-01-24 18:51:35,"San Diego Toreros vs Santa Clara Broncos, 2026-01-24, 09",San Diego Toreros,Santa Clara Broncos,fanduel,Total,,167.5,O,+165,https://sportsbook.fanduel.ca/addToBetslip?marketId=801.154283601&selectionId=7017823
2026-01-24 18:51:35,"San Diego Toreros vs Santa Clara Broncos, 2026-01-24, 09",San Diego Toreros,Santa Clara Broncos,fanduel,Total,,161.5,U,-110,https://sportsbook.fanduel.ca/addToBetslip?marketId=801.154229628&selectionId=7017824
2026-01-24 18:51:35,"San Diego Toreros vs Santa Clara Broncos, 2026-01-24, 09",San Diego Toreros,Santa Clara Broncos,fanduel,Total,,161.5,O,-110,https://sportsbook.fanduel.ca/addToBetslip?marketId=801.154229628&selectionId=7017823
2026-01-24 18:51:35,"San Diego Toreros vs Santa Clara Broncos, 2026-01-24, 09",San Diego Toreros,Santa Clara Broncos,fanduel,Total,,155.5,O,-220,https://sportsbook.fanduel.ca/addToBetslip?marketId=801.154283655&selectionId=7017823
2026-01-24 18:51:35,"Southern Jaguars vs Arkansas Golden Lions, 2026-01-24, 05",Southern Jaguars,Arkansas Golden Lions,draftkings,Total,,150.5,U,-230,https://sportsbook.draftkings.com/event/arkansas-pine-bluff-%40-southern-university/33516681?outcomes=0OU83128679U15050_3
2026-01-24 18:51:35,"Southern Jaguars vs Arkansas Golden Lions, 2026-01-24, 05",Southern Jaguars,Arkansas Golden Lions,draftkings,Total,,148.5,U,-180,https://sportsbook.draftkings.com/event/arkansas-pine-bluff-%40-southern-university/33516681?outcomes=0OU83128679U14850_3
2026-01-24 18:51:35,"Southern Jaguars vs Arkansas Golden Lions, 2026-01-24, 05",Southern Jaguars,Arkansas Golden Lions,draftkings,Total,,147.5,U,-160,https://sportsbook.draftkings.com/event/arkansas-pine-bluff-%40-southern-university/33516681?outcomes=0OU83128679U14750_3
2026-01-24 18:51:35,"Southern Jaguars vs Arkansas Golden Lions, 2026-01-24, 05",Southern Jaguars,Arkansas Golden Lions,draftkings,Total,,146.5,U,-140,https://sportsbook.draftkings.com/event/arkansas-pine-bluff-%40-southern-university/33516681?outcomes=0OU83128679U14650_3
2026-01-24 18:51:35,"Southern Jaguars vs Arkansas Golden Lions, 2026-01-24, 05",Southern Jaguars,Arkansas Golden Lions,draftkings,Total,,144.5,U,-105,https://sportsbook.draftkings.com/event/arkansas-pine-bluff-%40-southern-university/33516681?outcomes=0OU83128679U14450_3
2026-01-24 18:51:35,"Southern Jaguars vs Arkansas Golden Lions, 2026-01-24, 05",Southern Jaguars,Arkansas Golden Lions,draftkings,Total,,143.5,U,+110,https://sportsbook.draftkings.com/event/arkansas-pine-bluff-%40-southern-university/33516681?outcomes=0OU83128679U14350_3
2026-01-24 18:51:35,"Southern Jaguars vs Arkansas Golden Lions, 2026-01-24, 05",Southern Jaguars,Arkansas Golden Lions,draftkings,Total,,150.5,O,+165,https://sportsbook.draftkings.com/event/arkansas-pine-bluff-%40-southern-university/33516681?outcomes=0OU83128679O15050_1
2026-01-24 18:51:35,"Southern Jaguars vs Arkansas Golden Lions, 2026-01-24, 05",Southern Jaguars,Arkansas Golden Lions,draftkings,Total,,151.5,O,+195,https://sportsbook.draftkings.com/event/arkansas-pine-bluff-%40-southern-university/33516681?outcomes=0OU83128679O15150_1
2026-01-24 18:51:35,"Southern Jaguars vs Arkansas Golden Lions, 2026-01-24, 05",Southern Jaguars,Arkansas Golden Lions,draftkings,Total,,148.5,O,+135,https://sportsbook.draftkings.com/event/arkansas-pine-bluff-%40-southern-university/33516681?outcomes=0OU83128679O14850_1
2026-01-24 18:51:35,"Southern Jaguars vs Arkansas Golden Lions, 2026-01-24, 05",Southern Jaguars,Arkansas Golden Lions,draftkings,Total,,147.5,O,+120,https://sportsbook.draftkings.com/event/arkansas-pine-bluff-%40-southern-university/33516681?outcomes=0OU83128679O14750_1
2026-01-24 18:51:35,"Southern Jaguars vs Arkansas Golden Lions, 2026-01-24, 05",Southern Jaguars,Arkansas Golden Lions,draftkings,Total,,146.5,O,+100,https://sportsbook.draftkings.com/event/arkansas-pine-bluff-%40-southern-university/33516681?outcomes=0OU83128679O14650_1
2026-01-24 18:51:35,"Southern Jaguars vs Arkansas Golden Lions, 2026-01-24, 05",Southern Jaguars,Arkansas Golden Lions,draftkings,Total,,144.5,O,-130,https://sportsbook.draftkings.com/event/arkansas-pine-bluff-%40-southern-university/33516681?outcomes=0OU83128679O14450_1
2026-01-24 18:51:35,"Southern Jaguars vs Arkansas Golden Lions, 2026-01-24, 05",Southern Jaguars,Arkansas Golden Lions,draftkings,Total,,143.5,O,-145,https://sportsbook.draftkings.com/event/arkansas-pine-bluff-%40-southern-university/33516681?outcomes=0OU83128679O14350_1
2026-01-24 18:51:35,"Southern Jaguars vs Arkansas Golden Lions, 2026-01-24, 05",Southern Jaguars,Arkansas Golden Lions,draftkings,Total,,151.5,U,-270,https://sportsbook.draftkings.com/event/arkansas-pine-bluff-%40-southern-university/33516681?outcomes=0OU83128679U15150_3
2026-01-24 18:51:35,"Stanford Cardinal vs California Golden Bears, 2026-01-24, 08",Stanford Cardinal,California Golden Bears,draftkings,Total,,139.5,U,+185,https://sportsbook.draftkings.com/event/california-%40-stanford/33516454?outcomes=0OU83125189U13950_3
2026-01-24 18:51:35,"Stanford Cardinal vs California Golden Bears, 2026-01-24, 08",Stanford Cardinal,California Golden Bears,draftkings,Total,,139.5,O,-245,https://sportsbook.draftkings.com/event/california-%40-stanford/33516454?outcomes=0OU83125189O13950_1
2026-01-24 18:51:35,"Stanford Cardinal vs California Golden Bears, 2026-01-24, 08",Stanford Cardinal,California Golden Bears,draftkings,Total,,138.5,U,+200,https://sportsbook.draftkings.com/event/california-%40-stanford/33516454?outcomes=0OU83125189U13850_3
2026-01-24 18:51:35,"Stanford Cardinal vs California Golden Bears, 2026-01-24, 08",Stanford Cardinal,California Golden Bears,draftkings,Total,,138.5,O,-270,https://sportsbook.draftkings.com/event/california-%40-stanford/33516454?outcomes=0OU83125189O13850_1
2026-01-24 18:51:35,"Stanford Cardinal vs California Golden Bears, 2026-01-24, 08",Stanford Cardinal,California Golden Bears,draftkings,Total,,137.5,U,+230,https://sportsbook.draftkings.com/event/california-%40-stanford/33516454?outcomes=0OU83125189U13750_3
2026-01-24 18:51:35,"Stanford Cardinal vs California Golden Bears, 2026-01-24, 08",Stanford Cardinal,California Golden Bears,draftkings,Total,,137.5,O,-315,https://sportsbook.draftkings.com/event/california-%40-stanford/33516454?outcomes=0OU83125189O13750_1
2026-01-24 18:51:35,"Stanford Cardinal vs California Golden Bears, 2026-01-24, 08",Stanford Cardinal,California Golden Bears,draftkings,Total,,136.5,U,+250,https://sportsbook.draftkings.com/event/california-%40-stanford/33516454?outcomes=0OU83125189U13650_3
2026-01-24 18:51:35,"Stanford Cardinal vs California Golden Bears, 2026-01-24, 08",Stanford Cardinal,California Golden Bears,draftkings,Total,,136.5,O,-345,https://sportsbook.draftkings.com/event/california-%40-stanford/33516454?outcomes=0OU83125189O13650_1
2026-01-24 18:51:35,"Stanford Cardinal vs California Golden Bears, 2026-01-24, 08",Stanford Cardinal,California Golden Bears,draftkings,Total,,135.5,U,+280,https://sportsbook.draftkings.com/event/california-%40-stanford/33516454?outcomes=0OU83125189U13550_3
2026-01-24 18:51:35,"Stanford Cardinal vs California Golden Bears, 2026-01-24, 08",Stanford Cardinal,California Golden Bears,draftkings,Total,,146.5,U,-105,https://sportsbook.draftkings.com/event/california-%40-stanford/33516454?outcomes=0OU83117154U14650_3
2026-01-24 18:51:35,"Stanford Cardinal vs California Golden Bears, 2026-01-24, 08",Stanford Cardinal,California Golden Bears,draftkings,Total,,135.5,O,-395,https://sportsbook.draftkings.com/event/california-%40-stanford/33516454?outcomes=0OU83125189O13550_1
2026-01-24 18:51:35,"Stanford Cardinal vs California Golden Bears, 2026-01-24, 08",Stanford Cardinal,California Golden Bears,draftkings,Total,,140.5,O,-215,https://sportsbook.draftkings.com/event/california-%40-stanford/33516454?outcomes=0OU83125189O14050_1
2026-01-24 18:51:35,"Stanford Cardinal vs California Golden Bears, 2026-01-24, 08",Stanford Cardinal,California Golden Bears,draftkings,Total,,140.5,U,+165,https://sportsbook.draftkings.com/event/california-%40-stanford/33516454?outcomes=0OU83125189U14050_3
2026-01-24 18:51:35,"Stanford Cardinal vs California Golden Bears, 2026-01-24, 08",Stanford Cardinal,California Golden Bears,draftkings,Total,,141.5,U,+150,https://sportsbook.draftkings.com/event/california-%40-stanford/33516454?outcomes=0OU83125189U14150_3
2026-01-24 18:51:35,"Stanford Cardinal vs California Golden Bears, 2026-01-24, 08",Stanford Cardinal,California Golden Bears,draftkings,Total,,141.5,O,-195,https://sportsbook.draftkings.com/event/california-%40-stanford/33516454?outcomes=0OU83125189O14150_1
2026-01-24 18:51:35,"Stanford Cardinal vs California Golden Bears, 2026-01-24, 08",Stanford Cardinal,California Golden Bears,draftkings,Total,,151.5,O,+140,https://sportsbook.draftkings.com/event/california-%40-stanford/33516454?outcomes=0OU83125189O15150_1
2026-01-24 18:51:35,"Stanford Cardinal vs California Golden Bears, 2026-01-24, 08",Stanford Cardinal,California Golden Bears,draftkings,Total,,150.5,U,-160,https://sportsbook.draftkings.com/event/california-%40-stanford/33516454?outcomes=0OU83125189U15050_3
2026-01-24 18:51:35,"Stanford Cardinal vs California Golden Bears, 2026-01-24, 08",Stanford Cardinal,California Golden Bears,draftkings,Total,,150.5,O,+124,https://sportsbook.draftkings.com/event/california-%40-stanford/33516454?outcomes=0OU83125189O15050_1
2026-01-24 18:51:35,"Stanford Cardinal vs California Golden Bears, 2026-01-24, 08",Stanford Cardinal,California Golden Bears,draftkings,Total,,149.5,U,-145,https://sportsbook.draftkings.com/event/california-%40-stanford/33516454?outcomes=0OU83125189U14950_3
2026-01-24 18:51:35,"Stanford Cardinal vs California Golden Bears, 2026-01-24, 08",Stanford Cardinal,California Golden Bears,draftkings,Total,,149.5,O,+114,https://sportsbook.draftkings.com/event/california-%40-stanford/33516454?outcomes=0OU83125189O14950_1
2026-01-24 18:51:35,"Stanford Cardinal vs California Golden Bears, 2026-01-24, 08",Stanford Cardinal,California Golden Bears,draftkings,Total,,148.5,U,-135,https://sportsbook.draftkings.com/event/california-%40-stanford/33516454?outcomes=0OU83125189U14850_3
2026-01-24 18:51:35,"Stanford Cardinal vs California Golden Bears, 2026-01-24, 08",Stanford Cardinal,California Golden Bears,draftkings,Total,,148.5,O,+105,https://sportsbook.draftkings.com/event/california-%40-stanford/33516454?outcomes=0OU83125189O14850_1
2026-01-24 18:51:35,"Stanford Cardinal vs California Golden Bears, 2026-01-24, 08",Stanford Cardinal,California Golden Bears,draftkings,Total,,147.5,U,-120,https://sportsbook.draftkings.com/event/california-%40-stanford/33516454?outcomes=0OU83125189U14750_3
2026-01-24 18:51:35,"Stanford Cardinal vs California Golden Bears, 2026-01-24, 08",Stanford Cardinal,California Golden Bears,draftkings,Total,,147.5,O,-110,https://sportsbook.draftkings.com/event/california-%40-stanford/33516454?outcomes=0OU83125189O14750_1
2026-01-24 18:51:35,"Stanford Cardinal vs California Golden Bears, 2026-01-24, 08",Stanford Cardinal,California Golden Bears,draftkings,Total,,145.5,U,+100,https://sportsbook.draftkings.com/event/california-%40-stanford/33516454?outcomes=0OU83125189U14550_3
2026-01-24 18:51:35,"Stanford Cardinal vs California Golden Bears, 2026-01-24, 08",Stanford Cardinal,California Golden Bears,draftkings,Total,,145.5,O,-130,https://sportsbook.draftkings.com/event/california-%40-stanford/33516454?outcomes=0OU83125189O14550_1
2026-01-24 18:51:35,"Stanford Cardinal vs California Golden Bears, 2026-01-24, 08",Stanford Cardinal,California Golden Bears,draftkings,Total,,144.5,U,+114,https://sportsbook.draftkings.com/event/california-%40-stanford/33516454?outcomes=0OU83125189U14450_3
2026-01-24 18:51:35,"Stanford Cardinal vs California Golden Bears, 2026-01-24, 08",Stanford Cardinal,California Golden Bears,draftkings,Total,,144.5,O,-145,https://sportsbook.draftkings.com/event/california-%40-stanford/33516454?outcomes=0OU83125189O14450_1
2026-01-24 18:51:35,"Stanford Cardinal vs California Golden Bears, 2026-01-24, 08",Stanford Cardinal,California Golden Bears,draftkings,Total,,143.5,U,+124,https://sportsbook.draftkings.com/event/california-%40-stanford/33516454?outcomes=0OU83125189U14350_3
2026-01-24 18:51:35,"Stanford Cardinal vs California Golden Bears, 2026-01-24, 08",Stanford Cardinal,California Golden Bears,draftkings,Total,,143.5,O,-160,https://sportsbook.draftkings.com/event/california-%40-stanford/33516454?outcomes=0OU83125189O14350_1
2026-01-24 18:51:35,"Stanford Cardinal vs California Golden Bears, 2026-01-24, 08",Stanford Cardinal,California Golden Bears,draftkings,Total,,142.5,U,+135,https://sportsbook.draftkings.com/event/california-%40-stanford/33516454?outcomes=0OU83125189U14250_3
2026-01-24 18:51:35,"Stanford Cardinal vs California Golden Bears, 2026-01-24, 08",Stanford Cardinal,California Golden Bears,draftkings,Total,,142.5,O,-175,https://sportsbook.draftkings.com/event/california-%40-stanford/33516454?outcomes=0OU83125189O14250_1
2026-01-24 18:51:35,"Stanford Cardinal vs California Golden Bears, 2026-01-24, 08",Stanford Cardinal,California Golden Bears,draftkings,Total,,151.5,U,-180,https://sportsbook.draftkings.com/event/california-%40-stanford/33516454?outcomes=0OU83125189U15150_3
2026-01-24 18:51:35,"Stanford Cardinal vs California Golden Bears, 2026-01-24, 08",Stanford Cardinal,California Golden Bears,draftkings,Total,,152.5,O,+154,https://sportsbook.draftkings.com/event/california-%40-stanford/33516454?outcomes=0OU83125189O15250_1
2026-01-24 18:51:35,"Stanford Cardinal vs California Golden Bears, 2026-01-24, 08",Stanford Cardinal,California Golden Bears,draftkings,Total,,152.5,U,-200,https://sportsbook.draftkings.com/event/california-%40-stanford/33516454?outcomes=0OU83125189U15250_3
2026-01-24 18:51:35,"Stanford Cardinal vs California Golden Bears, 2026-01-24, 08",Stanford Cardinal,California Golden Bears,draftkings,Total,,153.5,O,+170,https://sportsbook.draftkings.com/event/california-%40-stanford/33516454?outcomes=0OU83125189O15350_1
2026-01-24 18:51:35,"Stanford Cardinal vs California Golden Bears, 2026-01-24, 08",Stanford Cardinal,California Golden Bears,draftkings,Total,,158.5,U,-395,https://sportsbook.draftkings.com/event/california-%40-stanford/33516454?outcomes=0OU83125189U15850_3
2026-01-24 18:51:35,"Stanford Cardinal vs California Golden Bears, 2026-01-24, 08",Stanford Cardinal,California Golden Bears,draftkings,Total,,158.5,O,+280,https://sportsbook.draftkings.com/event/california-%40-stanford/33516454?outcomes=0OU83125189O15850_1
2026-01-24 18:51:35,"Stanford Cardinal vs California Golden Bears, 2026-01-24, 08",Stanford Cardinal,California Golden Bears,draftkings,Total,,157.5,O,+250,https://sportsbook.draftkings.com/event/california-%40-stanford/33516454?outcomes=0OU83125189O15750_1
2026-01-24 18:51:35,"Stanford Cardinal vs California Golden Bears, 2026-01-24, 08",Stanford Cardinal,California Golden Bears,draftkings,Total,,156.5,U,-315,https://sportsbook.draftkings.com/event/california-%40-stanford/33516454?outcomes=0OU83125189U15650_3
2026-01-24 18:51:35,"Stanford Cardinal vs California Golden Bears, 2026-01-24, 08",Stanford Cardinal,California Golden Bears,draftkings,Total,,156.5,O,+230,https://sportsbook.draftkings.com/event/california-%40-stanford/33516454?outcomes=0OU83125189O15650_1
2026-01-24 18:51:35,"Stanford Cardinal vs California Golden Bears, 2026-01-24, 08",Stanford Cardinal,California Golden Bears,draftkings,Total,,155.5,U,-280,https://sportsbook.draftkings.com/event/california-%40-stanford/33516454?outcomes=0OU83125189U15550_3
2026-01-24 18:51:35,"Stanford Cardinal vs California Golden Bears, 2026-01-24, 08",Stanford Cardinal,California Golden Bears,draftkings,Total,,155.5,O,+210,https://sportsbook.draftkings.com/event/california-%40-stanford/33516454?outcomes=0OU83125189O15550_1
2026-01-24 18:51:35,"Stanford Cardinal vs California Golden Bears, 2026-01-24, 08",Stanford Cardinal,California Golden Bears,draftkings,Total,,154.5,U,-245,https://sportsbook.draftkings.com/event/california-%40-stanford/33516454?outcomes=0OU83125189U15450_3
2026-01-24 18:51:35,"Stanford Cardinal vs California Golden Bears, 2026-01-24, 08",Stanford Cardinal,California Golden Bears,draftkings,Total,,154.5,O,+185,https://sportsbook.draftkings.com/event/california-%40-stanford/33516454?outcomes=0OU83125189O15450_1
2026-01-24 18:51:35,"Stanford Cardinal vs California Golden Bears, 2026-01-24, 08",Stanford Cardinal,California Golden Bears,draftkings,Total,,153.5,U,-220,https://sportsbook.draftkings.com/event/california-%40-stanford/33516454?outcomes=0OU83125189U15350_3
2026-01-24 18:51:35,"Stanford Cardinal vs California Golden Bears, 2026-01-24, 08",Stanford Cardinal,California Golden Bears,draftkings,Total,,157.5,U,-345,https://sportsbook.draftkings.com/event/california-%40-stanford/33516454?outcomes=0OU83125189U15750_3
2026-01-24 18:51:35,"Stanford Cardinal vs California Golden Bears, 2026-01-24, 08",Stanford Cardinal,California Golden Bears,draftkings,Total,,146.5,O,-115,https://sportsbook.draftkings.com/event/california-%40-stanford/33516454?outcomes=0OU83117154O14650_1
2026-01-24 18:51:35,"Stanford Cardinal vs California Golden Bears, 2026-01-24, 08",Stanford Cardinal,California Golden Bears,fanduel,Total,,136.5,U,+235,https://sportsbook.fanduel.ca/addToBetslip?marketId=801.154283151&selectionId=7017824
2026-01-24 18:51:35,"Stanford Cardinal vs California Golden Bears, 2026-01-24, 08",Stanford Cardinal,California Golden Bears,fanduel,Total,,136.5,O,-330,https://sportsbook.fanduel.ca/addToBetslip?marketId=801.154283151&selectionId=7017823
2026-01-24 18:51:35,"Stanford Cardinal vs California Golden Bears, 2026-01-24, 08",Stanford Cardinal,California Golden Bears,fanduel,Total,,154.5,U,-305,https://sportsbook.fanduel.ca/addToBetslip?marketId=801.154283159&selectionId=7017824
2026-01-24 18:51:35,"Stanford Cardinal vs California Golden Bears, 2026-01-24, 08",Stanford Cardinal,California Golden Bears,fanduel,Total,,154.5,O,+220,https://sportsbook.fanduel.ca/addToBetslip?marketId=801.154283159&selectionId=7017823
2026-01-24 18:51:35,"Stanford Cardinal vs California Golden Bears, 2026-01-24, 08",Stanford Cardinal,California Golden Bears,fanduel,Total,,148.5,O,+120,https://sportsbook.fanduel.ca/addToBetslip?marketId=801.154283134&selectionId=7017823
2026-01-24 18:51:35,"Stanford Cardinal vs California Golden Bears, 2026-01-24, 08",Stanford Cardinal,California Golden Bears,fanduel,Total,,148.5,U,-156,https://sportsbook.fanduel.ca/addToBetslip?marketId=801.154283134&selectionId=7017824
2026-01-24 18:51:35,"Stanford Cardinal vs California Golden Bears, 2026-01-24, 08",Stanford Cardinal,California Golden Bears,fanduel,Total,,151.5,O,+162,https://sportsbook.fanduel.ca/addToBetslip?marketId=801.154283171&selectionId=7017823
2026-01-24 18:51:35,"Stanford Cardinal vs California Golden Bears, 2026-01-24, 08",Stanford Cardinal,California Golden Bears,fanduel,Total,,151.5,U,-215,https://sportsbook.fanduel.ca/addToBetslip?marketId=801.154283171&selectionId=7017824
2026-01-24 18:51:35,"Stanford Cardinal vs California Golden Bears, 2026-01-24, 08",Stanford Cardinal,California Golden Bears,fanduel,Total,,145.5,U,-110,https://sportsbook.fanduel.ca/addToBetslip?marketId=801.152221622&selectionId=7017824
2026-01-24 18:51:35,"Stanford Cardinal vs California Golden Bears, 2026-01-24, 08",Stanford Cardinal,California Golden Bears,fanduel,Total,,145.5,O,-110,https://sportsbook.fanduel.ca/addToBetslip?marketId=801.152221622&selectionId=7017823
2026-01-24 18:51:35,"Stanford Cardinal vs California Golden Bears, 2026-01-24, 08",Stanford Cardinal,California Golden Bears,fanduel,Total,,139.5,U,+168,https://sportsbook.fanduel.ca/addToBetslip?marketId=801.154283212&selectionId=7017824
2026-01-24 18:51:35,"Stanford Cardinal vs California Golden Bears, 2026-01-24, 08",Stanford Cardinal,California Golden Bears,fanduel,Total,,139.5,O,-225,https://sportsbook.fanduel.ca/addToBetslip?marketId=801.154283212&selectionId=7017823
2026-01-24 18:51:35,"Stanford Cardinal vs California Golden Bears, 2026-01-24, 08",Stanford Cardinal,California Golden Bears,fanduel,Total,,142.5,U,+122,https://sportsbook.fanduel.ca/addToBetslip?marketId=801.154283197&selectionId=7017824
2026-01-24 18:51:35,"Stanford Cardinal vs California Golden Bears, 2026-01-24, 08",Stanford Cardinal,California Golden Bears,fanduel,Total,,142.5,O,-160,https://sportsbook.fanduel.ca/addToBetslip?marketId=801.154283197&selectionId=7017823
2026-01-24 18:51:35,"UC San Diego Tritons vs California Anteaters, 2026-01-24, 10",UC San Diego Tritons,California Anteaters,fanduel,Total,,138.5,U,+178,https://sportsbook.fanduel.ca/addToBetslip?marketId=801.154283751&selectionId=7017824
2026-01-24 18:51:35,"UC San Diego Tritons vs California Anteaters, 2026-01-24, 10",UC San Diego Tritons,California Anteaters,fanduel,Total,,138.5,O,-240,https://sportsbook.fanduel.ca/addToBetslip?marketId=801.154283751&selectionId=7017823
2026-01-24 18:51:35,"UC San Diego Tritons vs California Anteaters, 2026-01-24, 10",UC San Diego Tritons,California Anteaters,fanduel,Total,,135.5,U,+240,https://sportsbook.fanduel.ca/addToBetslip?marketId=801.154283773&selectionId=7017824
2026-01-24 18:51:35,"UC San Diego Tritons vs California Anteaters, 2026-01-24, 10",UC San Diego Tritons,California Anteaters,fanduel,Total,,135.5,O,-335,https://sportsbook.fanduel.ca/addToBetslip?marketId=801.154283773&selectionId=7017823
2026-01-24 18:51:35,"UC San Diego Tritons vs California Anteaters, 2026-01-24, 10",UC San Diego Tritons,California Anteaters,fanduel,Total,,141.5,U,+126,https://sportsbook.fanduel.ca/addToBetslip?marketId=801.154283767&selectionId=7017824
2026-01-24 18:51:35,"UC San Diego Tritons vs California Anteaters, 2026-01-24, 10",UC San Diego Tritons,California Anteaters,fanduel,Total,,141.5,O,-165,https://sportsbook.fanduel.ca/addToBetslip?marketId=801.154283767&selectionId=7017823
2026-01-24 18:51:35,"UC San Diego Tritons vs California Anteaters, 2026-01-24, 10",UC San Diego Tritons,California Anteaters,fanduel,Total,,144.5,U,-110,https://sportsbook.fanduel.ca/addToBetslip?marketId=801.154229662&selectionId=7017824
2026-01-24 18:51:35,"UC San Diego Tritons vs California Anteaters, 2026-01-24, 10",UC San Diego Tritons,California Anteaters,fanduel,Total,,144.5,O,-110,https://sportsbook.fanduel.ca/addToBetslip?marketId=801.154229662&selectionId=7017823
2026-01-24 18:51:35,"UC San Diego Tritons vs California Anteaters, 2026-01-24, 10",UC San Diego Tritons,California Anteaters,fanduel,Total,,150.5,U,-210,https://sportsbook.fanduel.ca/addToBetslip?marketId=801.154283786&selectionId=7017824
2026-01-24 18:51:35,"UC San Diego Tritons vs California Anteaters, 2026-01-24, 10",UC San Diego Tritons,California Anteaters,fanduel,Total,,150.5,O,+158,https://sportsbook.fanduel.ca/addToBetslip?marketId=801.154283786&selectionId=7017823
2026-01-24 18:51:35,"UC San Diego Tritons vs California Anteaters, 2026-01-24, 10",UC San Diego Tritons,California Anteaters,fanduel,Total,,153.5,O,+210,https://sportsbook.fanduel.ca/addToBetslip?marketId=801.154283791&selectionId=7017823
2026-01-24 18:51:35,"UC San Diego Tritons vs California Anteaters, 2026-01-24, 10",UC San Diego Tritons,California Anteaters,fanduel,Total,,147.5,U,-152,https://sportsbook.fanduel.ca/addToBetslip?marketId=801.154283765&selectionId=7017824
2026-01-24 18:51:35,"UC San Diego Tritons vs California Anteaters, 2026-01-24, 10",UC San Diego Tritons,California Anteaters,fanduel,Total,,147.5,O,+116,https://sportsbook.fanduel.ca/addToBetslip?marketId=801.154283765&selectionId=7017823
2026-01-24 18:51:35,"UC San Diego Tritons vs California Anteaters, 2026-01-24, 10",UC San Diego Tritons,California Anteaters,fanduel,Total,,153.5,U,-290,https://sportsbook.fanduel.ca/addToBetslip?marketId=801.154283791&selectionId=7017824
2026-01-24 18:51:35,"UCLA Bruins vs Northwestern Wildcats, 2026-01-24, 06",UCLA Bruins,Northwestern Wildcats,fanduel,Total,,144.5,O,-170,https://sportsbook.fanduel.ca/addToBetslip?marketId=801.154281814&selectionId=7017823
2026-01-24 18:51:35,"UCLA Bruins vs Northwestern Wildcats, 2026-01-24, 06",UCLA Bruins,Northwestern Wildcats,fanduel,Total,,153.5,U,-330,https://sportsbook.fanduel.ca/addToBetslip?marketId=801.154281771&selectionId=7017824
2026-01-24 18:51:35,"UCLA Bruins vs Northwestern Wildcats, 2026-01-24, 06",UCLA Bruins,Northwestern Wildcats,fanduel,Total,,153.5,O,+210,https://sportsbook.fanduel.ca/addToBetslip?marketId=801.154281771&selectionId=7017823
2026-01-24 18:51:35,"UCLA Bruins vs Northwestern Wildcats, 2026-01-24, 06",UCLA Bruins,Northwestern Wildcats,fanduel,Total,,156.5,U,-550,https://sportsbook.fanduel.ca/addToBetslip?marketId=801.154281782&selectionId=7017824
2026-01-24 18:51:35,"UCLA Bruins vs Northwestern Wildcats, 2026-01-24, 06",UCLA Bruins,Northwestern Wildcats,fanduel,Total,,156.5,O,+340,https://sportsbook.fanduel.ca/addToBetslip?marketId=801.154281782&selectionId=7017823
2026-01-24 18:51:35,"UCLA Bruins vs Northwestern Wildcats, 2026-01-24, 06",UCLA Bruins,Northwestern Wildcats,fanduel,Total,,144.5,U,+120,https://sportsbook.fanduel.ca/addToBetslip?marketId=801.154281814&selectionId=7017824
2026-01-24 18:51:35,"UCLA Bruins vs Northwestern Wildcats, 2026-01-24, 06",UCLA Bruins,Northwestern Wildcats,fanduel,Total,,141.5,O,-280,https://sportsbook.fanduel.ca/addToBetslip?marketId=801.154281836&selectionId=7017823
2026-01-24 18:51:35,"UCLA Bruins vs Northwestern Wildcats, 2026-01-24, 06",UCLA Bruins,Northwestern Wildcats,fanduel,Total,,141.5,U,+190,https://sportsbook.fanduel.ca/addToBetslip?marketId=801.154281836&selectionId=7017824
2026-01-24 18:51:35,"UCLA Bruins vs Northwestern Wildcats, 2026-01-24, 06",UCLA Bruins,Northwestern Wildcats,fanduel,Total,,150.5,O,+135,https://sportsbook.fanduel.ca/addToBetslip?marketId=801.154281783&selectionId=7017823
2026-01-24 18:51:35,"UCLA Bruins vs Northwestern Wildcats, 2026-01-24, 06",UCLA Bruins,Northwestern Wildcats,fanduel,Total,,138.5,U,+290,https://sportsbook.fanduel.ca/addToBetslip?marketId=801.154281824&selectionId=7017824
2026-01-24 18:51:35,"UCLA Bruins vs Northwestern Wildcats, 2026-01-24, 06",UCLA Bruins,Northwestern Wildcats,fanduel,Total,,138.5,O,-480,https://sportsbook.fanduel.ca/addToBetslip?marketId=801.154281824&selectionId=7017823
2026-01-24 18:51:35,"UCLA Bruins vs Northwestern Wildcats, 2026-01-24, 06",UCLA Bruins,Northwestern Wildcats,fanduel,Total,,147.5,U,-125,https://sportsbook.fanduel.ca/addToBetslip?marketId=801.152221940&selectionId=7017824
2026-01-24 18:51:35,"UCLA Bruins vs Northwestern Wildcats, 2026-01-24, 06",UCLA Bruins,Northwestern Wildcats,fanduel,Total,,147.5,O,-106,https://sportsbook.fanduel.ca/addToBetslip?marketId=801.152221940&selectionId=7017823
2026-01-24 18:51:35,"UCLA Bruins vs Northwestern Wildcats, 2026-01-24, 06",UCLA Bruins,Northwestern Wildcats,fanduel,Total,,150.5,U,-195,https://sportsbook.fanduel.ca/addToBetslip?marketId=801.154281783&selectionId=7017824
2026-01-24 18:51:35,"UCLA Bruins vs Northwestern Wildcats, 2026-01-24, 06",UCLA Bruins,Northwestern Wildcats,draftkings,Total,,142.5,U,+190,https://sportsbook.draftkings.com/event/northwestern-%40-ucla/33516710?outcomes=0OU83128578U14250_3
2026-01-24 18:51:35,"UCLA Bruins vs Northwestern Wildcats, 2026-01-24, 06",UCLA Bruins,Northwestern Wildcats,draftkings,Total,,149.5,U,-150,https://sportsbook.draftkings.com/event/northwestern-%40-ucla/33516710?outcomes=0OU83128578U14950_3
2026-01-24 18:51:35,"UCLA Bruins vs Northwestern Wildcats, 2026-01-24, 06",UCLA Bruins,Northwestern Wildcats,draftkings,Total,,142.5,O,-260,https://sportsbook.draftkings.com/event/northwestern-%40-ucla/33516710?outcomes=0OU83128578O14250_1
2026-01-24 18:51:35,"UCLA Bruins vs Northwestern Wildcats, 2026-01-24, 06",UCLA Bruins,Northwestern Wildcats,draftkings,Total,,149.5,O,+110,https://sportsbook.draftkings.com/event/northwestern-%40-ucla/33516710?outcomes=0OU83128578O14950_1
2026-01-24 18:51:35,"UCLA Bruins vs Northwestern Wildcats, 2026-01-24, 06",UCLA Bruins,Northwestern Wildcats,draftkings,Total,,143.5,U,+165,https://sportsbook.draftkings.com/event/northwestern-%40-ucla/33516710?outcomes=0OU83128578U14350_3
2026-01-24 18:51:35,"UCLA Bruins vs Northwestern Wildcats, 2026-01-24, 06",UCLA Bruins,Northwestern Wildcats,draftkings,Total,,143.5,O,-225,https://sportsbook.draftkings.com/event/northwestern-%40-ucla/33516710?outcomes=0OU83128578O14350_1
2026-01-24 18:51:35,"UCLA Bruins vs Northwestern Wildcats, 2026-01-24, 06",UCLA Bruins,Northwestern Wildcats,draftkings,Total,,150.5,U,-175,https://sportsbook.draftkings.com/event/northwestern-%40-ucla/33516710?outcomes=0OU83128578U15050_3
2026-01-24 18:51:35,"UCLA Bruins vs Northwestern Wildcats, 2026-01-24, 06",UCLA Bruins,Northwestern Wildcats,draftkings,Total,,150.5,O,+125,https://sportsbook.draftkings.com/event/northwestern-%40-ucla/33516710?outcomes=0OU83128578O15050_1
2026-01-24 18:51:35,"UCLA Bruins vs Northwestern Wildcats, 2026-01-24, 06",UCLA Bruins,Northwestern Wildcats,draftkings,Total,,144.5,O,-190,https://sportsbook.draftkings.com/event/northwestern-%40-ucla/33516710?outcomes=0OU83128578O14450_1
2026-01-24 18:51:35,"UCLA Bruins vs Northwestern Wildcats, 2026-01-24, 06",UCLA Bruins,Northwestern Wildcats,draftkings,Total,,151.5,U,-200,https://sportsbook.draftkings.com/event/northwestern-%40-ucla/33516710?outcomes=0OU83128578U15150_3
2026-01-24 18:51:35,"UCLA Bruins vs Northwestern Wildcats, 2026-01-24, 06",UCLA Bruins,Northwestern Wildcats,draftkings,Total,,151.5,O,+145,https://sportsbook.draftkings.com/event/northwestern-%40-ucla/33516710?outcomes=0OU83128578O15150_1
2026-01-24 18:51:35,"UCLA Bruins vs Northwestern Wildcats, 2026-01-24, 06",UCLA Bruins,Northwestern Wildcats,draftkings,Total,,153.5,U,-275,https://sportsbook.draftkings.com/event/northwestern-%40-ucla/33516710?outcomes=0OU83128578U15350_3
2026-01-24 18:51:35,"UCLA Bruins vs Northwestern Wildcats, 2026-01-24, 06",UCLA Bruins,Northwestern Wildcats,draftkings,Total,,153.5,O,+200,https://sportsbook.draftkings.com/event/northwestern-%40-ucla/33516710?outcomes=0OU83128578O15350_1
2026-01-24 18:51:35,"UCLA Bruins vs Northwestern Wildcats, 2026-01-24, 06",UCLA Bruins,Northwestern Wildcats,draftkings,Total,,152.5,U,-235,https://sportsbook.draftkings.com/event/northwestern-%40-ucla/33516710?outcomes=0OU83128578U15250_3
2026-01-24 18:51:35,"UCLA Bruins vs Northwestern Wildcats, 2026-01-24, 06",UCLA Bruins,Northwestern Wildcats,draftkings,Total,,152.5,O,+170,https://sportsbook.draftkings.com/event/northwestern-%40-ucla/33516710?outcomes=0OU83128578O15250_1
2026-01-24 18:51:35,"UCLA Bruins vs Northwestern Wildcats, 2026-01-24, 06",UCLA Bruins,Northwestern Wildcats,draftkings,Total,,146.5,U,+105,https://sportsbook.draftkings.com/event/northwestern-%40-ucla/33516710?outcomes=0OU83128578U14650_3
2026-01-24 18:51:35,"UCLA Bruins vs Northwestern Wildcats, 2026-01-24, 06",UCLA Bruins,Northwestern Wildcats,draftkings,Total,,146.5,O,-140,https://sportsbook.draftkings.com/event/northwestern-%40-ucla/33516710?outcomes=0OU83128578O14650_1
2026-01-24 18:51:35,"UCLA Bruins vs Northwestern Wildcats, 2026-01-24, 06",UCLA Bruins,Northwestern Wildcats,draftkings,Total,,144.5,U,+140,https://sportsbook.draftkings.com/event/northwestern-%40-ucla/33516710?outcomes=0OU83128578U14450_3
2026-01-24 18:51:35,"UCLA Bruins vs Northwestern Wildcats, 2026-01-24, 06",UCLA Bruins,Northwestern Wildcats,draftkings,Total,,145.5,U,+120,https://sportsbook.draftkings.com/event/northwestern-%40-ucla/33516710?outcomes=0OU83128578U14550_3
2026-01-24 18:51:35,"UCLA Bruins vs Northwestern Wildcats, 2026-01-24, 06",UCLA Bruins,Northwestern Wildcats,draftkings,Total,,145.5,O,-165,https://sportsbook.draftkings.com/event/northwestern-%40-ucla/33516710?outcomes=0OU83128578O14550_1
2026-01-24 18:51:35,"Utah Tech Trailblazers vs Southern Utah Thunderbirds, 2026-01-24, 09",Utah Tech Trailblazers,Southern Utah Thunderbirds,draftkings,Total,,150.5,U,-125,https://sportsbook.draftkings.com/event/southern-utah-%40-utah-tech/33516435?outcomes=0OU83125302U15050_3
2026-01-24 18:51:35,"Utah Tech Trailblazers vs Southern Utah Thunderbirds, 2026-01-24, 09",Utah Tech Trailblazers,Southern Utah Thunderbirds,draftkings,Total,,150.5,O,-105,https://sportsbook.draftkings.com/event/southern-utah-%40-utah-tech/33516435?outcomes=0OU83125302O15050_1
2026-01-24 18:51:35,"Utah Tech Trailblazers vs Southern Utah Thunderbirds, 2026-01-24, 09",Utah Tech Trailblazers,Southern Utah Thunderbirds,draftkings,Total,,148.5,U,-105,https://sportsbook.draftkings.com/event/southern-utah-%40-utah-tech/33516435?outcomes=0OU83125302U14850_3
2026-01-24 18:51:35,"Utah Tech Trailblazers vs Southern Utah Thunderbirds, 2026-01-24, 09",Utah Tech Trailblazers,Southern Utah Thunderbirds,draftkings,Total,,148.5,O,-125,https://sportsbook.draftkings.com/event/southern-utah-%40-utah-tech/33516435?outcomes=0OU83125302O14850_1
2026-01-24 18:51:35,"Utah Tech Trailblazers vs Southern Utah Thunderbirds, 2026-01-24, 09",Utah Tech Trailblazers,Southern Utah Thunderbirds,draftkings,Total,,147.5,U,+110,https://sportsbook.draftkings.com/event/southern-utah-%40-utah-tech/33516435?outcomes=0OU83125302U14750_3
2026-01-24 18:51:35,"Utah Tech Trailblazers vs Southern Utah Thunderbirds, 2026-01-24, 09",Utah Tech Trailblazers,Southern Utah Thunderbirds,draftkings,Total,,147.5,O,-140,https://sportsbook.draftkings.com/event/southern-utah-%40-utah-tech/33516435?outcomes=0OU83125302O14750_1
2026-01-24 18:51:35,"Utah Tech Trailblazers vs Southern Utah Thunderbirds, 2026-01-24, 09",Utah Tech Trailblazers,Southern Utah Thunderbirds,draftkings,Total,,146.5,U,+120,https://sportsbook.draftkings.com/event/southern-utah-%40-utah-tech/33516435?outcomes=0OU83125302U14650_3
2026-01-24 18:51:35,"Utah Tech Trailblazers vs Southern Utah Thunderbirds, 2026-01-24, 09",Utah Tech Trailblazers,Southern Utah Thunderbirds,draftkings,Total,,146.5,O,-154,https://sportsbook.draftkings.com/event/southern-utah-%40-utah-tech/33516435?outcomes=0OU83125302O14650_1
2026-01-24 18:51:35,"Utah Tech Trailblazers vs Southern Utah Thunderbirds, 2026-01-24, 09",Utah Tech Trailblazers,Southern Utah Thunderbirds,draftkings,Total,,145.5,U,+135,https://sportsbook.draftkings.com/event/southern-utah-%40-utah-tech/33516435?outcomes=0OU83125302U14550_3
2026-01-24 18:51:35,"Utah Tech Trailblazers vs Southern Utah Thunderbirds, 2026-01-24, 09",Utah Tech Trailblazers,Southern Utah Thunderbirds,draftkings,Total,,145.5,O,-175,https://sportsbook.draftkings.com/event/southern-utah-%40-utah-tech/33516435?outcomes=0OU83125302O14550_1
2026-01-24 18:51:35,"Utah Tech Trailblazers vs Southern Utah Thunderbirds, 2026-01-24, 09",Utah Tech Trailblazers,Southern Utah Thunderbirds,draftkings,Total,,144.5,U,+150,https://sportsbook.draftkings.com/event/southern-utah-%40-utah-tech/33516435?outcomes=0OU83125302U14450_3
2026-01-24 18:51:35,"Utah Tech Trailblazers vs Southern Utah Thunderbirds, 2026-01-24, 09",Utah Tech Trailblazers,Southern Utah Thunderbirds,draftkings,Total,,144.5,O,-195,https://sportsbook.draftkings.com/event/southern-utah-%40-utah-tech/33516435?outcomes=0OU83125302O14450_1
2026-01-24 18:51:35,"Utah Tech Trailblazers vs Southern Utah Thunderbirds, 2026-01-24, 09",Utah Tech Trailblazers,Southern Utah Thunderbirds,draftkings,Total,,143.5,U,+170,https://sportsbook.draftkings.com/event/southern-utah-%40-utah-tech/33516435?outcomes=0OU83125302U14350_3
2026-01-24 18:51:35,"Utah Tech Trailblazers vs Southern Utah Thunderbirds, 2026-01-24, 09",Utah Tech Trailblazers,Southern Utah Thunderbirds,draftkings,Total,,143.5,O,-220,https://sportsbook.draftkings.com/event/southern-utah-%40-utah-tech/33516435?outcomes=0OU83125302O14350_1
2026-01-24 18:51:35,"Utah Tech Trailblazers vs Southern Utah Thunderbirds, 2026-01-24, 09",Utah Tech Trailblazers,Southern Utah Thunderbirds,draftkings,Total,,142.5,U,+180,https://sportsbook.draftkings.com/event/southern-utah-%40-utah-tech/33516435?outcomes=0OU83125302U14250_3
2026-01-24 18:51:35,"Utah Tech Trailblazers vs Southern Utah Thunderbirds, 2026-01-24, 09",Utah Tech Trailblazers,Southern Utah Thunderbirds,draftkings,Total,,142.5,O,-238,https://sportsbook.draftkings.com/event/southern-utah-%40-utah-tech/33516435?outcomes=0OU83125302O14250_1
2026-01-24 18:51:35,"Utah Tech Trailblazers vs Southern Utah Thunderbirds, 2026-01-24, 09",Utah Tech Trailblazers,Southern Utah Thunderbirds,draftkings,Total,,141.5,U,+200,https://sportsbook.draftkings.com/event/southern-utah-%40-utah-tech/33516435?outcomes=0OU83125302U14150_3
2026-01-24 18:51:35,"Utah Tech Trailblazers vs Southern Utah Thunderbirds, 2026-01-24, 09",Utah Tech Trailblazers,Southern Utah Thunderbirds,draftkings,Total,,151.5,O,+110,https://sportsbook.draftkings.com/event/southern-utah-%40-utah-tech/33516435?outcomes=0OU83125302O15150_1
2026-01-24 18:51:35,"Utah Tech Trailblazers vs Southern Utah Thunderbirds, 2026-01-24, 09",Utah Tech Trailblazers,Southern Utah Thunderbirds,draftkings,Total,,151.5,U,-140,https://sportsbook.draftkings.com/event/southern-utah-%40-utah-tech/33516435?outcomes=0OU83125302U15150_3
2026-01-24 18:51:35,"Utah Tech Trailblazers vs Southern Utah Thunderbirds, 2026-01-24, 09",Utah Tech Trailblazers,Southern Utah Thunderbirds,draftkings,Total,,152.5,O,+120,https://sportsbook.draftkings.com/event/southern-utah-%40-utah-tech/33516435?outcomes=0OU83125302O15250_1
2026-01-24 18:51:35,"Utah Tech Trailblazers vs Southern Utah Thunderbirds, 2026-01-24, 09",Utah Tech Trailblazers,Southern Utah Thunderbirds,draftkings,Total,,152.5,U,-154,https://sportsbook.draftkings.com/event/southern-utah-%40-utah-tech/33516435?outcomes=0OU83125302U15250_3
2026-01-24 18:51:35,"Utah Tech Trailblazers vs Southern Utah Thunderbirds, 2026-01-24, 09",Utah Tech Trailblazers,Southern Utah Thunderbirds,draftkings,Total,,161.5,U,-410,https://sportsbook.draftkings.com/event/southern-utah-%40-utah-tech/33516435?outcomes=0OU83125302U16150_3
2026-01-24 18:51:35,"Utah Tech Trailblazers vs Southern Utah Thunderbirds, 2026-01-24, 09",Utah Tech Trailblazers,Southern Utah Thunderbirds,draftkings,Total,,161.5,O,+290,https://sportsbook.draftkings.com/event/southern-utah-%40-utah-tech/33516435?outcomes=0OU83125302O16150_1
2026-01-24 18:51:35,"Utah Tech Trailblazers vs Southern Utah Thunderbirds, 2026-01-24, 09",Utah Tech Trailblazers,Southern Utah Thunderbirds,draftkings,Total,,160.5,U,-360,https://sportsbook.draftkings.com/event/southern-utah-%40-utah-tech/33516435?outcomes=0OU83125302U16050_3
2026-01-24 18:51:35,"Utah Tech Trailblazers vs Southern Utah Thunderbirds, 2026-01-24, 09",Utah Tech Trailblazers,Southern Utah Thunderbirds,draftkings,Total,,160.5,O,+260,https://sportsbook.draftkings.com/event/southern-utah-%40-utah-tech/33516435?outcomes=0OU83125302O16050_1
2026-01-24 18:51:35,"Utah Tech Trailblazers vs Southern Utah Thunderbirds, 2026-01-24, 09",Utah Tech Trailblazers,Southern Utah Thunderbirds,draftkings,Total,,159.5,U,-330,https://sportsbook.draftkings.com/event/southern-utah-%40-utah-tech/33516435?outcomes=0OU83125302U15950_3
2026-01-24 18:51:35,"Utah Tech Trailblazers vs Southern Utah Thunderbirds, 2026-01-24, 09",Utah Tech Trailblazers,Southern Utah Thunderbirds,draftkings,Total,,159.5,O,+240,https://sportsbook.draftkings.com/event/southern-utah-%40-utah-tech/33516435?outcomes=0OU83125302O15950_1
2026-01-24 18:51:35,"Utah Tech Trailblazers vs Southern Utah Thunderbirds, 2026-01-24, 09",Utah Tech Trailblazers,Southern Utah Thunderbirds,draftkings,Total,,158.5,U,-298,https://sportsbook.draftkings.com/event/southern-utah-%40-utah-tech/33516435?outcomes=0OU83125302U15850_3
2026-01-24 18:51:35,"Utah Tech Trailblazers vs Southern Utah Thunderbirds, 2026-01-24, 09",Utah Tech Trailblazers,Southern Utah Thunderbirds,draftkings,Total,,158.5,O,+220,https://sportsbook.draftkings.com/event/southern-utah-%40-utah-tech/33516435?outcomes=0OU83125302O15850_1
2026-01-24 18:51:35,"Utah Tech Trailblazers vs Southern Utah Thunderbirds, 2026-01-24, 09",Utah Tech Trailblazers,Southern Utah Thunderbirds,draftkings,Total,,141.5,O,-270,https://sportsbook.draftkings.com/event/southern-utah-%40-utah-tech/33516435?outcomes=0OU83125302O14150_1
2026-01-24 18:51:35,"Utah Tech Trailblazers vs Southern Utah Thunderbirds, 2026-01-24, 09",Utah Tech Trailblazers,Southern Utah Thunderbirds,draftkings,Total,,157.5,U,-260,https://sportsbook.draftkings.com/event/southern-utah-%40-utah-tech/33516435?outcomes=0OU83125302U15750_3
2026-01-24 18:51:35,"Utah Tech Trailblazers vs Southern Utah Thunderbirds, 2026-01-24, 09",Utah Tech Trailblazers,Southern Utah Thunderbirds,draftkings,Total,,156.5,U,-230,https://sportsbook.draftkings.com/event/southern-utah-%40-utah-tech/33516435?outcomes=0OU83125302U15650_3
2026-01-24 18:51:35,"Utah Tech Trailblazers vs Southern Utah Thunderbirds, 2026-01-24, 09",Utah Tech Trailblazers,Southern Utah Thunderbirds,draftkings,Total,,156.5,O,+175,https://sportsbook.draftkings.com/event/southern-utah-%40-utah-tech/33516435?outcomes=0OU83125302O15650_1
2026-01-24 18:51:35,"Utah Tech Trailblazers vs Southern Utah Thunderbirds, 2026-01-24, 09",Utah Tech Trailblazers,Southern Utah Thunderbirds,draftkings,Total,,155.5,U,-210,https://sportsbook.draftkings.com/event/southern-utah-%40-utah-tech/33516435?outcomes=0OU83125302U15550_3
2026-01-24 18:51:35,"Utah Tech Trailblazers vs Southern Utah Thunderbirds, 2026-01-24, 09",Utah Tech Trailblazers,Southern Utah Thunderbirds,draftkings,Total,,155.5,O,+160,https://sportsbook.draftkings.com/event/southern-utah-%40-utah-tech/33516435?outcomes=0OU83125302O15550_1
2026-01-24 18:51:35,"Utah Tech Trailblazers vs Southern Utah Thunderbirds, 2026-01-24, 09",Utah Tech Trailblazers,Southern Utah Thunderbirds,draftkings,Total,,154.5,U,-188,https://sportsbook.draftkings.com/event/southern-utah-%40-utah-tech/33516435?outcomes=0OU83125302U15450_3
2026-01-24 18:51:35,"Utah Tech Trailblazers vs Southern Utah Thunderbirds, 2026-01-24, 09",Utah Tech Trailblazers,Southern Utah Thunderbirds,draftkings,Total,,154.5,O,+145,https://sportsbook.draftkings.com/event/southern-utah-%40-utah-tech/33516435?outcomes=0OU83125302O15450_1
2026-01-24 18:51:35,"Utah Tech Trailblazers vs Southern Utah Thunderbirds, 2026-01-24, 09",Utah Tech Trailblazers,Southern Utah Thunderbirds,draftkings,Total,,153.5,U,-175,https://sportsbook.draftkings.com/event/southern-utah-%40-utah-tech/33516435?outcomes=0OU83125302U15350_3
2026-01-24 18:51:35,"Utah Tech Trailblazers vs Southern Utah Thunderbirds, 2026-01-24, 09",Utah Tech Trailblazers,Southern Utah Thunderbirds,draftkings,Total,,153.5,O,+135,https://sportsbook.draftkings.com/event/southern-utah-%40-utah-tech/33516435?outcomes=0OU83125302O15350_1
2026-01-24 18:51:35,"Utah Tech Trailblazers vs Southern Utah Thunderbirds, 2026-01-24, 09",Utah Tech Trailblazers,Southern Utah Thunderbirds,draftkings,Total,,157.5,O,+195,https://sportsbook.draftkings.com/event/southern-utah-%40-utah-tech/33516435?outcomes=0OU83125302O15750_1
2026-01-24 18:51:35,"Utah Tech Trailblazers vs Southern Utah Thunderbirds, 2026-01-24, 09",Utah Tech Trailblazers,Southern Utah Thunderbirds,draftkings,Total,,140.5,U,+220,https://sportsbook.draftkings.com/event/southern-utah-%40-utah-tech/33516435?outcomes=0OU83125302U14050_3
2026-01-24 18:51:35,"Utah Tech Trailblazers vs Southern Utah Thunderbirds, 2026-01-24, 09",Utah Tech Trailblazers,Southern Utah Thunderbirds,draftkings,Total,,140.5,O,-298,https://sportsbook.draftkings.com/event/southern-utah-%40-utah-tech/33516435?outcomes=0OU83125302O14050_1
2026-01-24 18:51:35,"Utah Tech Trailblazers vs Southern Utah Thunderbirds, 2026-01-24, 09",Utah Tech Trailblazers,Southern Utah Thunderbirds,draftkings,Total,,139.5,U,+240,https://sportsbook.draftkings.com/event/southern-utah-%40-utah-tech/33516435?outcomes=0OU83125302U13950_3
2026-01-24 18:51:35,"Utah Tech Trailblazers vs Southern Utah Thunderbirds, 2026-01-24, 09",Utah Tech Trailblazers,Southern Utah Thunderbirds,draftkings,Total,,139.5,O,-330,https://sportsbook.draftkings.com/event/southern-utah-%40-utah-tech/33516435?outcomes=0OU83125302O13950_1
2026-01-24 18:51:35,"Utah Tech Trailblazers vs Southern Utah Thunderbirds, 2026-01-24, 09",Utah Tech Trailblazers,Southern Utah Thunderbirds,draftkings,Total,,138.5,U,+280,https://sportsbook.draftkings.com/event/southern-utah-%40-utah-tech/33516435?outcomes=0OU83125302U13850_3
2026-01-24 18:51:35,"Utah Tech Trailblazers vs Southern Utah Thunderbirds, 2026-01-24, 09",Utah Tech Trailblazers,Southern Utah Thunderbirds,draftkings,Total,,138.5,O,-395,https://sportsbook.draftkings.com/event/southern-utah-%40-utah-tech/33516435?outcomes=0OU83125302O13850_1
2026-01-24 18:51:35,"Utah Tech Trailblazers vs Southern Utah Thunderbirds, 2026-01-24, 09",Utah Tech Trailblazers,Southern Utah Thunderbirds,draftkings,Total,,137.5,U,+300,https://sportsbook.draftkings.com/event/southern-utah-%40-utah-tech/33516435?outcomes=0OU83125302U13750_3
2026-01-24 18:51:35,"Utah Tech Trailblazers vs Southern Utah Thunderbirds, 2026-01-24, 09",Utah Tech Trailblazers,Southern Utah Thunderbirds,draftkings,Total,,137.5,O,-425,https://sportsbook.draftkings.com/event/southern-utah-%40-utah-tech/33516435?outcomes=0OU83125302O13750_1
2026-01-24 18:51:35,"Utah Tech Trailblazers vs Southern Utah Thunderbirds, 2026-01-24, 09",Utah Tech Trailblazers,Southern Utah Thunderbirds,draftkings,Total,,149.5,U,-108,https://sportsbook.draftkings.com/event/southern-utah-%40-utah-tech/33516435?outcomes=0OU83117135U14950_3
2026-01-24 18:51:35,"Utah Tech Trailblazers vs Southern Utah Thunderbirds, 2026-01-24, 09",Utah Tech Trailblazers,Southern Utah Thunderbirds,draftkings,Total,,149.5,O,-112,https://sportsbook.draftkings.com/event/southern-utah-%40-utah-tech/33516435?outcomes=0OU83117135O14950_1
2026-01-24 18:51:35,"Washington State Cougars vs Pepperdine Waves, 2026-01-24, 06",Washington State Cougars,Pepperdine Waves,draftkings,Total,,157.5,O,-190,https://sportsbook.draftkings.com/event/pepperdine-%40-washington-state/33516898?outcomes=0OU83128868O15750_1
2026-01-24 18:51:35,"Washington State Cougars vs Pepperdine Waves, 2026-01-24, 06",Washington State Cougars,Pepperdine Waves,draftkings,Total,,157.5,U,+140,https://sportsbook.draftkings.com/event/pepperdine-%40-washington-state/33516898?outcomes=0OU83128868U15750_3
2026-01-24 18:51:35,"Washington State Cougars vs Pepperdine Waves, 2026-01-24, 06",Washington State Cougars,Pepperdine Waves,draftkings,Total,,158.5,O,-160,https://sportsbook.draftkings.com/event/pepperdine-%40-washington-state/33516898?outcomes=0OU83128868O15850_1
2026-01-24 18:51:35,"Washington State Cougars vs Pepperdine Waves, 2026-01-24, 06",Washington State Cougars,Pepperdine Waves,draftkings,Total,,161.5,U,-130,https://sportsbook.draftkings.com/event/pepperdine-%40-washington-state/33516898?outcomes=0OU83128868U16150_3
2026-01-24 18:51:35,"Washington State Cougars vs Pepperdine Waves, 2026-01-24, 06",Washington State Cougars,Pepperdine Waves,draftkings,Total,,154.5,U,+215,https://sportsbook.draftkings.com/event/pepperdine-%40-washington-state/33516898?outcomes=0OU83128868U15450_3
2026-01-24 18:51:35,"Washington State Cougars vs Pepperdine Waves, 2026-01-24, 06",Washington State Cougars,Pepperdine Waves,draftkings,Total,,154.5,O,-300,https://sportsbook.draftkings.com/event/pepperdine-%40-washington-state/33516898?outcomes=0OU83128868O15450_1
2026-01-24 18:51:35,"Washington State Cougars vs Pepperdine Waves, 2026-01-24, 06",Washington State Cougars,Pepperdine Waves,draftkings,Total,,155.5,U,+185,https://sportsbook.draftkings.com/event/pepperdine-%40-washington-state/33516898?outcomes=0OU83128868U15550_3
2026-01-24 18:51:35,"Washington State Cougars vs Pepperdine Waves, 2026-01-24, 06",Washington State Cougars,Pepperdine Waves,draftkings,Total,,155.5,O,-250,https://sportsbook.draftkings.com/event/pepperdine-%40-washington-state/33516898?outcomes=0OU83128868O15550_1
2026-01-24 18:51:35,"Washington State Cougars vs Pepperdine Waves, 2026-01-24, 06",Washington State Cougars,Pepperdine Waves,draftkings,Total,,162.5,U,-150,https://sportsbook.draftkings.com/event/pepperdine-%40-washington-state/33516898?outcomes=0OU83128868U16250_3
2026-01-24 18:51:35,"Washington State Cougars vs Pepperdine Waves, 2026-01-24, 06",Washington State Cougars,Pepperdine Waves,draftkings,Total,,162.5,O,+110,https://sportsbook.draftkings.com/event/pepperdine-%40-washington-state/33516898?outcomes=0OU83128868O16250_1
2026-01-24 18:51:35,"Washington State Cougars vs Pepperdine Waves, 2026-01-24, 06",Washington State Cougars,Pepperdine Waves,draftkings,Total,,159.5,U,+105,https://sportsbook.draftkings.com/event/pepperdine-%40-washington-state/33516898?outcomes=0OU83128868U15950_3
2026-01-24 18:51:35,"Washington State Cougars vs Pepperdine Waves, 2026-01-24, 06",Washington State Cougars,Pepperdine Waves,draftkings,Total,,159.5,O,-140,https://sportsbook.draftkings.com/event/pepperdine-%40-washington-state/33516898?outcomes=0OU83128868O15950_1
2026-01-24 18:51:35,"Washington State Cougars vs Pepperdine Waves, 2026-01-24, 06",Washington State Cougars,Pepperdine Waves,draftkings,Total,,158.5,U,+120,https://sportsbook.draftkings.com/event/pepperdine-%40-washington-state/33516898?outcomes=0OU83128868U15850_3
2026-01-24 18:51:35,"Washington State Cougars vs Pepperdine Waves, 2026-01-24, 06",Washington State Cougars,Pepperdine Waves,draftkings,Total,,161.5,O,-105,https://sportsbook.draftkings.com/event/pepperdine-%40-washington-state/33516898?outcomes=0OU83128868O16150_1
